frame,timestamp,inference_ms,processing_fps,black_pixels,lashing_pixels,messenger_pixels,black_confidence,lashing_confidence,messenger_confidence,bundle_confidence,contact_confidence,bundle_valid,messenger_intensity_mean,messenger_intensity_std,validation_reason,target_state,consecutive_valid_frames,target_found,target_locked,target_x,target_y,target_proximity,stale_frames,stand_found,stand_locked,stand_fresh,stand_confidence,stand_black_support,stand_x,stand_y,stand_proximity,stand_reason,pidnet_roi_x1,pidnet_roi_y1,pidnet_roi_x2,pidnet_roi_y2,mission_state,mission_reason,command_forward,command_right,command_down,command_yaw_rate
0,0.000000,280.466,3.094,1717,0,0,0.828632,0.000000,0.000000,0.000000,0.000000,0,0.000,0.000,NO LASHING,NO BUNDLE,0,0,0,,,,0,0,0,0,0.000000,0.000000,,,,NEED TWO DARK RAILS AND AN UPRIGHT,,,,,,,,,,
1,0.033333,65.287,4.037,1776,0,0,0.839841,0.000000,0.000000,0.000000,0.000000,0,0.000,0.000,NO LASHING,NO BUNDLE,0,0,0,,,,0,1,0,1,0.701628,0.723229,908,80,0.110185,ACQUIRING STAND 1/4,0,0,1920,1080,,,,,,
2,0.066667,62.053,4.970,1789,0,0,0.839976,0.000000,0.000000,0.000000,0.000000,0,0.000,0.000,NO LASHING,NO BUNDLE,0,0,0,,,,0,1,0,0,0.701628,0.723229,908,80,0.110185,STAND TEMPORARILY LOST (1),0,0,1920,1080,,,,,,
3,0.100000,62.075,6.345,1811,0,0,0.840606,0.000000,0.000000,0.000000,0.000000,0,0.000,0.000,NO LASHING,NO BUNDLE,0,0,0,,,,0,1,0,0,0.701628,0.723229,908,80,0.110185,STAND TEMPORARILY LOST (1),0,0,1920,1080,,,,,,
4,0.133333,61.975,6.950,1815,0,0,0.841712,0.000000,0.000000,0.000000,0.000000,0,0.000,0.000,NO LASHING,NO BUNDLE,0,0,0,,,,0,1,0,0,0.701628,0.723229,908,80,0.110185,STAND TEMPORARILY LOST (2),0,0,1920,1080,,,,,,
5,0.166667,61.403,8.060,1841,0,0,0.844135,0.000000,0.000000,0.000000,0.000000,0,0.000,0.000,NO LASHING,NO BUNDLE,0,0,0,,,,0,1,0,0,0.701628,0.723229,908,80,0.110185,STAND TEMPORARILY LOST (2),0,0,1920,1080,,,,,,
6,0.200000,63.482,8.380,1755,0,0,0.840665,0.000000,0.000000,0.000000,0.000000,0,0.000,0.000,NO LASHING,NO BUNDLE,0,0,0,,,,0,1,0,0,0.701628,0.723229,908,80,0.110185,STAND TEMPORARILY LOST (3),0,0,1920,1080,,,,,,
7,0.233333,62.115,9.272,1771,0,0,0.842590,0.000000,0.000000,0.000000,0.000000,0,0.000,0.000,NO LASHING,NO BUNDLE,0,0,0,,,,0,1,0,0,0.701628,0.723229,908,80,0.110185,STAND TEMPORARILY LOST (3),0,0,1920,1080,,,,,,
8,0.266667,62.035,9.432,1772,0,0,0.840379,0.000000,0.000000,0.000000,0.000000,0,0.000,0.000,NO LASHING,NO BUNDLE,0,0,0,,,,0,0,0,0,0.000000,0.000000,,,,NEED TWO DARK RAILS AND AN UPRIGHT,0,0,1920,1080,,,,,,
9,0.300000,63.574,9.545,1742,0,0,0.839575,0.000000,0.000000,0.000000,0.000000,0,0.000,0.000,NO LASHING,NO BUNDLE,0,0,0,,,,0,1,0,1,0.711150,0.706436,742,72,0.133333,ACQUIRING STAND 1/4,0,0,1920,1080,,,,,,
10,0.333333,62.537,9.636,1694,0,0,0.837717,0.000000,0.000000,0.000000,0.000000,0,0.000,0.000,NO LASHING,NO BUNDLE,0,0,0,,,,0,1,0,0,0.711150,0.706436,742,72,0.133333,STAND TEMPORARILY LOST (1),0,0,1920,1080,,,,,,
11,0.366667,62.581,10.310,1667,0,0,0.838496,0.000000,0.000000,0.000000,0.000000,0,0.000,0.000,NO LASHING,NO BUNDLE,0,0,0,,,,0,1,0,0,0.711150,0.706436,742,72,0.133333,STAND TEMPORARILY LOST (1),0,0,1920,1080,,,,,,
12,0.400000,62.129,10.312,1723,0,0,0.845210,0.000000,0.000000,0.000000,0.000000,0,0.000,0.000,NO LASHING,NO BUNDLE,0,0,0,,,,0,1,0,0,0.711150,0.706436,742,72,0.133333,STAND TEMPORARILY LOST (2),0,0,1920,1080,,,,,,
13,0.433333,61.078,10.955,1780,0,0,0.844781,0.000000,0.000000,0.000000,0.000000,0,0.000,0.000,NO LASHING,NO BUNDLE,0,0,0,,,,0,1,0,0,0.711150,0.706436,742,72,0.133333,STAND TEMPORARILY LOST (2),0,0,1920,1080,,,,,,
14,0.466667,61.994,10.843,1827,0,0,0.846749,0.000000,0.000000,0.000000,0.000000,0,0.000,0.000,NO LASHING,NO BUNDLE,0,0,0,,,,0,1,0,0,0.711150,0.706436,742,72,0.133333,STAND TEMPORARILY LOST (3),0,0,1920,1080,,,,,,
15,0.500000,62.215,11.343,1807,0,0,0.846420,0.000000,0.000000,0.000000,0.000000,0,0.000,0.000,NO LASHING,NO BUNDLE,0,0,0,,,,0,1,0,0,0.711150,0.706436,742,72,0.133333,STAND TEMPORARILY LOST (3),0,0,1920,1080,,,,,,
16,0.533333,62.255,11.178,1800,0,0,0.847822,0.000000,0.000000,0.000000,0.000000,0,0.000,0.000,NO LASHING,NO BUNDLE,0,0,0,,,,0,0,0,0,0.000000,0.000000,,,,NEED TWO DARK RAILS AND AN UPRIGHT,0,0,1920,1080,,,,,,
17,0.566667,62.037,11.066,1759,0,0,0.846273,0.000000,0.000000,0.000000,0.000000,0,0.000,0.000,NO LASHING,NO BUNDLE,0,0,0,,,,0,1,0,1,0.691790,0.755479,740,78,0.106481,ACQUIRING STAND 1/4,0,0,1920,1080,,,,,,
18,0.600000,62.310,10.958,1810,0,0,0.847029,0.000000,0.000000,0.000000,0.000000,0,0.000,0.000,NO LASHING,NO BUNDLE,0,0,0,,,,0,1,0,0,0.691790,0.755479,740,78,0.106481,STAND TEMPORARILY LOST (1),0,0,1920,1080,,,,,,
19,0.633333,61.935,11.480,1819,0,0,0.847974,0.000000,0.000000,0.000000,0.000000,0,0.000,0.000,NO LASHING,NO BUNDLE,0,0,0,,,,0,1,0,0,0.691790,0.755479,740,78,0.106481,STAND TEMPORARILY LOST (1),0,0,1920,1080,,,,,,
20,0.666667,62.203,11.322,1800,0,0,0.846078,0.000000,0.000000,0.000000,0.000000,0,0.000,0.000,NO LASHING,NO BUNDLE,0,0,0,,,,0,1,0,0,0.691790,0.755479,740,78,0.106481,STAND TEMPORARILY LOST (2),0,0,1920,1080,,,,,,
21,0.700000,62.053,11.783,1737,0,0,0.841482,0.000000,0.000000,0.000000,0.000000,0,0.000,0.000,NO LASHING,NO BUNDLE,0,0,0,,,,0,1,0,0,0.691790,0.755479,740,78,0.106481,STAND TEMPORARILY LOST (2),0,0,1920,1080,,,,,,
22,0.733333,63.209,11.550,1682,0,0,0.838156,0.000000,0.000000,0.000000,0.000000,0,0.000,0.000,NO LASHING,NO BUNDLE,0,0,0,,,,0,1,0,0,0.691790,0.755479,740,78,0.106481,STAND TEMPORARILY LOST (3),0,0,1920,1080,,,,,,
23,0.766667,61.996,11.975,1702,0,0,0.838109,0.000000,0.000000,0.000000,0.000000,0,0.000,0.000,NO LASHING,NO BUNDLE,0,0,0,,,,0,1,0,0,0.691790,0.755479,740,78,0.106481,STAND TEMPORARILY LOST (3),0,0,1920,1080,,,,,,
24,0.800000,62.599,11.752,1673,0,0,0.844348,0.000000,0.000000,0.000000,0.000000,0,0.000,0.000,NO LASHING,NO BUNDLE,0,0,0,,,,0,0,0,0,0.000000,0.000000,,,,NEED TWO DARK RAILS AND AN UPRIGHT,0,0,1920,1080,,,,,,
25,0.833333,61.708,11.585,1754,0,0,0.843652,0.000000,0.000000,0.000000,0.000000,0,0.000,0.000,NO LASHING,NO BUNDLE,0,0,0,,,,0,0,0,0,0.000000,0.000000,,,,NEED TWO DARK RAILS AND AN UPRIGHT,0,0,1920,1080,,,,,,
26,0.866667,62.577,11.408,1785,0,0,0.845745,0.000000,0.000000,0.000000,0.000000,0,0.000,0.000,NO LASHING,NO BUNDLE,0,0,0,,,,0,0,0,0,0.000000,0.000000,,,,NEED TWO DARK RAILS AND AN UPRIGHT,0,0,1920,1080,,,,,,
27,0.900000,61.688,11.293,1827,0,0,0.850344,0.000000,0.000000,0.000000,0.000000,0,0.000,0.000,NO LASHING,NO BUNDLE,0,0,0,,,,0,0,0,0,0.000000,0.000000,,,,NEED TWO DARK RAILS AND AN UPRIGHT,0,0,1920,1080,,,,,,
28,0.933333,62.006,11.139,1784,0,0,0.850233,0.000000,0.000000,0.000000,0.000000,0,0.000,0.000,NO LASHING,NO BUNDLE,0,0,0,,,,0,0,0,0,0.000000,0.000000,,,,NEED TWO DARK RAILS AND AN UPRIGHT,0,0,1920,1080,,,,,,
29,0.966667,62.012,11.035,1794,0,0,0.848879,0.000000,0.000000,0.000000,0.000000,0,0.000,0.000,NO LASHING,NO BUNDLE,0,0,0,,,,0,0,0,0,0.000000,0.000000,,,,NEED TWO DARK RAILS AND AN UPRIGHT,,,,,,,,,,
30,1.000000,60.400,10.927,1789,0,0,0.849304,0.000000,0.000000,0.000000,0.000000,0,0.000,0.000,NO LASHING,NO BUNDLE,0,0,0,,,,0,1,0,1,0.705885,0.653299,932,76,0.118519,ACQUIRING STAND 1/4,0,0,1920,1080,,,,,,
31,1.033333,62.268,11.437,1753,0,0,0.844170,0.000000,0.000000,0.000000,0.000000,0,0.000,0.000,NO LASHING,NO BUNDLE,0,0,0,,,,0,1,0,1,0.705885,0.653299,932,76,0.118519,ACQUIRING STAND 1/4,0,0,1920,1080,,,,,,
32,1.066667,62.506,11.281,1723,0,0,0.844073,0.000000,0.000000,0.000000,0.000000,0,0.000,0.000,NO LASHING,NO BUNDLE,0,0,0,,,,0,1,0,0,0.705885,0.653299,932,76,0.118519,STAND TEMPORARILY LOST (1),0,0,1920,1080,,,,,,
33,1.100000,60.795,11.803,1750,0,0,0.846455,0.000000,0.000000,0.000000,0.000000,0,0.000,0.000,NO LASHING,NO BUNDLE,0,0,0,,,,0,1,0,0,0.705885,0.653299,932,76,0.118519,STAND TEMPORARILY LOST (1),0,0,1920,1080,,,,,,
34,1.133333,62.982,11.572,1793,0,0,0.847411,0.000000,0.000000,0.000000,0.000000,0,0.000,0.000,NO LASHING,NO BUNDLE,0,0,0,,,,0,1,0,0,0.705885,0.653299,932,76,0.118519,STAND TEMPORARILY LOST (2),0,0,1920,1080,,,,,,
35,1.166667,62.906,11.960,1749,0,0,0.843973,0.000000,0.000000,0.000000,0.000000,0,0.000,0.000,NO LASHING,NO BUNDLE,0,0,0,,,,0,1,0,0,0.705885,0.653299,932,76,0.118519,STAND TEMPORARILY LOST (2),0,0,1920,1080,,,,,,
36,1.200000,62.215,11.722,1721,0,0,0.844172,0.000000,0.000000,0.000000,0.000000,0,0.000,0.000,NO LASHING,NO BUNDLE,0,0,0,,,,0,1,0,0,0.705885,0.653299,932,76,0.118519,STAND TEMPORARILY LOST (3),0,0,1920,1080,,,,,,
37,1.233333,62.061,12.113,1769,0,0,0.849030,0.000000,0.000000,0.000000,0.000000,0,0.000,0.000,NO LASHING,NO BUNDLE,0,0,0,,,,0,1,0,0,0.705885,0.653299,932,76,0.118519,STAND TEMPORARILY LOST (3),0,0,1920,1080,,,,,,
38,1.266667,61.861,11.859,1715,0,0,0.841627,0.000000,0.000000,0.000000,0.000000,0,0.000,0.000,NO LASHING,NO BUNDLE,0,0,0,,,,0,0,0,0,0.000000,0.000000,,,,NEED TWO DARK RAILS AND AN UPRIGHT,0,0,1920,1080,,,,,,
39,1.300000,62.693,11.638,1649,0,0,0.841109,0.000000,0.000000,0.000000,0.000000,0,0.000,0.000,NO LASHING,NO BUNDLE,0,0,0,,,,0,0,0,0,0.000000,0.000000,,,,NEED TWO DARK RAILS AND AN UPRIGHT,0,0,1920,1080,,,,,,
40,1.333333,63.999,11.425,1687,0,0,0.842141,0.000000,0.000000,0.000000,0.000000,0,0.000,0.000,NO LASHING,NO BUNDLE,0,0,0,,,,0,0,0,0,0.000000,0.000000,,,,NEED TWO DARK RAILS AND AN UPRIGHT,0,0,1920,1080,,,,,,
41,1.366667,63.088,11.252,1626,0,0,0.840423,0.000000,0.000000,0.000000,0.000000,0,0.000,0.000,NO LASHING,NO BUNDLE,0,0,0,,,,0,0,0,0,0.000000,0.000000,,,,NEED TWO DARK RAILS AND AN UPRIGHT,0,0,1920,1080,,,,,,
42,1.400000,63.200,11.095,1642,0,0,0.839995,0.000000,0.000000,0.000000,0.000000,0,0.000,0.000,NO LASHING,NO BUNDLE,0,0,0,,,,0,0,0,0,0.000000,0.000000,,,,NEED TWO DARK RAILS AND AN UPRIGHT,0,0,1920,1080,,,,,,
43,1.433333,62.233,10.989,1622,0,0,0.839901,0.000000,0.000000,0.000000,0.000000,0,0.000,0.000,NO LASHING,NO BUNDLE,0,0,0,,,,0,0,0,0,0.000000,0.000000,,,,NEED TWO DARK RAILS AND AN UPRIGHT,0,0,1920,1080,,,,,,
44,1.466667,61.987,10.901,1635,0,0,0.839088,0.000000,0.000000,0.000000,0.000000,0,0.000,0.000,NO LASHING,NO BUNDLE,0,0,0,,,,0,0,0,0,0.000000,0.000000,,,,NEED TWO DARK RAILS AND AN UPRIGHT,0,0,1920,1080,,,,,,
45,1.500000,61.658,10.845,1592,0,0,0.839225,0.000000,0.000000,0.000000,0.000000,0,0.000,0.000,NO LASHING,NO BUNDLE,0,0,0,,,,0,0,0,0,0.000000,0.000000,,,,NEED TWO DARK RAILS AND AN UPRIGHT,0,0,1920,1080,,,,,,
46,1.533333,61.677,10.819,1328,0,0,0.827454,0.000000,0.000000,0.000000,0.000000,0,0.000,0.000,NO LASHING,NO BUNDLE,0,0,0,,,,0,1,0,1,0.692797,0.639567,592,96,0.140741,ACQUIRING STAND 1/4,0,0,1863,1048,,,,,,
47,1.566667,63.670,11.300,1371,0,0,0.826854,0.000000,0.000000,0.000000,0.000000,0,0.000,0.000,NO LASHING,NO BUNDLE,0,0,0,,,,0,1,0,1,0.692797,0.639567,592,96,0.140741,ACQUIRING STAND 1/4,0,0,1863,1048,,,,,,
48,1.600000,61.763,11.143,1150,0,0,0.827912,0.000000,0.000000,0.000000,0.000000,0,0.000,0.000,NO LASHING,NO BUNDLE,0,0,0,,,,0,1,0,0,0.692797,0.639567,592,96,0.140741,STAND TEMPORARILY LOST (1),0,0,1863,1048,,,,,,
49,1.633333,62.503,11.611,1198,0,0,0.828177,0.000000,0.000000,0.000000,0.000000,0,0.000,0.000,NO LASHING,NO BUNDLE,0,0,0,,,,0,1,0,0,0.692797,0.639567,592,96,0.140741,STAND TEMPORARILY LOST (1),0,0,1863,1048,,,,,,
50,1.666667,62.351,11.432,1287,0,0,0.829110,0.000000,0.000000,0.000000,0.000000,0,0.000,0.000,NO LASHING,NO BUNDLE,0,0,0,,,,0,1,0,0,0.692797,0.639567,592,96,0.140741,STAND TEMPORARILY LOST (2),0,0,1863,1048,,,,,,
51,1.700000,62.628,11.859,1178,0,0,0.831633,0.000000,0.000000,0.000000,0.000000,0,0.000,0.000,NO LASHING,NO BUNDLE,0,0,0,,,,0,1,0,0,0.692797,0.639567,592,96,0.140741,STAND TEMPORARILY LOST (2),0,0,1863,1048,,,,,,
52,1.733333,62.029,11.639,1190,0,0,0.832488,0.000000,0.000000,0.000000,0.000000,0,0.000,0.000,NO LASHING,NO BUNDLE,0,0,0,,,,0,1,0,0,0.692797,0.639567,592,96,0.140741,STAND TEMPORARILY LOST (3),0,0,1863,1048,,,,,,
53,1.766667,62.241,12.041,1243,0,0,0.833317,0.000000,0.000000,0.000000,0.000000,0,0.000,0.000,NO LASHING,NO BUNDLE,0,0,0,,,,0,1,0,0,0.692797,0.639567,592,96,0.140741,STAND TEMPORARILY LOST (3),0,0,1863,1048,,,,,,
54,1.800000,62.353,11.769,1253,0,0,0.829069,0.000000,0.000000,0.000000,0.000000,0,0.000,0.000,NO LASHING,NO BUNDLE,0,0,0,,,,0,0,0,0,0.000000,0.000000,,,,NEED TWO DARK RAILS AND AN UPRIGHT,0,0,1863,1048,,,,,,
55,1.833333,61.680,11.555,1717,0,237,0.805179,0.000000,0.790012,0.000000,0.000000,0,0.000,0.000,NO LASHING,NO BUNDLE,0,0,0,,,,0,1,0,1,0.632505,0.608356,574,72,0.111111,ACQUIRING STAND 1/4,0,0,1607,904,,,,,,
56,1.866667,61.499,11.394,1878,0,239,0.808158,0.000000,0.791316,0.000000,0.000000,0,0.000,0.000,NO LASHING,NO BUNDLE,0,0,0,,,,0,1,0,0,0.632505,0.608356,574,72,0.111111,STAND TEMPORARILY LOST (1),0,0,1607,904,,,,,,
57,1.900000,62.551,11.811,1862,0,205,0.808773,0.000000,0.775275,0.000000,0.000000,0,0.000,0.000,NO LASHING,NO BUNDLE,0,0,0,,,,0,1,0,0,0.632505,0.608356,574,72,0.111111,STAND TEMPORARILY LOST (1),0,0,1607,904,,,,,,
58,1.933333,62.245,11.562,1877,0,194,0.805215,0.000000,0.769578,0.000000,0.000000,0,0.000,0.000,NO LASHING,NO BUNDLE,0,0,0,,,,0,1,0,0,0.632505,0.608356,574,72,0.111111,STAND TEMPORARILY LOST (2),0,0,1607,904,,,,,,
59,1.966667,64.043,11.975,1807,0,0,0.847917,0.000000,0.000000,0.000000,0.000000,0,0.000,0.000,NO LASHING,NO BUNDLE,0,0,0,,,,0,1,0,0,0.632505,0.608356,574,72,0.111111,STAND TEMPORARILY LOST (2),,,,,,,,,,
60,2.000000,58.109,11.839,1873,0,130,0.809633,0.000000,0.760471,0.000000,0.000000,0,0.000,0.000,NO LASHING,NO BUNDLE,0,0,0,,,,0,1,0,0,0.632505,0.608356,574,72,0.111111,STAND TEMPORARILY LOST (3),0,0,1607,904,,,,,,
61,2.033333,61.441,12.243,1952,0,139,0.809864,0.000000,0.756774,0.000000,0.000000,0,0.000,0.000,NO LASHING,NO BUNDLE,0,0,0,,,,0,1,0,0,0.632505,0.608356,574,72,0.111111,STAND TEMPORARILY LOST (3),0,0,1607,904,,,,,,
62,2.066667,62.766,11.931,1732,0,0,0.845690,0.000000,0.000000,0.000000,0.000000,0,0.000,0.000,NO LASHING,NO BUNDLE,0,0,0,,,,0,1,0,1,0.731446,0.628223,793,80,0.137593,ACQUIRING STAND 1/4,0,0,1920,1080,,,,,,
63,2.100000,62.859,12.281,1634,0,0,0.845715,0.000000,0.000000,0.000000,0.000000,0,0.000,0.000,NO LASHING,NO BUNDLE,0,0,0,,,,0,1,0,1,0.731446,0.628223,793,80,0.137593,ACQUIRING STAND 1/4,0,0,1920,1080,,,,,,
64,2.133333,59.293,12.046,1642,0,0,0.845603,0.000000,0.000000,0.000000,0.000000,0,0.000,0.000,NO LASHING,NO BUNDLE,0,0,0,,,,0,1,0,0,0.731446,0.628223,793,80,0.137593,STAND TEMPORARILY LOST (1),0,0,1920,1080,,,,,,
65,2.166667,62.409,12.375,1669,0,0,0.844483,0.000000,0.000000,0.000000,0.000000,0,0.000,0.000,NO LASHING,NO BUNDLE,0,0,0,,,,0,1,0,0,0.731446,0.628223,793,80,0.137593,STAND TEMPORARILY LOST (1),0,0,1920,1080,,,,,,
66,2.200000,62.402,12.039,1723,0,0,0.850197,0.000000,0.000000,0.000000,0.000000,0,0.000,0.000,NO LASHING,NO BUNDLE,0,0,0,,,,0,1,0,0,0.731446,0.628223,793,80,0.137593,STAND TEMPORARILY LOST (2),0,0,1920,1080,,,,,,
67,2.233333,64.467,12.335,1778,0,0,0.849767,0.000000,0.000000,0.000000,0.000000,0,0.000,0.000,NO LASHING,NO BUNDLE,0,0,0,,,,0,1,0,0,0.731446,0.628223,793,80,0.137593,STAND TEMPORARILY LOST (2),0,0,1920,1080,,,,,,
68,2.266667,62.803,12.022,1777,0,0,0.845981,0.000000,0.000000,0.000000,0.000000,0,0.000,0.000,NO LASHING,NO BUNDLE,0,0,0,,,,0,1,0,0,0.731446,0.628223,793,80,0.137593,STAND TEMPORARILY LOST (3),0,0,1920,1080,,,,,,
69,2.300000,62.313,12.364,1839,0,0,0.845444,0.000000,0.000000,0.000000,0.000000,0,0.000,0.000,NO LASHING,NO BUNDLE,0,0,0,,,,0,1,0,0,0.731446,0.628223,793,80,0.137593,STAND TEMPORARILY LOST (3),0,0,1920,1080,,,,,,
70,2.333333,62.715,12.069,1842,0,0,0.848271,0.000000,0.000000,0.000000,0.000000,0,0.000,0.000,NO LASHING,NO BUNDLE,0,0,0,,,,0,0,0,0,0.000000,0.000000,,,,NEED TWO DARK RAILS AND AN UPRIGHT,0,0,1920,1080,,,,,,
71,2.366667,61.930,11.815,785,0,0,0.791758,0.000000,0.000000,0.000000,0.000000,0,0.000,0.000,NO LASHING,NO BUNDLE,0,0,0,,,,0,0,0,0,0.000000,0.000000,,,,NEED TWO DARK RAILS AND AN UPRIGHT,0,0,1920,1080,,,,,,
72,2.400000,61.300,11.636,658,0,0,0.823367,0.000000,0.000000,0.000000,0.000000,0,0.000,0.000,NO LASHING,NO BUNDLE,0,0,0,,,,0,0,0,0,0.000000,0.000000,,,,NEED TWO DARK RAILS AND AN UPRIGHT,0,0,1920,1080,,,,,,
73,2.433333,62.349,11.465,981,0,0,0.781847,0.000000,0.000000,0.000000,0.000000,0,0.000,0.000,NO LASHING,NO BUNDLE,0,0,0,,,,0,0,0,0,0.000000,0.000000,,,,NEED TWO DARK RAILS AND AN UPRIGHT,0,0,1920,1080,,,,,,
74,2.466667,61.407,11.347,971,0,0,0.765211,0.000000,0.000000,0.000000,0.000000,0,0.000,0.000,NO LASHING,NO BUNDLE,0,0,0,,,,0,0,0,0,0.000000,0.000000,,,,NEED TWO DARK RAILS AND AN UPRIGHT,0,0,1920,1080,,,,,,
75,2.500000,61.413,11.221,2394,0,0,0.802496,0.000000,0.000000,0.000000,0.000000,0,0.000,0.000,NO LASHING,NO BUNDLE,0,0,0,,,,0,0,0,0,0.000000,0.000000,,,,NEED TWO DARK RAILS AND AN UPRIGHT,0,0,1920,1080,,,,,,
76,2.533333,61.692,11.093,2993,0,0,0.858549,0.000000,0.000000,0.000000,0.000000,0,0.000,0.000,NO LASHING,NO BUNDLE,0,0,0,,,,0,0,0,0,0.000000,0.000000,,,,NEED TWO DARK RAILS AND AN UPRIGHT,0,0,1920,1080,,,,,,
77,2.566667,62.169,11.097,3048,0,63,0.859069,0.000000,0.745745,0.000000,0.000000,0,0.000,0.000,NO LASHING,NO BUNDLE,0,0,0,,,,0,0,0,0,0.000000,0.000000,,,,NEED TWO DARK RAILS AND AN UPRIGHT,0,0,1920,1080,,,,,,
78,2.600000,62.103,11.189,4575,0,253,0.844705,0.000000,0.774918,0.000000,0.000000,0,0.000,0.000,NO LASHING,NO BUNDLE,0,0,0,,,,0,1,0,1,0.828241,0.785160,728,148,0.274074,ACQUIRING STAND 1/4,0,0,1920,1080,,,,,,
79,2.633333,62.983,11.617,5365,40,318,0.837616,0.634842,0.751941,0.736229,0.000000,0,0.000,0.000,NO LASHING,NO BUNDLE,0,0,0,,,,0,1,0,1,0.828241,0.785160,728,148,0.274074,ACQUIRING STAND 1/4,0,0,1920,1080,,,,,,
80,2.666667,61.317,11.694,8426,0,559,0.845219,0.000000,0.767861,0.000000,0.000000,0,0.000,0.000,NO LASHING,NO BUNDLE,0,0,0,,,,0,1,0,1,0.999904,0.710739,798,217,0.402407,ACQUIRING STAND 2/4,0,0,1920,1080,,,,,,
81,2.700000,62.292,11.350,7811,164,734,0.834508,0.661329,0.816621,0.747919,0.000000,0,0.000,0.000,GEOMETRY FAIL,NO BUNDLE,0,0,0,,,,0,1,0,1,0.999904,0.710739,798,217,0.402407,ACQUIRING STAND 2/4,0,0,1920,1080,,,,,,
82,2.733333,63.072,11.425,13775,12,1223,0.809139,0.609685,0.783955,0.709412,0.000000,0,0.000,0.000,NO LASHING,NO BUNDLE,0,0,0,,,,0,1,0,1,0.818990,0.717983,786,356,0.404139,ACQUIRING STAND 3/4,0,0,1770,995,,,,,,
83,2.766667,61.904,10.564,14820,2623,1397,0.818956,0.668875,0.806247,0.743916,0.000000,0,0.000,0.000,GEOMETRY FAIL,NO BUNDLE,0,0,0,,,,0,1,0,1,0.818990,0.717983,786,356,0.404139,ACQUIRING STAND 3/4,0,0,1770,995,,,,,,
84,2.800000,61.821,9.749,13697,4000,1407,0.799400,0.705146,0.820161,0.752273,0.000000,0,0.000,0.000,GEOMETRY FAIL,NO BUNDLE,0,0,0,,,,0,1,0,0,0.818990,0.717983,786,356,0.404139,STAND TEMPORARILY LOST (1),0,0,1770,995,,,,,,
85,2.833333,62.567,9.240,10486,5168,1456,0.801111,0.692185,0.788188,0.746648,0.000000,0,0.000,0.000,GEOMETRY FAIL,NO BUNDLE,0,0,0,,,,0,1,0,0,0.818990,0.717983,786,356,0.404139,STAND TEMPORARILY LOST (1),0,0,1770,995,,,,,,
86,2.866667,61.790,9.068,9845,6943,547,0.817610,0.748146,0.769449,0.782878,0.000000,0,0.000,0.000,GEOMETRY FAIL,NO BUNDLE,0,0,0,,,,0,1,0,0,0.818990,0.717983,786,356,0.404139,STAND TEMPORARILY LOST (2),0,0,1770,995,,,,,,
87,2.900000,61.195,9.273,6923,6819,262,0.801221,0.752187,0.762053,0.776704,0.000000,0,0.000,0.000,GEOMETRY FAIL,NO BUNDLE,0,0,0,,,,0,1,0,0,0.818990,0.717983,786,356,0.404139,STAND TEMPORARILY LOST (2),0,0,1770,995,,,,,,
88,2.933333,60.702,9.137,10469,5357,742,0.816382,0.747244,0.767999,0.781813,0.000000,0,0.000,0.000,GEOMETRY FAIL,NO BUNDLE,0,0,0,,,,0,1,0,1,0.758329,0.656592,688,480,0.452788,ACQUIRING STAND 2/4,0,1,1706,960,,,,,,
89,2.966667,62.240,9.148,10089,7941,837,0.796696,0.761499,0.788616,0.779098,0.000000,0,0.000,0.000,GEOMETRY FAIL,NO BUNDLE,0,0,0,,,,0,1,0,1,0.758329,0.656592,688,480,0.452788,ACQUIRING STAND 2/4,,,,,,,,,,
90,3.000000,62.596,8.870,8688,9094,1100,0.810786,0.755395,0.798916,0.783091,0.000000,0,0.000,0.000,GEOMETRY FAIL,NO BUNDLE,0,0,0,,,,0,1,0,1,0.797853,0.636774,675,586,0.440051,ACQUIRING STAND 3/4,0,0,1920,1080,,,,,,
91,3.033333,64.908,9.033,8143,8239,909,0.811589,0.761680,0.788480,0.786635,0.000000,0,0.000,0.000,GEOMETRY FAIL,NO BUNDLE,0,0,0,,,,0,1,0,1,0.797853,0.636774,675,586,0.440051,ACQUIRING STAND 3/4,0,0,1920,1080,,,,,,
92,3.066667,60.657,8.980,6539,8629,402,0.793665,0.762482,0.767338,0.778073,0.000000,0,0.000,0.000,GEOMETRY FAIL,NO BUNDLE,0,0,0,,,,0,1,1,1,0.945000,0.651009,758,570,0.576403,STAND LOCKED,0,0,1920,1080,,,,,,
93,3.100000,62.886,9.032,5782,8453,371,0.779667,0.753411,0.749637,0.766539,0.000000,0,0.000,0.000,GEOMETRY FAIL,NO BUNDLE,0,0,0,,,,0,1,1,1,0.945000,0.651009,758,570,0.576403,STAND LOCKED,0,0,1920,1080,,,,,,
94,3.133333,58.833,9.027,7301,8562,1123,0.812530,0.758419,0.778973,0.785475,0.000000,0,0.000,0.000,GEOMETRY FAIL,NO BUNDLE,0,0,0,,,,0,1,1,1,0.817895,0.655900,657,578,0.613316,STAND LOCKED,0,0,1920,1080,,,,,,
95,3.166667,61.571,9.265,7730,8699,346,0.801500,0.757542,0.769844,0.779521,0.000000,0,0.000,0.000,GEOMETRY FAIL,NO BUNDLE,0,0,0,,,,0,1,1,1,0.817895,0.655900,657,578,0.613316,STAND LOCKED,0,0,1920,1080,,,,,,
96,3.200000,62.583,9.129,5353,8718,221,0.780603,0.758722,0.778951,0.769662,0.000000,0,0.000,0.000,GEOMETRY FAIL,NO BUNDLE,0,0,0,,,,0,1,1,1,0.890816,0.753321,715,556,0.696131,STAND LOCKED,0,0,1920,1080,,,,,,
97,3.233333,61.003,9.290,5882,9133,723,0.789721,0.765711,0.785712,0.777716,0.000000,0,0.000,0.000,GEOMETRY FAIL,NO BUNDLE,0,0,0,,,,0,1,1,1,0.890816,0.753321,715,556,0.696131,STAND LOCKED,0,0,1920,1080,,,,,,
98,3.266667,60.975,8.941,6431,9432,628,0.787668,0.766098,0.774359,0.776883,0.000000,0,0.000,0.000,GEOMETRY FAIL,NO BUNDLE,0,0,0,,,,0,1,1,1,0.974878,0.802395,943,564,0.707935,STAND LOCKED,0,0,1920,1080,,,,,,
99,3.300000,62.620,9.061,4430,9054,330,0.776412,0.769755,0.762155,0.773084,0.000000,0,0.000,0.000,GEOMETRY FAIL,NO BUNDLE,0,0,0,,,,0,1,1,1,0.974878,0.802395,943,564,0.707935,STAND LOCKED,0,0,1920,1080,,,,,,
100,3.333333,57.577,8.729,7095,9028,813,0.809821,0.763934,0.775518,0.786877,0.000000,0,0.000,0.000,GEOMETRY FAIL,NO BUNDLE,0,0,0,,,,0,1,1,1,0.937642,0.712197,868,574,0.683200,STAND LOCKED,0,0,1920,1080,,,,,,
101,3.366667,61.428,9.033,4907,8996,456,0.786351,0.764177,0.776175,0.775264,0.000000,0,0.000,0.000,GEOMETRY FAIL,NO BUNDLE,0,0,0,,,,0,1,1,1,0.937642,0.712197,868,574,0.683200,STAND LOCKED,0,0,1920,1080,,,,,,
102,3.400000,62.560,8.907,5838,9146,415,0.790683,0.760844,0.780327,0.775763,0.000000,0,0.000,0.000,GEOMETRY FAIL,NO BUNDLE,0,0,0,,,,0,1,1,1,0.742188,0.733947,986,590,0.647116,STAND LOCKED,0,0,1920,1080,,,,,,
103,3.433333,61.620,9.177,4739,9206,210,0.790540,0.763573,0.740559,0.777056,0.000000,0,0.000,0.000,GEOMETRY FAIL,NO BUNDLE,0,0,0,,,,0,1,1,1,0.742188,0.733947,986,590,0.647116,STAND LOCKED,0,0,1920,1080,,,,,,
104,3.466667,61.808,8.852,4666,8158,31,0.803492,0.755173,0.724323,0.779333,0.000000,0,0.000,0.000,GEOMETRY FAIL,NO BUNDLE,0,0,0,,,,0,1,1,1,0.945000,0.705141,854,599,0.659906,STAND LOCKED,0,0,1920,1080,,,,,,
105,3.500000,63.797,9.089,5771,7236,369,0.783542,0.713644,0.783223,0.748593,0.000000,0,0.000,0.000,GEOMETRY FAIL,NO BUNDLE,0,0,0,,,,0,1,1,1,0.945000,0.705141,854,599,0.659906,STAND LOCKED,0,0,1920,1080,,,,,,
106,3.533333,61.133,8.965,8758,7791,241,0.793664,0.765861,0.745853,0.779762,0.000000,0,0.000,0.000,GEOMETRY FAIL,NO BUNDLE,0,0,0,,,,0,1,1,1,0.945000,0.692402,844,538,0.668208,STAND LOCKED,0,0,1920,1080,,,,,,
107,3.566667,60.989,9.122,7737,7866,711,0.785470,0.770519,0.779884,0.777995,0.000000,0,0.000,0.000,GEOMETRY FAIL,NO BUNDLE,0,0,0,,,,0,1,1,1,0.945000,0.692402,844,538,0.668208,STAND LOCKED,0,0,1920,1080,,,,,,
108,3.600000,57.463,8.689,7460,8070,156,0.784487,0.759173,0.741310,0.771830,0.000000,0,0.000,0.000,GEOMETRY FAIL,NO BUNDLE,0,0,0,,,,0,1,1,1,0.911048,0.656257,781,517,0.665323,STAND LOCKED,0,0,1920,1080,,,,,,
109,3.633333,62.437,8.553,8422,6256,16,0.797215,0.761537,0.724001,0.779376,0.000000,0,0.000,0.000,GEOMETRY FAIL,NO BUNDLE,0,0,0,,,,0,1,1,1,0.911048,0.656257,781,517,0.665323,STAND LOCKED,0,0,1920,1080,,,,,,
110,3.666667,63.435,8.419,8609,6615,2,0.798458,0.743256,0.704733,0.770857,0.000000,0,0.000,0.000,GEOMETRY FAIL,NO BUNDLE,0,0,0,,,,0,1,1,1,0.896923,0.666817,840,502,0.647219,STAND LOCKED,0,0,1920,1080,,,,,,
111,3.700000,62.240,8.482,8825,7527,1123,0.799038,0.753097,0.787358,0.776068,0.000000,0,0.000,0.000,GEOMETRY FAIL,NO BUNDLE,0,0,0,,,,0,1,1,1,0.896923,0.666817,840,502,0.647219,STAND LOCKED,0,0,1920,1080,,,,,,
112,3.733333,59.255,8.153,8113,7060,1954,0.803682,0.730565,0.799586,0.767123,0.000000,0,0.000,0.000,GEOMETRY FAIL,NO BUNDLE,0,0,0,,,,0,1,1,1,0.948658,0.707394,789,496,0.643656,STAND LOCKED,0,0,1920,1080,,,,,,
113,3.766667,62.543,8.155,10564,6254,1590,0.800122,0.726686,0.792662,0.763404,0.000000,0,0.000,0.000,GEOMETRY FAIL,NO BUNDLE,0,0,0,,,,0,1,1,1,0.948658,0.707394,789,496,0.643656,STAND LOCKED,0,0,1920,1080,,,,,,
114,3.800000,61.170,7.884,11184,4906,370,0.816067,0.729890,0.800464,0.772978,0.000000,0,0.000,0.000,GEOMETRY FAIL,NO BUNDLE,0,0,0,,,,0,1,1,1,0.837188,0.721433,769,481,0.656821,STAND LOCKED,0,0,1920,1080,,,,,,
115,3.833333,62.387,7.651,9914,4802,578,0.803572,0.657073,0.000000,0.730322,0.741405,1,0.000,0.000,VALID,CANDIDATE,1,1,0,287,775,218.000,0,1,1,1,0.837188,0.721433,769,481,0.656821,STAND LOCKED,0,0,1920,1080,,,,,,
116,3.866667,59.062,8.158,39,0,0,0.817823,0.000000,0.000000,0.000000,0.000000,0,0.000,0.000,NO BLACK,NO BUNDLE,0,0,0,,,,0,1,1,0,0.837188,0.721433,769,481,0.656821,STAND TEMPORARILY LOST (1),46,608,622,932,,,,,,
117,3.900000,57.882,9.257,31,0,0,0.804192,0.000000,0.000000,0.000000,0.000000,0,0.000,0.000,NO BLACK,NO BUNDLE,0,0,0,,,,0,1,1,0,0.837188,0.721433,769,481,0.656821,STAND TEMPORARILY LOST (1),46,608,622,932,,,,,,
118,3.933333,62.016,9.544,0,0,0,0.000000,0.000000,0.000000,0.000000,0.000000,0,0.000,0.000,NO BLACK,NO BUNDLE,0,0,0,,,,0,1,1,1,0.812877,0.708003,721,480,0.588903,STAND LOCKED,46,608,622,932,,,,,,
119,3.966667,62.334,9.225,10506,4179,424,0.806359,0.698614,0.772478,0.752487,0.000000,0,0.000,0.000,GEOMETRY FAIL,NO BUNDLE,0,0,0,,,,0,1,1,1,0.812877,0.708003,721,480,0.588903,STAND LOCKED,,,,,,,,,,
120,4.000000,61.701,9.419,69,0,0,0.752090,0.000000,0.000000,0.000000,0.000000,0,0.000,0.000,NO BLACK,NO BUNDLE,0,0,0,,,,0,1,1,1,0.871851,0.641294,694,335,0.433571,STAND LOCKED,46,608,622,932,,,,,,
121,4.033333,61.437,10.199,61,28,0,0.736361,0.676512,0.000000,0.706437,0.000000,0,0.000,0.000,NO BLACK,NO BUNDLE,0,0,0,,,,0,1,1,1,0.871851,0.641294,694,335,0.433571,STAND LOCKED,46,608,622,932,,,,,,
122,4.066667,61.031,10.307,0,0,0,0.000000,0.000000,0.000000,0.000000,0.000000,0,0.000,0.000,NO BLACK,NO BUNDLE,0,0,0,,,,0,1,1,1,0.898704,0.605930,762,358,0.539876,STAND LOCKED,46,608,622,932,,,,,,
123,4.100000,61.153,10.959,0,0,0,0.000000,0.000000,0.000000,0.000000,0.000000,0,0.000,0.000,NO BLACK,NO BUNDLE,0,0,0,,,,0,1,1,1,0.898704,0.605930,762,358,0.539876,STAND LOCKED,46,608,622,932,,,,,,
124,4.133333,60.958,11.021,58,0,0,0.721406,0.000000,0.000000,0.000000,0.000000,0,0.000,0.000,NO BLACK,NO BUNDLE,0,0,0,,,,0,1,1,1,0.967632,0.605931,806,383,0.644240,STAND LOCKED,46,608,622,932,,,,,,
125,4.166667,61.898,11.568,205,0,0,0.747904,0.000000,0.000000,0.000000,0.000000,0,0.000,0.000,NO BLACK,NO BUNDLE,0,0,0,,,,0,1,1,1,0.967632,0.605931,806,383,0.644240,STAND LOCKED,46,608,622,932,,,,,,
126,4.200000,61.285,11.512,59,0,0,0.735825,0.000000,0.000000,0.000000,0.000000,0,0.000,0.000,NO BLACK,NO BUNDLE,0,0,0,,,,0,1,1,1,0.909436,0.613343,836,400,0.712084,STAND LOCKED,46,608,622,932,,,,,,
127,4.233333,64.856,11.850,0,0,0,0.000000,0.000000,0.000000,0.000000,0.000000,0,0.000,0.000,NO BLACK,NO BUNDLE,0,0,0,,,,0,1,1,1,0.909436,0.613343,836,400,0.712084,STAND LOCKED,46,608,622,932,,,,,,
128,4.266667,60.743,11.752,0,0,0,0.000000,0.000000,0.000000,0.000000,0.000000,0,0.000,0.000,NO BLACK,NO BUNDLE,0,0,0,,,,0,1,1,1,0.915045,0.607525,1063,419,0.729882,STAND LOCKED,46,608,622,932,,,,,,
129,4.300000,61.802,12.162,0,0,0,0.000000,0.000000,0.000000,0.000000,0.000000,0,0.000,0.000,NO BLACK,NO BUNDLE,0,0,0,,,,0,1,1,1,0.915045,0.607525,1063,419,0.729882,STAND LOCKED,46,608,622,932,,,,,,
130,4.333333,60.720,11.993,184,0,0,0.785304,0.000000,0.000000,0.000000,0.000000,0,0.000,0.000,NO BLACK,NO BUNDLE,0,0,0,,,,0,1,1,1,0.931875,0.619503,1023,398,0.662521,STAND LOCKED,46,608,622,932,,,,,,
131,4.366667,61.446,12.371,531,19,0,0.821944,0.673808,0.000000,0.747876,0.000000,0,0.000,0.000,NO BLACK,NO BUNDLE,0,0,0,,,,0,1,1,1,0.931875,0.619503,1023,398,0.662521,STAND LOCKED,46,608,622,932,,,,,,
132,4.400000,61.322,12.192,0,0,0,0.000000,0.000000,0.000000,0.000000,0.000000,0,0.000,0.000,NO BLACK,NO BUNDLE,0,0,0,,,,0,1,1,1,0.928811,0.641768,936,454,0.737625,STAND LOCKED,46,608,622,932,,,,,,
133,4.433333,61.758,12.546,0,0,0,0.000000,0.000000,0.000000,0.000000,0.000000,0,0.000,0.000,NO BLACK,NO BUNDLE,0,0,0,,,,0,1,1,1,0.928811,0.641768,936,454,0.737625,STAND LOCKED,46,608,622,932,,,,,,
134,4.466667,60.202,12.303,0,0,0,0.000000,0.000000,0.000000,0.000000,0.000000,0,0.000,0.000,NO BLACK,NO BUNDLE,0,0,0,,,,0,1,1,1,0.919897,0.624523,948,485,0.826931,STAND LOCKED,46,608,622,932,,,,,,
135,4.500000,61.342,12.647,0,0,0,0.000000,0.000000,0.000000,0.000000,0.000000,0,0.000,0.000,NO BLACK,NO BUNDLE,0,0,0,,,,0,1,1,1,0.919897,0.624523,948,485,0.826931,STAND LOCKED,46,608,622,932,,,,,,
136,4.533333,62.089,11.825,38093,1794,4136,0.876501,0.714111,0.816340,0.795306,0.000000,0,0.000,0.000,GEOMETRY FAIL,NO BUNDLE,0,0,0,,,,0,1,1,1,0.882043,0.583933,957,528,0.881378,STAND LOCKED,,,,,,,,,,
137,4.566667,60.701,11.242,40486,3185,3565,0.871897,0.687733,0.858133,0.779815,0.000000,0,0.000,0.000,GEOMETRY FAIL,NO BUNDLE,0,0,0,,,,0,1,1,1,0.882043,0.583933,957,528,0.881378,STAND LOCKED,0,0,1920,1080,,,,,,
138,4.600000,62.477,10.444,36717,3903,4247,0.850279,0.730297,0.814551,0.790288,0.000000,0,0.000,0.000,GEOMETRY FAIL,NO BUNDLE,0,0,0,,,,0,1,1,1,0.958856,0.597312,943,375,0.626805,STAND LOCKED,0,0,1920,1080,,,,,,
139,4.633333,62.414,9.777,37080,5963,6906,0.856782,0.749816,0.821612,0.803299,0.000000,0,0.000,0.000,GEOMETRY FAIL,NO BUNDLE,0,0,0,,,,0,1,1,1,0.958856,0.597312,943,375,0.626805,STAND LOCKED,0,0,1920,1080,,,,,,
140,4.666667,62.894,9.857,19827,0,3145,0.861847,0.000000,0.799920,0.000000,0.000000,0,0.000,0.000,NO LASHING,NO BUNDLE,0,0,0,,,,0,1,1,1,0.861073,0.555668,894,446,0.664007,STAND LOCKED,0,0,1920,1080,,,,,,
141,4.700000,62.403,10.504,18053,0,5296,0.862963,0.000000,0.826759,0.000000,0.000000,0,0.000,0.000,NO LASHING,NO BUNDLE,0,0,0,,,,0,1,1,1,0.861073,0.555668,894,446,0.664007,STAND LOCKED,0,0,1920,1080,,,,,,
142,4.733333,61.486,10.451,18479,0,3635,0.872747,0.000000,0.806830,0.000000,0.000000,0,0.000,0.000,NO LASHING,NO BUNDLE,0,0,0,,,,0,1,1,1,0.983544,0.606288,884,400,0.667507,STAND LOCKED,0,0,1920,1080,,,,,,
143,4.766667,62.832,10.225,29223,2313,2674,0.844073,0.764227,0.802033,0.804150,0.000000,0,0.000,0.000,COMPONENTS TOO FAR,NO BUNDLE,0,0,0,,,,0,1,1,1,0.983544,0.606288,884,400,0.667507,STAND LOCKED,0,0,1920,1080,,,,,,
144,4.800000,60.218,9.777,31240,2761,2515,0.846822,0.780967,0.818910,0.813895,0.000000,0,0.000,0.000,COMPONENTS TOO FAR,NO BUNDLE,0,0,0,,,,0,1,1,1,0.914171,0.603591,905,463,0.717971,STAND LOCKED,0,0,1920,1080,,,,,,
145,4.833333,63.102,10.417,20413,0,3051,0.878411,0.000000,0.813387,0.000000,0.000000,0,0.000,0.000,NO LASHING,NO BUNDLE,0,0,0,,,,0,1,1,1,0.914171,0.603591,905,463,0.717971,STAND LOCKED,0,0,1920,1080,,,,,,
146,4.866667,61.852,10.399,22165,0,3814,0.876144,0.000000,0.835765,0.000000,0.000000,0,0.000,0.000,NO LASHING,NO BUNDLE,0,0,0,,,,0,1,1,1,1.000000,0.632505,939,494,0.852716,STAND LOCKED,0,0,1920,1080,,,,,,
147,4.900000,62.463,10.973,20990,0,2037,0.879738,0.000000,0.786168,0.000000,0.000000,0,0.000,0.000,NO LASHING,NO BUNDLE,0,0,0,,,,0,1,1,1,1.000000,0.632505,939,494,0.852716,STAND LOCKED,0,0,1920,1080,,,,,,
148,4.933333,63.904,10.809,20167,0,3713,0.870711,0.000000,0.817447,0.000000,0.000000,0,0.000,0.000,NO LASHING,NO BUNDLE,0,0,0,,,,0,1,1,1,0.968998,0.615239,936,532,0.905204,STAND LOCKED,0,0,1920,1080,,,,,,
149,4.966667,62.780,11.361,20469,0,3255,0.864273,0.000000,0.785768,0.000000,0.000000,0,0.000,0.000,NO LASHING,NO BUNDLE,0,0,0,,,,0,1,1,1,0.968998,0.615239,936,532,0.905204,STAND LOCKED,,,,,,,,,,
150,5.000000,59.868,10.462,38788,4665,2509,0.866294,0.731313,0.751660,0.783089,0.798341,1,203.033,15.450,VALID,CANDIDATE,1,1,0,1028,987,798.000,0,1,1,1,0.896635,0.592410,888,535,0.955305,STAND LOCKED,0,0,1920,1080,,,,,,
151,5.033333,57.976,10.082,42189,3392,1244,0.848456,0.724253,0.790038,0.786354,0.000000,0,0.000,0.000,GEOMETRY FAIL,NO BUNDLE,0,0,0,,,,0,1,1,1,0.896635,0.592410,888,535,0.955305,STAND LOCKED,0,75,1786,1080,,,,,,
152,5.066667,58.068,10.212,20915,0,3791,0.862105,0.000000,0.802950,0.000000,0.000000,0,0.000,0.000,NO LASHING,NO BUNDLE,0,0,0,,,,0,1,1,1,0.954440,0.584570,844,543,0.965628,STAND LOCKED,0,75,1786,1080,,,,,,
153,5.100000,55.852,11.044,18540,0,3642,0.879019,0.000000,0.810960,0.000000,0.000000,0,0.000,0.000,NO LASHING,NO BUNDLE,0,0,0,,,,0,1,1,1,0.954440,0.584570,844,543,0.965628,STAND LOCKED,0,75,1786,1080,,,,,,
154,5.133333,54.968,10.526,33262,1413,1724,0.851194,0.692333,0.775515,0.771763,0.000000,0,0.000,0.000,GEOMETRY FAIL,NO BUNDLE,0,0,0,,,,0,1,1,1,0.973504,0.597576,896,545,0.962125,STAND LOCKED,0,75,1786,1080,,,,,,
155,5.166667,59.153,10.150,39818,1345,3570,0.848766,0.687803,0.788488,0.768284,0.000000,0,0.000,0.000,GEOMETRY FAIL,NO BUNDLE,0,0,0,,,,0,1,1,1,0.973504,0.597576,896,545,0.962125,STAND LOCKED,0,75,1786,1080,,,,,,
156,5.200000,60.338,9.694,32274,193,1835,0.839839,0.626724,0.780053,0.733282,0.000000,0,0.000,0.000,GEOMETRY FAIL,NO BUNDLE,0,0,0,,,,0,1,1,1,0.984310,0.612801,1029,542,0.978882,STAND LOCKED,0,75,1786,1080,,,,,,
157,5.233333,62.632,10.358,21849,0,651,0.865186,0.000000,0.758710,0.000000,0.000000,0,0.000,0.000,NO LASHING,NO BUNDLE,0,0,0,,,,0,1,1,1,0.984310,0.612801,1029,542,0.978882,STAND LOCKED,0,75,1786,1080,,,,,,
158,5.266667,63.344,9.827,18581,160,1895,0.842109,0.650177,0.817659,0.746143,0.000000,0,0.000,0.000,GEOMETRY FAIL,NO BUNDLE,0,0,0,,,,0,1,1,1,1.000000,0.643388,989,564,0.943645,STAND LOCKED,0,75,1786,1080,,,,,,
159,5.300000,64.744,9.653,22795,184,3154,0.878472,0.679905,0.780474,0.779189,0.000000,0,0.000,0.000,GEOMETRY FAIL,NO BUNDLE,0,0,0,,,,0,1,1,1,1.000000,0.643388,989,564,0.943645,STAND LOCKED,0,75,1786,1080,,,,,,
160,5.333333,58.234,9.333,41444,405,501,0.833479,0.641372,0.753974,0.737426,0.000000,0,0.000,0.000,GEOMETRY FAIL,NO BUNDLE,0,0,0,,,,0,1,1,1,0.799778,0.591494,1016,685,0.722048,STAND LOCKED,0,75,1786,1080,,,,,,
161,5.366667,60.867,9.255,22654,1477,1384,0.846915,0.687285,0.775793,0.767100,0.000000,0,0.000,0.000,GEOMETRY FAIL,NO BUNDLE,0,0,0,,,,0,1,1,1,0.799778,0.591494,1016,685,0.722048,STAND LOCKED,0,75,1786,1080,,,,,,
162,5.400000,58.677,9.531,19048,0,1491,0.884840,0.000000,0.771169,0.000000,0.000000,0,0.000,0.000,NO LASHING,NO BUNDLE,0,0,0,,,,0,1,1,1,0.945000,0.627605,916,485,0.551033,STAND LOCKED,0,75,1786,1080,,,,,,
163,5.433333,63.203,10.206,18827,94,1919,0.871086,0.639691,0.794830,0.755388,0.000000,0,0.000,0.000,NO LASHING,NO BUNDLE,0,0,0,,,,0,1,1,1,0.945000,0.627605,916,485,0.551033,STAND LOCKED,0,75,1786,1080,,,,,,
164,5.466667,58.824,9.764,19416,391,3728,0.873788,0.641923,0.826961,0.757856,0.000000,0,0.000,0.000,GEOMETRY FAIL,NO BUNDLE,0,0,0,,,,0,1,1,1,0.880111,0.583644,928,483,0.700187,STAND LOCKED,0,75,1786,1080,,,,,,
165,5.500000,62.624,10.421,18555,16,2655,0.880302,0.612497,0.823458,0.746400,0.000000,0,0.000,0.000,NO LASHING,NO BUNDLE,0,0,0,,,,0,1,1,1,0.880111,0.583644,928,483,0.700187,STAND LOCKED,0,75,1786,1080,,,,,,
166,5.533333,62.497,10.377,14956,0,1917,0.894774,0.000000,0.820795,0.000000,0.000000,0,0.000,0.000,NO LASHING,NO BUNDLE,0,0,0,,,,0,1,1,1,0.879286,0.541018,840,592,0.663417,STAND LOCKED,0,75,1786,1080,,,,,,
167,5.566667,61.875,10.957,17152,0,3504,0.883842,0.000000,0.883820,0.000000,0.000000,0,0.000,0.000,NO LASHING,NO BUNDLE,0,0,0,,,,0,1,1,1,0.879286,0.541018,840,592,0.663417,STAND LOCKED,0,75,1786,1080,,,,,,
168,5.600000,61.842,10.811,12785,0,4232,0.873971,0.000000,0.886597,0.000000,0.000000,0,0.000,0.000,NO LASHING,NO BUNDLE,0,0,0,,,,0,1,1,1,0.972628,0.635641,878,462,0.604093,STAND LOCKED,0,75,1786,1080,,,,,,
169,5.633333,61.975,11.342,15093,0,4729,0.866611,0.000000,0.889223,0.000000,0.000000,0,0.000,0.000,NO LASHING,NO BUNDLE,0,0,0,,,,0,1,1,1,0.972628,0.635641,878,462,0.604093,STAND LOCKED,0,75,1786,1080,,,,,,
170,5.666667,60.975,11.166,17069,0,5325,0.866134,0.000000,0.867104,0.000000,0.000000,0,0.000,0.000,NO LASHING,NO BUNDLE,0,0,0,,,,0,1,1,1,0.913368,0.576352,911,470,0.752583,STAND LOCKED,0,75,1786,1080,,,,,,
171,5.700000,62.977,11.639,20855,36,5002,0.889176,0.616161,0.875819,0.752669,0.000000,0,0.000,0.000,NO LASHING,NO BUNDLE,0,0,0,,,,0,1,1,1,0.913368,0.576352,911,470,0.752583,STAND LOCKED,,,,,,,,,,
172,5.733333,60.296,11.432,20341,0,5902,0.886183,0.000000,0.877171,0.000000,0.000000,0,0.000,0.000,NO LASHING,NO BUNDLE,0,0,0,,,,0,1,1,0,0.913368,0.576352,911,470,0.752583,STAND TARGET JUMP REJECTED,0,0,1920,1080,,,,,,
173,5.766667,63.063,11.835,23259,0,5250,0.883935,0.000000,0.843464,0.000000,0.000000,0,0.000,0.000,NO LASHING,NO BUNDLE,0,0,0,,,,0,1,1,0,0.913368,0.576352,911,470,0.752583,STAND TARGET JUMP REJECTED,0,0,1920,1080,,,,,,
174,5.800000,63.032,11.544,22387,0,5553,0.867265,0.000000,0.843708,0.000000,0.000000,0,0.000,0.000,NO LASHING,NO BUNDLE,0,0,0,,,,0,1,1,1,0.858528,0.564989,1016,601,0.713477,STAND LOCKED,0,0,1920,1080,,,,,,
175,5.833333,63.509,11.916,21032,0,6291,0.885067,0.000000,0.874452,0.000000,0.000000,0,0.000,0.000,NO LASHING,NO BUNDLE,0,0,0,,,,0,1,1,1,0.858528,0.564989,1016,601,0.713477,STAND LOCKED,0,0,1920,1080,,,,,,
176,5.866667,58.808,11.720,23796,0,6971,0.878514,0.000000,0.857541,0.000000,0.000000,0,0.000,0.000,NO LASHING,NO BUNDLE,0,0,0,,,,0,1,1,0,0.858528,0.564989,1016,601,0.713477,STAND TARGET JUMP REJECTED,0,0,1920,1080,,,,,,
177,5.900000,62.554,12.080,24363,17,7089,0.852328,0.619845,0.864465,0.736087,0.000000,0,0.000,0.000,NO LASHING,NO BUNDLE,0,0,0,,,,0,1,1,0,0.858528,0.564989,1016,601,0.713477,STAND TARGET JUMP REJECTED,0,0,1920,1080,,,,,,
178,5.933333,62.272,11.348,25870,261,4925,0.838098,0.676632,0.862183,0.757365,0.000000,0,0.000,0.000,GEOMETRY FAIL,NO BUNDLE,0,0,0,,,,0,1,1,0,0.858528,0.564989,1016,601,0.713477,STAND TARGET JUMP REJECTED,0,0,1920,1080,,,,,,
179,5.966667,62.544,11.095,26324,152,6658,0.835865,0.679026,0.853166,0.757446,0.000000,0,0.000,0.000,GEOMETRY FAIL,NO BUNDLE,0,0,0,,,,0,1,1,0,0.858528,0.564989,1016,601,0.713477,STAND TARGET JUMP REJECTED,,,,,,,,,,
180,6.000000,61.928,10.932,21256,0,8046,0.824462,0.000000,0.844313,0.000000,0.000000,0,0.000,0.000,NO LASHING,NO BUNDLE,0,0,0,,,,0,1,1,1,0.962781,0.605484,1011,560,0.793657,STAND LOCKED,0,0,1920,1080,,,,,,
181,6.033333,61.763,11.434,7500,0,719,0.761326,0.000000,0.810968,0.000000,0.000000,0,0.000,0.000,NO LASHING,NO BUNDLE,0,0,0,,,,0,1,1,1,0.962781,0.605484,1011,560,0.793657,STAND LOCKED,0,0,1920,1080,,,,,,
182,6.066667,61.405,10.652,8221,664,599,0.772446,0.674332,0.809696,0.723389,0.000000,0,0.000,0.000,GEOMETRY FAIL,NO BUNDLE,0,0,0,,,,0,1,1,1,0.792777,0.616418,982,428,0.630109,STAND LOCKED,0,0,1920,1080,,,,,,
183,6.100000,62.958,9.985,5576,1309,410,0.886920,0.698946,0.000000,0.792933,0.764121,1,0.000,0.000,VALID,CANDIDATE,1,1,0,700,661,114.000,0,1,1,1,0.792777,0.616418,982,428,0.630109,STAND LOCKED,0,0,1920,1080,,,,,,
184,6.133333,58.453,10.090,2156,78,296,0.787927,0.656635,0.798195,0.722281,0.000000,0,0.000,0.000,NO LASHING,NO BUNDLE,0,0,0,,,,0,1,1,1,0.928300,0.629800,970,366,0.593179,STAND LOCKED,388,498,964,822,,,,,,
185,6.166667,56.863,10.909,1796,132,997,0.767955,0.688144,0.804166,0.728049,0.000000,0,0.000,0.000,NO LASHING,NO BUNDLE,0,0,0,,,,0,1,1,1,0.928300,0.629800,970,366,0.593179,STAND LOCKED,388,498,964,822,,,,,,
186,6.200000,60.302,10.675,1295,162,643,0.770745,0.674503,0.811642,0.722624,0.000000,0,0.000,0.000,GEOMETRY FAIL,NO BUNDLE,0,0,0,,,,0,1,1,0,0.928300,0.629800,970,366,0.593179,STAND TARGET JUMP REJECTED,388,498,964,822,,,,,,
187,6.233333,62.402,11.017,711,143,200,0.740614,0.676363,0.760856,0.708489,0.000000,0,0.000,0.000,GEOMETRY FAIL,NO BUNDLE,0,0,0,,,,0,1,1,0,0.928300,0.629800,970,366,0.593179,STAND TARGET JUMP REJECTED,388,498,964,822,,,,,,
188,6.266667,61.016,10.958,158,492,25,0.747061,0.717452,0.734478,0.732257,0.000000,0,0.000,0.000,NO BLACK,NO BUNDLE,0,0,0,,,,0,1,1,1,0.880155,0.618639,1104,450,0.570449,STAND LOCKED,388,498,964,822,,,,,,
189,6.300000,61.816,11.488,0,37,0,0.000000,0.689856,0.000000,0.000000,0.000000,0,0.000,0.000,NO BLACK,NO BUNDLE,0,0,0,,,,0,1,1,1,0.880155,0.618639,1104,450,0.570449,STAND LOCKED,388,498,964,822,,,,,,
190,6.333333,60.849,11.309,58,0,0,0.739376,0.000000,0.000000,0.000000,0.000000,0,0.000,0.000,NO BLACK,NO BUNDLE,0,0,0,,,,0,1,1,1,0.863230,0.564968,1031,427,0.647813,STAND LOCKED,388,498,964,822,,,,,,
191,6.366667,61.434,11.798,25,0,0,0.729063,0.000000,0.000000,0.000000,0.000000,0,0.000,0.000,NO BLACK,NO BUNDLE,0,0,0,,,,0,1,1,1,0.863230,0.564968,1031,427,0.647813,STAND LOCKED,388,498,964,822,,,,,,
192,6.400000,62.967,11.555,0,0,0,0.000000,0.000000,0.000000,0.000000,0.000000,0,0.000,0.000,NO BLACK,NO BUNDLE,0,0,0,,,,0,1,1,1,0.865482,0.583823,1177,406,0.477905,STAND LOCKED,388,498,964,822,,,,,,
193,6.433333,65.289,11.889,52,21,0,0.736267,0.659106,0.000000,0.697686,0.000000,0,0.000,0.000,NO BLACK,NO BUNDLE,0,0,0,,,,0,1,1,1,0.865482,0.583823,1177,406,0.477905,STAND LOCKED,388,498,964,822,,,,,,
194,6.466667,62.070,11.629,110,0,0,0.744458,0.000000,0.000000,0.000000,0.000000,0,0.000,0.000,NO BLACK,NO BUNDLE,0,0,0,,,,0,1,1,1,0.691058,0.616423,1410,395,0.363252,STAND LOCKED,388,498,964,822,,,,,,
195,6.500000,62.179,12.047,276,18,0,0.816603,0.638541,0.000000,0.727572,0.000000,0,0.000,0.000,NO BLACK,NO BUNDLE,0,0,0,,,,0,1,1,1,0.691058,0.616423,1410,395,0.363252,STAND LOCKED,388,498,964,822,,,,,,
196,6.533333,61.548,11.769,69,0,0,0.775983,0.000000,0.000000,0.000000,0.000000,0,0.000,0.000,NO BLACK,NO BUNDLE,0,0,0,,,,0,1,1,1,0.779568,0.628399,1611,400,0.339158,STAND LOCKED,388,498,964,822,,,,,,
197,6.566667,63.645,12.140,72,0,0,0.752783,0.000000,0.000000,0.000000,0.000000,0,0.000,0.000,NO BLACK,NO BUNDLE,0,0,0,,,,0,1,1,1,0.779568,0.628399,1611,400,0.339158,STAND LOCKED,388,498,964,822,,,,,,
198,6.600000,63.712,11.727,131,0,0,0.783155,0.000000,0.000000,0.000000,0.000000,0,0.000,0.000,NO BLACK,NO BUNDLE,0,0,0,,,,0,1,1,1,0.914630,0.593098,1599,302,0.308454,STAND LOCKED,388,498,964,822,,,,,,
199,6.633333,63.319,12.093,0,0,0,0.000000,0.000000,0.000000,0.000000,0.000000,0,0.000,0.000,NO BLACK,NO BUNDLE,0,0,0,,,,0,1,1,1,0.914630,0.593098,1599,302,0.308454,STAND LOCKED,388,498,964,822,,,,,,
200,6.666667,63.186,11.653,33,1,0,0.742816,0.605081,0.000000,0.673949,0.000000,0,0.000,0.000,NO BLACK,NO BUNDLE,0,0,0,,,,0,1,1,1,0.931350,0.567855,1607,305,0.446906,STAND LOCKED,388,498,964,822,,,,,,
201,6.700000,64.070,11.949,47,10,0,0.725985,0.641294,0.000000,0.683639,0.000000,0,0.000,0.000,NO BLACK,NO BUNDLE,0,0,0,,,,0,1,1,1,0.931350,0.567855,1607,305,0.446906,STAND LOCKED,388,498,964,822,,,,,,
202,6.733333,61.638,11.550,161,49,0,0.794560,0.733446,0.000000,0.764003,0.000000,0,0.000,0.000,NO BLACK,NO BUNDLE,0,0,0,,,,0,1,1,1,0.873783,0.551268,1581,332,0.458793,STAND LOCKED,388,498,964,822,,,,,,
203,6.766667,61.841,11.993,225,77,0,0.807422,0.757658,0.000000,0.782540,0.000000,0,0.000,0.000,NO BLACK,NO BUNDLE,0,0,0,,,,0,1,1,1,0.873783,0.551268,1581,332,0.458793,STAND LOCKED,388,498,964,822,,,,,,
204,6.800000,62.700,10.936,17228,785,8446,0.805066,0.670345,0.884108,0.737705,0.000000,0,0.000,0.000,GEOMETRY FAIL,NO BUNDLE,0,0,0,,,,0,1,1,1,0.910123,0.527619,1503,326,0.529327,STAND LOCKED,,,,,,,,,,
205,6.833333,63.068,10.096,9552,2479,1631,0.909746,0.702719,0.835309,0.815925,0.788668,1,177.135,28.655,VALID,CANDIDATE,1,1,0,738,312,133.000,0,1,1,1,0.910123,0.527619,1503,326,0.529327,STAND LOCKED,252,0,1920,938,,,,,,
206,6.866667,56.253,9.985,15,9,134,0.708167,0.624058,0.752450,0.666113,0.000000,0,0.000,0.000,NO BLACK,NO BUNDLE,0,0,0,,,,0,1,1,0,0.910123,0.527619,1503,326,0.529327,STAND TARGET JUMP REJECTED,411,140,987,464,,,,,,
207,6.900000,63.141,10.616,6,53,10,0.705320,0.661458,0.742629,0.683389,0.000000,0,0.000,0.000,NO BLACK,NO BUNDLE,0,0,0,,,,0,1,1,0,0.910123,0.527619,1503,326,0.529327,STAND TARGET JUMP REJECTED,411,140,987,464,,,,,,
208,6.933333,62.106,10.394,155,52,114,0.743815,0.667080,0.762857,0.705448,0.000000,0,0.000,0.000,NO BLACK,NO BUNDLE,0,0,0,,,,0,1,1,1,0.841451,0.547651,1591,368,0.468892,STAND LOCKED,411,140,987,464,,,,,,
209,6.966667,62.712,9.771,8607,1145,3916,0.918622,0.717463,0.811047,0.815711,0.770493,1,180.207,24.557,VALID,CANDIDATE,1,1,0,610,352,145.000,0,1,1,1,0.841451,0.547651,1591,368,0.468892,STAND LOCKED,,,,,,,,,,
210,7.000000,56.859,9.724,66,30,166,0.728997,0.644116,0.758105,0.686556,0.000000,0,0.000,0.000,NO BLACK,NO BUNDLE,0,0,0,,,,0,1,1,1,0.844429,0.603730,1622,406,0.388733,STAND LOCKED,350,190,926,514,,,,,,
211,7.033333,59.538,10.491,0,32,550,0.000000,0.656471,0.772229,0.000000,0.000000,0,0.000,0.000,NO BLACK,NO BUNDLE,0,0,0,,,,0,1,1,1,0.844429,0.603730,1622,406,0.388733,STAND LOCKED,350,190,926,514,,,,,,
212,7.066667,68.053,10.231,0,12,315,0.000000,0.614775,0.781613,0.000000,0.000000,0,0.000,0.000,NO BLACK,NO BUNDLE,0,0,0,,,,0,1,1,1,0.899819,0.589992,1563,328,0.397985,STAND LOCKED,350,190,926,514,,,,,,
213,7.100000,62.811,10.857,0,22,179,0.000000,0.652178,0.763068,0.000000,0.000000,0,0.000,0.000,NO BLACK,NO BUNDLE,0,0,0,,,,0,1,1,1,0.899819,0.589992,1563,328,0.397985,STAND LOCKED,350,190,926,514,,,,,,
214,7.133333,61.516,10.616,0,0,208,0.000000,0.000000,0.755073,0.000000,0.000000,0,0.000,0.000,NO BLACK,NO BUNDLE,0,0,0,,,,0,1,1,1,0.949525,0.579219,1551,321,0.501454,STAND LOCKED,350,190,926,514,,,,,,
215,7.166667,60.835,11.202,40,2,267,0.713235,0.608656,0.765575,0.660945,0.000000,0,0.000,0.000,NO BLACK,NO BUNDLE,0,0,0,,,,0,1,1,1,0.949525,0.579219,1551,321,0.501454,STAND LOCKED,350,190,926,514,,,,,,
216,7.200000,61.644,10.908,5,4,114,0.720581,0.607119,0.743011,0.663850,0.000000,0,0.000,0.000,NO BLACK,NO BUNDLE,0,0,0,,,,0,1,1,1,0.716173,0.508639,1606,373,0.457877,STAND LOCKED,350,190,926,514,,,,,,
217,7.233333,62.048,11.449,16,9,171,0.713613,0.612195,0.759914,0.662904,0.000000,0,0.000,0.000,NO BLACK,NO BUNDLE,0,0,0,,,,0,1,1,1,0.716173,0.508639,1606,373,0.457877,STAND LOCKED,350,190,926,514,,,,,,
218,7.266667,62.359,11.055,5,33,273,0.705302,0.622556,0.766257,0.663929,0.000000,0,0.000,0.000,NO BLACK,NO BUNDLE,0,0,0,,,,0,1,1,1,0.910689,0.508927,1542,386,0.583915,STAND LOCKED,350,190,926,514,,,,,,
219,7.300000,61.667,11.570,29,63,331,0.719718,0.648932,0.774811,0.684325,0.000000,0,0.000,0.000,NO BLACK,NO BUNDLE,0,0,0,,,,0,1,1,1,0.910689,0.508927,1542,386,0.583915,STAND LOCKED,350,190,926,514,,,,,,
220,7.333333,60.924,11.182,48,68,112,0.717674,0.646317,0.762076,0.681996,0.000000,0,0.000,0.000,NO BLACK,NO BUNDLE,0,0,0,,,,0,1,1,1,0.896124,0.598698,1484,349,0.567299,STAND LOCKED,350,190,926,514,,,,,,
221,7.366667,62.041,11.667,20,110,71,0.713827,0.672477,0.760689,0.693152,0.000000,0,0.000,0.000,NO BLACK,NO BUNDLE,0,0,0,,,,0,1,1,1,0.896124,0.598698,1484,349,0.567299,STAND LOCKED,350,190,926,514,,,,,,
222,7.400000,61.634,11.288,39,27,43,0.723048,0.635311,0.754561,0.679180,0.000000,0,0.000,0.000,NO BLACK,NO BUNDLE,0,0,0,,,,0,1,1,1,0.926288,0.601256,1419,375,0.653525,STAND LOCKED,350,190,926,514,,,,,,
223,7.433333,61.793,11.764,16,51,54,0.717294,0.654327,0.760081,0.685810,0.000000,0,0.000,0.000,NO BLACK,NO BUNDLE,0,0,0,,,,0,1,1,1,0.926288,0.601256,1419,375,0.653525,STAND LOCKED,350,190,926,514,,,,,,
224,7.466667,61.944,11.406,22,47,4,0.730105,0.637886,0.708812,0.683995,0.000000,0,0.000,0.000,NO BLACK,NO BUNDLE,0,0,0,,,,0,1,1,1,0.945000,0.639542,1351,373,0.668392,STAND LOCKED,350,190,926,514,,,,,,
225,7.500000,61.825,11.877,44,12,500,0.719027,0.635793,0.788416,0.677410,0.000000,0,0.000,0.000,NO BLACK,NO BUNDLE,0,0,0,,,,0,1,1,1,0.945000,0.639542,1351,373,0.668392,STAND LOCKED,350,190,926,514,,,,,,
226,7.533333,60.647,11.486,143,124,109,0.720977,0.679921,0.760677,0.700449,0.000000,0,0.000,0.000,NO BLACK,NO BUNDLE,0,0,0,,,,0,1,1,1,0.927106,0.630988,1282,309,0.549804,STAND LOCKED,350,190,926,514,,,,,,
227,7.566667,62.173,11.910,133,61,105,0.729842,0.652682,0.758184,0.691262,0.000000,0,0.000,0.000,NO BLACK,NO BUNDLE,0,0,0,,,,0,1,1,1,0.927106,0.630988,1282,309,0.549804,STAND LOCKED,350,190,926,514,,,,,,
228,7.600000,62.630,11.630,111,41,154,0.717693,0.639022,0.775902,0.678358,0.000000,0,0.000,0.000,NO BLACK,NO BUNDLE,0,0,0,,,,0,1,1,1,0.886037,0.590305,1198,284,0.513754,STAND LOCKED,350,190,926,514,,,,,,
229,7.633333,63.575,11.979,94,4,62,0.723173,0.610572,0.742832,0.666872,0.000000,0,0.000,0.000,NO BLACK,NO BUNDLE,0,0,0,,,,0,1,1,1,0.886037,0.590305,1198,284,0.513754,STAND LOCKED,350,190,926,514,,,,,,
230,7.666667,63.033,11.258,12336,142,4575,0.805999,0.632118,0.835727,0.719058,0.000000,0,0.000,0.000,GEOMETRY FAIL,NO BUNDLE,0,0,0,,,,0,1,1,0,0.886037,0.590305,1198,284,0.513754,STAND TARGET JUMP REJECTED,,,,,,,,,,
231,7.700000,58.591,10.843,16911,236,10010,0.806824,0.663195,0.889111,0.735010,0.000000,0,0.000,0.000,GEOMETRY FAIL,NO BUNDLE,0,0,0,,,,0,1,1,0,0.886037,0.590305,1198,284,0.513754,STAND TARGET JUMP REJECTED,0,0,1920,1080,,,,,,
232,7.733333,61.681,10.443,18458,16,8105,0.799473,0.620411,0.886458,0.709942,0.000000,0,0.000,0.000,NO LASHING,NO BUNDLE,0,0,0,,,,0,1,1,1,0.695449,0.684619,1063,378,0.363088,STAND LOCKED,0,0,1920,1080,,,,,,
233,7.766667,62.515,10.099,19958,762,5369,0.806430,0.702514,0.872899,0.754472,0.000000,0,0.000,0.000,COMPONENTS TOO FAR,NO BUNDLE,0,0,0,,,,0,1,1,1,0.695449,0.684619,1063,378,0.363088,STAND LOCKED,0,0,1920,1080,,,,,,
234,7.800000,60.900,9.693,12553,574,5297,0.844663,0.660959,0.875216,0.752811,0.000000,0,0.000,0.000,GEOMETRY FAIL,NO BUNDLE,0,0,0,,,,0,1,1,0,0.695449,0.684619,1063,378,0.363088,STAND TARGET JUMP REJECTED,0,0,1920,1080,,,,,,
235,7.833333,61.051,9.081,17820,1560,2792,0.831634,0.673732,0.869633,0.752683,0.000000,0,0.000,0.000,GEOMETRY FAIL,NO BUNDLE,0,0,0,,,,0,1,1,0,0.695449,0.684619,1063,378,0.363088,STAND TARGET JUMP REJECTED,0,0,1920,1080,,,,,,
236,7.866667,61.832,8.285,14530,2573,5165,0.893704,0.652342,0.833543,0.793196,0.695628,1,183.077,30.865,VALID,CANDIDATE,1,1,0,825,307,128.000,0,1,1,0,0.695449,0.684619,1063,378,0.363088,STAND TARGET JUMP REJECTED,0,0,1920,1080,,,,,,
237,7.900000,55.827,9.337,54,0,10,0.750084,0.000000,0.724297,0.000000,0.000000,0,0.000,0.000,NO BLACK,NO BUNDLE,0,0,0,,,,0,1,1,0,0.695449,0.684619,1063,378,0.363088,STAND TARGET JUMP REJECTED,502,138,1078,462,,,,,,
238,7.933333,63.225,9.552,0,0,0,0.000000,0.000000,0.000000,0.000000,0.000000,0,0.000,0.000,NO BLACK,NO BUNDLE,0,0,0,,,,0,1,1,1,0.945000,0.673899,1117,373,0.372695,STAND LOCKED,502,138,1078,462,,,,,,
239,7.966667,61.514,8.750,16897,11147,3955,0.846076,0.769355,0.836176,0.817202,0.721430,1,181.300,36.802,VALID,CANDIDATE,1,1,0,626,521,167.000,0,1,1,1,0.945000,0.673899,1117,373,0.372695,STAND LOCKED,,,,,,,,,,
240,8.000000,60.861,9.066,66,4,212,0.752832,0.615553,0.836091,0.684193,0.000000,0,0.000,0.000,NO BLACK,NO BUNDLE,0,0,0,,,,0,1,1,1,0.958200,0.645461,1036,372,0.516555,STAND LOCKED,326,352,902,676,,,,,,
241,8.033333,59.160,9.974,3,0,110,0.710669,0.000000,0.831279,0.000000,0.000000,0,0.000,0.000,NO BLACK,NO BUNDLE,0,0,0,,,,0,1,1,1,0.958200,0.645461,1036,372,0.516555,STAND LOCKED,326,352,902,676,,,,,,
242,8.066667,61.280,10.108,0,0,66,0.000000,0.000000,0.828235,0.000000,0.000000,0,0.000,0.000,NO BLACK,NO BUNDLE,0,0,0,,,,0,1,1,1,0.921345,0.627441,974,357,0.578746,STAND LOCKED,326,352,902,676,,,,,,
243,8.100000,62.416,10.791,0,0,0,0.000000,0.000000,0.000000,0.000000,0.000000,0,0.000,0.000,NO BLACK,NO BUNDLE,0,0,0,,,,0,1,1,1,0.921345,0.627441,974,357,0.578746,STAND LOCKED,326,352,902,676,,,,,,
244,8.133333,59.969,10.810,5,0,0,0.708412,0.000000,0.000000,0.000000,0.000000,0,0.000,0.000,NO BLACK,NO BUNDLE,0,0,0,,,,0,1,1,1,0.878602,0.624904,965,340,0.580251,STAND LOCKED,326,352,902,676,,,,,,
245,8.166667,63.277,11.328,0,0,0,0.000000,0.000000,0.000000,0.000000,0.000000,0,0.000,0.000,NO BLACK,NO BUNDLE,0,0,0,,,,0,1,1,1,0.878602,0.624904,965,340,0.580251,STAND LOCKED,326,352,902,676,,,,,,
246,8.200000,62.528,11.187,0,0,0,0.000000,0.000000,0.000000,0.000000,0.000000,0,0.000,0.000,NO BLACK,NO BUNDLE,0,0,0,,,,0,1,1,1,0.945000,0.657142,928,374,0.662409,STAND LOCKED,326,352,902,676,,,,,,
247,8.233333,63.327,11.639,0,0,45,0.000000,0.000000,0.832275,0.000000,0.000000,0,0.000,0.000,NO BLACK,NO BUNDLE,0,0,0,,,,0,1,1,1,0.945000,0.657142,928,374,0.662409,STAND LOCKED,326,352,902,676,,,,,,
248,8.266667,61.062,11.437,54,33,252,0.736235,0.704307,0.838496,0.720271,0.000000,0,0.000,0.000,NO BLACK,NO BUNDLE,0,0,0,,,,0,1,1,1,0.871776,0.643190,948,339,0.605677,STAND LOCKED,326,352,902,676,,,,,,
249,8.300000,61.712,11.897,1,51,390,0.700295,0.655089,0.848524,0.677692,0.000000,0,0.000,0.000,NO BLACK,NO BUNDLE,0,0,0,,,,0,1,1,1,0.871776,0.643190,948,339,0.605677,STAND LOCKED,326,352,902,676,,,,,,
250,8.333333,61.269,11.740,0,0,6,0.000000,0.000000,0.723945,0.000000,0.000000,0,0.000,0.000,NO BLACK,NO BUNDLE,0,0,0,,,,0,1,1,1,0.945000,0.712093,956,388,0.520564,STAND LOCKED,326,352,902,676,,,,,,
251,8.366667,61.663,12.186,0,0,0,0.000000,0.000000,0.000000,0.000000,0.000000,0,0.000,0.000,NO BLACK,NO BUNDLE,0,0,0,,,,0,1,1,1,0.945000,0.712093,956,388,0.520564,STAND LOCKED,326,352,902,676,,,,,,
252,8.400000,61.638,12.022,0,0,0,0.000000,0.000000,0.000000,0.000000,0.000000,0,0.000,0.000,NO BLACK,NO BUNDLE,0,0,0,,,,0,1,1,1,0.818180,0.722462,947,364,0.393143,STAND LOCKED,326,352,902,676,,,,,,
253,8.433333,61.205,12.422,0,0,0,0.000000,0.000000,0.000000,0.000000,0.000000,0,0.000,0.000,NO BLACK,NO BUNDLE,0,0,0,,,,0,1,1,1,0.818180,0.722462,947,364,0.393143,STAND LOCKED,326,352,902,676,,,,,,
254,8.466667,60.291,12.238,0,0,0,0.000000,0.000000,0.000000,0.000000,0.000000,0,0.000,0.000,NO BLACK,NO BUNDLE,0,0,0,,,,0,1,1,1,0.926486,0.666551,950,324,0.464136,STAND LOCKED,326,352,902,676,,,,,,
255,8.500000,61.414,12.611,0,0,0,0.000000,0.000000,0.000000,0.000000,0.000000,0,0.000,0.000,NO BLACK,NO BUNDLE,0,0,0,,,,0,1,1,1,0.926486,0.666551,950,324,0.464136,STAND LOCKED,326,352,902,676,,,,,,
256,8.533333,61.604,12.405,0,0,0,0.000000,0.000000,0.000000,0.000000,0.000000,0,0.000,0.000,NO BLACK,NO BUNDLE,0,0,0,,,,0,1,1,1,0.917570,0.633658,958,305,0.483861,STAND LOCKED,326,352,902,676,,,,,,
257,8.566667,62.737,12.710,0,0,0,0.000000,0.000000,0.000000,0.000000,0.000000,0,0.000,0.000,NO BLACK,NO BUNDLE,0,0,0,,,,0,1,1,1,0.917570,0.633658,958,305,0.483861,STAND LOCKED,326,352,902,676,,,,,,
258,8.600000,61.850,12.444,0,0,0,0.000000,0.000000,0.000000,0.000000,0.000000,0,0.000,0.000,NO BLACK,NO BUNDLE,0,0,0,,,,0,1,1,1,0.897467,0.601420,1008,306,0.521256,STAND LOCKED,326,352,902,676,,,,,,
259,8.633333,62.216,12.747,188,0,0,0.778820,0.000000,0.000000,0.000000,0.000000,0,0.000,0.000,NO BLACK,NO BUNDLE,0,0,0,,,,0,1,1,1,0.897467,0.601420,1008,306,0.521256,STAND LOCKED,326,352,902,676,,,,,,
260,8.666667,62.647,11.839,11798,294,6394,0.814192,0.674335,0.899177,0.744263,0.000000,0,0.000,0.000,COMPONENTS TOO FAR,NO BUNDLE,0,0,0,,,,0,1,1,1,0.973131,0.615677,983,304,0.542158,STAND LOCKED,,,,,,,,,,
261,8.700000,62.035,11.301,12311,490,3497,0.833951,0.670223,0.869585,0.752087,0.000000,0,0.000,0.000,GEOMETRY FAIL,NO BUNDLE,0,0,0,,,,0,1,1,1,0.973131,0.615677,983,304,0.542158,STAND LOCKED,0,0,1920,1080,,,,,,
262,8.733333,61.634,11.207,12686,70,6597,0.816897,0.650129,0.890116,0.733513,0.000000,0,0.000,0.000,NO LASHING,NO BUNDLE,0,0,0,,,,0,1,1,1,1.000000,0.639044,955,310,0.563786,STAND LOCKED,0,0,1920,1080,,,,,,
263,8.766667,63.976,10.806,10210,434,4908,0.826839,0.658622,0.896530,0.742730,0.000000,0,0.000,0.000,GEOMETRY FAIL,NO BUNDLE,0,0,0,,,,0,1,1,1,1.000000,0.639044,955,310,0.563786,STAND LOCKED,0,0,1920,1080,,,,,,
264,8.800000,60.539,10.192,13330,356,6050,0.839597,0.647110,0.892819,0.743354,0.000000,0,0.000,0.000,GEOMETRY FAIL,NO BUNDLE,0,0,0,,,,0,1,1,1,0.843580,0.631906,962,278,0.498148,STAND LOCKED,0,0,1920,1080,,,,,,
265,8.833333,64.250,9.975,14483,242,6818,0.837272,0.680316,0.897566,0.758794,0.000000,0,0.000,0.000,GEOMETRY FAIL,NO BUNDLE,0,0,0,,,,0,1,1,1,0.843580,0.631906,962,278,0.498148,STAND LOCKED,0,0,1920,1080,,,,,,
266,8.866667,58.045,9.597,12330,400,5233,0.810422,0.666691,0.882598,0.738556,0.000000,0,0.000,0.000,GEOMETRY FAIL,NO BUNDLE,0,0,0,,,,0,1,1,0,0.843580,0.631906,962,278,0.498148,STAND TARGET JUMP REJECTED,0,0,1920,1080,,,,,,
267,8.900000,61.651,9.450,11858,337,5125,0.805232,0.663911,0.875169,0.734571,0.000000,0,0.000,0.000,GEOMETRY FAIL,NO BUNDLE,0,0,0,,,,0,1,1,0,0.843580,0.631906,962,278,0.498148,STAND TARGET JUMP REJECTED,0,0,1920,1080,,,,,,
268,8.933333,62.001,8.884,16245,1279,7176,0.796853,0.710181,0.879106,0.753517,0.000000,0,0.000,0.000,GEOMETRY FAIL,NO BUNDLE,0,0,0,,,,0,1,1,1,0.916880,0.617469,1124,263,0.478796,STAND LOCKED,0,0,1920,1080,,,,,,
269,8.966667,64.909,8.595,11615,301,7005,0.820603,0.677400,0.887862,0.749001,0.000000,0,0.000,0.000,COMPONENTS TOO FAR,NO BUNDLE,0,0,0,,,,0,1,1,1,0.916880,0.617469,1124,263,0.478796,STAND LOCKED,,,,,,,,,,
270,9.000000,60.716,8.166,12383,666,6478,0.809503,0.685155,0.873804,0.747329,0.000000,0,0.000,0.000,COMPONENTS TOO FAR,NO BUNDLE,0,0,0,,,,0,1,1,1,0.882500,0.652480,1035,229,0.404903,STAND LOCKED,0,0,1920,1080,,,,,,
271,9.033333,63.465,7.890,9843,944,4055,0.848394,0.695406,0.854281,0.771900,0.000000,0,0.000,0.000,INSUFFICIENT LASHING PATTERN,NO BUNDLE,0,0,0,,,,0,1,1,1,0.882500,0.652480,1035,229,0.404903,STAND LOCKED,0,0,1920,1080,,,,,,
272,9.066667,62.354,7.528,9649,1029,4107,0.861271,0.705112,0.832612,0.783192,0.000000,0,0.000,0.000,COMPONENTS TOO FAR,NO BUNDLE,0,0,0,,,,0,1,1,1,0.959258,0.615780,978,258,0.465354,STAND LOCKED,0,0,1920,1080,,,,,,
273,9.100000,61.926,7.456,10730,550,4617,0.851275,0.689609,0.866442,0.770442,0.000000,0,0.000,0.000,COMPONENTS TOO FAR,NO BUNDLE,0,0,0,,,,0,1,1,1,0.959258,0.615780,978,258,0.465354,STAND LOCKED,0,0,1920,1080,,,,,,
274,9.133333,57.154,7.140,11062,927,6572,0.921449,0.702211,0.795337,0.806332,0.779148,1,187.842,28.068,VALID,CANDIDATE,1,1,0,962,351,106.000,0,1,1,1,0.935232,0.578427,962,306,0.525150,STAND LOCKED,0,0,1920,1080,,,,,,
275,9.166667,56.539,8.424,0,25,24,0.000000,0.656202,0.724417,0.000000,0.000000,0,0.000,0.000,NO BLACK,NO BUNDLE,0,0,0,,,,0,1,1,1,0.935232,0.578427,962,306,0.525150,STAND LOCKED,698,186,1274,510,,,,,,
276,9.200000,59.858,8.841,0,2,125,0.000000,0.606402,0.766225,0.000000,0.000000,0,0.000,0.000,NO BLACK,NO BUNDLE,0,0,0,,,,0,1,1,1,0.893461,0.642597,1019,349,0.431873,STAND LOCKED,698,186,1274,510,,,,,,
277,9.233333,61.307,9.708,33,0,67,0.716076,0.000000,0.741003,0.000000,0.000000,0,0.000,0.000,NO BLACK,NO BUNDLE,0,0,0,,,,0,1,1,1,0.893461,0.642597,1019,349,0.431873,STAND LOCKED,698,186,1274,510,,,,,,
278,9.266667,62.174,9.937,0,45,157,0.000000,0.708682,0.767072,0.000000,0.000000,0,0.000,0.000,NO BLACK,NO BUNDLE,0,0,0,,,,0,1,1,1,0.895369,0.603623,1005,357,0.561010,STAND LOCKED,698,186,1274,510,,,,,,
279,9.300000,61.648,10.639,12,28,31,0.718013,0.625361,0.765490,0.671687,0.000000,0,0.000,0.000,NO BLACK,NO BUNDLE,0,0,0,,,,0,1,1,1,0.895369,0.603623,1005,357,0.561010,STAND LOCKED,698,186,1274,510,,,,,,
280,9.333333,58.750,10.742,9,9,58,0.713882,0.616944,0.813108,0.665413,0.000000,0,0.000,0.000,NO BLACK,NO BUNDLE,0,0,0,,,,0,1,1,1,0.891251,0.564849,944,385,0.659862,STAND LOCKED,698,186,1274,510,,,,,,
281,9.366667,62.439,11.313,0,0,0,0.000000,0.000000,0.000000,0.000000,0.000000,0,0.000,0.000,NO BLACK,NO BUNDLE,0,0,0,,,,0,1,1,1,0.891251,0.564849,944,385,0.659862,STAND LOCKED,698,186,1274,510,,,,,,
282,9.400000,61.159,11.224,0,0,0,0.000000,0.000000,0.000000,0.000000,0.000000,0,0.000,0.000,NO BLACK,NO BUNDLE,0,0,0,,,,0,1,1,1,0.827121,0.588947,962,538,0.467540,STAND LOCKED,698,186,1274,510,,,,,,
283,9.433333,62.682,11.694,0,0,3,0.000000,0.000000,0.739919,0.000000,0.000000,0,0.000,0.000,NO BLACK,NO BUNDLE,0,0,0,,,,0,1,1,1,0.827121,0.588947,962,538,0.467540,STAND LOCKED,698,186,1274,510,,,,,,
284,9.466667,61.382,11.609,0,0,22,0.000000,0.000000,0.736348,0.000000,0.000000,0,0.000,0.000,NO BLACK,NO BUNDLE,0,0,0,,,,0,1,1,0,0.827121,0.588947,962,538,0.467540,STAND TEMPORARILY LOST (1),698,186,1274,510,,,,,,
285,9.500000,62.334,12.032,0,0,13,0.000000,0.000000,0.734532,0.000000,0.000000,0,0.000,0.000,NO BLACK,NO BUNDLE,0,0,0,,,,0,1,1,0,0.827121,0.588947,962,538,0.467540,STAND TEMPORARILY LOST (1),698,186,1274,510,,,,,,
286,9.533333,61.522,11.871,0,0,0,0.000000,0.000000,0.000000,0.000000,0.000000,0,0.000,0.000,NO BLACK,NO BUNDLE,0,0,0,,,,0,1,1,0,0.827121,0.588947,962,538,0.467540,STAND TARGET JUMP REJECTED,698,186,1274,510,,,,,,
287,9.566667,61.119,12.278,0,7,12,0.000000,0.629148,0.737933,0.000000,0.000000,0,0.000,0.000,NO BLACK,NO BUNDLE,0,0,0,,,,0,1,1,0,0.827121,0.588947,962,538,0.467540,STAND TARGET JUMP REJECTED,698,186,1274,510,,,,,,
288,9.600000,62.337,12.049,0,16,34,0.000000,0.641593,0.767756,0.000000,0.000000,0,0.000,0.000,NO BLACK,NO BUNDLE,0,0,0,,,,0,1,1,1,0.756912,0.607565,1003,473,0.352985,STAND LOCKED,698,186,1274,510,,,,,,
289,9.633333,60.848,12.475,0,0,142,0.000000,0.000000,0.747986,0.000000,0.000000,0,0.000,0.000,NO BLACK,NO BUNDLE,0,0,0,,,,0,1,1,1,0.756912,0.607565,1003,473,0.352985,STAND LOCKED,698,186,1274,510,,,,,,
290,9.666667,62.060,12.365,0,1,67,0.000000,0.600094,0.769818,0.000000,0.000000,0,0.000,0.000,NO BLACK,NO BUNDLE,0,0,0,,,,0,1,1,1,0.845526,0.544629,975,472,0.505140,STAND LOCKED,698,186,1274,510,,,,,,
291,9.700000,61.608,12.712,0,0,27,0.000000,0.000000,0.739027,0.000000,0.000000,0,0.000,0.000,NO BLACK,NO BUNDLE,0,0,0,,,,0,1,1,1,0.845526,0.544629,975,472,0.505140,STAND LOCKED,698,186,1274,510,,,,,,
292,9.733333,61.494,12.436,0,4,43,0.000000,0.622934,0.771170,0.000000,0.000000,0,0.000,0.000,NO BLACK,NO BUNDLE,0,0,0,,,,0,1,1,0,0.845526,0.544629,975,472,0.505140,STAND TARGET JUMP REJECTED,698,186,1274,510,,,,,,
293,9.766667,62.250,12.737,0,0,44,0.000000,0.000000,0.766718,0.000000,0.000000,0,0.000,0.000,NO BLACK,NO BUNDLE,0,0,0,,,,0,1,1,0,0.845526,0.544629,975,472,0.505140,STAND TARGET JUMP REJECTED,698,186,1274,510,,,,,,
294,9.800000,61.415,12.461,0,0,26,0.000000,0.000000,0.758476,0.000000,0.000000,0,0.000,0.000,NO BLACK,NO BUNDLE,0,0,0,,,,0,1,1,1,0.899676,0.563273,968,364,0.459535,STAND LOCKED,698,186,1274,510,,,,,,
295,9.833333,61.625,11.555,10361,484,3705,0.841944,0.664816,0.847041,0.753380,0.000000,0,0.000,0.000,INSUFFICIENT LASHING PATTERN,NO BUNDLE,0,0,0,,,,0,1,1,1,0.899676,0.563273,968,364,0.459535,STAND LOCKED,,,,,,,,,,
296,9.866667,62.909,10.510,10124,1127,5160,0.854199,0.683097,0.860227,0.768648,0.000000,0,0.000,0.000,INSUFFICIENT LASHING PATTERN,NO BUNDLE,0,0,0,,,,0,1,1,0,0.899676,0.563273,968,364,0.459535,STAND TARGET JUMP REJECTED,0,0,1920,1080,,,,,,
297,9.900000,64.498,9.862,12529,855,3195,0.842031,0.668479,0.865003,0.755255,0.000000,0,0.000,0.000,INSUFFICIENT LASHING PATTERN,NO BUNDLE,0,0,0,,,,0,1,1,0,0.899676,0.563273,968,364,0.459535,STAND TARGET JUMP REJECTED,0,0,1920,1080,,,,,,
298,9.933333,63.261,9.260,11817,753,4837,0.843955,0.654846,0.833168,0.749400,0.000000,0,0.000,0.000,NO VALID CONTACT,NO BUNDLE,0,0,0,,,,0,1,1,0,0.899676,0.563273,968,364,0.459535,STAND TARGET JUMP REJECTED,0,0,1920,1080,,,,,,
299,9.966667,63.463,8.652,11476,2094,4099,0.841104,0.718107,0.840319,0.779605,0.000000,0,0.000,0.000,INSUFFICIENT LASHING PATTERN,NO BUNDLE,0,0,0,,,,0,1,1,0,0.899676,0.563273,968,364,0.459535,STAND TARGET JUMP REJECTED,,,,,,,,,,
300,10.000000,62.692,8.287,12442,767,5328,0.825275,0.677189,0.862891,0.751232,0.000000,0,0.000,0.000,NO VALID CONTACT,NO BUNDLE,0,0,0,,,,0,1,1,1,0.854827,0.562398,961,404,0.536791,STAND LOCKED,0,0,1920,1080,,,,,,
301,10.033333,63.571,7.748,12612,1000,7294,0.857101,0.709398,0.822071,0.796190,0.746707,1,181.762,31.736,VALID,CANDIDATE,1,1,0,1018,320,92.000,0,1,1,1,0.854827,0.562398,961,404,0.536791,STAND LOCKED,0,0,1920,1080,,,,,,
302,10.066667,56.218,8.251,0,2,13,0.000000,0.607979,0.743057,0.000000,0.000000,0,0.000,0.000,NO BLACK,NO BUNDLE,0,0,0,,,,0,1,1,1,0.942145,0.608103,951,334,0.510445,STAND LOCKED,742,152,1318,476,,,,,,
303,10.100000,60.645,9.236,0,30,13,0.000000,0.696527,0.740616,0.000000,0.000000,0,0.000,0.000,NO BLACK,NO BUNDLE,0,0,0,,,,0,1,1,1,0.942145,0.608103,951,334,0.510445,STAND LOCKED,742,152,1318,476,,,,,,
304,10.133333,61.635,9.529,0,2,25,0.000000,0.615222,0.729738,0.000000,0.000000,0,0.000,0.000,NO BLACK,NO BUNDLE,0,0,0,,,,0,1,1,1,0.855071,0.553150,900,400,0.537293,STAND LOCKED,742,152,1318,476,,,,,,
305,10.166667,61.907,10.279,0,0,3,0.000000,0.000000,0.717209,0.000000,0.000000,0,0.000,0.000,NO BLACK,NO BUNDLE,0,0,0,,,,0,1,1,1,0.855071,0.553150,900,400,0.537293,STAND LOCKED,742,152,1318,476,,,,,,
306,10.200000,63.750,10.304,0,0,4,0.000000,0.000000,0.706962,0.000000,0.000000,0,0.000,0.000,NO BLACK,NO BUNDLE,0,0,0,,,,0,1,1,1,0.937877,0.600239,925,342,0.508634,STAND LOCKED,742,152,1318,476,,,,,,
307,10.233333,63.202,10.901,0,0,5,0.000000,0.000000,0.737284,0.000000,0.000000,0,0.000,0.000,NO BLACK,NO BUNDLE,0,0,0,,,,0,1,1,1,0.937877,0.600239,925,342,0.508634,STAND LOCKED,742,152,1318,476,,,,,,
308,10.266667,61.783,10.856,3,0,19,0.701733,0.000000,0.768717,0.000000,0.000000,0,0.000,0.000,NO BLACK,NO BUNDLE,0,0,0,,,,0,1,1,1,0.879167,0.640328,935,294,0.471293,STAND LOCKED,742,152,1318,476,,,,,,
309,10.300000,62.710,11.390,0,7,0,0.000000,0.624370,0.000000,0.000000,0.000000,0,0.000,0.000,NO BLACK,NO BUNDLE,0,0,0,,,,0,1,1,1,0.879167,0.640328,935,294,0.471293,STAND LOCKED,742,152,1318,476,,,,,,
310,10.333333,63.171,11.361,0,3,61,0.000000,0.615157,0.753714,0.000000,0.000000,0,0.000,0.000,NO BLACK,NO BUNDLE,0,0,0,,,,0,1,1,1,0.930916,0.633432,948,253,0.404072,STAND LOCKED,742,152,1318,476,,,,,,
311,10.366667,62.365,11.836,0,0,43,0.000000,0.000000,0.772075,0.000000,0.000000,0,0.000,0.000,NO BLACK,NO BUNDLE,0,0,0,,,,0,1,1,1,0.930916,0.633432,948,253,0.404072,STAND LOCKED,742,152,1318,476,,,,,,
312,10.400000,64.280,11.690,0,0,57,0.000000,0.000000,0.743221,0.000000,0.000000,0,0.000,0.000,NO BLACK,NO BUNDLE,0,0,0,,,,0,1,1,1,0.902441,0.605632,951,271,0.444610,STAND LOCKED,742,152,1318,476,,,,,,
313,10.433333,63.601,12.048,0,0,13,0.000000,0.000000,0.776750,0.000000,0.000000,0,0.000,0.000,NO BLACK,NO BUNDLE,0,0,0,,,,0,1,1,1,0.902441,0.605632,951,271,0.444610,STAND LOCKED,742,152,1318,476,,,,,,
314,10.466667,62.715,11.899,0,0,11,0.000000,0.000000,0.741625,0.000000,0.000000,0,0.000,0.000,NO BLACK,NO BUNDLE,0,0,0,,,,0,1,1,1,0.752156,0.563477,996,338,0.416001,STAND LOCKED,742,152,1318,476,,,,,,
315,10.500000,61.844,12.303,0,0,0,0.000000,0.000000,0.000000,0.000000,0.000000,0,0.000,0.000,NO BLACK,NO BUNDLE,0,0,0,,,,0,1,1,1,0.752156,0.563477,996,338,0.416001,STAND LOCKED,742,152,1318,476,,,,,,
316,10.533333,65.608,12.075,0,24,1,0.000000,0.655093,0.718578,0.000000,0.000000,0,0.000,0.000,NO BLACK,NO BUNDLE,0,0,0,,,,0,1,1,1,0.901170,0.573051,975,340,0.421460,STAND LOCKED,742,152,1318,476,,,,,,
317,10.566667,62.025,12.448,0,0,5,0.000000,0.000000,0.716516,0.000000,0.000000,0,0.000,0.000,NO BLACK,NO BUNDLE,0,0,0,,,,0,1,1,1,0.901170,0.573051,975,340,0.421460,STAND LOCKED,742,152,1318,476,,,,,,
318,10.600000,61.626,12.266,7,0,13,0.705420,0.000000,0.736396,0.000000,0.000000,0,0.000,0.000,NO BLACK,NO BUNDLE,0,0,0,,,,0,1,1,1,0.879167,0.627864,961,317,0.480953,STAND LOCKED,742,152,1318,476,,,,,,
319,10.633333,63.323,12.559,0,0,19,0.000000,0.000000,0.725721,0.000000,0.000000,0,0.000,0.000,NO BLACK,NO BUNDLE,0,0,0,,,,0,1,1,1,0.879167,0.627864,961,317,0.480953,STAND LOCKED,742,152,1318,476,,,,,,
320,10.666667,61.594,12.385,2,0,9,0.703950,0.000000,0.731158,0.000000,0.000000,0,0.000,0.000,NO BLACK,NO BUNDLE,0,0,0,,,,0,1,1,1,0.876667,0.737885,940,303,0.497540,STAND LOCKED,742,152,1318,476,,,,,,
321,10.700000,61.366,12.719,0,0,6,0.000000,0.000000,0.706903,0.000000,0.000000,0,0.000,0.000,NO BLACK,NO BUNDLE,0,0,0,,,,0,1,1,1,0.876667,0.737885,940,303,0.497540,STAND LOCKED,742,152,1318,476,,,,,,
322,10.733333,62.608,11.531,15329,7555,3480,0.878420,0.753741,0.801008,0.816081,0.000000,0,0.000,0.000,INSUFFICIENT LASHING PATTERN,NO BUNDLE,0,0,0,,,,0,1,1,1,0.912500,0.734242,949,294,0.507041,STAND LOCKED,,,,,,,,,,
323,10.766667,63.239,10.468,14964,5969,4107,0.921633,0.735067,0.803738,0.820146,0.796214,1,176.849,29.271,VALID,CANDIDATE,1,1,0,947,415,143.000,0,1,1,1,0.912500,0.734242,949,294,0.507041,STAND LOCKED,0,0,1920,1080,,,,,,
324,10.800000,52.867,10.440,45,9,292,0.727823,0.612736,0.773813,0.670279,0.000000,0,0.000,0.000,NO BLACK,NO BUNDLE,0,0,0,,,,0,1,1,0,0.912500,0.734242,949,294,0.507041,STAND TARGET JUMP REJECTED,604,242,1180,566,,,,,,
325,10.833333,68.961,10.846,11,4,112,0.707089,0.612861,0.752925,0.659975,0.000000,0,0.000,0.000,NO BLACK,NO BUNDLE,0,0,0,,,,0,1,1,0,0.912500,0.734242,949,294,0.507041,STAND TARGET JUMP REJECTED,604,242,1180,566,,,,,,
326,10.866667,61.193,10.847,0,9,167,0.000000,0.655394,0.777814,0.000000,0.000000,0,0.000,0.000,NO BLACK,NO BUNDLE,0,0,0,,,,0,1,1,1,0.873170,0.725527,941,288,0.488909,STAND LOCKED,604,242,1180,566,,,,,,
327,10.900000,61.481,11.395,6,1,56,0.709457,0.602908,0.744274,0.656182,0.000000,0,0.000,0.000,NO BLACK,NO BUNDLE,0,0,0,,,,0,1,1,1,0.873170,0.725527,941,288,0.488909,STAND LOCKED,604,242,1180,566,,,,,,
328,10.933333,61.769,11.390,0,26,7,0.000000,0.659660,0.715362,0.000000,0.000000,0,0.000,0.000,NO BLACK,NO BUNDLE,0,0,0,,,,0,1,1,1,0.892496,0.660188,1104,351,0.405380,STAND LOCKED,604,242,1180,566,,,,,,
329,10.966667,62.741,10.377,17014,7730,7421,0.897410,0.762789,0.808366,0.822855,0.792778,1,179.109,29.565,VALID,CANDIDATE,1,1,0,1246,381,134.000,0,1,1,1,0.892496,0.660188,1104,351,0.405380,STAND LOCKED,,,,,,,,,,
330,11.000000,57.337,10.590,0,0,11,0.000000,0.000000,0.742872,0.000000,0.000000,0,0.000,0.000,NO BLACK,NO BUNDLE,0,0,0,,,,0,1,1,0,0.892496,0.660188,1104,351,0.405380,STAND TARGET JUMP REJECTED,922,214,1498,538,,,,,,
331,11.033333,57.748,11.293,0,3,12,0.000000,0.613266,0.724341,0.000000,0.000000,0,0.000,0.000,NO BLACK,NO BUNDLE,0,0,0,,,,0,1,1,0,0.892496,0.660188,1104,351,0.405380,STAND TARGET JUMP REJECTED,922,214,1498,538,,,,,,
332,11.066667,61.729,11.287,0,0,20,0.000000,0.000000,0.760941,0.000000,0.000000,0,0.000,0.000,NO BLACK,NO BUNDLE,0,0,0,,,,0,1,1,1,0.933106,0.644269,1201,387,0.473208,STAND LOCKED,922,214,1498,538,,,,,,
333,11.100000,62.450,11.749,0,0,8,0.000000,0.000000,0.716649,0.000000,0.000000,0,0.000,0.000,NO BLACK,NO BUNDLE,0,0,0,,,,0,1,1,1,0.933106,0.644269,1201,387,0.473208,STAND LOCKED,922,214,1498,538,,,,,,
334,11.133333,60.466,11.607,0,0,11,0.000000,0.000000,0.754629,0.000000,0.000000,0,0.000,0.000,NO BLACK,NO BUNDLE,0,0,0,,,,0,1,1,1,0.906874,0.614354,1132,481,0.435490,STAND LOCKED,922,214,1498,538,,,,,,
335,11.166667,61.113,12.076,0,0,0,0.000000,0.000000,0.000000,0.000000,0.000000,0,0.000,0.000,NO BLACK,NO BUNDLE,0,0,0,,,,0,1,1,1,0.906874,0.614354,1132,481,0.435490,STAND LOCKED,922,214,1498,538,,,,,,
336,11.200000,61.238,11.947,0,0,0,0.000000,0.000000,0.000000,0.000000,0.000000,0,0.000,0.000,NO BLACK,NO BUNDLE,0,0,0,,,,0,1,1,1,0.945000,0.635143,1056,447,0.525461,STAND LOCKED,922,214,1498,538,,,,,,
337,11.233333,61.561,12.377,0,0,0,0.000000,0.000000,0.000000,0.000000,0.000000,0,0.000,0.000,NO BLACK,NO BUNDLE,0,0,0,,,,0,1,1,1,0.945000,0.635143,1056,447,0.525461,STAND LOCKED,922,214,1498,538,,,,,,
338,11.266667,61.465,12.150,0,0,0,0.000000,0.000000,0.000000,0.000000,0.000000,0,0.000,0.000,NO BLACK,NO BUNDLE,0,0,0,,,,0,1,1,0,0.945000,0.635143,1056,447,0.525461,STAND TARGET JUMP REJECTED,922,214,1498,538,,,,,,
339,11.300000,61.851,12.527,0,0,0,0.000000,0.000000,0.000000,0.000000,0.000000,0,0.000,0.000,NO BLACK,NO BUNDLE,0,0,0,,,,0,1,1,0,0.945000,0.635143,1056,447,0.525461,STAND TARGET JUMP REJECTED,922,214,1498,538,,,,,,
340,11.333333,60.060,11.905,0,0,0,0.000000,0.000000,0.000000,0.000000,0.000000,0,0.000,0.000,NO BLACK,NO BUNDLE,0,0,0,,,,0,1,1,1,0.876374,0.622443,1140,570,0.573587,STAND LOCKED,922,214,1498,538,,,,,,
341,11.366667,61.553,12.331,0,0,0,0.000000,0.000000,0.000000,0.000000,0.000000,0,0.000,0.000,NO BLACK,NO BUNDLE,0,0,0,,,,0,1,1,1,0.876374,0.622443,1140,570,0.573587,STAND LOCKED,922,214,1498,538,,,,,,
342,11.400000,61.310,12.105,0,0,0,0.000000,0.000000,0.000000,0.000000,0.000000,0,0.000,0.000,NO BLACK,NO BUNDLE,0,0,0,,,,0,1,1,0,0.876374,0.622443,1140,570,0.573587,STAND TARGET JUMP REJECTED,922,214,1498,538,,,,,,
343,11.433333,61.366,12.494,0,0,0,0.000000,0.000000,0.000000,0.000000,0.000000,0,0.000,0.000,NO BLACK,NO BUNDLE,0,0,0,,,,0,1,1,0,0.876374,0.622443,1140,570,0.573587,STAND TARGET JUMP REJECTED,922,214,1498,538,,,,,,
344,11.466667,61.711,11.879,0,0,0,0.000000,0.000000,0.000000,0.000000,0.000000,0,0.000,0.000,NO BLACK,NO BUNDLE,0,0,0,,,,0,1,1,0,0.876374,0.622443,1140,570,0.573587,STAND TEMPORARILY LOST (2),922,214,1498,538,,,,,,
345,11.500000,61.350,12.306,0,0,0,0.000000,0.000000,0.000000,0.000000,0.000000,0,0.000,0.000,NO BLACK,NO BUNDLE,0,0,0,,,,0,1,1,0,0.876374,0.622443,1140,570,0.573587,STAND TEMPORARILY LOST (2),922,214,1498,538,,,,,,
346,11.533333,61.205,12.086,0,0,0,0.000000,0.000000,0.000000,0.000000,0.000000,0,0.000,0.000,NO BLACK,NO BUNDLE,0,0,0,,,,0,1,1,1,0.855275,0.588883,1068,714,0.460799,STAND LOCKED,922,214,1498,538,,,,,,
347,11.566667,67.765,12.301,0,0,0,0.000000,0.000000,0.000000,0.000000,0.000000,0,0.000,0.000,NO BLACK,NO BUNDLE,0,0,0,,,,0,1,1,1,0.855275,0.588883,1068,714,0.460799,STAND LOCKED,922,214,1498,538,,,,,,
348,11.600000,62.162,12.195,276,0,0,0.793753,0.000000,0.000000,0.000000,0.000000,0,0.000,0.000,NO BLACK,NO BUNDLE,0,0,0,,,,0,1,1,0,0.855275,0.588883,1068,714,0.460799,STAND TARGET JUMP REJECTED,922,214,1498,538,,,,,,
349,11.633333,61.955,12.564,70,0,0,0.752936,0.000000,0.000000,0.000000,0.000000,0,0.000,0.000,NO BLACK,NO BUNDLE,0,0,0,,,,0,1,1,0,0.855275,0.588883,1068,714,0.460799,STAND TARGET JUMP REJECTED,922,214,1498,538,,,,,,
350,11.666667,62.455,11.252,28947,14086,12573,0.879525,0.716619,0.880992,0.825712,0.766251,1,178.002,32.493,VALID,CANDIDATE,1,1,0,468,400,181.000,0,1,1,1,0.814971,0.616117,1027,580,0.350462,STAND LOCKED,,,,,,,,,,
351,11.700000,56.582,11.901,0,0,5,0.000000,0.000000,0.731223,0.000000,0.000000,0,0.000,0.000,NO BLACK,NO BUNDLE,0,0,0,,,,0,1,1,1,0.814971,0.616117,1027,580,0.350462,STAND LOCKED,192,236,775,565,,,,,,
352,11.733333,61.691,11.889,0,0,1,0.000000,0.000000,0.719207,0.000000,0.000000,0,0.000,0.000,NO BLACK,NO BUNDLE,0,0,0,,,,0,1,1,1,0.959870,0.663207,984,566,0.479560,STAND LOCKED,192,236,775,565,,,,,,
353,11.766667,62.694,12.257,0,0,24,0.000000,0.000000,0.761007,0.000000,0.000000,0,0.000,0.000,NO BLACK,NO BUNDLE,0,0,0,,,,0,1,1,1,0.959870,0.663207,984,566,0.479560,STAND LOCKED,192,236,775,565,,,,,,
354,11.800000,63.186,12.050,0,0,20,0.000000,0.000000,0.753229,0.000000,0.000000,0,0.000,0.000,NO BLACK,NO BUNDLE,0,0,0,,,,0,1,1,0,0.959870,0.663207,984,566,0.479560,STAND TEMPORARILY LOST (1),192,236,775,565,,,,,,
355,11.833333,61.920,12.344,2,0,31,0.706242,0.000000,0.775737,0.000000,0.000000,0,0.000,0.000,NO BLACK,NO BUNDLE,0,0,0,,,,0,1,1,0,0.959870,0.663207,984,566,0.479560,STAND TEMPORARILY LOST (1),192,236,775,565,,,,,,
356,11.866667,63.126,12.129,0,0,35,0.000000,0.000000,0.778527,0.000000,0.000000,0,0.000,0.000,NO BLACK,NO BUNDLE,0,0,0,,,,0,1,1,1,0.820980,0.584517,1110,463,0.441913,STAND LOCKED,192,236,775,565,,,,,,
357,11.900000,61.218,12.518,1,0,28,0.705611,0.000000,0.742120,0.000000,0.000000,0,0.000,0.000,NO BLACK,NO BUNDLE,0,0,0,,,,0,1,1,1,0.820980,0.584517,1110,463,0.441913,STAND LOCKED,192,236,775,565,,,,,,
358,11.933333,61.377,12.196,0,8,75,0.000000,0.631917,0.793927,0.000000,0.000000,0,0.000,0.000,NO BLACK,NO BUNDLE,0,0,0,,,,0,1,1,0,0.820980,0.584517,1110,463,0.441913,STAND TARGET JUMP REJECTED,192,236,775,565,,,,,,
359,11.966667,68.170,11.151,20876,9085,9365,0.872016,0.771601,0.824189,0.821808,0.000000,0,0.000,0.000,INSUFFICIENT LASHING PATTERN,NO BUNDLE,0,0,0,,,,0,1,1,0,0.820980,0.584517,1110,463,0.441913,STAND TARGET JUMP REJECTED,,,,,,,,,,
360,12.000000,59.813,11.167,0,0,26,0.000000,0.000000,0.796634,0.000000,0.000000,0,0.000,0.000,NO BLACK,NO BUNDLE,0,0,0,,,,0,1,1,1,0.922243,0.600795,1047,436,0.545157,STAND LOCKED,192,236,775,565,,,,,,
361,12.033333,62.726,11.652,0,0,47,0.000000,0.000000,0.797916,0.000000,0.000000,0,0.000,0.000,NO BLACK,NO BUNDLE,0,0,0,,,,0,1,1,1,0.922243,0.600795,1047,436,0.545157,STAND LOCKED,192,236,775,565,,,,,,
362,12.066667,61.530,11.508,129,8,70,0.757190,0.668586,0.770263,0.712888,0.000000,0,0.000,0.000,NO BLACK,NO BUNDLE,0,0,0,,,,0,1,1,1,0.916691,0.559252,1048,395,0.597728,STAND LOCKED,192,236,775,565,,,,,,
363,12.100000,62.075,11.954,0,0,11,0.000000,0.000000,0.748854,0.000000,0.000000,0,0.000,0.000,NO BLACK,NO BUNDLE,0,0,0,,,,0,1,1,1,0.916691,0.559252,1048,395,0.597728,STAND LOCKED,192,236,775,565,,,,,,
364,12.133333,62.722,11.764,0,0,1,0.000000,0.000000,0.703883,0.000000,0.000000,0,0.000,0.000,NO BLACK,NO BUNDLE,0,0,0,,,,0,1,1,1,0.903394,0.565128,975,427,0.698792,STAND LOCKED,192,236,775,565,,,,,,
365,12.166667,62.259,12.169,0,0,36,0.000000,0.000000,0.800984,0.000000,0.000000,0,0.000,0.000,NO BLACK,NO BUNDLE,0,0,0,,,,0,1,1,1,0.903394,0.565128,975,427,0.698792,STAND LOCKED,192,236,775,565,,,,,,
366,12.200000,61.678,11.883,0,0,1,0.000000,0.000000,0.705387,0.000000,0.000000,0,0.000,0.000,NO BLACK,NO BUNDLE,0,0,0,,,,0,1,1,1,0.887007,0.513808,1015,499,0.747836,STAND LOCKED,192,236,775,565,,,,,,
367,12.233333,61.581,12.302,0,2,11,0.000000,0.613638,0.766644,0.000000,0.000000,0,0.000,0.000,NO BLACK,NO BUNDLE,0,0,0,,,,0,1,1,1,0.887007,0.513808,1015,499,0.747836,STAND LOCKED,192,236,775,565,,,,,,
368,12.266667,61.694,11.981,0,14,17,0.000000,0.649303,0.744201,0.000000,0.000000,0,0.000,0.000,NO BLACK,NO BUNDLE,0,0,0,,,,0,1,1,1,0.938933,0.554114,1048,530,0.866156,STAND LOCKED,192,236,775,565,,,,,,
369,12.300000,61.865,12.272,0,10,36,0.000000,0.617174,0.780416,0.000000,0.000000,0,0.000,0.000,NO BLACK,NO BUNDLE,0,0,0,,,,0,1,1,1,0.938933,0.554114,1048,530,0.866156,STAND LOCKED,192,236,775,565,,,,,,
370,12.333333,61.529,11.998,0,1,221,0.000000,0.620715,0.771232,0.000000,0.000000,0,0.000,0.000,NO BLACK,NO BUNDLE,0,0,0,,,,0,1,1,1,0.896301,0.532090,932,544,0.907178,STAND LOCKED,192,236,775,565,,,,,,
371,12.366667,62.694,10.914,17919,9327,9850,0.872811,0.759890,0.838302,0.816350,0.000000,0,0.000,0.000,INSUFFICIENT LASHING PATTERN,NO BUNDLE,0,0,0,,,,0,1,1,1,0.896301,0.532090,932,544,0.907178,STAND LOCKED,,,,,,,,,,
372,12.400000,62.581,9.998,17958,9911,5728,0.904966,0.780717,0.846452,0.844045,0.768179,1,186.211,33.841,VALID,CANDIDATE,1,1,0,562,371,139.000,0,1,1,1,0.905106,0.593907,918,436,0.758600,STAND LOCKED,0,0,1920,1080,,,,,,
373,12.433333,55.838,10.880,0,12,51,0.000000,0.638370,0.748797,0.000000,0.000000,0,0.000,0.000,NO BLACK,NO BUNDLE,0,0,0,,,,0,1,1,1,0.905106,0.593907,918,436,0.758600,STAND LOCKED,301,205,877,529,,,,,,
374,12.466667,60.781,10.782,0,0,12,0.000000,0.000000,0.732718,0.000000,0.000000,0,0.000,0.000,NO BLACK,NO BUNDLE,0,0,0,,,,0,1,1,1,0.953928,0.584799,918,489,0.866926,STAND LOCKED,301,205,877,529,,,,,,
375,12.500000,62.295,11.332,0,5,0,0.000000,0.632251,0.000000,0.000000,0.000000,0,0.000,0.000,NO BLACK,NO BUNDLE,0,0,0,,,,0,1,1,1,0.953928,0.584799,918,489,0.866926,STAND LOCKED,301,205,877,529,,,,,,
376,12.533333,59.823,11.203,0,28,11,0.000000,0.688075,0.752117,0.000000,0.000000,0,0.000,0.000,NO BLACK,NO BUNDLE,0,0,0,,,,0,1,1,1,0.846410,0.577072,944,524,0.919746,STAND LOCKED,301,205,877,529,,,,,,
377,12.566667,61.345,11.702,12,39,50,0.713764,0.647570,0.751503,0.680667,0.000000,0,0.000,0.000,NO BLACK,NO BUNDLE,0,0,0,,,,0,1,1,1,0.846410,0.577072,944,524,0.919746,STAND LOCKED,301,205,877,529,,,,,,
378,12.600000,60.891,11.498,0,67,13,0.000000,0.656433,0.747314,0.000000,0.000000,0,0.000,0.000,NO BLACK,NO BUNDLE,0,0,0,,,,0,1,1,1,0.965261,0.587053,952,536,0.945552,STAND LOCKED,301,205,877,529,,,,,,
379,12.633333,61.531,11.969,0,15,13,0.000000,0.643024,0.734698,0.000000,0.000000,0,0.000,0.000,NO BLACK,NO BUNDLE,0,0,0,,,,0,1,1,1,0.965261,0.587053,952,536,0.945552,STAND LOCKED,301,205,877,529,,,,,,
380,12.666667,61.285,11.739,0,33,1,0.000000,0.657608,0.750229,0.000000,0.000000,0,0.000,0.000,NO BLACK,NO BUNDLE,0,0,0,,,,0,1,1,1,0.938242,0.568110,963,545,0.959202,STAND LOCKED,301,205,877,529,,,,,,
381,12.700000,61.829,12.156,23,7,40,0.720185,0.616708,0.727161,0.668446,0.000000,0,0.000,0.000,NO BLACK,NO BUNDLE,0,0,0,,,,0,1,1,1,0.938242,0.568110,963,545,0.959202,STAND LOCKED,301,205,877,529,,,,,,
382,12.733333,61.085,11.872,0,0,30,0.000000,0.000000,0.745214,0.000000,0.000000,0,0.000,0.000,NO BLACK,NO BUNDLE,0,0,0,,,,0,1,1,1,0.870285,0.566903,954,546,0.971456,STAND LOCKED,301,205,877,529,,,,,,
383,12.766667,62.389,12.260,0,0,203,0.000000,0.000000,0.764557,0.000000,0.000000,0,0.000,0.000,NO BLACK,NO BUNDLE,0,0,0,,,,0,1,1,1,0.870285,0.566903,954,546,0.971456,STAND LOCKED,301,205,877,529,,,,,,
384,12.800000,61.138,11.957,0,0,138,0.000000,0.000000,0.775062,0.000000,0.000000,0,0.000,0.000,NO BLACK,NO BUNDLE,0,0,0,,,,0,1,1,1,0.941769,0.562102,921,543,0.983081,STAND LOCKED,301,205,877,529,,,,,,
385,12.833333,61.229,12.375,0,7,130,0.000000,0.628781,0.778617,0.000000,0.000000,0,0.000,0.000,NO BLACK,NO BUNDLE,0,0,0,,,,0,1,1,1,0.941769,0.562102,921,543,0.983081,STAND LOCKED,301,205,877,529,,,,,,
386,12.866667,60.727,12.065,0,1,33,0.000000,0.608440,0.737874,0.000000,0.000000,0,0.000,0.000,NO BLACK,NO BUNDLE,0,0,0,,,,0,1,1,1,0.781237,0.562564,941,528,0.963868,STAND LOCKED,301,205,877,529,,,,,,
387,12.900000,62.195,12.440,0,0,0,0.000000,0.000000,0.000000,0.000000,0.000000,0,0.000,0.000,NO BLACK,NO BUNDLE,0,0,0,,,,0,1,1,1,0.781237,0.562564,941,528,0.963868,STAND LOCKED,301,205,877,529,,,,,,
388,12.933333,61.564,12.117,0,109,57,0.000000,0.705958,0.765774,0.000000,0.000000,0,0.000,0.000,NO BLACK,NO BUNDLE,0,0,0,,,,0,1,1,1,0.939701,0.606058,950,499,0.846241,STAND LOCKED,301,205,877,529,,,,,,
389,12.966667,62.326,10.866,17266,5008,6202,0.910290,0.771097,0.830912,0.837433,0.771904,1,188.519,33.311,VALID,CANDIDATE,1,1,0,731,359,143.000,0,1,1,1,0.939701,0.606058,950,499,0.846241,STAND LOCKED,,,,,,,,,,
390,13.000000,56.411,10.778,0,0,69,0.000000,0.000000,0.786297,0.000000,0.000000,0,0.000,0.000,NO BLACK,NO BUNDLE,0,0,0,,,,0,1,1,1,0.894784,0.586673,954,403,0.706734,STAND LOCKED,471,200,1047,524,,,,,,
391,13.033333,59.239,11.449,0,0,21,0.000000,0.000000,0.785107,0.000000,0.000000,0,0.000,0.000,NO BLACK,NO BUNDLE,0,0,0,,,,0,1,1,1,0.894784,0.586673,954,403,0.706734,STAND LOCKED,471,200,1047,524,,,,,,
392,13.066667,61.283,11.240,0,0,0,0.000000,0.000000,0.000000,0.000000,0.000000,0,0.000,0.000,NO BLACK,NO BUNDLE,0,0,0,,,,0,1,1,1,0.847600,0.568228,1008,328,0.580808,STAND LOCKED,471,200,1047,524,,,,,,
393,13.100000,62.028,11.750,0,0,0,0.000000,0.000000,0.000000,0.000000,0.000000,0,0.000,0.000,NO BLACK,NO BUNDLE,0,0,0,,,,0,1,1,1,0.847600,0.568228,1008,328,0.580808,STAND LOCKED,471,200,1047,524,,,,,,
394,13.133333,61.434,11.599,0,0,0,0.000000,0.000000,0.000000,0.000000,0.000000,0,0.000,0.000,NO BLACK,NO BUNDLE,0,0,0,,,,0,1,1,1,0.873775,0.548975,986,441,0.515993,STAND LOCKED,471,200,1047,524,,,,,,
395,13.166667,64.446,11.958,0,0,0,0.000000,0.000000,0.000000,0.000000,0.000000,0,0.000,0.000,NO BLACK,NO BUNDLE,0,0,0,,,,0,1,1,1,0.873775,0.548975,986,441,0.515993,STAND LOCKED,471,200,1047,524,,,,,,
396,13.200000,60.798,11.787,0,0,0,0.000000,0.000000,0.000000,0.000000,0.000000,0,0.000,0.000,NO BLACK,NO BUNDLE,0,0,0,,,,0,1,1,0,0.873775,0.548975,986,441,0.515993,STAND TARGET JUMP REJECTED,471,200,1047,524,,,,,,
397,13.233333,61.889,12.219,0,0,0,0.000000,0.000000,0.000000,0.000000,0.000000,0,0.000,0.000,NO BLACK,NO BUNDLE,0,0,0,,,,0,1,1,0,0.873775,0.548975,986,441,0.515993,STAND TARGET JUMP REJECTED,471,200,1047,524,,,,,,
398,13.266667,62.160,12.012,0,0,0,0.000000,0.000000,0.000000,0.000000,0.000000,0,0.000,0.000,NO BLACK,NO BUNDLE,0,0,0,,,,0,1,1,1,0.789262,0.540140,943,512,0.400253,STAND LOCKED,471,200,1047,524,,,,,,
399,13.300000,60.821,12.426,0,0,0,0.000000,0.000000,0.000000,0.000000,0.000000,0,0.000,0.000,NO BLACK,NO BUNDLE,0,0,0,,,,0,1,1,1,0.789262,0.540140,943,512,0.400253,STAND LOCKED,471,200,1047,524,,,,,,
400,13.333333,61.274,12.282,0,0,0,0.000000,0.000000,0.000000,0.000000,0.000000,0,0.000,0.000,NO BLACK,NO BUNDLE,0,0,0,,,,0,1,1,1,0.852118,0.520006,895,460,0.449003,STAND LOCKED,471,200,1047,524,,,,,,
401,13.366667,61.579,12.660,0,0,0,0.000000,0.000000,0.000000,0.000000,0.000000,0,0.000,0.000,NO BLACK,NO BUNDLE,0,0,0,,,,0,1,1,1,0.852118,0.520006,895,460,0.449003,STAND LOCKED,471,200,1047,524,,,,,,
402,13.400000,62.151,12.391,0,0,0,0.000000,0.000000,0.000000,0.000000,0.000000,0,0.000,0.000,NO BLACK,NO BUNDLE,0,0,0,,,,0,1,1,0,0.852118,0.520006,895,460,0.449003,STAND TEMPORARILY LOST (1),471,200,1047,524,,,,,,
403,13.433333,61.698,12.732,0,0,37,0.000000,0.000000,0.835606,0.000000,0.000000,0,0.000,0.000,NO BLACK,NO BUNDLE,0,0,0,,,,0,1,1,0,0.852118,0.520006,895,460,0.449003,STAND TEMPORARILY LOST (1),471,200,1047,524,,,,,,
404,13.466667,61.621,12.468,0,10,160,0.000000,0.626368,0.805004,0.000000,0.000000,0,0.000,0.000,NO BLACK,NO BUNDLE,0,0,0,,,,0,1,1,1,0.835960,0.496931,869,400,0.466866,STAND LOCKED,471,200,1047,524,,,,,,
405,13.500000,61.020,12.735,0,0,75,0.000000,0.000000,0.859600,0.000000,0.000000,0,0.000,0.000,NO BLACK,NO BUNDLE,0,0,0,,,,0,1,1,1,0.835960,0.496931,869,400,0.466866,STAND LOCKED,471,200,1047,524,,,,,,
406,13.533333,59.845,12.498,0,0,4,0.000000,0.000000,0.786915,0.000000,0.000000,0,0.000,0.000,NO BLACK,NO BUNDLE,0,0,0,,,,0,1,1,1,0.766867,0.480107,933,350,0.517682,STAND LOCKED,471,200,1047,524,,,,,,
407,13.566667,61.023,12.836,0,0,35,0.000000,0.000000,0.828168,0.000000,0.000000,0,0.000,0.000,NO BLACK,NO BUNDLE,0,0,0,,,,0,1,1,1,0.766867,0.480107,933,350,0.517682,STAND LOCKED,471,200,1047,524,,,,,,
408,13.600000,61.492,12.554,0,20,305,0.000000,0.659423,0.817742,0.000000,0.000000,0,0.000,0.000,NO BLACK,NO BUNDLE,0,0,0,,,,0,1,1,0,0.766867,0.480107,933,350,0.517682,STAND TEMPORARILY LOST (1),471,200,1047,524,,,,,,
409,13.633333,62.610,12.825,0,49,62,0.000000,0.718039,0.811327,0.000000,0.000000,0,0.000,0.000,NO BLACK,NO BUNDLE,0,0,0,,,,0,1,1,0,0.766867,0.480107,933,350,0.517682,STAND TEMPORARILY LOST (1),471,200,1047,524,,,,,,
410,13.666667,62.251,11.543,10830,8169,2245,0.849576,0.775760,0.783673,0.812668,0.000000,0,0.000,0.000,INSUFFICIENT LASHING PATTERN,NO BUNDLE,0,0,0,,,,0,1,1,0,0.766867,0.480107,933,350,0.517682,STAND TARGET JUMP REJECTED,,,,,,,,,,
411,13.700000,62.945,10.544,9153,7537,3684,0.848370,0.771675,0.805609,0.810022,0.000000,0,0.000,0.000,GEOMETRY FAIL,NO BUNDLE,0,0,0,,,,0,1,1,0,0.766867,0.480107,933,350,0.517682,STAND TARGET JUMP REJECTED,0,0,1920,1080,,,,,,
412,13.733333,65.683,9.603,13561,6413,5185,0.877330,0.816253,0.822432,0.838672,0.779780,1,191.291,36.666,VALID,CANDIDATE,1,1,0,910,460,135.000,0,1,1,1,0.703779,0.497583,947,447,0.459068,STAND LOCKED,0,0,1920,1080,,,,,,
413,13.766667,58.126,10.456,0,24,61,0.000000,0.655398,0.786954,0.000000,0.000000,0,0.000,0.000,NO BLACK,NO BUNDLE,0,0,0,,,,0,1,1,1,0.703779,0.497583,947,447,0.459068,STAND LOCKED,664,292,1240,616,,,,,,
414,13.800000,63.846,10.433,13,0,22,0.740687,0.000000,0.748609,0.000000,0.000000,0,0.000,0.000,NO BLACK,NO BUNDLE,0,0,0,,,,0,1,1,0,0.703779,0.497583,947,447,0.459068,STAND TEMPORARILY LOST (1),664,292,1240,616,,,,,,
415,13.833333,63.110,11.016,0,0,2,0.000000,0.000000,0.726749,0.000000,0.000000,0,0.000,0.000,NO BLACK,NO BUNDLE,0,0,0,,,,0,1,1,0,0.703779,0.497583,947,447,0.459068,STAND TEMPORARILY LOST (1),664,292,1240,616,,,,,,
416,13.866667,59.344,11.037,0,0,0,0.000000,0.000000,0.000000,0.000000,0.000000,0,0.000,0.000,NO BLACK,NO BUNDLE,0,0,0,,,,0,1,1,1,0.745989,0.518997,963,507,0.435238,STAND LOCKED,664,292,1240,616,,,,,,
417,13.900000,62.571,11.531,0,0,128,0.000000,0.000000,0.796430,0.000000,0.000000,0,0.000,0.000,NO BLACK,NO BUNDLE,0,0,0,,,,0,1,1,1,0.745989,0.518997,963,507,0.435238,STAND LOCKED,664,292,1240,616,,,,,,
418,13.933333,60.830,11.536,0,26,47,0.000000,0.697047,0.862123,0.000000,0.000000,0,0.000,0.000,NO BLACK,NO BUNDLE,0,0,0,,,,0,1,1,0,0.745989,0.518997,963,507,0.435238,STAND TEMPORARILY LOST (1),664,292,1240,616,,,,,,
419,13.966667,62.092,10.432,8707,4678,3439,0.854876,0.759462,0.785351,0.799896,0.780652,1,198.854,33.481,VALID,CANDIDATE,1,1,0,934,464,123.000,0,1,1,0,0.745989,0.518997,963,507,0.435238,STAND TEMPORARILY LOST (1),,,,,,,,,,
420,14.000000,56.005,10.671,0,0,26,0.000000,0.000000,0.746842,0.000000,0.000000,0,0.000,0.000,NO BLACK,NO BUNDLE,0,0,0,,,,0,1,1,1,0.795839,0.461680,861,426,0.434700,STAND LOCKED,668,297,1244,621,,,,,,
421,14.033333,61.783,11.248,0,0,14,0.000000,0.000000,0.785684,0.000000,0.000000,0,0.000,0.000,NO BLACK,NO BUNDLE,0,0,0,,,,0,1,1,1,0.795839,0.461680,861,426,0.434700,STAND LOCKED,668,297,1244,621,,,,,,
422,14.066667,61.607,11.228,0,0,14,0.000000,0.000000,0.737710,0.000000,0.000000,0,0.000,0.000,NO BLACK,NO BUNDLE,0,0,0,,,,0,1,1,1,0.666207,0.395788,804,433,0.380985,STAND LOCKED,668,297,1244,621,,,,,,
423,14.100000,62.178,11.711,0,15,163,0.000000,0.666554,0.763872,0.000000,0.000000,0,0.000,0.000,NO BLACK,NO BUNDLE,0,0,0,,,,0,1,1,1,0.666207,0.395788,804,433,0.380985,STAND LOCKED,668,297,1244,621,,,,,,
424,14.133333,61.421,11.659,0,0,6,0.000000,0.000000,0.742619,0.000000,0.000000,0,0.000,0.000,NO BLACK,NO BUNDLE,0,0,0,,,,0,1,1,0,0.666207,0.395788,804,433,0.380985,STAND TEMPORARILY LOST (1),668,297,1244,621,,,,,,
425,14.166667,61.974,12.065,0,0,25,0.000000,0.000000,0.757708,0.000000,0.000000,0,0.000,0.000,NO BLACK,NO BUNDLE,0,0,0,,,,0,1,1,0,0.666207,0.395788,804,433,0.380985,STAND TEMPORARILY LOST (1),668,297,1244,621,,,,,,
426,14.200000,65.087,11.586,0,0,41,0.000000,0.000000,0.746917,0.000000,0.000000,0,0.000,0.000,NO BLACK,NO BUNDLE,0,0,0,,,,0,1,1,0,0.666207,0.395788,804,433,0.380985,STAND TARGET JUMP REJECTED,668,297,1244,621,,,,,,
427,14.233333,61.715,12.013,23,1,209,0.750860,0.604653,0.773637,0.677756,0.000000,0,0.000,0.000,NO BLACK,NO BUNDLE,0,0,0,,,,0,1,1,0,0.666207,0.395788,804,433,0.380985,STAND TARGET JUMP REJECTED,668,297,1244,621,,,,,,
428,14.266667,62.243,11.477,30,23,210,0.715236,0.655101,0.765132,0.685168,0.000000,0,0.000,0.000,NO BLACK,NO BUNDLE,0,0,0,,,,0,1,1,0,0.666207,0.395788,804,433,0.380985,STAND TEMPORARILY LOST (3),668,297,1244,621,,,,,,
429,14.300000,61.387,11.932,11,9,154,0.735794,0.639605,0.747518,0.687700,0.000000,0,0.000,0.000,NO BLACK,NO BUNDLE,0,0,0,,,,0,1,1,0,0.666207,0.395788,804,433,0.380985,STAND TEMPORARILY LOST (3),668,297,1244,621,,,,,,
430,14.333333,61.754,11.792,28,58,576,0.756885,0.749600,0.807683,0.753243,0.000000,0,0.000,0.000,NO BLACK,NO BUNDLE,0,0,0,,,,0,1,1,1,0.798258,0.497233,997,493,0.361397,STAND LOCKED,668,297,1244,621,,,,,,
431,14.366667,60.812,12.255,0,0,0,0.000000,0.000000,0.000000,0.000000,0.000000,0,0.000,0.000,NO BLACK,NO BUNDLE,0,0,0,,,,0,1,1,1,0.798258,0.497233,997,493,0.361397,STAND LOCKED,668,297,1244,621,,,,,,
432,14.400000,61.432,12.098,0,64,15,0.000000,0.750174,0.733950,0.000000,0.000000,0,0.000,0.000,NO BLACK,NO BUNDLE,0,0,0,,,,0,1,1,0,0.798258,0.497233,997,493,0.361397,STAND TEMPORARILY LOST (1),668,297,1244,621,,,,,,
433,14.433333,60.934,12.501,0,12,22,0.000000,0.654945,0.819052,0.000000,0.000000,0,0.000,0.000,NO BLACK,NO BUNDLE,0,0,0,,,,0,1,1,0,0.798258,0.497233,997,493,0.361397,STAND TEMPORARILY LOST (1),668,297,1244,621,,,,,,
434,14.466667,61.264,12.356,83,1,607,0.741332,0.600037,0.790378,0.670685,0.000000,0,0.000,0.000,NO BLACK,NO BUNDLE,0,0,0,,,,0,1,1,1,0.850914,0.510495,1001,452,0.410129,STAND LOCKED,668,297,1244,621,,,,,,
435,14.500000,61.149,12.705,0,1,306,0.000000,0.612843,0.781782,0.000000,0.000000,0,0.000,0.000,NO BLACK,NO BUNDLE,0,0,0,,,,0,1,1,1,0.850914,0.510495,1001,452,0.410129,STAND LOCKED,668,297,1244,621,,,,,,
436,14.533333,61.388,12.513,288,109,123,0.762854,0.683787,0.767018,0.723320,0.000000,0,0.000,0.000,NO BLACK,NO BUNDLE,0,0,0,,,,0,1,1,0,0.850914,0.510495,1001,452,0.410129,STAND TEMPORARILY LOST (1),668,297,1244,621,,,,,,
437,14.566667,62.797,12.756,3,45,87,0.711737,0.707532,0.790276,0.709634,0.000000,0,0.000,0.000,NO BLACK,NO BUNDLE,0,0,0,,,,0,1,1,0,0.850914,0.510495,1001,452,0.410129,STAND TEMPORARILY LOST (1),668,297,1244,621,,,,,,
438,14.600000,61.650,12.531,9,97,203,0.725260,0.688771,0.761396,0.707016,0.000000,0,0.000,0.000,NO BLACK,NO BUNDLE,0,0,0,,,,0,1,1,1,0.825604,0.537154,950,475,0.406595,STAND LOCKED,668,297,1244,621,,,,,,
439,14.633333,62.473,12.807,86,97,198,0.770524,0.672455,0.776094,0.721490,0.000000,0,0.000,0.000,NO BLACK,NO BUNDLE,0,0,0,,,,0,1,1,1,0.825604,0.537154,950,475,0.406595,STAND LOCKED,668,297,1244,621,,,,,,
440,14.666667,65.038,11.693,12229,2695,5103,0.797824,0.700225,0.855273,0.749024,0.000000,0,0.000,0.000,GEOMETRY FAIL,NO BUNDLE,0,0,0,,,,0,1,1,0,0.825604,0.537154,950,475,0.406595,STAND TEMPORARILY LOST (1),,,,,,,,,,
441,14.700000,62.774,10.665,5533,3824,3238,0.900427,0.796056,0.779015,0.825166,0.829839,1,206.154,29.985,VALID,CANDIDATE,1,1,0,953,452,124.000,0,1,1,0,0.825604,0.537154,950,475,0.406595,STAND TEMPORARILY LOST (1),0,0,1920,1080,,,,,,
442,14.733333,55.874,10.884,0,11,6,0.000000,0.653225,0.706033,0.000000,0.000000,0,0.000,0.000,NO BLACK,NO BUNDLE,0,0,0,,,,0,1,1,0,0.825604,0.537154,950,475,0.406595,STAND TARGET JUMP REJECTED,636,286,1212,610,,,,,,
443,14.766667,61.628,11.371,0,6,379,0.000000,0.644721,0.788269,0.000000,0.000000,0,0.000,0.000,NO BLACK,NO BUNDLE,0,0,0,,,,0,1,1,0,0.825604,0.537154,950,475,0.406595,STAND TARGET JUMP REJECTED,636,286,1212,610,,,,,,
444,14.800000,60.528,10.930,136,32,488,0.758515,0.680342,0.787293,0.719429,0.000000,0,0.000,0.000,NO BLACK,NO BUNDLE,0,0,0,,,,0,1,1,0,0.825604,0.537154,950,475,0.406595,STAND TEMPORARILY LOST (3),636,286,1212,610,,,,,,
445,14.833333,62.270,11.450,21,27,349,0.714565,0.631857,0.779285,0.673211,0.000000,0,0.000,0.000,NO BLACK,NO BUNDLE,0,0,0,,,,0,1,1,0,0.825604,0.537154,950,475,0.406595,STAND TEMPORARILY LOST (3),636,286,1212,610,,,,,,
446,14.866667,61.988,11.027,0,16,116,0.000000,0.658927,0.746825,0.000000,0.000000,0,0.000,0.000,NO BLACK,NO BUNDLE,0,0,0,,,,0,1,1,1,0.575951,0.478895,928,463,0.356116,STAND LOCKED,636,286,1212,610,,,,,,
447,14.900000,61.981,11.539,0,71,201,0.000000,0.688842,0.798601,0.000000,0.000000,0,0.000,0.000,NO BLACK,NO BUNDLE,0,0,0,,,,0,1,1,1,0.575951,0.478895,928,463,0.356116,STAND LOCKED,636,286,1212,610,,,,,,
448,14.933333,61.911,11.551,0,1,0,0.000000,0.635010,0.000000,0.000000,0.000000,0,0.000,0.000,NO BLACK,NO BUNDLE,0,0,0,,,,0,1,1,1,0.787171,0.463471,946,346,0.293678,STAND LOCKED,636,286,1212,610,,,,,,
449,14.966667,63.356,10.503,5619,4040,3991,0.877883,0.801140,0.791900,0.823641,0.752082,1,196.718,38.794,VALID,CANDIDATE,1,1,0,1148,427,110.000,0,1,1,1,0.787171,0.463471,946,346,0.293678,STAND LOCKED,,,,,,,,,,
450,15.000000,57.494,10.737,3,0,110,0.716909,0.000000,0.749023,0.000000,0.000000,0,0.000,0.000,NO BLACK,NO BUNDLE,0,0,0,,,,0,1,1,0,0.787171,0.463471,946,346,0.293678,STAND TEMPORARILY LOST (1),902,258,1478,582,,,,,,
451,15.033333,61.237,11.337,0,15,0,0.000000,0.672342,0.000000,0.000000,0.000000,0,0.000,0.000,NO BLACK,NO BUNDLE,0,0,0,,,,0,1,1,0,0.787171,0.463471,946,346,0.293678,STAND TEMPORARILY LOST (1),902,258,1478,582,,,,,,
452,15.066667,60.760,11.374,4,9,128,0.720178,0.635435,0.759693,0.677807,0.000000,0,0.000,0.000,NO BLACK,NO BUNDLE,0,0,0,,,,0,1,1,1,0.751947,0.481050,895,247,0.259470,STAND LOCKED,902,258,1478,582,,,,,,
453,15.100000,59.198,11.911,0,3,7,0.000000,0.618419,0.728674,0.000000,0.000000,0,0.000,0.000,NO BLACK,NO BUNDLE,0,0,0,,,,0,1,1,1,0.751947,0.481050,895,247,0.259470,STAND LOCKED,902,258,1478,582,,,,,,
454,15.133333,62.347,11.831,0,4,1,0.000000,0.640553,0.721295,0.000000,0.000000,0,0.000,0.000,NO BLACK,NO BUNDLE,0,0,0,,,,0,1,1,0,0.751947,0.481050,895,247,0.259470,STAND TARGET JUMP REJECTED,902,258,1478,582,,,,,,
455,15.166667,62.236,12.230,52,23,76,0.741448,0.648293,0.747643,0.694870,0.000000,0,0.000,0.000,NO BLACK,NO BUNDLE,0,0,0,,,,0,1,1,0,0.751947,0.481050,895,247,0.259470,STAND TARGET JUMP REJECTED,902,258,1478,582,,,,,,
456,15.200000,62.495,11.655,8,35,30,0.712552,0.656982,0.743899,0.684767,0.000000,0,0.000,0.000,NO BLACK,NO BUNDLE,0,0,0,,,,0,1,1,1,0.821261,0.466653,842,283,0.430465,STAND LOCKED,902,258,1478,582,,,,,,
457,15.233333,62.060,12.084,0,161,0,0.000000,0.693525,0.000000,0.000000,0.000000,0,0.000,0.000,NO BLACK,NO BUNDLE,0,0,0,,,,0,1,1,1,0.821261,0.466653,842,283,0.430465,STAND LOCKED,902,258,1478,582,,,,,,
458,15.266667,61.640,11.968,46,52,0,0.734200,0.683704,0.000000,0.708952,0.000000,0,0.000,0.000,NO BLACK,NO BUNDLE,0,0,0,,,,0,1,1,0,0.821261,0.466653,842,283,0.430465,STAND TEMPORARILY LOST (1),902,258,1478,582,,,,,,
459,15.300000,62.591,12.319,36,174,9,0.719863,0.660504,0.747563,0.690183,0.000000,0,0.000,0.000,NO BLACK,NO BUNDLE,0,0,0,,,,0,1,1,0,0.821261,0.466653,842,283,0.430465,STAND TEMPORARILY LOST (1),902,258,1478,582,,,,,,
460,15.333333,62.082,12.147,0,74,0,0.000000,0.680559,0.000000,0.000000,0.000000,0,0.000,0.000,NO BLACK,NO BUNDLE,0,0,0,,,,0,1,1,1,0.837896,0.478216,900,330,0.453941,STAND LOCKED,902,258,1478,582,,,,,,
461,15.366667,62.984,12.481,0,0,0,0.000000,0.000000,0.000000,0.000000,0.000000,0,0.000,0.000,NO BLACK,NO BUNDLE,0,0,0,,,,0,1,1,1,0.837896,0.478216,900,330,0.453941,STAND LOCKED,902,258,1478,582,,,,,,
462,15.400000,62.408,12.263,0,0,0,0.000000,0.000000,0.000000,0.000000,0.000000,0,0.000,0.000,NO BLACK,NO BUNDLE,0,0,0,,,,0,1,1,0,0.837896,0.478216,900,330,0.453941,STAND TARGET JUMP REJECTED,902,258,1478,582,,,,,,
463,15.433333,61.710,12.615,0,54,0,0.000000,0.682000,0.000000,0.000000,0.000000,0,0.000,0.000,NO BLACK,NO BUNDLE,0,0,0,,,,0,1,1,0,0.837896,0.478216,900,330,0.453941,STAND TARGET JUMP REJECTED,902,258,1478,582,,,,,,
464,15.466667,60.915,12.444,0,59,0,0.000000,0.749727,0.000000,0.000000,0.000000,0,0.000,0.000,NO BLACK,NO BUNDLE,0,0,0,,,,0,1,1,1,0.856562,0.495994,869,321,0.508301,STAND LOCKED,902,258,1478,582,,,,,,
465,15.500000,62.307,12.736,19,68,0,0.720270,0.669956,0.000000,0.695113,0.000000,0,0.000,0.000,NO BLACK,NO BUNDLE,0,0,0,,,,0,1,1,1,0.856562,0.495994,869,321,0.508301,STAND LOCKED,902,258,1478,582,,,,,,
466,15.533333,61.036,12.484,114,126,51,0.745096,0.677443,0.737096,0.711269,0.000000,0,0.000,0.000,NO BLACK,NO BUNDLE,0,0,0,,,,0,1,1,1,0.695816,0.414431,865,226,0.379476,STAND LOCKED,902,258,1478,582,,,,,,
467,15.566667,62.317,12.770,330,141,260,0.745767,0.672794,0.758965,0.709280,0.000000,0,0.000,0.000,NO BLACK,NO BUNDLE,0,0,0,,,,0,1,1,1,0.695816,0.414431,865,226,0.379476,STAND LOCKED,902,258,1478,582,,,,,,
468,15.600000,60.327,12.606,58,35,4,0.739575,0.633579,0.719180,0.686577,0.000000,0,0.000,0.000,NO BLACK,NO BUNDLE,0,0,0,,,,0,1,1,0,0.695816,0.414431,865,226,0.379476,STAND TEMPORARILY LOST (1),902,258,1478,582,,,,,,
469,15.633333,62.068,12.882,45,85,14,0.748147,0.693057,0.731535,0.720602,0.000000,0,0.000,0.000,NO BLACK,NO BUNDLE,0,0,0,,,,0,1,1,0,0.695816,0.414431,865,226,0.379476,STAND TEMPORARILY LOST (1),902,258,1478,582,,,,,,
470,15.666667,62.661,11.443,11729,4944,6104,0.868890,0.748237,0.823705,0.813611,0.820301,1,213.003,32.839,VALID,CANDIDATE,1,1,0,923,423,127.000,0,1,1,0,0.695816,0.414431,865,226,0.379476,STAND TARGET JUMP REJECTED,,,,,,,,,,
471,15.700000,55.958,12.053,1030,2,64,0.812431,0.605166,0.864515,0.708799,0.000000,0,0.000,0.000,NO LASHING,NO BUNDLE,0,0,0,,,,0,1,1,0,0.695816,0.414431,865,226,0.379476,STAND TARGET JUMP REJECTED,626,257,1202,581,,,,,,
472,15.733333,58.293,11.533,0,0,0,0.000000,0.000000,0.000000,0.000000,0.000000,0,0.000,0.000,NO BLACK,NO BUNDLE,0,0,0,,,,0,1,1,0,0.695816,0.414431,865,226,0.379476,STAND TEMPORARILY LOST (3),626,257,1202,581,,,,,,
473,15.766667,58.013,12.159,0,0,0,0.000000,0.000000,0.000000,0.000000,0.000000,0,0.000,0.000,NO BLACK,NO BUNDLE,0,0,0,,,,0,1,1,0,0.695816,0.414431,865,226,0.379476,STAND TEMPORARILY LOST (3),626,257,1202,581,,,,,,
474,15.800000,61.163,11.632,952,0,2,0.831030,0.000000,0.715448,0.000000,0.000000,0,0.000,0.000,NO LASHING,NO BUNDLE,0,0,0,,,,0,0,0,0,0.000000,0.000000,,,,NEED TWO DARK RAILS AND AN UPRIGHT,626,257,1202,581,,,,,,
475,15.833333,60.988,11.431,379,0,0,0.844227,0.000000,0.000000,0.000000,0.000000,0,0.000,0.000,NO BLACK,NO BUNDLE,0,0,0,,,,0,0,0,0,0.558878,0.000000,,,,WEAK STAND GEOMETRY,626,257,1202,581,,,,,,
476,15.866667,62.178,11.217,0,0,0,0.000000,0.000000,0.000000,0.000000,0.000000,0,0.000,0.000,NO BLACK,NO BUNDLE,0,0,0,,,,0,1,0,1,0.583032,0.505749,840,114,0.108333,ACQUIRING STAND 1/4,626,257,1202,581,,,,,,
477,15.900000,62.527,11.727,0,0,0,0.000000,0.000000,0.000000,0.000000,0.000000,0,0.000,0.000,NO BLACK,NO BUNDLE,0,0,0,,,,0,1,0,1,0.583032,0.505749,840,114,0.108333,ACQUIRING STAND 1/4,626,257,1202,581,,,,,,
478,15.933333,62.934,11.451,535,0,0,0.866771,0.000000,0.000000,0.000000,0.000000,0,0.000,0.000,NO BLACK,NO BUNDLE,0,0,0,,,,0,1,0,0,0.583032,0.505749,840,114,0.108333,STAND TEMPORARILY LOST (1),626,257,1202,581,,,,,,
479,15.966667,64.463,10.362,18923,12605,9922,0.867014,0.782294,0.850028,0.824654,0.000000,0,0.000,0.000,INSUFFICIENT LASHING PATTERN,NO BUNDLE,0,0,0,,,,0,1,0,0,0.583032,0.505749,840,114,0.108333,STAND TEMPORARILY LOST (1),,,,,,,,,,
480,16.000000,60.014,10.165,1281,283,841,0.805417,0.719985,0.812422,0.762701,0.000000,0,0.000,0.000,GEOMETRY FAIL,NO BUNDLE,0,0,0,,,,0,1,0,0,0.583032,0.505749,840,114,0.108333,STAND TEMPORARILY LOST (2),626,257,1202,581,,,,,,
481,16.033333,61.361,10.454,1001,233,1675,0.807398,0.732675,0.833333,0.770037,0.000000,0,0.000,0.000,GEOMETRY FAIL,NO BUNDLE,0,0,0,,,,0,1,0,0,0.583032,0.505749,840,114,0.108333,STAND TEMPORARILY LOST (2),626,257,1202,581,,,,,,
482,16.066667,61.375,10.410,781,93,1084,0.802819,0.764320,0.829104,0.783570,0.000000,0,0.000,0.000,NO LASHING,NO BUNDLE,0,0,0,,,,0,1,0,0,0.583032,0.505749,840,114,0.108333,STAND TARGET JUMP REJECTED,626,257,1202,581,,,,,,
483,16.100000,62.020,11.002,548,250,767,0.793661,0.726111,0.860873,0.759886,0.000000,0,0.000,0.000,NO BLACK,NO BUNDLE,0,0,0,,,,0,1,0,0,0.583032,0.505749,840,114,0.108333,STAND TARGET JUMP REJECTED,626,257,1202,581,,,,,,
484,16.133333,61.515,10.521,745,172,2831,0.802906,0.717381,0.842114,0.760144,0.000000,0,0.000,0.000,GEOMETRY FAIL,NO BUNDLE,0,0,0,,,,0,0,0,0,0.000000,0.000000,,,,STAND TARGET JUMP REJECTED,626,257,1202,581,,,,,,
485,16.166667,61.525,10.277,640,164,2076,0.807814,0.756209,0.820653,0.782011,0.000000,0,0.000,0.000,GEOMETRY FAIL,NO BUNDLE,0,0,0,,,,0,0,0,0,0.476513,0.000000,,,,WEAK STAND GEOMETRY,626,257,1202,581,,,,,,
486,16.200000,62.348,10.192,550,181,1158,0.807590,0.753581,0.830253,0.780585,0.000000,0,0.000,0.000,NO BLACK,NO BUNDLE,0,0,0,,,,0,0,0,0,0.000000,0.000000,,,,WEAK STAND GEOMETRY,626,257,1202,581,,,,,,
487,16.233333,62.149,9.974,841,300,1207,0.810936,0.744084,0.822308,0.777510,0.000000,0,0.000,0.000,GEOMETRY FAIL,NO BUNDLE,0,0,0,,,,0,1,0,1,0.572500,0.478693,880,88,0.103704,ACQUIRING STAND 1/4,626,257,1202,581,,,,,,
488,16.266667,61.771,9.738,1235,172,3426,0.821319,0.780198,0.840572,0.800759,0.000000,0,0.000,0.000,GEOMETRY FAIL,NO BUNDLE,0,0,0,,,,0,1,0,0,0.572500,0.478693,880,88,0.103704,STAND TEMPORARILY LOST (1),626,257,1202,581,,,,,,
489,16.300000,62.545,9.928,1098,165,4432,0.833974,0.730645,0.836830,0.782310,0.000000,0,0.000,0.000,GEOMETRY FAIL,NO BUNDLE,0,0,0,,,,0,1,0,0,0.572500,0.478693,880,88,0.103704,STAND TEMPORARILY LOST (1),626,257,1202,581,,,,,,
490,16.333333,61.745,9.925,234,37,570,0.788025,0.659618,0.863953,0.723821,0.000000,0,0.000,0.000,NO BLACK,NO BUNDLE,0,0,0,,,,0,1,0,0,0.572500,0.478693,880,88,0.103704,STAND TEMPORARILY LOST (2),626,257,1202,581,,,,,,
491,16.366667,65.319,8.968,14585,8604,9417,0.904873,0.780467,0.868104,0.851148,0.835940,1,201.678,34.624,VALID,CANDIDATE,1,1,0,885,496,170.000,0,1,0,0,0.572500,0.478693,880,88,0.103704,STAND TEMPORARILY LOST (2),,,,,,,,,,
492,16.400000,55.390,9.232,286,157,1112,0.756786,0.728359,0.790415,0.742572,0.000000,0,0.000,0.000,NO BLACK,NO BUNDLE,0,0,0,,,,0,1,0,0,0.572500,0.478693,880,88,0.103704,STAND TARGET JUMP REJECTED,622,318,1234,661,,,,,,
493,16.433333,61.591,9.657,780,211,1357,0.784465,0.725375,0.789548,0.754920,0.000000,0,0.000,0.000,GEOMETRY FAIL,NO BUNDLE,0,0,0,,,,0,1,0,0,0.572500,0.478693,880,88,0.103704,STAND TARGET JUMP REJECTED,622,318,1234,661,,,,,,
494,16.466667,61.638,9.725,311,306,556,0.750552,0.725379,0.775707,0.737966,0.000000,0,0.000,0.000,NO BLACK,NO BUNDLE,0,0,0,,,,0,0,0,0,0.000000,0.000000,,,,WEAK STAND GEOMETRY,622,318,1234,661,,,,,,
495,16.500000,61.437,9.832,0,234,52,0.000000,0.714731,0.748731,0.000000,0.000000,0,0.000,0.000,NO BLACK,NO BUNDLE,0,0,0,,,,0,0,0,0,0.557715,0.000000,,,,WEAK STAND GEOMETRY,622,318,1234,661,,,,,,
496,16.533333,60.868,9.946,128,273,876,0.739440,0.722534,0.782462,0.730987,0.000000,0,0.000,0.000,NO BLACK,NO BUNDLE,0,0,0,,,,0,0,0,0,0.000000,0.000000,,,,NEED TWO DARK RAILS AND AN UPRIGHT,622,318,1234,661,,,,,,
497,16.566667,60.658,10.010,20,254,312,0.713158,0.714393,0.771827,0.713776,0.000000,0,0.000,0.000,NO BLACK,NO BUNDLE,0,0,0,,,,0,0,0,0,0.000000,0.000000,,,,WEAK STAND GEOMETRY,622,318,1234,661,,,,,,
498,16.600000,60.717,10.083,0,67,268,0.000000,0.654110,0.787040,0.000000,0.000000,0,0.000,0.000,NO BLACK,NO BUNDLE,0,0,0,,,,0,0,0,0,0.000000,0.000000,,,,NEED TWO DARK RAILS AND AN UPRIGHT,622,318,1234,661,,,,,,
499,16.633333,61.025,10.134,53,76,935,0.741409,0.670314,0.809436,0.705861,0.000000,0,0.000,0.000,NO BLACK,NO BUNDLE,0,0,0,,,,0,1,0,1,0.732701,0.425133,906,244,0.282407,ACQUIRING STAND 1/4,622,318,1234,661,,,,,,
500,16.666667,60.836,10.139,0,243,93,0.000000,0.734758,0.801196,0.000000,0.000000,0,0.000,0.000,NO BLACK,NO BUNDLE,0,0,0,,,,0,1,0,1,0.660344,0.510504,935,154,0.204491,ACQUIRING STAND 2/4,622,318,1234,661,,,,,,
501,16.700000,61.490,10.429,575,410,2711,0.775617,0.734614,0.816556,0.755115,0.000000,0,0.000,0.000,GEOMETRY FAIL,NO BUNDLE,0,0,0,,,,0,1,0,1,0.660344,0.510504,935,154,0.204491,ACQUIRING STAND 2/4,622,318,1234,661,,,,,,
502,16.733333,61.397,10.378,434,292,745,0.763272,0.705944,0.793751,0.734608,0.000000,0,0.000,0.000,NO BLACK,NO BUNDLE,0,0,0,,,,0,1,0,0,0.660344,0.510504,935,154,0.204491,STAND TEMPORARILY LOST (1),622,318,1234,661,,,,,,
503,16.766667,62.108,10.939,337,270,339,0.758967,0.723297,0.785887,0.741132,0.000000,0,0.000,0.000,NO BLACK,NO BUNDLE,0,0,0,,,,0,1,0,0,0.660344,0.510504,935,154,0.204491,STAND TEMPORARILY LOST (1),622,318,1234,661,,,,,,
504,16.800000,60.883,10.527,1450,449,4590,0.794076,0.705749,0.832163,0.749912,0.000000,0,0.000,0.000,GEOMETRY FAIL,NO BUNDLE,0,0,0,,,,0,1,0,1,0.581054,0.439439,909,110,0.163317,ACQUIRING STAND 2/4,622,318,1234,661,,,,,,
505,16.833333,62.523,11.094,0,117,188,0.000000,0.704673,0.754281,0.000000,0.000000,0,0.000,0.000,NO BLACK,NO BUNDLE,0,0,0,,,,0,1,0,1,0.581054,0.439439,909,110,0.163317,ACQUIRING STAND 2/4,622,318,1234,661,,,,,,
506,16.866667,61.561,10.800,581,353,814,0.766384,0.709658,0.788975,0.738021,0.000000,0,0.000,0.000,GEOMETRY FAIL,NO BUNDLE,0,0,0,,,,0,1,0,0,0.581054,0.439439,909,110,0.163317,STAND TEMPORARILY LOST (1),622,318,1234,661,,,,,,
507,16.900000,60.646,11.364,292,374,58,0.770006,0.734453,0.757035,0.752230,0.000000,0,0.000,0.000,NO BLACK,NO BUNDLE,0,0,0,,,,0,1,0,0,0.581054,0.439439,909,110,0.163317,STAND TEMPORARILY LOST (1),622,318,1234,661,,,,,,
508,16.933333,61.530,11.227,297,175,365,0.754481,0.701768,0.773003,0.728124,0.000000,0,0.000,0.000,NO BLACK,NO BUNDLE,0,0,0,,,,0,1,0,0,0.581054,0.439439,909,110,0.163317,STAND TARGET JUMP REJECTED,622,318,1234,661,,,,,,
509,16.966667,63.605,10.179,15563,9571,9693,0.882750,0.766574,0.840976,0.824662,0.000000,0,0.000,0.000,INSUFFICIENT LASHING PATTERN,NO BUNDLE,0,0,0,,,,0,1,0,0,0.581054,0.439439,909,110,0.163317,STAND TARGET JUMP REJECTED,,,,,,,,,,
510,17.000000,61.705,10.110,0,0,0,0.000000,0.000000,0.000000,0.000000,0.000000,0,0.000,0.000,NO BLACK,NO BUNDLE,0,0,0,,,,0,1,0,0,0.581054,0.439439,909,110,0.163317,STAND TEMPORARILY LOST (3),622,318,1234,661,,,,,,
511,17.033333,62.695,10.762,0,0,0,0.000000,0.000000,0.000000,0.000000,0.000000,0,0.000,0.000,NO BLACK,NO BUNDLE,0,0,0,,,,0,1,0,0,0.581054,0.439439,909,110,0.163317,STAND TEMPORARILY LOST (3),622,318,1234,661,,,,,,
512,17.066667,64.620,9.655,14924,9885,10749,0.901133,0.791271,0.868335,0.853580,0.809480,1,205.542,36.380,VALID,CANDIDATE,1,1,0,892,706,189.000,0,0,0,0,0.000000,0.000000,,,,NEED TWO DARK RAILS AND AN UPRIGHT,,,,,,,,,,
513,17.100000,55.650,9.791,146,112,0,0.736857,0.689035,0.000000,0.712946,0.000000,0,0.000,0.000,NO BLACK,NO BUNDLE,0,0,0,,,,0,0,0,0,0.000000,0.000000,,,,WEAK STAND GEOMETRY,454,509,1145,897,,,,,,
514,17.133333,63.222,9.806,157,220,54,0.755121,0.717998,0.804603,0.736560,0.000000,0,0.000,0.000,NO BLACK,NO BUNDLE,0,0,0,,,,0,1,0,1,0.581478,0.443129,984,727,0.153704,ACQUIRING STAND 1/4,454,509,1145,897,,,,,,
515,17.166667,61.965,10.492,302,257,0,0.755205,0.722140,0.000000,0.738673,0.000000,0,0.000,0.000,NO BLACK,NO BUNDLE,0,0,0,,,,0,1,0,1,0.581478,0.443129,984,727,0.153704,ACQUIRING STAND 1/4,454,509,1145,897,,,,,,
516,17.200000,62.622,10.246,680,286,314,0.754613,0.735251,0.782645,0.744932,0.000000,0,0.000,0.000,GEOMETRY FAIL,NO BUNDLE,0,0,0,,,,0,1,0,0,0.581478,0.443129,984,727,0.153704,STAND TARGET JUMP REJECTED,454,509,1145,897,,,,,,
517,17.233333,61.649,10.708,643,271,267,0.741868,0.729289,0.771339,0.735578,0.000000,0,0.000,0.000,GEOMETRY FAIL,NO BUNDLE,0,0,0,,,,0,1,0,0,0.581478,0.443129,984,727,0.153704,STAND TARGET JUMP REJECTED,454,509,1145,897,,,,,,
518,17.266667,61.614,10.508,113,74,1,0.722261,0.653433,0.705092,0.687847,0.000000,0,0.000,0.000,NO BLACK,NO BUNDLE,0,0,0,,,,0,1,0,0,0.581478,0.443129,984,727,0.153704,STAND TEMPORARILY LOST (2),454,509,1145,897,,,,,,
519,17.300000,61.930,11.115,136,94,196,0.729932,0.673584,0.758275,0.701758,0.000000,0,0.000,0.000,NO BLACK,NO BUNDLE,0,0,0,,,,0,1,0,0,0.581478,0.443129,984,727,0.153704,STAND TEMPORARILY LOST (2),454,509,1145,897,,,,,,
520,17.333333,61.858,10.920,188,76,648,0.747289,0.732075,0.780981,0.739682,0.000000,0,0.000,0.000,NO BLACK,NO BUNDLE,0,0,0,,,,0,1,0,0,0.581478,0.443129,984,727,0.153704,STAND TARGET JUMP REJECTED,454,509,1145,897,,,,,,
521,17.366667,63.825,11.393,234,122,775,0.734679,0.734435,0.800536,0.734557,0.000000,0,0.000,0.000,NO BLACK,NO BUNDLE,0,0,0,,,,0,1,0,0,0.581478,0.443129,984,727,0.153704,STAND TARGET JUMP REJECTED,454,509,1145,897,,,,,,
522,17.400000,60.977,11.197,274,2,256,0.742174,0.605345,0.803910,0.673760,0.000000,0,0.000,0.000,NO BLACK,NO BUNDLE,0,0,0,,,,0,0,0,0,0.000000,0.000000,,,,NEED TWO DARK RAILS AND AN UPRIGHT,454,509,1145,897,,,,,,
523,17.433333,61.864,10.989,13,0,36,0.712187,0.000000,0.763991,0.000000,0.000000,0,0.000,0.000,NO BLACK,NO BUNDLE,0,0,0,,,,0,0,0,0,0.000000,0.000000,,,,NEED TWO DARK RAILS AND AN UPRIGHT,454,509,1145,897,,,,,,
524,17.466667,60.694,10.862,0,0,0,0.000000,0.000000,0.000000,0.000000,0.000000,0,0.000,0.000,NO BLACK,NO BUNDLE,0,0,0,,,,0,1,0,1,0.651146,0.651063,1384,430,0.151852,ACQUIRING STAND 1/4,454,509,1145,897,,,,,,
525,17.500000,61.399,11.444,0,0,0,0.000000,0.000000,0.000000,0.000000,0.000000,0,0.000,0.000,NO BLACK,NO BUNDLE,0,0,0,,,,0,1,0,1,0.651146,0.651063,1384,430,0.151852,ACQUIRING STAND 1/4,454,509,1145,897,,,,,,
526,17.533333,61.195,11.244,0,0,0,0.000000,0.000000,0.000000,0.000000,0.000000,0,0.000,0.000,NO BLACK,NO BUNDLE,0,0,0,,,,0,1,0,0,0.651146,0.651063,1384,430,0.151852,STAND TEMPORARILY LOST (1),454,509,1145,897,,,,,,
527,17.566667,62.557,11.723,0,0,0,0.000000,0.000000,0.000000,0.000000,0.000000,0,0.000,0.000,NO BLACK,NO BUNDLE,0,0,0,,,,0,1,0,0,0.651146,0.651063,1384,430,0.151852,STAND TEMPORARILY LOST (1),454,509,1145,897,,,,,,
528,17.600000,61.556,11.466,0,0,0,0.000000,0.000000,0.000000,0.000000,0.000000,0,0.000,0.000,NO BLACK,NO BUNDLE,0,0,0,,,,0,1,0,0,0.651146,0.651063,1384,430,0.151852,STAND TEMPORARILY LOST (2),454,509,1145,897,,,,,,
529,17.633333,64.711,11.828,0,0,0,0.000000,0.000000,0.000000,0.000000,0.000000,0,0.000,0.000,NO BLACK,NO BUNDLE,0,0,0,,,,0,1,0,0,0.651146,0.651063,1384,430,0.151852,STAND TEMPORARILY LOST (2),454,509,1145,897,,,,,,
530,17.666667,63.179,11.575,0,0,0,0.000000,0.000000,0.000000,0.000000,0.000000,0,0.000,0.000,NO BLACK,NO BUNDLE,0,0,0,,,,0,1,0,0,0.651146,0.651063,1384,430,0.151852,STAND TARGET JUMP REJECTED,454,509,1145,897,,,,,,
531,17.700000,63.483,11.993,0,0,0,0.000000,0.000000,0.000000,0.000000,0.000000,0,0.000,0.000,NO BLACK,NO BUNDLE,0,0,0,,,,0,1,0,0,0.651146,0.651063,1384,430,0.151852,STAND TARGET JUMP REJECTED,454,509,1145,897,,,,,,
532,17.733333,61.622,11.711,0,0,0,0.000000,0.000000,0.000000,0.000000,0.000000,0,0.000,0.000,NO BLACK,NO BUNDLE,0,0,0,,,,0,0,0,0,0.000000,0.000000,,,,STAND TARGET JUMP REJECTED,454,509,1145,897,,,,,,
533,17.766667,62.183,10.433,27485,19189,13866,0.859318,0.783724,0.907366,0.850136,0.816257,1,211.768,34.512,VALID,CANDIDATE,1,1,0,755,354,217.000,0,1,0,1,0.983284,0.626181,886,262,0.455556,ACQUIRING STAND 1/4,,,,,,,,,,
534,17.800000,55.444,10.497,3,0,96,0.718016,0.000000,0.871666,0.000000,0.000000,0,0.000,0.000,NO BLACK,NO BUNDLE,0,0,0,,,,0,1,0,1,0.749340,0.544032,884,214,0.354722,ACQUIRING STAND 2/4,480,183,1056,507,,,,,,
535,17.833333,58.010,11.237,0,0,22,0.000000,0.000000,0.857594,0.000000,0.000000,0,0.000,0.000,NO BLACK,NO BUNDLE,0,0,0,,,,0,1,0,1,0.749340,0.544032,884,214,0.354722,ACQUIRING STAND 2/4,480,183,1056,507,,,,,,
536,17.866667,61.230,11.034,0,0,0,0.000000,0.000000,0.000000,0.000000,0.000000,0,0.000,0.000,NO BLACK,NO BUNDLE,0,0,0,,,,0,1,0,1,0.865279,0.559459,932,228,0.387773,ACQUIRING STAND 3/4,480,183,1056,507,,,,,,
537,17.900000,61.953,11.579,0,0,0,0.000000,0.000000,0.000000,0.000000,0.000000,0,0.000,0.000,NO BLACK,NO BUNDLE,0,0,0,,,,0,1,0,1,0.865279,0.559459,932,228,0.387773,ACQUIRING STAND 3/4,480,183,1056,507,,,,,,
538,17.933333,61.115,11.320,0,0,0,0.000000,0.000000,0.000000,0.000000,0.000000,0,0.000,0.000,NO BLACK,NO BUNDLE,0,0,0,,,,0,1,0,0,0.865279,0.559459,932,228,0.387773,STAND TEMPORARILY LOST (1),480,183,1056,507,,,,,,
539,17.966667,62.808,10.212,24009,9788,19039,0.784348,0.806639,0.863605,0.818198,0.794646,1,207.953,37.797,VALID,CANDIDATE,1,1,0,830,236,225.000,0,1,0,0,0.865279,0.559459,932,228,0.387773,STAND TEMPORARILY LOST (1),,,,,,,,,,
540,18.000000,55.451,10.288,326,87,4562,0.794566,0.615469,0.842114,0.705017,0.000000,0,0.000,0.000,NO BLACK,NO BUNDLE,0,0,0,,,,0,1,0,0,0.865279,0.559459,932,228,0.387773,STAND TARGET JUMP REJECTED,0,0,1418,798,,,,,,
541,18.033333,62.175,10.877,18,312,794,0.711936,0.678273,0.839871,0.695105,0.000000,0,0.000,0.000,NO BLACK,NO BUNDLE,0,0,0,,,,0,1,0,0,0.865279,0.559459,932,228,0.387773,STAND TARGET JUMP REJECTED,0,0,1418,798,,,,,,
542,18.066667,61.431,10.755,0,495,7581,0.000000,0.705651,0.864197,0.000000,0.000000,0,0.000,0.000,NO BLACK,NO BUNDLE,0,0,0,,,,0,1,0,0,0.865279,0.559459,932,228,0.387773,STAND TARGET JUMP REJECTED,0,0,1418,798,,,,,,
543,18.100000,62.291,11.280,298,238,4993,0.727855,0.659892,0.837180,0.693874,0.000000,0,0.000,0.000,NO BLACK,NO BUNDLE,0,0,0,,,,0,1,0,0,0.865279,0.559459,932,228,0.387773,STAND TARGET JUMP REJECTED,0,0,1418,798,,,,,,
544,18.133333,61.317,11.095,147,1,3291,0.725216,0.600094,0.840333,0.662655,0.000000,0,0.000,0.000,NO BLACK,NO BUNDLE,0,0,0,,,,0,0,0,0,0.000000,0.000000,,,,STAND TARGET JUMP REJECTED,0,0,1418,798,,,,,,
545,18.166667,62.339,10.905,249,613,2268,0.766428,0.706298,0.836452,0.736363,0.000000,0,0.000,0.000,NO BLACK,NO BUNDLE,0,0,0,,,,0,1,0,1,0.689638,0.501000,912,94,0.159259,ACQUIRING STAND 1/4,0,0,1418,798,,,,,,
546,18.200000,61.508,10.772,165,1650,3096,0.748127,0.762594,0.823129,0.755361,0.000000,0,0.000,0.000,NO BLACK,NO BUNDLE,0,0,0,,,,0,1,0,1,0.702992,0.444243,937,156,0.240231,ACQUIRING STAND 2/4,0,0,1418,798,,,,,,
547,18.233333,62.545,11.243,0,1355,5698,0.000000,0.706486,0.847648,0.000000,0.000000,0,0.000,0.000,NO BLACK,NO BUNDLE,0,0,0,,,,0,1,0,1,0.702992,0.444243,937,156,0.240231,ACQUIRING STAND 2/4,0,0,1418,798,,,,,,
548,18.266667,62.202,11.034,31,1704,5690,0.727435,0.742247,0.855257,0.734841,0.000000,0,0.000,0.000,NO BLACK,NO BUNDLE,0,0,0,,,,0,1,0,0,0.702992,0.444243,937,156,0.240231,STAND TARGET JUMP REJECTED,0,0,1418,798,,,,,,
549,18.300000,63.586,11.484,0,522,3952,0.000000,0.719204,0.872456,0.000000,0.000000,0,0.000,0.000,NO BLACK,NO BUNDLE,0,0,0,,,,0,1,0,0,0.702992,0.444243,937,156,0.240231,STAND TARGET JUMP REJECTED,0,0,1418,798,,,,,,
550,18.333333,64.458,11.131,7,286,3286,0.709252,0.643135,0.850647,0.676193,0.000000,0,0.000,0.000,NO BLACK,NO BUNDLE,0,0,0,,,,0,1,0,1,0.892315,0.578477,909,247,0.342363,ACQUIRING STAND 1/4,0,0,1418,798,,,,,,
551,18.366667,63.809,11.545,51,0,3906,0.730047,0.000000,0.859530,0.000000,0.000000,0,0.000,0.000,NO BLACK,NO BUNDLE,0,0,0,,,,0,1,0,1,0.892315,0.578477,909,247,0.342363,ACQUIRING STAND 1/4,0,0,1418,798,,,,,,
552,18.400000,62.571,11.296,233,236,674,0.783518,0.664037,0.821045,0.723777,0.000000,0,0.000,0.000,NO BLACK,NO BUNDLE,0,0,0,,,,0,1,0,0,0.892315,0.578477,909,247,0.342363,STAND TEMPORARILY LOST (1),0,0,1418,798,,,,,,
553,18.433333,62.997,10.741,1688,2214,5791,0.775775,0.754047,0.808560,0.764911,0.000000,0,0.000,0.000,INSUFFICIENT LASHING PATTERN,NO BUNDLE,0,0,0,,,,0,1,0,0,0.892315,0.578477,909,247,0.342363,STAND TEMPORARILY LOST (1),0,0,1418,798,,,,,,
554,18.466667,63.570,10.574,0,0,0,0.000000,0.000000,0.000000,0.000000,0.000000,0,0.000,0.000,NO BLACK,NO BUNDLE,0,0,0,,,,0,1,0,0,0.892315,0.578477,909,247,0.342363,STAND TEMPORARILY LOST (2),0,0,1418,798,,,,,,
555,18.500000,63.109,11.118,0,0,0,0.000000,0.000000,0.000000,0.000000,0.000000,0,0.000,0.000,NO BLACK,NO BUNDLE,0,0,0,,,,0,1,0,0,0.892315,0.578477,909,247,0.342363,STAND TEMPORARILY LOST (2),0,0,1418,798,,,,,,
556,18.533333,62.007,10.930,0,0,0,0.000000,0.000000,0.000000,0.000000,0.000000,0,0.000,0.000,NO BLACK,NO BUNDLE,0,0,0,,,,0,1,0,1,0.794459,0.544328,1058,215,0.341471,ACQUIRING STAND 1/4,0,0,1418,798,,,,,,
557,18.566667,62.114,11.466,0,0,0,0.000000,0.000000,0.000000,0.000000,0.000000,0,0.000,0.000,NO BLACK,NO BUNDLE,0,0,0,,,,0,1,0,1,0.794459,0.544328,1058,215,0.341471,ACQUIRING STAND 1/4,0,0,1418,798,,,,,,
558,18.600000,63.387,11.165,36,0,0,0.710153,0.000000,0.000000,0.000000,0.000000,0,0.000,0.000,NO BLACK,NO BUNDLE,0,0,0,,,,0,1,0,0,0.794459,0.544328,1058,215,0.341471,STAND TARGET JUMP REJECTED,0,0,1418,798,,,,,,
559,18.633333,65.188,11.569,0,0,0,0.000000,0.000000,0.000000,0.000000,0.000000,0,0.000,0.000,NO BLACK,NO BUNDLE,0,0,0,,,,0,1,0,0,0.794459,0.544328,1058,215,0.341471,STAND TARGET JUMP REJECTED,0,0,1418,798,,,,,,
560,18.666667,64.948,11.275,10,0,0,0.719102,0.000000,0.000000,0.000000,0.000000,0,0.000,0.000,NO BLACK,NO BUNDLE,0,0,0,,,,0,1,0,0,0.794459,0.544328,1058,215,0.341471,STAND TARGET JUMP REJECTED,,,,,,,,,,
561,18.700000,59.438,11.781,0,19,0,0.000000,0.623158,0.000000,0.000000,0.000000,0,0.000,0.000,NO BLACK,NO BUNDLE,0,0,0,,,,0,1,0,0,0.794459,0.544328,1058,215,0.341471,STAND TARGET JUMP REJECTED,0,0,1920,1080,,,,,,
562,18.733333,61.948,11.451,0,587,0,0.000000,0.693845,0.000000,0.000000,0.000000,0,0.000,0.000,NO BLACK,NO BUNDLE,0,0,0,,,,0,1,0,0,0.794459,0.544328,1058,215,0.341471,STAND TARGET JUMP REJECTED,0,0,1920,1080,,,,,,
563,18.766667,63.297,11.859,0,0,0,0.000000,0.000000,0.000000,0.000000,0.000000,0,0.000,0.000,NO BLACK,NO BUNDLE,0,0,0,,,,0,1,0,0,0.794459,0.544328,1058,215,0.341471,STAND TARGET JUMP REJECTED,0,0,1920,1080,,,,,,
564,18.800000,62.949,11.512,76,251,0,0.721599,0.647307,0.000000,0.684453,0.000000,0,0.000,0.000,NO BLACK,NO BUNDLE,0,0,0,,,,0,0,0,0,0.000000,0.000000,,,,STAND TARGET JUMP REJECTED,0,0,1920,1080,,,,,,
565,18.833333,63.765,11.236,78,0,61,0.725785,0.000000,0.720413,0.000000,0.000000,0,0.000,0.000,NO BLACK,NO BUNDLE,0,0,0,,,,0,0,0,0,0.475377,0.000000,,,,WEAK STAND GEOMETRY,0,0,1920,1080,,,,,,
566,18.866667,62.016,11.041,0,15,0,0.000000,0.620086,0.000000,0.000000,0.000000,0,0.000,0.000,NO BLACK,NO BUNDLE,0,0,0,,,,0,1,0,1,0.915062,0.610674,1102,494,0.914815,ACQUIRING STAND 1/4,0,0,1920,1080,,,,,,
567,18.900000,59.570,11.623,0,0,0,0.000000,0.000000,0.000000,0.000000,0.000000,0,0.000,0.000,NO BLACK,NO BUNDLE,0,0,0,,,,0,1,0,1,0.915062,0.610674,1102,494,0.914815,ACQUIRING STAND 1/4,0,0,1920,1080,,,,,,
568,18.933333,63.725,11.277,146,0,0,0.756488,0.000000,0.000000,0.000000,0.000000,0,0.000,0.000,NO BLACK,NO BUNDLE,0,0,0,,,,0,1,0,1,0.871727,0.536771,1022,432,0.784444,ACQUIRING STAND 2/4,0,0,1920,1080,,,,,,
569,18.966667,62.593,11.777,0,0,0,0.000000,0.000000,0.000000,0.000000,0.000000,0,0.000,0.000,NO BLACK,NO BUNDLE,0,0,0,,,,0,1,0,1,0.871727,0.536771,1022,432,0.784444,ACQUIRING STAND 2/4,,,,,,,,,,
570,19.000000,61.757,11.490,0,0,0,0.000000,0.000000,0.000000,0.000000,0.000000,0,0.000,0.000,NO BLACK,NO BUNDLE,0,0,0,,,,0,1,0,0,0.871727,0.536771,1022,432,0.784444,STAND TARGET JUMP REJECTED,0,0,1920,1080,,,,,,
571,19.033333,68.020,11.735,0,0,0,0.000000,0.000000,0.000000,0.000000,0.000000,0,0.000,0.000,NO BLACK,NO BUNDLE,0,0,0,,,,0,1,0,0,0.871727,0.536771,1022,432,0.784444,STAND TARGET JUMP REJECTED,0,0,1920,1080,,,,,,
572,19.066667,62.319,11.417,0,0,0,0.000000,0.000000,0.000000,0.000000,0.000000,0,0.000,0.000,NO BLACK,NO BUNDLE,0,0,0,,,,0,1,0,0,0.871727,0.536771,1022,432,0.784444,STAND TARGET JUMP REJECTED,0,0,1920,1080,,,,,,
573,19.100000,63.443,11.800,9,192,0,0.707572,0.640884,0.000000,0.674228,0.000000,0,0.000,0.000,NO BLACK,NO BUNDLE,0,0,0,,,,0,1,0,0,0.871727,0.536771,1022,432,0.784444,STAND TARGET JUMP REJECTED,0,0,1920,1080,,,,,,
574,19.133333,62.255,11.510,0,103,0,0.000000,0.628029,0.000000,0.000000,0.000000,0,0.000,0.000,NO BLACK,NO BUNDLE,0,0,0,,,,0,1,0,1,0.757205,0.492986,984,312,0.562815,ACQUIRING STAND 1/4,0,0,1920,1080,,,,,,
575,19.166667,59.357,11.998,0,0,0,0.000000,0.000000,0.000000,0.000000,0.000000,0,0.000,0.000,NO BLACK,NO BUNDLE,0,0,0,,,,0,1,0,1,0.757205,0.492986,984,312,0.562815,ACQUIRING STAND 1/4,0,0,1920,1080,,,,,,
576,19.200000,63.382,11.617,0,0,0,0.000000,0.000000,0.000000,0.000000,0.000000,0,0.000,0.000,NO BLACK,NO BUNDLE,0,0,0,,,,0,1,0,1,0.883111,0.530004,951,338,0.619933,ACQUIRING STAND 2/4,0,0,1920,1080,,,,,,
577,19.233333,65.354,11.916,0,0,0,0.000000,0.000000,0.000000,0.000000,0.000000,0,0.000,0.000,NO BLACK,NO BUNDLE,0,0,0,,,,0,1,0,1,0.883111,0.530004,951,338,0.619933,ACQUIRING STAND 2/4,0,0,1920,1080,,,,,,
578,19.266667,63.010,11.565,228,240,53,0.754690,0.672908,0.762501,0.713799,0.000000,0,0.000,0.000,NO BLACK,NO BUNDLE,0,0,0,,,,0,1,0,0,0.883111,0.530004,951,338,0.619933,STAND TARGET JUMP REJECTED,0,0,1920,1080,,,,,,
579,19.300000,59.358,12.014,0,0,0,0.000000,0.000000,0.000000,0.000000,0.000000,0,0.000,0.000,NO BLACK,NO BUNDLE,0,0,0,,,,0,1,0,0,0.883111,0.530004,951,338,0.619933,STAND TARGET JUMP REJECTED,0,0,1920,1080,,,,,,
580,19.333333,61.756,11.668,17,0,0,0.710089,0.000000,0.000000,0.000000,0.000000,0,0.000,0.000,NO BLACK,NO BUNDLE,0,0,0,,,,0,1,0,0,0.883111,0.530004,951,338,0.619933,STAND TEMPORARILY LOST (2),0,0,1920,1080,,,,,,
581,19.366667,62.938,12.051,0,0,0,0.000000,0.000000,0.000000,0.000000,0.000000,0,0.000,0.000,NO BLACK,NO BUNDLE,0,0,0,,,,0,1,0,0,0.883111,0.530004,951,338,0.619933,STAND TEMPORARILY LOST (2),0,0,1920,1080,,,,,,
582,19.400000,62.627,11.690,5,0,8,0.714897,0.000000,0.708528,0.000000,0.000000,0,0.000,0.000,NO BLACK,NO BUNDLE,0,0,0,,,,0,1,0,1,0.650546,0.540122,959,265,0.488785,ACQUIRING STAND 1/4,0,0,1920,1080,,,,,,
583,19.433333,63.532,12.049,23,0,0,0.726133,0.000000,0.000000,0.000000,0.000000,0,0.000,0.000,NO BLACK,NO BUNDLE,0,0,0,,,,0,1,0,1,0.650546,0.540122,959,265,0.488785,ACQUIRING STAND 1/4,0,0,1920,1080,,,,,,
584,19.466667,63.218,11.705,1220,0,769,0.788137,0.000000,0.858136,0.000000,0.000000,0,0.000,0.000,NO LASHING,NO BUNDLE,0,0,0,,,,0,1,0,0,0.650546,0.540122,959,265,0.488785,STAND TEMPORARILY LOST (1),0,0,1920,1080,,,,,,
585,19.500000,60.145,12.126,5059,0,3131,0.809791,0.000000,0.835902,0.000000,0.000000,0,0.000,0.000,NO LASHING,NO BUNDLE,0,0,0,,,,0,1,0,0,0.650546,0.540122,959,265,0.488785,STAND TEMPORARILY LOST (1),0,0,1920,1080,,,,,,
586,19.533333,64.221,11.163,7347,724,3933,0.771197,0.683299,0.828988,0.727248,0.000000,0,0.000,0.000,COMPONENTS TOO FAR,NO BUNDLE,0,0,0,,,,0,1,0,0,0.650546,0.540122,959,265,0.488785,STAND TEMPORARILY LOST (2),0,0,1920,1080,,,,,,
587,19.566667,63.494,10.555,14342,1173,14072,0.792366,0.703872,0.857566,0.748119,0.000000,0,0.000,0.000,GEOMETRY FAIL,NO BUNDLE,0,0,0,,,,0,1,0,0,0.650546,0.540122,959,265,0.488785,STAND TEMPORARILY LOST (2),0,0,1920,1080,,,,,,
588,19.600000,63.505,9.824,12539,1340,5635,0.778314,0.725192,0.830646,0.751753,0.000000,0,0.000,0.000,GEOMETRY FAIL,NO BUNDLE,0,0,0,,,,0,1,0,0,0.650546,0.540122,959,265,0.488785,STAND TEMPORARILY LOST (3),0,0,1920,1080,,,,,,
589,19.633333,62.379,9.342,15657,1235,8850,0.798038,0.725749,0.841755,0.761894,0.000000,0,0.000,0.000,GEOMETRY FAIL,NO BUNDLE,0,0,0,,,,0,1,0,0,0.650546,0.540122,959,265,0.488785,STAND TEMPORARILY LOST (3),0,0,1920,1080,,,,,,
590,19.666667,62.721,8.769,10853,1963,2034,0.783812,0.694350,0.810710,0.739081,0.000000,0,0.000,0.000,GEOMETRY FAIL,NO BUNDLE,0,0,0,,,,0,0,0,0,0.000000,0.000000,,,,WEAK STAND GEOMETRY,0,0,1920,1080,,,,,,
591,19.700000,58.726,9.012,0,0,0,0.000000,0.000000,0.000000,0.000000,0.000000,0,0.000,0.000,NO BLACK,NO BUNDLE,0,0,0,,,,0,1,0,1,0.609099,0.694709,1570,414,0.196296,ACQUIRING STAND 1/4,1205,213,1920,615,,,,,,
592,19.733333,61.366,9.197,0,0,0,0.000000,0.000000,0.000000,0.000000,0.000000,0,0.000,0.000,NO BLACK,NO BUNDLE,0,0,0,,,,0,1,0,0,0.609099,0.694709,1570,414,0.196296,STAND TARGET JUMP REJECTED,1205,213,1920,615,,,,,,
593,19.766667,62.721,9.978,0,0,0,0.000000,0.000000,0.000000,0.000000,0.000000,0,0.000,0.000,NO BLACK,NO BUNDLE,0,0,0,,,,0,1,0,0,0.609099,0.694709,1570,414,0.196296,STAND TARGET JUMP REJECTED,1205,213,1920,615,,,,,,
594,19.800000,63.241,9.938,0,0,0,0.000000,0.000000,0.000000,0.000000,0.000000,0,0.000,0.000,NO BLACK,NO BUNDLE,0,0,0,,,,0,1,0,0,0.609099,0.694709,1570,414,0.196296,STAND TEMPORARILY LOST (2),1205,213,1920,615,,,,,,
595,19.833333,65.381,10.503,0,0,0,0.000000,0.000000,0.000000,0.000000,0.000000,0,0.000,0.000,NO BLACK,NO BUNDLE,0,0,0,,,,0,1,0,0,0.609099,0.694709,1570,414,0.196296,STAND TEMPORARILY LOST (2),1205,213,1920,615,,,,,,
596,19.866667,62.901,10.357,0,0,0,0.000000,0.000000,0.000000,0.000000,0.000000,0,0.000,0.000,NO BLACK,NO BUNDLE,0,0,0,,,,0,1,0,0,0.609099,0.694709,1570,414,0.196296,STAND TARGET JUMP REJECTED,1205,213,1920,615,,,,,,
597,19.900000,59.293,11.055,0,0,0,0.000000,0.000000,0.000000,0.000000,0.000000,0,0.000,0.000,NO BLACK,NO BUNDLE,0,0,0,,,,0,1,0,0,0.609099,0.694709,1570,414,0.196296,STAND TARGET JUMP REJECTED,1205,213,1920,615,,,,,,
598,19.933333,62.582,10.870,0,0,0,0.000000,0.000000,0.000000,0.000000,0.000000,0,0.000,0.000,NO BLACK,NO BUNDLE,0,0,0,,,,0,0,0,0,0.000000,0.000000,,,,STAND TARGET JUMP REJECTED,1205,213,1920,615,,,,,,
599,19.966667,62.168,9.881,13613,4539,26375,0.761039,0.806105,0.860248,0.809131,0.764024,1,204.428,34.570,VALID,CANDIDATE,1,1,0,759,621,176.000,0,0,0,0,0.000000,0.000000,,,,NEED TWO DARK RAILS AND AN UPRIGHT,,,,,,,,,,
600,20.000000,57.289,9.932,0,0,0,0.000000,0.000000,0.000000,0.000000,0.000000,0,0.000,0.000,NO BLACK,NO BUNDLE,0,0,0,,,,0,1,0,1,0.911080,0.575678,870,302,0.537037,ACQUIRING STAND 1/4,144,314,1138,874,,,,,,
601,20.033333,62.865,10.615,0,0,0,0.000000,0.000000,0.000000,0.000000,0.000000,0,0.000,0.000,NO BLACK,NO BUNDLE,0,0,0,,,,0,1,0,1,0.911080,0.575678,870,302,0.537037,ACQUIRING STAND 1/4,144,314,1138,874,,,,,,
602,20.066667,61.722,10.496,0,0,0,0.000000,0.000000,0.000000,0.000000,0.000000,0,0.000,0.000,NO BLACK,NO BUNDLE,0,0,0,,,,0,1,0,0,0.911080,0.575678,870,302,0.537037,STAND TEMPORARILY LOST (1),144,314,1138,874,,,,,,
603,20.100000,62.844,11.074,0,0,0,0.000000,0.000000,0.000000,0.000000,0.000000,0,0.000,0.000,NO BLACK,NO BUNDLE,0,0,0,,,,0,1,0,0,0.911080,0.575678,870,302,0.537037,STAND TEMPORARILY LOST (1),144,314,1138,874,,,,,,
604,20.133333,64.619,10.840,0,0,0,0.000000,0.000000,0.000000,0.000000,0.000000,0,0.000,0.000,NO BLACK,NO BUNDLE,0,0,0,,,,0,1,0,0,0.911080,0.575678,870,302,0.537037,STAND TEMPORARILY LOST (2),144,314,1138,874,,,,,,
605,20.166667,62.822,11.380,0,0,0,0.000000,0.000000,0.000000,0.000000,0.000000,0,0.000,0.000,NO BLACK,NO BUNDLE,0,0,0,,,,0,1,0,0,0.911080,0.575678,870,302,0.537037,STAND TEMPORARILY LOST (2),144,314,1138,874,,,,,,
606,20.200000,62.707,11.140,0,0,0,0.000000,0.000000,0.000000,0.000000,0.000000,0,0.000,0.000,NO BLACK,NO BUNDLE,0,0,0,,,,0,1,0,0,0.911080,0.575678,870,302,0.537037,STAND TARGET JUMP REJECTED,144,314,1138,874,,,,,,
607,20.233333,62.939,11.627,0,0,0,0.000000,0.000000,0.000000,0.000000,0.000000,0,0.000,0.000,NO BLACK,NO BUNDLE,0,0,0,,,,0,1,0,0,0.911080,0.575678,870,302,0.537037,STAND TARGET JUMP REJECTED,144,314,1138,874,,,,,,
608,20.266667,61.891,11.365,0,0,5,0.000000,0.000000,0.744899,0.000000,0.000000,0,0.000,0.000,NO BLACK,NO BUNDLE,0,0,0,,,,0,1,0,1,0.772601,0.467033,910,337,0.610370,ACQUIRING STAND 1/4,144,314,1138,874,,,,,,
609,20.300000,61.598,11.839,247,0,0,0.742607,0.000000,0.000000,0.000000,0.000000,0,0.000,0.000,NO BLACK,NO BUNDLE,0,0,0,,,,0,1,0,1,0.772601,0.467033,910,337,0.610370,ACQUIRING STAND 1/4,144,314,1138,874,,,,,,
610,20.333333,62.405,11.558,28,0,0,0.714230,0.000000,0.000000,0.000000,0.000000,0,0.000,0.000,NO BLACK,NO BUNDLE,0,0,0,,,,0,1,0,1,0.817035,0.519559,917,356,0.564435,ACQUIRING STAND 2/4,144,314,1138,874,,,,,,
611,20.366667,63.049,11.906,20,0,0,0.730304,0.000000,0.000000,0.000000,0.000000,0,0.000,0.000,NO BLACK,NO BUNDLE,0,0,0,,,,0,1,0,1,0.817035,0.519559,917,356,0.564435,ACQUIRING STAND 2/4,144,314,1138,874,,,,,,
612,20.400000,62.071,11.565,20,0,0,0.724808,0.000000,0.000000,0.000000,0.000000,0,0.000,0.000,NO BLACK,NO BUNDLE,0,0,0,,,,0,1,0,1,0.878333,0.599105,967,309,0.521866,ACQUIRING STAND 3/4,144,314,1138,874,,,,,,
613,20.433333,63.488,11.961,8,0,0,0.724167,0.000000,0.000000,0.000000,0.000000,0,0.000,0.000,NO BLACK,NO BUNDLE,0,0,0,,,,0,1,0,1,0.878333,0.599105,967,309,0.521866,ACQUIRING STAND 3/4,144,314,1138,874,,,,,,
614,20.466667,62.483,11.604,243,0,0,0.738451,0.000000,0.000000,0.000000,0.000000,0,0.000,0.000,NO BLACK,NO BUNDLE,0,0,0,,,,0,1,0,0,0.878333,0.599105,967,309,0.521866,STAND TARGET JUMP REJECTED,144,314,1138,874,,,,,,
615,20.500000,62.822,12.033,2,0,0,0.712720,0.000000,0.000000,0.000000,0.000000,0,0.000,0.000,NO BLACK,NO BUNDLE,0,0,0,,,,0,1,0,0,0.878333,0.599105,967,309,0.521866,STAND TARGET JUMP REJECTED,144,314,1138,874,,,,,,
616,20.533333,61.906,11.713,0,0,0,0.000000,0.000000,0.000000,0.000000,0.000000,0,0.000,0.000,NO BLACK,NO BUNDLE,0,0,0,,,,0,1,0,1,0.808754,0.559523,983,475,0.477247,ACQUIRING STAND 1/4,144,314,1138,874,,,,,,
617,20.566667,62.189,12.132,0,0,0,0.000000,0.000000,0.000000,0.000000,0.000000,0,0.000,0.000,NO BLACK,NO BUNDLE,0,0,0,,,,0,1,0,1,0.808754,0.559523,983,475,0.477247,ACQUIRING STAND 1/4,144,314,1138,874,,,,,,
618,20.600000,61.816,11.827,0,0,0,0.000000,0.000000,0.000000,0.000000,0.000000,0,0.000,0.000,NO BLACK,NO BUNDLE,0,0,0,,,,0,1,0,1,0.903333,0.616917,987,344,0.446983,ACQUIRING STAND 2/4,144,314,1138,874,,,,,,
619,20.633333,62.445,12.221,0,0,0,0.000000,0.000000,0.000000,0.000000,0.000000,0,0.000,0.000,NO BLACK,NO BUNDLE,0,0,0,,,,0,1,0,1,0.903333,0.616917,987,344,0.446983,ACQUIRING STAND 2/4,144,314,1138,874,,,,,,
620,20.666667,60.873,11.250,11351,1155,1765,0.758087,0.703661,0.796570,0.730874,0.000000,0,0.000,0.000,NO VALID CONTACT,NO BUNDLE,0,0,0,,,,0,1,0,0,0.903333,0.616917,987,344,0.446983,STAND TARGET JUMP REJECTED,,,,,,,,,,
621,20.700000,62.434,10.490,14634,1548,7309,0.758611,0.703434,0.815190,0.731023,0.000000,0,0.000,0.000,NO VALID CONTACT,NO BUNDLE,0,0,0,,,,0,1,0,0,0.903333,0.616917,987,344,0.446983,STAND TARGET JUMP REJECTED,0,0,1920,1080,,,,,,
622,20.733333,62.792,9.631,14652,3330,18547,0.764836,0.735155,0.827880,0.749995,0.000000,0,0.000,0.000,GEOMETRY FAIL,NO BUNDLE,0,0,0,,,,0,1,0,1,0.811927,0.563786,971,403,0.543365,ACQUIRING STAND 1/4,0,0,1920,1080,,,,,,
623,20.766667,63.314,8.776,16244,4696,23603,0.770495,0.738056,0.844784,0.784445,0.741998,1,200.678,37.777,VALID,CANDIDATE,1,1,0,886,824,177.000,0,1,0,1,0.811927,0.563786,971,403,0.543365,ACQUIRING STAND 1/4,0,0,1920,1080,,,,,,
624,20.800000,56.790,8.947,1780,0,60,0.796016,0.000000,0.737808,0.000000,0.000000,0,0.000,0.000,NO LASHING,NO BUNDLE,0,0,0,,,,0,1,0,0,0.811927,0.563786,971,403,0.543365,STAND TARGET JUMP REJECTED,189,342,1501,1080,,,,,,
625,20.833333,63.118,9.347,1259,283,23,0.765665,0.712574,0.722388,0.739119,0.000000,0,0.000,0.000,GEOMETRY FAIL,NO BUNDLE,0,0,0,,,,0,1,0,0,0.811927,0.563786,971,403,0.543365,STAND TARGET JUMP REJECTED,189,342,1501,1080,,,,,,
626,20.866667,63.050,9.383,23,0,0,0.719110,0.000000,0.000000,0.000000,0.000000,0,0.000,0.000,NO BLACK,NO BUNDLE,0,0,0,,,,0,1,0,1,0.839506,0.572079,1118,558,0.444144,ACQUIRING STAND 1/4,189,342,1501,1080,,,,,,
627,20.900000,64.964,10.050,0,0,0,0.000000,0.000000,0.000000,0.000000,0.000000,0,0.000,0.000,NO BLACK,NO BUNDLE,0,0,0,,,,0,1,0,1,0.839506,0.572079,1118,558,0.444144,ACQUIRING STAND 1/4,189,342,1501,1080,,,,,,
628,20.933333,62.160,9.969,2597,0,139,0.800863,0.000000,0.749002,0.000000,0.000000,0,0.000,0.000,NO LASHING,NO BUNDLE,0,0,0,,,,0,1,0,1,0.811157,0.506276,1022,474,0.609309,ACQUIRING STAND 2/4,189,342,1501,1080,,,,,,
629,20.966667,66.244,9.071,25288,4120,19461,0.843984,0.663388,0.888881,0.798751,0.713641,1,196.552,36.541,VALID,CANDIDATE,1,1,0,874,619,239.000,0,1,0,1,0.811157,0.506276,1022,474,0.609309,ACQUIRING STAND 2/4,,,,,,,,,,
630,21.000000,56.614,9.470,0,0,0,0.000000,0.000000,0.000000,0.000000,0.000000,0,0.000,0.000,NO BLACK,NO BUNDLE,0,0,0,,,,0,1,0,0,0.811157,0.506276,1022,474,0.609309,STAND TEMPORARILY LOST (1),643,442,1219,766,,,,,,
631,21.033333,59.699,10.263,20,12,18,0.724949,0.640294,0.782418,0.682621,0.000000,0,0.000,0.000,NO BLACK,NO BUNDLE,0,0,0,,,,0,1,0,0,0.811157,0.506276,1022,474,0.609309,STAND TEMPORARILY LOST (1),643,442,1219,766,,,,,,
632,21.066667,58.855,10.403,0,0,0,0.000000,0.000000,0.000000,0.000000,0.000000,0,0.000,0.000,NO BLACK,NO BUNDLE,0,0,0,,,,0,1,0,1,0.648777,0.514941,1130,330,0.486041,ACQUIRING STAND 2/4,643,442,1219,766,,,,,,
633,21.100000,63.974,10.910,0,0,0,0.000000,0.000000,0.000000,0.000000,0.000000,0,0.000,0.000,NO BLACK,NO BUNDLE,0,0,0,,,,0,1,0,1,0.648777,0.514941,1130,330,0.486041,ACQUIRING STAND 2/4,643,442,1219,766,,,,,,
634,21.133333,62.693,10.900,0,0,0,0.000000,0.000000,0.000000,0.000000,0.000000,0,0.000,0.000,NO BLACK,NO BUNDLE,0,0,0,,,,0,1,0,1,0.847499,0.506828,966,314,0.516126,ACQUIRING STAND 3/4,643,442,1219,766,,,,,,
635,21.166667,61.957,11.470,0,0,0,0.000000,0.000000,0.000000,0.000000,0.000000,0,0.000,0.000,NO BLACK,NO BUNDLE,0,0,0,,,,0,1,0,1,0.847499,0.506828,966,314,0.516126,ACQUIRING STAND 3/4,643,442,1219,766,,,,,,
636,21.200000,60.533,11.384,0,0,0,0.000000,0.000000,0.000000,0.000000,0.000000,0,0.000,0.000,NO BLACK,NO BUNDLE,0,0,0,,,,0,1,0,0,0.847499,0.506828,966,314,0.516126,STAND TEMPORARILY LOST (1),643,442,1219,766,,,,,,
637,21.233333,62.047,11.867,0,0,0,0.000000,0.000000,0.000000,0.000000,0.000000,0,0.000,0.000,NO BLACK,NO BUNDLE,0,0,0,,,,0,1,0,0,0.847499,0.506828,966,314,0.516126,STAND TEMPORARILY LOST (1),643,442,1219,766,,,,,,
638,21.266667,61.100,11.714,0,0,0,0.000000,0.000000,0.000000,0.000000,0.000000,0,0.000,0.000,NO BLACK,NO BUNDLE,0,0,0,,,,0,1,0,0,0.847499,0.506828,966,314,0.516126,STAND TARGET JUMP REJECTED,643,442,1219,766,,,,,,
639,21.300000,62.163,12.148,0,0,0,0.000000,0.000000,0.000000,0.000000,0.000000,0,0.000,0.000,NO BLACK,NO BUNDLE,0,0,0,,,,0,1,0,0,0.847499,0.506828,966,314,0.516126,STAND TARGET JUMP REJECTED,643,442,1219,766,,,,,,
640,21.333333,62.774,11.963,0,0,0,0.000000,0.000000,0.000000,0.000000,0.000000,0,0.000,0.000,NO BLACK,NO BUNDLE,0,0,0,,,,0,1,0,0,0.847499,0.506828,966,314,0.516126,STAND TARGET JUMP REJECTED,643,442,1219,766,,,,,,
641,21.366667,62.566,12.357,0,0,0,0.000000,0.000000,0.000000,0.000000,0.000000,0,0.000,0.000,NO BLACK,NO BUNDLE,0,0,0,,,,0,1,0,0,0.847499,0.506828,966,314,0.516126,STAND TARGET JUMP REJECTED,643,442,1219,766,,,,,,
642,21.400000,61.131,12.175,0,0,0,0.000000,0.000000,0.000000,0.000000,0.000000,0,0.000,0.000,NO BLACK,NO BUNDLE,0,0,0,,,,0,0,0,0,0.000000,0.000000,,,,WEAK STAND GEOMETRY,643,442,1219,766,,,,,,
643,21.433333,62.027,11.974,0,0,0,0.000000,0.000000,0.000000,0.000000,0.000000,0,0.000,0.000,NO BLACK,NO BUNDLE,0,0,0,,,,0,1,0,1,0.923333,0.651395,958,292,0.459259,ACQUIRING STAND 1/4,643,442,1219,766,,,,,,
644,21.466667,61.266,11.858,0,0,0,0.000000,0.000000,0.000000,0.000000,0.000000,0,0.000,0.000,NO BLACK,NO BUNDLE,0,0,0,,,,0,1,0,0,0.923333,0.651395,958,292,0.459259,STAND TEMPORARILY LOST (1),643,442,1219,766,,,,,,
645,21.500000,61.971,12.296,0,0,0,0.000000,0.000000,0.000000,0.000000,0.000000,0,0.000,0.000,NO BLACK,NO BUNDLE,0,0,0,,,,0,1,0,0,0.923333,0.651395,958,292,0.459259,STAND TEMPORARILY LOST (1),643,442,1219,766,,,,,,
646,21.533333,61.975,12.045,0,0,0,0.000000,0.000000,0.000000,0.000000,0.000000,0,0.000,0.000,NO BLACK,NO BUNDLE,0,0,0,,,,0,1,0,1,0.897615,0.614590,888,314,0.536157,ACQUIRING STAND 1/4,643,442,1219,766,,,,,,
647,21.566667,61.409,12.430,0,0,0,0.000000,0.000000,0.000000,0.000000,0.000000,0,0.000,0.000,NO BLACK,NO BUNDLE,0,0,0,,,,0,1,0,1,0.897615,0.614590,888,314,0.536157,ACQUIRING STAND 1/4,643,442,1219,766,,,,,,
648,21.600000,61.251,12.193,0,0,0,0.000000,0.000000,0.000000,0.000000,0.000000,0,0.000,0.000,NO BLACK,NO BUNDLE,0,0,0,,,,0,1,0,1,0.947771,0.686608,980,497,0.679234,ACQUIRING STAND 2/4,643,442,1219,766,,,,,,
649,21.633333,61.127,12.586,0,0,0,0.000000,0.000000,0.000000,0.000000,0.000000,0,0.000,0.000,NO BLACK,NO BUNDLE,0,0,0,,,,0,1,0,1,0.947771,0.686608,980,497,0.679234,ACQUIRING STAND 2/4,643,442,1219,766,,,,,,
650,21.666667,62.439,12.317,25154,6,7905,0.859598,0.609939,0.829100,0.734768,0.000000,0,0.000,0.000,NO LASHING,NO BUNDLE,0,0,0,,,,0,1,0,0,0.947771,0.686608,980,497,0.679234,STAND TARGET JUMP REJECTED,,,,,,,,,,
651,21.700000,59.756,12.679,26368,40,7275,0.873511,0.643545,0.845054,0.758528,0.000000,0,0.000,0.000,NO LASHING,NO BUNDLE,0,0,0,,,,0,1,0,0,0.947771,0.686608,980,497,0.679234,STAND TARGET JUMP REJECTED,0,0,1920,1080,,,,,,
652,21.733333,62.362,12.358,26299,0,7771,0.861280,0.000000,0.845530,0.000000,0.000000,0,0.000,0.000,NO LASHING,NO BUNDLE,0,0,0,,,,0,1,0,0,0.947771,0.686608,980,497,0.679234,STAND TARGET JUMP REJECTED,0,0,1920,1080,,,,,,
653,21.766667,63.544,12.605,28026,11,7846,0.873608,0.602172,0.839496,0.737890,0.000000,0,0.000,0.000,NO LASHING,NO BUNDLE,0,0,0,,,,0,1,0,0,0.947771,0.686608,980,497,0.679234,STAND TARGET JUMP REJECTED,0,0,1920,1080,,,,,,
654,21.800000,59.377,12.267,25913,36,6957,0.861552,0.605126,0.825808,0.733339,0.000000,0,0.000,0.000,NO LASHING,NO BUNDLE,0,0,0,,,,0,1,0,1,0.817455,0.654089,1023,698,0.523618,ACQUIRING STAND 1/4,0,0,1920,1080,,,,,,
655,21.833333,63.410,11.944,25153,1283,7372,0.860736,0.645135,0.842362,0.752935,0.000000,0,0.000,0.000,GEOMETRY FAIL,NO BUNDLE,0,0,0,,,,0,1,0,1,0.817455,0.654089,1023,698,0.523618,ACQUIRING STAND 1/4,0,0,1920,1080,,,,,,
656,21.866667,61.276,11.297,29372,2324,7414,0.889785,0.739560,0.825731,0.814672,0.000000,0,0.000,0.000,GEOMETRY FAIL,NO BUNDLE,0,0,0,,,,0,1,0,0,0.817455,0.654089,1023,698,0.523618,STAND TEMPORARILY LOST (1),0,0,1920,1080,,,,,,
657,21.900000,62.481,11.731,27944,112,9878,0.861266,0.657383,0.849990,0.759325,0.000000,0,0.000,0.000,NO LASHING,NO BUNDLE,0,0,0,,,,0,1,0,0,0.817455,0.654089,1023,698,0.523618,STAND TEMPORARILY LOST (1),0,0,1920,1080,,,,,,
658,21.933333,61.845,11.002,21268,208,6816,0.843406,0.637304,0.831997,0.740355,0.000000,0,0.000,0.000,GEOMETRY FAIL,NO BUNDLE,0,0,0,,,,0,1,0,0,0.817455,0.654089,1023,698,0.523618,STAND TEMPORARILY LOST (2),0,0,1920,1080,,,,,,
659,21.966667,62.127,10.601,22956,270,5960,0.834669,0.673783,0.815593,0.754226,0.000000,0,0.000,0.000,GEOMETRY FAIL,NO BUNDLE,0,0,0,,,,0,1,0,0,0.817455,0.654089,1023,698,0.523618,STAND TEMPORARILY LOST (2),,,,,,,,,,
660,22.000000,63.048,9.810,25611,892,9619,0.860903,0.696909,0.870050,0.778906,0.000000,0,0.000,0.000,GEOMETRY FAIL,NO BUNDLE,0,0,0,,,,0,1,0,1,0.867813,0.636934,903,536,0.480073,ACQUIRING STAND 1/4,0,0,1920,1080,,,,,,
661,22.033333,63.072,9.177,15250,3153,9366,0.798788,0.734886,0.869031,0.766837,0.000000,0,0.000,0.000,COMPONENTS TOO FAR,NO BUNDLE,0,0,0,,,,0,1,0,1,0.867813,0.636934,903,536,0.480073,ACQUIRING STAND 1/4,0,0,1920,1080,,,,,,
662,22.066667,63.135,8.300,7104,4817,4957,0.886143,0.771897,0.831488,0.829843,0.743018,1,190.452,31.450,VALID,CANDIDATE,1,1,0,1013,406,122.000,0,1,0,0,0.867813,0.636934,903,536,0.480073,STAND TARGET JUMP REJECTED,0,0,1920,1080,,,,,,
663,22.100000,56.794,9.375,136,162,378,0.753703,0.705721,0.791960,0.729712,0.000000,0,0.000,0.000,NO BLACK,NO BUNDLE,0,0,0,,,,0,1,0,0,0.867813,0.636934,903,536,0.480073,STAND TARGET JUMP REJECTED,784,232,1360,556,,,,,,
664,22.133333,58.702,9.675,24,66,129,0.728102,0.661129,0.750824,0.694616,0.000000,0,0.000,0.000,NO BLACK,NO BUNDLE,0,0,0,,,,0,1,0,0,0.867813,0.636934,903,536,0.480073,STAND TARGET JUMP REJECTED,784,232,1360,556,,,,,,
665,22.166667,62.136,10.396,88,146,59,0.754621,0.696110,0.794498,0.725366,0.000000,0,0.000,0.000,NO BLACK,NO BUNDLE,0,0,0,,,,0,1,0,0,0.867813,0.636934,903,536,0.480073,STAND TARGET JUMP REJECTED,784,232,1360,556,,,,,,
666,22.200000,58.254,10.378,0,0,0,0.000000,0.000000,0.000000,0.000000,0.000000,0,0.000,0.000,NO BLACK,NO BUNDLE,0,0,0,,,,0,1,0,0,0.867813,0.636934,903,536,0.480073,STAND TEMPORARILY LOST (3),784,232,1360,556,,,,,,
667,22.233333,62.873,10.967,93,0,0,0.784540,0.000000,0.000000,0.000000,0.000000,0,0.000,0.000,NO BLACK,NO BUNDLE,0,0,0,,,,0,1,0,0,0.867813,0.636934,903,536,0.480073,STAND TEMPORARILY LOST (3),784,232,1360,556,,,,,,
668,22.266667,58.423,10.913,0,0,0,0.000000,0.000000,0.000000,0.000000,0.000000,0,0.000,0.000,NO BLACK,NO BUNDLE,0,0,0,,,,0,0,0,0,0.000000,0.000000,,,,STAND TARGET JUMP REJECTED,784,232,1360,556,,,,,,
669,22.300000,61.825,10.785,0,0,0,0.000000,0.000000,0.000000,0.000000,0.000000,0,0.000,0.000,NO BLACK,NO BUNDLE,0,0,0,,,,0,1,0,1,0.725856,0.512482,1084,140,0.251852,ACQUIRING STAND 1/4,784,232,1360,556,,,,,,
670,22.333333,60.503,10.695,0,0,0,0.000000,0.000000,0.000000,0.000000,0.000000,0,0.000,0.000,NO BLACK,NO BUNDLE,0,0,0,,,,0,1,0,0,0.725856,0.512482,1084,140,0.251852,STAND TARGET JUMP REJECTED,784,232,1360,556,,,,,,
671,22.366667,60.570,11.304,0,0,0,0.000000,0.000000,0.000000,0.000000,0.000000,0,0.000,0.000,NO BLACK,NO BUNDLE,0,0,0,,,,0,1,0,0,0.725856,0.512482,1084,140,0.251852,STAND TARGET JUMP REJECTED,784,232,1360,556,,,,,,
672,22.400000,59.943,11.168,0,0,0,0.000000,0.000000,0.000000,0.000000,0.000000,0,0.000,0.000,NO BLACK,NO BUNDLE,0,0,0,,,,0,1,0,0,0.725856,0.512482,1084,140,0.251852,STAND TEMPORARILY LOST (2),784,232,1360,556,,,,,,
673,22.433333,61.208,11.742,0,0,0,0.000000,0.000000,0.000000,0.000000,0.000000,0,0.000,0.000,NO BLACK,NO BUNDLE,0,0,0,,,,0,1,0,0,0.725856,0.512482,1084,140,0.251852,STAND TEMPORARILY LOST (2),784,232,1360,556,,,,,,
674,22.466667,62.509,11.576,200,129,291,0.771400,0.679592,0.777472,0.725496,0.000000,0,0.000,0.000,NO BLACK,NO BUNDLE,0,0,0,,,,0,1,0,0,0.725856,0.512482,1084,140,0.251852,STAND TEMPORARILY LOST (3),784,232,1360,556,,,,,,
675,22.500000,62.831,11.980,381,312,242,0.747236,0.679195,0.804702,0.713216,0.000000,0,0.000,0.000,NO BLACK,NO BUNDLE,0,0,0,,,,0,1,0,0,0.725856,0.512482,1084,140,0.251852,STAND TEMPORARILY LOST (3),784,232,1360,556,,,,,,
676,22.533333,61.539,11.674,0,0,0,0.000000,0.000000,0.000000,0.000000,0.000000,0,0.000,0.000,NO BLACK,NO BUNDLE,0,0,0,,,,0,1,0,1,0.809738,0.530791,938,219,0.370000,ACQUIRING STAND 1/4,784,232,1360,556,,,,,,
677,22.566667,61.924,12.121,0,0,0,0.000000,0.000000,0.000000,0.000000,0.000000,0,0.000,0.000,NO BLACK,NO BUNDLE,0,0,0,,,,0,1,0,1,0.809738,0.530791,938,219,0.370000,ACQUIRING STAND 1/4,784,232,1360,556,,,,,,
678,22.600000,61.418,11.831,0,0,0,0.000000,0.000000,0.000000,0.000000,0.000000,0,0.000,0.000,NO BLACK,NO BUNDLE,0,0,0,,,,0,1,0,0,0.809738,0.530791,938,219,0.370000,STAND TEMPORARILY LOST (1),784,232,1360,556,,,,,,
679,22.633333,62.338,12.226,166,182,23,0.773094,0.674491,0.747994,0.723792,0.000000,0,0.000,0.000,NO BLACK,NO BUNDLE,0,0,0,,,,0,1,0,0,0.809738,0.530791,938,219,0.370000,STAND TEMPORARILY LOST (1),784,232,1360,556,,,,,,
680,22.666667,62.166,11.936,456,44,1630,0.774717,0.650023,0.798851,0.712370,0.000000,0,0.000,0.000,NO BLACK,NO BUNDLE,0,0,0,,,,0,1,0,0,0.809738,0.530791,938,219,0.370000,STAND TEMPORARILY LOST (2),784,232,1360,556,,,,,,
681,22.700000,62.058,12.311,915,50,161,0.804930,0.675507,0.797039,0.740219,0.000000,0,0.000,0.000,NO LASHING,NO BUNDLE,0,0,0,,,,0,1,0,0,0.809738,0.530791,938,219,0.370000,STAND TEMPORARILY LOST (2),784,232,1360,556,,,,,,
682,22.733333,62.682,11.972,31,49,571,0.733448,0.659444,0.795343,0.696446,0.000000,0,0.000,0.000,NO BLACK,NO BUNDLE,0,0,0,,,,0,1,0,0,0.809738,0.530791,938,219,0.370000,STAND TEMPORARILY LOST (3),784,232,1360,556,,,,,,
683,22.766667,63.940,10.709,14234,9623,8996,0.896162,0.775392,0.871130,0.847561,0.821551,1,200.749,35.656,VALID,CANDIDATE,1,1,0,837,446,167.000,0,1,0,0,0.809738,0.530791,938,219,0.370000,STAND TEMPORARILY LOST (3),,,,,,,,,,
684,22.800000,56.121,9.617,3656,2103,5313,0.777266,0.774113,0.835335,0.795571,0.738071,1,209.780,30.318,TARGET JUMP,CANDIDATE,1,1,0,855,373,157.000,0,1,0,1,0.816782,0.540708,945,221,0.334046,ACQUIRING STAND 1/4,504,181,1400,685,,,,,,
685,22.833333,55.307,9.843,960,357,3117,0.842765,0.722815,0.832277,0.782790,0.000000,0,0.000,0.000,GEOMETRY FAIL,NO BUNDLE,0,0,0,,,,0,1,0,1,0.816782,0.540708,945,221,0.334046,ACQUIRING STAND 1/4,450,200,1062,543,,,,,,
686,22.866667,60.504,9.759,1197,158,1710,0.838632,0.686829,0.847270,0.762730,0.000000,0,0.000,0.000,GEOMETRY FAIL,NO BUNDLE,0,0,0,,,,0,1,0,0,0.816782,0.540708,945,221,0.334046,STAND TEMPORARILY LOST (1),450,200,1062,543,,,,,,
687,22.900000,61.525,10.204,1238,367,1184,0.839956,0.697470,0.865539,0.768713,0.000000,0,0.000,0.000,GEOMETRY FAIL,NO BUNDLE,0,0,0,,,,0,1,0,0,0.816782,0.540708,945,221,0.334046,STAND TEMPORARILY LOST (1),450,200,1062,543,,,,,,
688,22.933333,61.917,10.218,339,187,421,0.813847,0.694436,0.869731,0.754141,0.000000,0,0.000,0.000,NO BLACK,NO BUNDLE,0,0,0,,,,0,1,0,1,0.782586,0.530282,864,274,0.396802,ACQUIRING STAND 1/4,450,200,1062,543,,,,,,
689,22.966667,62.531,9.237,25059,13095,13547,0.835095,0.793849,0.880985,0.836643,0.815453,1,205.891,38.282,VALID,CANDIDATE,1,1,0,935,427,248.000,0,1,0,1,0.782586,0.530282,864,274,0.396802,ACQUIRING STAND 1/4,,,,,,,,,,
690,23.000000,56.365,9.335,54,0,94,0.778394,0.000000,0.854848,0.000000,0.000000,0,0.000,0.000,NO BLACK,NO BUNDLE,0,0,0,,,,0,1,0,1,0.618279,0.487797,949,439,0.372080,ACQUIRING STAND 2/4,692,257,1268,581,,,,,,
691,23.033333,62.990,10.090,0,0,0,0.000000,0.000000,0.000000,0.000000,0.000000,0,0.000,0.000,NO BLACK,NO BUNDLE,0,0,0,,,,0,1,0,1,0.618279,0.487797,949,439,0.372080,ACQUIRING STAND 2/4,692,257,1268,581,,,,,,
692,23.066667,61.102,10.086,0,0,18,0.000000,0.000000,0.814446,0.000000,0.000000,0,0.000,0.000,NO BLACK,NO BUNDLE,0,0,0,,,,0,1,0,1,0.711540,0.488700,935,467,0.360954,ACQUIRING STAND 3/4,692,257,1268,581,,,,,,
693,23.100000,64.298,10.670,0,0,41,0.000000,0.000000,0.837460,0.000000,0.000000,0,0.000,0.000,NO BLACK,NO BUNDLE,0,0,0,,,,0,1,0,1,0.711540,0.488700,935,467,0.360954,ACQUIRING STAND 3/4,692,257,1268,581,,,,,,
694,23.133333,62.435,10.543,12,0,57,0.746381,0.000000,0.820940,0.000000,0.000000,0,0.000,0.000,NO BLACK,NO BUNDLE,0,0,0,,,,0,1,0,0,0.711540,0.488700,935,467,0.360954,STAND TEMPORARILY LOST (1),692,257,1268,581,,,,,,
695,23.166667,62.228,11.135,0,0,23,0.000000,0.000000,0.805792,0.000000,0.000000,0,0.000,0.000,NO BLACK,NO BUNDLE,0,0,0,,,,0,1,0,0,0.711540,0.488700,935,467,0.360954,STAND TEMPORARILY LOST (1),692,257,1268,581,,,,,,
696,23.200000,61.878,10.880,0,0,0,0.000000,0.000000,0.000000,0.000000,0.000000,0,0.000,0.000,NO BLACK,NO BUNDLE,0,0,0,,,,0,1,0,0,0.711540,0.488700,935,467,0.360954,STAND TARGET JUMP REJECTED,692,257,1268,581,,,,,,
697,23.233333,61.931,11.478,0,0,0,0.000000,0.000000,0.000000,0.000000,0.000000,0,0.000,0.000,NO BLACK,NO BUNDLE,0,0,0,,,,0,1,0,0,0.711540,0.488700,935,467,0.360954,STAND TARGET JUMP REJECTED,692,257,1268,581,,,,,,
698,23.266667,61.242,11.230,0,0,0,0.000000,0.000000,0.000000,0.000000,0.000000,0,0.000,0.000,NO BLACK,NO BUNDLE,0,0,0,,,,0,1,0,1,0.727751,0.534840,875,580,0.329466,ACQUIRING STAND 1/4,692,257,1268,581,,,,,,
699,23.300000,61.409,11.753,0,0,0,0.000000,0.000000,0.000000,0.000000,0.000000,0,0.000,0.000,NO BLACK,NO BUNDLE,0,0,0,,,,0,1,0,1,0.727751,0.534840,875,580,0.329466,ACQUIRING STAND 1/4,692,257,1268,581,,,,,,
700,23.333333,62.361,11.441,0,0,0,0.000000,0.000000,0.000000,0.000000,0.000000,0,0.000,0.000,NO BLACK,NO BUNDLE,0,0,0,,,,0,1,0,0,0.727751,0.534840,875,580,0.329466,STAND TARGET JUMP REJECTED,692,257,1268,581,,,,,,
701,23.366667,62.473,11.902,0,0,0,0.000000,0.000000,0.000000,0.000000,0.000000,0,0.000,0.000,NO BLACK,NO BUNDLE,0,0,0,,,,0,1,0,0,0.727751,0.534840,875,580,0.329466,STAND TARGET JUMP REJECTED,692,257,1268,581,,,,,,
702,23.400000,61.595,11.605,0,0,0,0.000000,0.000000,0.000000,0.000000,0.000000,0,0.000,0.000,NO BLACK,NO BUNDLE,0,0,0,,,,0,1,0,0,0.727751,0.534840,875,580,0.329466,STAND TEMPORARILY LOST (2),692,257,1268,581,,,,,,
703,23.433333,62.575,12.069,0,0,0,0.000000,0.000000,0.000000,0.000000,0.000000,0,0.000,0.000,NO BLACK,NO BUNDLE,0,0,0,,,,0,1,0,0,0.727751,0.534840,875,580,0.329466,STAND TEMPORARILY LOST (2),692,257,1268,581,,,,,,
704,23.466667,62.736,11.658,0,0,0,0.000000,0.000000,0.000000,0.000000,0.000000,0,0.000,0.000,NO BLACK,NO BUNDLE,0,0,0,,,,0,1,0,0,0.727751,0.534840,875,580,0.329466,STAND TEMPORARILY LOST (3),692,257,1268,581,,,,,,
705,23.500000,62.765,12.077,0,0,0,0.000000,0.000000,0.000000,0.000000,0.000000,0,0.000,0.000,NO BLACK,NO BUNDLE,0,0,0,,,,0,1,0,0,0.727751,0.534840,875,580,0.329466,STAND TEMPORARILY LOST (3),692,257,1268,581,,,,,,
706,23.533333,61.229,11.707,0,0,1,0.000000,0.000000,0.731486,0.000000,0.000000,0,0.000,0.000,NO BLACK,NO BUNDLE,0,0,0,,,,0,0,0,0,0.000000,0.000000,,,,STAND TARGET JUMP REJECTED,692,257,1268,581,,,,,,
707,23.566667,61.957,11.397,0,0,0,0.000000,0.000000,0.000000,0.000000,0.000000,0,0.000,0.000,NO BLACK,NO BUNDLE,0,0,0,,,,0,0,0,0,0.000000,0.000000,,,,WEAK STAND GEOMETRY,692,257,1268,581,,,,,,
708,23.600000,61.524,11.193,0,0,0,0.000000,0.000000,0.000000,0.000000,0.000000,0,0.000,0.000,NO BLACK,NO BUNDLE,0,0,0,,,,0,0,0,0,0.000000,0.000000,,,,NEED TWO DARK RAILS AND AN UPRIGHT,692,257,1268,581,,,,,,
709,23.633333,61.997,11.059,0,0,20,0.000000,0.000000,0.789539,0.000000,0.000000,0,0.000,0.000,NO BLACK,NO BUNDLE,0,0,0,,,,0,0,0,0,0.000000,0.000000,,,,WEAK STAND GEOMETRY,692,257,1268,581,,,,,,
710,23.666667,63.133,9.822,28559,13192,22435,0.827625,0.766103,0.915899,0.836542,0.727445,1,196.229,37.894,VALID,CANDIDATE,1,1,0,984,483,277.000,0,0,0,0,0.488848,0.000000,,,,WEAK STAND GEOMETRY,,,,,,,,,,
711,23.700000,56.914,9.865,290,556,5470,0.755512,0.709543,0.825593,0.732528,0.000000,0,0.000,0.000,NO BLACK,NO BUNDLE,0,0,0,,,,0,0,0,0,0.000000,0.000000,,,,WEAK STAND GEOMETRY,544,202,1474,725,,,,,,
712,23.733333,61.723,9.835,72,574,6447,0.744467,0.742729,0.845092,0.743598,0.000000,0,0.000,0.000,NO BLACK,NO BUNDLE,0,0,0,,,,0,1,0,1,0.860022,0.589586,1016,286,0.477778,ACQUIRING STAND 1/4,544,202,1474,725,,,,,,
713,23.766667,60.506,10.586,77,573,6166,0.753440,0.716065,0.833511,0.734752,0.000000,0,0.000,0.000,NO BLACK,NO BUNDLE,0,0,0,,,,0,1,0,1,0.860022,0.589586,1016,286,0.477778,ACQUIRING STAND 1/4,544,202,1474,725,,,,,,
714,23.800000,62.074,10.478,24,227,4460,0.720906,0.692317,0.816792,0.706611,0.000000,0,0.000,0.000,NO BLACK,NO BUNDLE,0,0,0,,,,0,1,0,1,0.731658,0.506299,1076,312,0.392222,ACQUIRING STAND 2/4,544,202,1474,725,,,,,,
715,23.833333,63.469,11.019,407,941,9071,0.770889,0.702599,0.855051,0.736744,0.000000,0,0.000,0.000,NO BLACK,NO BUNDLE,0,0,0,,,,0,1,0,1,0.731658,0.506299,1076,312,0.392222,ACQUIRING STAND 2/4,544,202,1474,725,,,,,,
716,23.866667,62.695,10.816,206,695,7283,0.773040,0.709085,0.836409,0.741062,0.000000,0,0.000,0.000,NO BLACK,NO BUNDLE,0,0,0,,,,0,1,0,1,0.940944,0.581817,952,305,0.477981,ACQUIRING STAND 3/4,544,202,1474,725,,,,,,
717,23.900000,62.413,11.350,162,726,5385,0.756969,0.704119,0.830125,0.730544,0.000000,0,0.000,0.000,NO BLACK,NO BUNDLE,0,0,0,,,,0,1,0,1,0.940944,0.581817,952,305,0.477981,ACQUIRING STAND 3/4,544,202,1474,725,,,,,,
718,23.933333,62.040,11.138,246,553,2490,0.802171,0.714754,0.812968,0.758462,0.000000,0,0.000,0.000,NO BLACK,NO BUNDLE,0,0,0,,,,0,1,0,0,0.940944,0.581817,952,305,0.477981,STAND TEMPORARILY LOST (1),544,202,1474,725,,,,,,
719,23.966667,62.903,10.028,28207,8597,20558,0.815573,0.727997,0.869996,0.804522,0.737341,1,211.285,37.171,VALID,CANDIDATE,1,1,0,840,234,227.000,0,1,0,0,0.940944,0.581817,952,305,0.477981,STAND TEMPORARILY LOST (1),,,,,,,,,,
720,24.000000,54.634,10.073,227,2793,5114,0.733653,0.734742,0.837864,0.734198,0.000000,0,0.000,0.000,NO BLACK,NO BUNDLE,0,0,0,,,,0,1,0,1,0.798808,0.617498,960,282,0.366342,ACQUIRING STAND 3/4,228,0,1490,709,,,,,,
721,24.033333,61.857,10.724,34,867,2476,0.715757,0.710378,0.787781,0.713067,0.000000,0,0.000,0.000,NO BLACK,NO BUNDLE,0,0,0,,,,0,1,0,1,0.798808,0.617498,960,282,0.366342,ACQUIRING STAND 3/4,228,0,1490,709,,,,,,
722,24.066667,60.453,10.050,1415,2298,7792,0.754423,0.730576,0.799906,0.742500,0.000000,0,0.000,0.000,GEOMETRY FAIL,NO BUNDLE,0,0,0,,,,0,1,1,1,0.639249,0.494900,973,348,0.301335,STAND LOCKED,228,0,1490,709,,,,,,
723,24.100000,60.283,9.292,6769,9409,10031,0.818622,0.768297,0.816242,0.801054,0.842510,1,206.272,31.376,VALID,CANDIDATE,1,1,0,825,402,105.000,0,1,1,1,0.639249,0.494900,973,348,0.301335,STAND LOCKED,228,0,1490,709,,,,,,
724,24.133333,56.365,8.425,13502,6020,9446,0.813272,0.733761,0.889616,0.812217,0.788154,1,201.673,34.101,TARGET JUMP,CANDIDATE,1,1,0,1019,92,214.000,0,1,1,1,0.764167,0.641667,1199,434,0.293471,STAND LOCKED,102,0,1585,834,,,,,,
725,24.166667,56.940,9.424,0,9,53,0.000000,0.626502,0.850775,0.000000,0.000000,0,0.000,0.000,NO BLACK,NO BUNDLE,0,0,0,,,,0,1,1,1,0.764167,0.641667,1199,434,0.293471,STAND LOCKED,792,0,1368,324,,,,,,
726,24.200000,61.286,9.643,0,0,63,0.000000,0.000000,0.759006,0.000000,0.000000,0,0.000,0.000,NO BLACK,NO BUNDLE,0,0,0,,,,0,1,1,1,0.851134,0.665429,1403,347,0.240025,STAND LOCKED,792,0,1368,324,,,,,,
727,24.233333,60.297,10.339,9,1,60,0.741550,0.601054,0.756724,0.671302,0.000000,0,0.000,0.000,NO BLACK,NO BUNDLE,0,0,0,,,,0,1,1,1,0.851134,0.665429,1403,347,0.240025,STAND LOCKED,792,0,1368,324,,,,,,
728,24.266667,61.934,10.296,0,0,12,0.000000,0.000000,0.749213,0.000000,0.000000,0,0.000,0.000,NO BLACK,NO BUNDLE,0,0,0,,,,0,1,1,1,0.862332,0.634059,1506,328,0.358058,STAND LOCKED,792,0,1368,324,,,,,,
729,24.300000,62.561,10.914,5,0,15,0.729126,0.000000,0.728260,0.000000,0.000000,0,0.000,0.000,NO BLACK,NO BUNDLE,0,0,0,,,,0,1,1,1,0.862332,0.634059,1506,328,0.358058,STAND LOCKED,792,0,1368,324,,,,,,
730,24.333333,62.490,10.628,14,1,73,0.759446,0.601692,0.778997,0.680569,0.000000,0,0.000,0.000,NO BLACK,NO BUNDLE,0,0,0,,,,0,1,1,1,0.830789,0.658435,1442,270,0.256357,STAND LOCKED,792,0,1368,324,,,,,,
731,24.366667,62.126,11.212,0,0,5,0.000000,0.000000,0.735460,0.000000,0.000000,0,0.000,0.000,NO BLACK,NO BUNDLE,0,0,0,,,,0,1,1,1,0.830789,0.658435,1442,270,0.256357,STAND LOCKED,792,0,1368,324,,,,,,
732,24.400000,62.532,11.011,0,23,23,0.000000,0.667365,0.792936,0.000000,0.000000,0,0.000,0.000,NO BLACK,NO BUNDLE,0,0,0,,,,0,1,1,1,0.781224,0.529098,1295,316,0.319574,STAND LOCKED,792,0,1368,324,,,,,,
733,24.433333,61.693,11.545,0,0,24,0.000000,0.000000,0.746538,0.000000,0.000000,0,0.000,0.000,NO BLACK,NO BUNDLE,0,0,0,,,,0,1,1,1,0.781224,0.529098,1295,316,0.319574,STAND LOCKED,792,0,1368,324,,,,,,
734,24.466667,61.714,11.343,0,0,2,0.000000,0.000000,0.711388,0.000000,0.000000,0,0.000,0.000,NO BLACK,NO BUNDLE,0,0,0,,,,0,1,1,0,0.781224,0.529098,1295,316,0.319574,STAND TARGET JUMP REJECTED,792,0,1368,324,,,,,,
735,24.500000,61.906,11.842,11,0,0,0.720878,0.000000,0.000000,0.000000,0.000000,0,0.000,0.000,NO BLACK,NO BUNDLE,0,0,0,,,,0,1,1,0,0.781224,0.529098,1295,316,0.319574,STAND TARGET JUMP REJECTED,792,0,1368,324,,,,,,
736,24.533333,61.765,11.252,0,0,0,0.000000,0.000000,0.000000,0.000000,0.000000,0,0.000,0.000,NO BLACK,NO BUNDLE,0,0,0,,,,0,1,1,0,0.781224,0.529098,1295,316,0.319574,STAND TARGET JUMP REJECTED,792,0,1368,324,,,,,,
737,24.566667,62.361,11.746,0,0,3,0.000000,0.000000,0.760683,0.000000,0.000000,0,0.000,0.000,NO BLACK,NO BUNDLE,0,0,0,,,,0,1,1,0,0.781224,0.529098,1295,316,0.319574,STAND TARGET JUMP REJECTED,792,0,1368,324,,,,,,
738,24.600000,61.145,11.486,18,17,27,0.726378,0.656633,0.817498,0.691506,0.000000,0,0.000,0.000,NO BLACK,NO BUNDLE,0,0,0,,,,0,1,1,1,0.859923,0.588804,1212,234,0.232419,STAND LOCKED,792,0,1368,324,,,,,,
739,24.633333,61.836,11.930,3,0,3,0.706997,0.000000,0.714486,0.000000,0.000000,0,0.000,0.000,NO BLACK,NO BUNDLE,0,0,0,,,,0,1,1,1,0.859923,0.588804,1212,234,0.232419,STAND LOCKED,792,0,1368,324,,,,,,
740,24.666667,62.292,11.738,0,2,1,0.000000,0.612337,0.716511,0.000000,0.000000,0,0.000,0.000,NO BLACK,NO BUNDLE,0,0,0,,,,0,1,1,0,0.859923,0.588804,1212,234,0.232419,STAND TEMPORARILY LOST (1),792,0,1368,324,,,,,,
741,24.700000,62.445,12.148,6,0,18,0.711047,0.000000,0.766781,0.000000,0.000000,0,0.000,0.000,NO BLACK,NO BUNDLE,0,0,0,,,,0,1,1,0,0.859923,0.588804,1212,234,0.232419,STAND TEMPORARILY LOST (1),792,0,1368,324,,,,,,
742,24.733333,60.193,11.944,3,0,44,0.714358,0.000000,0.783531,0.000000,0.000000,0,0.000,0.000,NO BLACK,NO BUNDLE,0,0,0,,,,0,1,1,1,0.895172,0.664861,1215,240,0.230885,STAND LOCKED,792,0,1368,324,,,,,,
743,24.766667,61.697,12.337,42,0,2,0.742455,0.000000,0.704371,0.000000,0.000000,0,0.000,0.000,NO BLACK,NO BUNDLE,0,0,0,,,,0,1,1,1,0.895172,0.664861,1215,240,0.230885,STAND LOCKED,792,0,1368,324,,,,,,
744,24.800000,61.254,12.120,0,0,46,0.000000,0.000000,0.821942,0.000000,0.000000,0,0.000,0.000,NO BLACK,NO BUNDLE,0,0,0,,,,0,1,1,1,0.910833,0.661813,1215,180,0.234269,STAND LOCKED,792,0,1368,324,,,,,,
745,24.833333,63.046,10.922,22491,7029,12900,0.864137,0.771029,0.869842,0.835003,0.757179,1,196.582,39.863,VALID,CANDIDATE,1,1,0,1137,176,209.000,0,1,1,1,0.910833,0.661813,1215,180,0.234269,STAND LOCKED,,,,,,,,,,
746,24.866667,55.953,11.019,0,0,3,0.000000,0.000000,0.735392,0.000000,0.000000,0,0.000,0.000,NO BLACK,NO BUNDLE,0,0,0,,,,0,1,1,0,0.910833,0.661813,1215,180,0.234269,STAND TARGET JUMP REJECTED,868,10,1444,334,,,,,,
747,24.900000,58.100,11.677,0,0,1,0.000000,0.000000,0.709339,0.000000,0.000000,0,0.000,0.000,NO BLACK,NO BUNDLE,0,0,0,,,,0,1,1,0,0.910833,0.661813,1215,180,0.234269,STAND TARGET JUMP REJECTED,868,10,1444,334,,,,,,
748,24.933333,59.591,11.171,2,0,4,0.723175,0.000000,0.768785,0.000000,0.000000,0,0.000,0.000,NO BLACK,NO BUNDLE,0,0,0,,,,0,1,1,0,0.910833,0.661813,1215,180,0.234269,STAND TEMPORARILY LOST (2),868,10,1444,334,,,,,,
749,24.966667,63.148,10.045,21547,8304,10580,0.864856,0.687075,0.856335,0.802755,0.748738,1,208.744,34.413,VALID,CANDIDATE,1,1,0,915,314,151.000,0,1,1,0,0.910833,0.661813,1215,180,0.234269,STAND TEMPORARILY LOST (2),,,,,,,,,,
750,25.000000,56.058,9.702,0,0,0,0.000000,0.000000,0.000000,0.000000,0.000000,0,0.000,0.000,NO BLACK,NO BUNDLE,0,0,0,,,,0,1,1,1,0.701404,0.613454,1161,161,0.225606,STAND LOCKED,602,140,1178,464,,,,,,
751,25.033333,62.869,10.383,479,30,659,0.811367,0.650183,0.837432,0.730775,0.000000,0,0.000,0.000,NO BLACK,NO BUNDLE,0,0,0,,,,0,1,1,1,0.701404,0.613454,1161,161,0.225606,STAND LOCKED,602,140,1178,464,,,,,,
752,25.066667,61.742,10.680,0,0,0,0.000000,0.000000,0.000000,0.000000,0.000000,0,0.000,0.000,NO BLACK,NO BUNDLE,0,0,0,,,,0,1,1,0,0.701404,0.613454,1161,161,0.225606,STAND TEMPORARILY LOST (1),602,140,1178,464,,,,,,
753,25.100000,61.391,11.306,0,0,0,0.000000,0.000000,0.000000,0.000000,0.000000,0,0.000,0.000,NO BLACK,NO BUNDLE,0,0,0,,,,0,1,1,0,0.701404,0.613454,1161,161,0.225606,STAND TEMPORARILY LOST (1),602,140,1178,464,,,,,,
754,25.133333,63.387,10.839,0,0,0,0.000000,0.000000,0.000000,0.000000,0.000000,0,0.000,0.000,NO BLACK,NO BUNDLE,0,0,0,,,,0,1,1,1,0.640504,0.521204,1049,144,0.233930,STAND LOCKED,602,140,1178,464,,,,,,
755,25.166667,61.315,11.423,0,0,0,0.000000,0.000000,0.000000,0.000000,0.000000,0,0.000,0.000,NO BLACK,NO BUNDLE,0,0,0,,,,0,1,1,1,0.640504,0.521204,1049,144,0.233930,STAND LOCKED,602,140,1178,464,,,,,,
756,25.200000,61.888,11.498,0,0,0,0.000000,0.000000,0.000000,0.000000,0.000000,0,0.000,0.000,NO BLACK,NO BUNDLE,0,0,0,,,,0,1,1,0,0.640504,0.521204,1049,144,0.233930,STAND TEMPORARILY LOST (1),602,140,1178,464,,,,,,
757,25.233333,62.696,11.965,0,0,0,0.000000,0.000000,0.000000,0.000000,0.000000,0,0.000,0.000,NO BLACK,NO BUNDLE,0,0,0,,,,0,1,1,0,0.640504,0.521204,1049,144,0.233930,STAND TEMPORARILY LOST (1),602,140,1178,464,,,,,,
758,25.266667,61.768,11.778,0,0,0,0.000000,0.000000,0.000000,0.000000,0.000000,0,0.000,0.000,NO BLACK,NO BUNDLE,0,0,0,,,,0,1,1,0,0.640504,0.521204,1049,144,0.233930,STAND TEMPORARILY LOST (2),602,140,1178,464,,,,,,
759,25.300000,62.088,12.197,0,0,0,0.000000,0.000000,0.000000,0.000000,0.000000,0,0.000,0.000,NO BLACK,NO BUNDLE,0,0,0,,,,0,1,1,0,0.640504,0.521204,1049,144,0.233930,STAND TEMPORARILY LOST (2),602,140,1178,464,,,,,,
760,25.333333,61.592,11.862,0,0,0,0.000000,0.000000,0.000000,0.000000,0.000000,0,0.000,0.000,NO BLACK,NO BUNDLE,0,0,0,,,,0,1,1,1,0.616795,0.486780,887,241,0.230546,STAND LOCKED,602,140,1178,464,,,,,,
761,25.366667,61.692,12.313,0,0,0,0.000000,0.000000,0.000000,0.000000,0.000000,0,0.000,0.000,NO BLACK,NO BUNDLE,0,0,0,,,,0,1,1,1,0.616795,0.486780,887,241,0.230546,STAND LOCKED,602,140,1178,464,,,,,,
762,25.400000,61.807,12.216,0,0,0,0.000000,0.000000,0.000000,0.000000,0.000000,0,0.000,0.000,NO BLACK,NO BUNDLE,0,0,0,,,,0,1,1,1,0.701717,0.499197,814,259,0.203561,STAND LOCKED,602,140,1178,464,,,,,,
763,25.433333,62.007,12.585,0,0,0,0.000000,0.000000,0.000000,0.000000,0.000000,0,0.000,0.000,NO BLACK,NO BUNDLE,0,0,0,,,,0,1,1,1,0.701717,0.499197,814,259,0.203561,STAND LOCKED,602,140,1178,464,,,,,,
764,25.466667,62.328,12.491,0,0,0,0.000000,0.000000,0.000000,0.000000,0.000000,0,0.000,0.000,NO BLACK,NO BUNDLE,0,0,0,,,,0,1,1,0,0.701717,0.499197,814,259,0.203561,STAND TEMPORARILY LOST (1),602,140,1178,464,,,,,,
765,25.500000,62.243,12.809,0,0,0,0.000000,0.000000,0.000000,0.000000,0.000000,0,0.000,0.000,NO BLACK,NO BUNDLE,0,0,0,,,,0,1,1,0,0.701717,0.499197,814,259,0.203561,STAND TEMPORARILY LOST (1),602,140,1178,464,,,,,,
766,25.533333,62.023,12.454,0,0,0,0.000000,0.000000,0.000000,0.000000,0.000000,0,0.000,0.000,NO BLACK,NO BUNDLE,0,0,0,,,,0,1,1,0,0.701717,0.499197,814,259,0.203561,STAND TEMPORARILY LOST (2),602,140,1178,464,,,,,,
767,25.566667,62.338,12.765,0,14,0,0.000000,0.614999,0.000000,0.000000,0.000000,0,0.000,0.000,NO BLACK,NO BUNDLE,0,0,0,,,,0,1,1,0,0.701717,0.499197,814,259,0.203561,STAND TEMPORARILY LOST (2),602,140,1178,464,,,,,,
768,25.600000,61.668,12.388,0,89,0,0.000000,0.686013,0.000000,0.000000,0.000000,0,0.000,0.000,NO BLACK,NO BUNDLE,0,0,0,,,,0,1,1,1,0.782671,0.609954,1003,166,0.179195,STAND LOCKED,602,140,1178,464,,,,,,
769,25.633333,62.119,12.720,0,1,0,0.000000,0.630168,0.000000,0.000000,0.000000,0,0.000,0.000,NO BLACK,NO BUNDLE,0,0,0,,,,0,1,1,1,0.782671,0.609954,1003,166,0.179195,STAND LOCKED,602,140,1178,464,,,,,,
770,25.666667,62.409,12.754,4560,0,176,0.827009,0.000000,0.785784,0.000000,0.000000,0,0.000,0.000,NO LASHING,NO BUNDLE,0,0,0,,,,0,1,1,0,0.782671,0.609954,1003,166,0.179195,STAND TEMPORARILY LOST (1),,,,,,,,,,
771,25.700000,62.586,12.976,3886,0,365,0.822913,0.000000,0.831670,0.000000,0.000000,0,0.000,0.000,NO LASHING,NO BUNDLE,0,0,0,,,,0,1,1,0,0.782671,0.609954,1003,166,0.179195,STAND TEMPORARILY LOST (1),0,0,1920,1080,,,,,,
772,25.733333,61.834,12.420,4808,0,335,0.827590,0.000000,0.801284,0.000000,0.000000,0,0.000,0.000,NO LASHING,NO BUNDLE,0,0,0,,,,0,1,1,0,0.782671,0.609954,1003,166,0.179195,STAND TEMPORARILY LOST (2),0,0,1920,1080,,,,,,
773,25.766667,59.379,12.784,5227,0,336,0.846807,0.000000,0.818544,0.000000,0.000000,0,0.000,0.000,NO LASHING,NO BUNDLE,0,0,0,,,,0,1,1,0,0.782671,0.609954,1003,166,0.179195,STAND TEMPORARILY LOST (2),0,0,1920,1080,,,,,,
774,25.800000,62.316,12.223,5060,0,334,0.849922,0.000000,0.805383,0.000000,0.000000,0,0.000,0.000,NO LASHING,NO BUNDLE,0,0,0,,,,0,1,1,1,0.768777,0.687674,1044,115,0.150915,STAND LOCKED,0,0,1920,1080,,,,,,
775,25.833333,62.814,12.509,4870,0,346,0.852524,0.000000,0.809694,0.000000,0.000000,0,0.000,0.000,NO LASHING,NO BUNDLE,0,0,0,,,,0,1,1,1,0.768777,0.687674,1044,115,0.150915,STAND LOCKED,0,0,1920,1080,,,,,,
776,25.866667,62.409,12.532,5001,0,325,0.849423,0.000000,0.806032,0.000000,0.000000,0,0.000,0.000,NO LASHING,NO BUNDLE,0,0,0,,,,0,1,1,0,0.768777,0.687674,1044,115,0.150915,STAND TEMPORARILY LOST (1),0,0,1920,1080,,,,,,
777,25.900000,61.939,12.808,5113,0,322,0.849904,0.000000,0.813086,0.000000,0.000000,0,0.000,0.000,NO LASHING,NO BUNDLE,0,0,0,,,,0,1,1,0,0.768777,0.687674,1044,115,0.150915,STAND TEMPORARILY LOST (1),0,0,1920,1080,,,,,,
778,25.933333,62.906,12.277,4842,0,290,0.844745,0.000000,0.794433,0.000000,0.000000,0,0.000,0.000,NO LASHING,NO BUNDLE,0,0,0,,,,0,1,1,0,0.768777,0.687674,1044,115,0.150915,STAND TEMPORARILY LOST (2),0,0,1920,1080,,,,,,
779,25.966667,62.637,12.609,5195,0,329,0.848862,0.000000,0.795974,0.000000,0.000000,0,0.000,0.000,NO LASHING,NO BUNDLE,0,0,0,,,,0,1,1,0,0.768777,0.687674,1044,115,0.150915,STAND TEMPORARILY LOST (2),,,,,,,,,,
780,26.000000,63.499,12.084,5227,0,325,0.851989,0.000000,0.804355,0.000000,0.000000,0,0.000,0.000,NO LASHING,NO BUNDLE,0,0,0,,,,0,1,1,1,0.672067,0.680871,1011,90,0.139208,STAND LOCKED,0,0,1920,1080,,,,,,
781,26.033333,62.595,12.404,5225,0,584,0.850507,0.000000,0.819447,0.000000,0.000000,0,0.000,0.000,NO LASHING,NO BUNDLE,0,0,0,,,,0,1,1,1,0.672067,0.680871,1011,90,0.139208,STAND LOCKED,0,0,1920,1080,,,,,,
782,26.066667,61.760,12.455,5380,0,367,0.851894,0.000000,0.814982,0.000000,0.000000,0,0.000,0.000,NO LASHING,NO BUNDLE,0,0,0,,,,0,1,1,0,0.672067,0.680871,1011,90,0.139208,STAND TEMPORARILY LOST (1),0,0,1920,1080,,,,,,
783,26.100000,63.358,12.695,5497,0,468,0.856342,0.000000,0.819355,0.000000,0.000000,0,0.000,0.000,NO LASHING,NO BUNDLE,0,0,0,,,,0,1,1,0,0.672067,0.680871,1011,90,0.139208,STAND TEMPORARILY LOST (1),0,0,1920,1080,,,,,,
784,26.133333,59.477,12.200,5496,0,456,0.857105,0.000000,0.817074,0.000000,0.000000,0,0.000,0.000,NO LASHING,NO BUNDLE,0,0,0,,,,0,1,1,0,0.672067,0.680871,1011,90,0.139208,STAND TEMPORARILY LOST (2),0,0,1920,1080,,,,,,
785,26.166667,64.158,12.402,4957,0,429,0.842716,0.000000,0.835976,0.000000,0.000000,0,0.000,0.000,NO LASHING,NO BUNDLE,0,0,0,,,,0,1,1,0,0.672067,0.680871,1011,90,0.139208,STAND TEMPORARILY LOST (2),0,0,1920,1080,,,,,,
786,26.200000,63.490,11.913,5023,0,430,0.843583,0.000000,0.820986,0.000000,0.000000,0,0.000,0.000,NO LASHING,NO BUNDLE,0,0,0,,,,0,1,1,0,0.672067,0.680871,1011,90,0.139208,STAND TEMPORARILY LOST (3),0,0,1920,1080,,,,,,
787,26.233333,62.474,12.263,5160,0,374,0.847081,0.000000,0.804505,0.000000,0.000000,0,0.000,0.000,NO LASHING,NO BUNDLE,0,0,0,,,,0,1,1,0,0.672067,0.680871,1011,90,0.139208,STAND TEMPORARILY LOST (3),0,0,1920,1080,,,,,,
788,26.266667,59.899,11.836,5255,0,412,0.851043,0.000000,0.819162,0.000000,0.000000,0,0.000,0.000,NO LASHING,NO BUNDLE,0,0,0,,,,0,0,0,0,0.000000,0.000000,,,,WEAK STAND GEOMETRY,0,0,1920,1080,,,,,,
789,26.300000,63.316,11.552,5276,0,404,0.851119,0.000000,0.818111,0.000000,0.000000,0,0.000,0.000,NO LASHING,NO BUNDLE,0,0,0,,,,0,0,0,0,0.000000,0.000000,,,,WEAK STAND GEOMETRY,0,0,1920,1080,,,,,,
790,26.333333,65.424,11.238,5398,0,442,0.850925,0.000000,0.814690,0.000000,0.000000,0,0.000,0.000,NO LASHING,NO BUNDLE,0,0,0,,,,0,0,0,0,0.000000,0.000000,,,,NEED TWO DARK RAILS AND AN UPRIGHT,0,0,1920,1080,,,,,,
791,26.366667,63.017,11.068,5571,0,406,0.851346,0.000000,0.822266,0.000000,0.000000,0,0.000,0.000,NO LASHING,NO BUNDLE,0,0,0,,,,0,0,0,0,0.000000,0.000000,,,,NEED TWO DARK RAILS AND AN UPRIGHT,0,0,1920,1080,,,,,,
792,26.400000,63.323,10.888,5904,0,524,0.852691,0.000000,0.798643,0.000000,0.000000,0,0.000,0.000,NO LASHING,NO BUNDLE,0,0,0,,,,0,0,0,0,0.000000,0.000000,,,,WEAK STAND GEOMETRY,0,0,1920,1080,,,,,,
793,26.433333,61.829,10.788,5908,0,536,0.851625,0.000000,0.796508,0.000000,0.000000,0,0.000,0.000,NO LASHING,NO BUNDLE,0,0,0,,,,0,1,0,1,0.716014,0.666479,1068,78,0.121296,ACQUIRING STAND 1/4,0,0,1920,1080,,,,,,
794,26.466667,61.881,10.689,5958,0,564,0.852503,0.000000,0.803777,0.000000,0.000000,0,0.000,0.000,NO LASHING,NO BUNDLE,0,0,0,,,,0,1,0,1,0.683313,0.652832,932,76,0.125880,ACQUIRING STAND 2/4,0,0,1920,1080,,,,,,
795,26.500000,63.320,11.187,5986,0,590,0.851908,0.000000,0.801810,0.000000,0.000000,0,0.000,0.000,NO LASHING,NO BUNDLE,0,0,0,,,,0,1,0,1,0.683313,0.652832,932,76,0.125880,ACQUIRING STAND 2/4,0,0,1920,1080,,,,,,
796,26.533333,62.200,10.993,5782,0,606,0.851756,0.000000,0.803126,0.000000,0.000000,0,0.000,0.000,NO LASHING,NO BUNDLE,0,0,0,,,,0,1,0,0,0.683313,0.652832,932,76,0.125880,STAND TEMPORARILY LOST (1),0,0,1920,1080,,,,,,
797,26.566667,63.775,11.452,5821,0,606,0.851551,0.000000,0.801661,0.000000,0.000000,0,0.000,0.000,NO LASHING,NO BUNDLE,0,0,0,,,,0,1,0,0,0.683313,0.652832,932,76,0.125880,STAND TEMPORARILY LOST (1),0,0,1920,1080,,,,,,
798,26.600000,63.261,11.232,5853,0,571,0.850474,0.000000,0.798662,0.000000,0.000000,0,0.000,0.000,NO LASHING,NO BUNDLE,0,0,0,,,,0,1,0,0,0.683313,0.652832,932,76,0.125880,STAND TEMPORARILY LOST (2),0,0,1920,1080,,,,,,
799,26.633333,62.458,11.694,5860,0,539,0.850567,0.000000,0.800115,0.000000,0.000000,0,0.000,0.000,NO LASHING,NO BUNDLE,0,0,0,,,,0,1,0,0,0.683313,0.652832,932,76,0.125880,STAND TEMPORARILY LOST (2),0,0,1920,1080,,,,,,
800,26.666667,66.008,11.397,5947,0,527,0.851716,0.000000,0.796310,0.000000,0.000000,0,0.000,0.000,NO LASHING,NO BUNDLE,0,0,0,,,,0,1,0,0,0.683313,0.652832,932,76,0.125880,STAND TEMPORARILY LOST (3),0,0,1920,1080,,,,,,
801,26.700000,63.430,11.800,6006,0,494,0.851512,0.000000,0.792623,0.000000,0.000000,0,0.000,0.000,NO LASHING,NO BUNDLE,0,0,0,,,,0,1,0,0,0.683313,0.652832,932,76,0.125880,STAND TEMPORARILY LOST (3),0,0,1920,1080,,,,,,
802,26.733333,63.644,11.528,5958,0,478,0.851575,0.000000,0.791255,0.000000,0.000000,0,0.000,0.000,NO LASHING,NO BUNDLE,0,0,0,,,,0,0,0,0,0.000000,0.000000,,,,NEED TWO DARK RAILS AND AN UPRIGHT,0,0,1920,1080,,,,,,
803,26.766667,63.070,11.295,6036,0,493,0.852457,0.000000,0.795162,0.000000,0.000000,0,0.000,0.000,NO LASHING,NO BUNDLE,0,0,0,,,,0,0,0,0,0.000000,0.000000,,,,NEED TWO DARK RAILS AND AN UPRIGHT,0,0,1920,1080,,,,,,
804,26.800000,63.165,11.082,5746,0,572,0.853684,0.000000,0.790545,0.000000,0.000000,0,0.000,0.000,NO LASHING,NO BUNDLE,0,0,0,,,,0,0,0,0,0.000000,0.000000,,,,WEAK STAND GEOMETRY,0,0,1920,1080,,,,,,
805,26.833333,62.353,10.932,5798,0,580,0.853758,0.000000,0.800694,0.000000,0.000000,0,0.000,0.000,NO LASHING,NO BUNDLE,0,0,0,,,,0,0,0,0,0.000000,0.000000,,,,WEAK STAND GEOMETRY,0,0,1920,1080,,,,,,
