frame,timestamp,inference_ms,processing_fps,black_pixels,lashing_pixels,messenger_pixels,black_confidence,lashing_confidence,messenger_confidence,bundle_confidence,contact_confidence,bundle_valid,messenger_intensity_mean,messenger_intensity_std,validation_reason,target_state,consecutive_valid_frames,target_found,target_locked,target_x,target_y,target_proximity,stale_frames,stand_found,stand_locked,stand_fresh,stand_confidence,stand_black_support,stand_x,stand_y,stand_proximity,stand_reason,pidnet_roi_x1,pidnet_roi_y1,pidnet_roi_x2,pidnet_roi_y2,mission_state,mission_reason,command_forward,command_right,command_down,command_yaw_rate
0,0.000000,314.483,2.767,105,0,0,0.820774,0.000000,0.000000,0.000000,0.000000,0,0.000,0.000,NO BLACK,NO BUNDLE,0,0,0,,,,0,1,0,1,0.744513,0.617225,842,92,0.225000,ACQUIRING STAND 1/4,,,,,,,,,,
1,0.033333,70.661,4.395,44,0,0,0.777896,0.000000,0.000000,0.000000,0.000000,0,0.000,0.000,NO BLACK,NO BUNDLE,0,0,0,,,,0,1,0,1,0.744513,0.617225,842,92,0.225000,ACQUIRING STAND 1/4,,,,,,,,,,
2,0.066667,72.714,5.089,55,0,0,0.798810,0.000000,0.000000,0.000000,0.000000,0,0.000,0.000,NO BLACK,NO BUNDLE,0,0,0,,,,0,1,0,1,0.718151,0.670851,812,69,0.169236,ACQUIRING STAND 2/4,,,,,,,,,,
3,0.100000,73.191,6.285,51,0,0,0.789738,0.000000,0.000000,0.000000,0.000000,0,0.000,0.000,NO BLACK,NO BUNDLE,0,0,0,,,,0,1,0,1,0.718151,0.670851,812,69,0.169236,ACQUIRING STAND 2/4,,,,,,,,,,
4,0.133333,69.131,6.700,57,0,0,0.798975,0.000000,0.000000,0.000000,0.000000,0,0.000,0.000,NO BLACK,NO BUNDLE,0,0,0,,,,0,1,0,1,0.658833,0.643709,865,70,0.172406,ACQUIRING STAND 3/4,,,,,,,,,,
5,0.166667,70.438,7.738,42,0,0,0.770921,0.000000,0.000000,0.000000,0.000000,0,0.000,0.000,NO BLACK,NO BUNDLE,0,0,0,,,,0,1,0,1,0.658833,0.643709,865,70,0.172406,ACQUIRING STAND 3/4,,,,,,,,,,
6,0.200000,69.932,7.924,40,0,0,0.770992,0.000000,0.000000,0.000000,0.000000,0,0.000,0.000,NO BLACK,NO BUNDLE,0,0,0,,,,0,1,0,0,0.658833,0.643709,865,70,0.172406,STAND TARGET JUMP REJECTED,,,,,,,,,,
7,0.233333,71.011,8.769,38,0,0,0.770666,0.000000,0.000000,0.000000,0.000000,0,0.000,0.000,NO BLACK,NO BUNDLE,0,0,0,,,,0,1,0,0,0.658833,0.643709,865,70,0.172406,STAND TARGET JUMP REJECTED,,,,,,,,,,
8,0.266667,71.651,8.795,42,0,0,0.775958,0.000000,0.000000,0.000000,0.000000,0,0.000,0.000,NO BLACK,NO BUNDLE,0,0,0,,,,0,1,0,1,0.785633,0.627202,818,70,0.183763,ACQUIRING STAND 1/4,,,,,,,,,,
9,0.300000,70.274,9.537,42,0,0,0.776012,0.000000,0.000000,0.000000,0.000000,0,0.000,0.000,NO BLACK,NO BUNDLE,0,0,0,,,,0,1,0,1,0.785633,0.627202,818,70,0.183763,ACQUIRING STAND 1/4,,,,,,,,,,
10,0.333333,69.987,9.466,55,0,0,0.798252,0.000000,0.000000,0.000000,0.000000,0,0.000,0.000,NO BLACK,NO BUNDLE,0,0,0,,,,0,1,0,0,0.785633,0.627202,818,70,0.183763,STAND TEMPORARILY LOST (1),,,,,,,,,,
11,0.366667,69.047,10.135,52,0,0,0.791694,0.000000,0.000000,0.000000,0.000000,0,0.000,0.000,NO BLACK,NO BUNDLE,0,0,0,,,,0,1,0,0,0.785633,0.627202,818,70,0.183763,STAND TEMPORARILY LOST (1),,,,,,,,,,
12,0.400000,69.744,9.996,52,0,0,0.801875,0.000000,0.000000,0.000000,0.000000,0,0.000,0.000,NO BLACK,NO BUNDLE,0,0,0,,,,0,1,0,1,0.773039,0.632687,724,79,0.207207,ACQUIRING STAND 1/4,,,,,,,,,,
13,0.433333,69.199,10.576,58,0,0,0.796154,0.000000,0.000000,0.000000,0.000000,0,0.000,0.000,NO BLACK,NO BUNDLE,0,0,0,,,,0,1,0,1,0.773039,0.632687,724,79,0.207207,ACQUIRING STAND 1/4,,,,,,,,,,
14,0.466667,71.301,10.343,56,0,0,0.798537,0.000000,0.000000,0.000000,0.000000,0,0.000,0.000,NO BLACK,NO BUNDLE,0,0,0,,,,0,1,0,1,0.575367,0.535674,677,83,0.225396,ACQUIRING STAND 2/4,,,,,,,,,,
15,0.500000,70.308,10.825,37,0,0,0.761923,0.000000,0.000000,0.000000,0.000000,0,0.000,0.000,NO BLACK,NO BUNDLE,0,0,0,,,,0,1,0,1,0.575367,0.535674,677,83,0.225396,ACQUIRING STAND 2/4,,,,,,,,,,
16,0.533333,68.655,10.595,44,0,0,0.773651,0.000000,0.000000,0.000000,0.000000,0,0.000,0.000,NO BLACK,NO BUNDLE,0,0,0,,,,0,1,0,0,0.575367,0.535674,677,83,0.225396,STAND TARGET JUMP REJECTED,,,,,,,,,,
17,0.566667,68.351,11.112,46,0,0,0.781248,0.000000,0.000000,0.000000,0.000000,0,0.000,0.000,NO BLACK,NO BUNDLE,0,0,0,,,,0,1,0,0,0.575367,0.535674,677,83,0.225396,STAND TARGET JUMP REJECTED,,,,,,,,,,
18,0.600000,68.581,10.838,47,0,0,0.783953,0.000000,0.000000,0.000000,0.000000,0,0.000,0.000,NO BLACK,NO BUNDLE,0,0,0,,,,0,1,0,1,0.699178,0.614274,827,66,0.180873,ACQUIRING STAND 1/4,,,,,,,,,,
19,0.633333,69.307,11.267,46,0,0,0.774983,0.000000,0.000000,0.000000,0.000000,0,0.000,0.000,NO BLACK,NO BUNDLE,0,0,0,,,,0,1,0,1,0.699178,0.614274,827,66,0.180873,ACQUIRING STAND 1/4,,,,,,,,,,
20,0.666667,69.650,10.945,49,0,0,0.784810,0.000000,0.000000,0.000000,0.000000,0,0.000,0.000,NO BLACK,NO BUNDLE,0,0,0,,,,0,1,0,0,0.699178,0.614274,827,66,0.180873,STAND TEMPORARILY LOST (1),,,,,,,,,,
21,0.700000,70.670,11.324,52,0,0,0.788729,0.000000,0.000000,0.000000,0.000000,0,0.000,0.000,NO BLACK,NO BUNDLE,0,0,0,,,,0,1,0,0,0.699178,0.614274,827,66,0.180873,STAND TEMPORARILY LOST (1),,,,,,,,,,
22,0.733333,75.228,10.918,53,0,0,0.787062,0.000000,0.000000,0.000000,0.000000,0,0.000,0.000,NO BLACK,NO BUNDLE,0,0,0,,,,0,1,0,1,0.594578,0.537583,723,77,0.213545,ACQUIRING STAND 1/4,,,,,,,,,,
23,0.766667,73.299,11.238,49,0,0,0.777989,0.000000,0.000000,0.000000,0.000000,0,0.000,0.000,NO BLACK,NO BUNDLE,0,0,0,,,,0,1,0,1,0.594578,0.537583,723,77,0.213545,ACQUIRING STAND 1/4,,,,,,,,,,
24,0.800000,71.882,10.895,40,0,0,0.769891,0.000000,0.000000,0.000000,0.000000,0,0.000,0.000,NO BLACK,NO BUNDLE,0,0,0,,,,0,1,0,1,0.693722,0.569061,676,82,0.228248,ACQUIRING STAND 2/4,,,,,,,,,,
25,0.833333,69.670,11.340,40,0,0,0.773782,0.000000,0.000000,0.000000,0.000000,0,0.000,0.000,NO BLACK,NO BUNDLE,0,0,0,,,,0,1,0,1,0.693722,0.569061,676,82,0.228248,ACQUIRING STAND 2/4,,,,,,,,,,
26,0.866667,67.570,11.014,41,0,0,0.774287,0.000000,0.000000,0.000000,0.000000,0,0.000,0.000,NO BLACK,NO BUNDLE,0,0,0,,,,0,1,0,1,0.729261,0.584339,668,84,0.234864,ACQUIRING STAND 3/4,,,,,,,,,,
27,0.900000,69.099,11.432,38,0,0,0.769232,0.000000,0.000000,0.000000,0.000000,0,0.000,0.000,NO BLACK,NO BUNDLE,0,0,0,,,,0,1,0,1,0.729261,0.584339,668,84,0.234864,ACQUIRING STAND 3/4,,,,,,,,,,
28,0.933333,68.337,11.111,38,0,0,0.769498,0.000000,0.000000,0.000000,0.000000,0,0.000,0.000,NO BLACK,NO BUNDLE,0,0,0,,,,0,1,1,1,0.776697,0.612566,695,82,0.227911,STAND LOCKED,,,,,,,,,,
29,0.966667,67.772,11.560,25,0,0,0.751032,0.000000,0.000000,0.000000,0.000000,0,0.000,0.000,NO BLACK,NO BUNDLE,0,0,0,,,,0,1,1,1,0.776697,0.612566,695,82,0.227911,STAND LOCKED,,,,,,,,,,
30,1.000000,68.720,11.663,24,0,0,0.751287,0.000000,0.000000,0.000000,0.000000,0,0.000,0.000,NO BLACK,NO BUNDLE,0,0,0,,,,0,1,1,0,0.776697,0.612566,695,82,0.227911,STAND TEMPORARILY LOST (1),,,,,,,,,,
31,1.033333,70.093,11.973,25,0,0,0.752711,0.000000,0.000000,0.000000,0.000000,0,0.000,0.000,NO BLACK,NO BUNDLE,0,0,0,,,,0,1,1,0,0.776697,0.612566,695,82,0.227911,STAND TEMPORARILY LOST (1),,,,,,,,,,
32,1.066667,68.003,11.464,21,0,0,0.744715,0.000000,0.000000,0.000000,0.000000,0,0.000,0.000,NO BLACK,NO BUNDLE,0,0,0,,,,0,1,1,1,0.602229,0.541457,615,84,0.233185,STAND LOCKED,,,,,,,,,,
33,1.100000,69.652,11.810,22,0,0,0.751493,0.000000,0.000000,0.000000,0.000000,0,0.000,0.000,NO BLACK,NO BUNDLE,0,0,0,,,,0,1,1,1,0.602229,0.541457,615,84,0.233185,STAND LOCKED,,,,,,,,,,
34,1.133333,67.127,11.901,25,0,0,0.756448,0.000000,0.000000,0.000000,0.000000,0,0.000,0.000,NO BLACK,NO BUNDLE,0,0,0,,,,0,1,1,1,0.711083,0.475113,468,85,0.237086,STAND LOCKED,,,,,,,,,,
35,1.166667,68.733,12.210,31,0,0,0.760499,0.000000,0.000000,0.000000,0.000000,0,0.000,0.000,NO BLACK,NO BUNDLE,0,0,0,,,,0,1,1,1,0.711083,0.475113,468,85,0.237086,STAND LOCKED,,,,,,,,,,
36,1.200000,74.314,12.064,45,0,0,0.780921,0.000000,0.000000,0.000000,0.000000,0,0.000,0.000,NO BLACK,NO BUNDLE,0,0,0,,,,0,1,1,1,0.765049,0.451021,497,87,0.240369,STAND LOCKED,,,,,,,,,,
37,1.233333,68.461,12.344,40,0,0,0.775728,0.000000,0.000000,0.000000,0.000000,0,0.000,0.000,NO BLACK,NO BUNDLE,0,0,0,,,,0,1,1,1,0.765049,0.451021,497,87,0.240369,STAND LOCKED,,,,,,,,,,
38,1.266667,68.037,12.287,45,0,0,0.781229,0.000000,0.000000,0.000000,0.000000,0,0.000,0.000,NO BLACK,NO BUNDLE,0,0,0,,,,0,1,1,1,0.718512,0.470104,377,87,0.241083,STAND LOCKED,,,,,,,,,,
39,1.300000,68.431,12.543,38,0,0,0.774310,0.000000,0.000000,0.000000,0.000000,0,0.000,0.000,NO BLACK,NO BUNDLE,0,0,0,,,,0,1,1,1,0.718512,0.470104,377,87,0.241083,STAND LOCKED,,,,,,,,,,
40,1.333333,74.284,12.304,33,0,0,0.763056,0.000000,0.000000,0.000000,0.000000,0,0.000,0.000,NO BLACK,NO BUNDLE,0,0,0,,,,0,1,1,1,0.754585,0.461883,424,88,0.242932,STAND LOCKED,,,,,,,,,,
41,1.366667,67.174,12.597,35,0,0,0.764396,0.000000,0.000000,0.000000,0.000000,0,0.000,0.000,NO BLACK,NO BUNDLE,0,0,0,,,,0,1,1,1,0.754585,0.461883,424,88,0.242932,STAND LOCKED,,,,,,,,,,
42,1.400000,68.606,12.475,31,0,0,0.764934,0.000000,0.000000,0.000000,0.000000,0,0.000,0.000,NO BLACK,NO BUNDLE,0,0,0,,,,0,1,1,1,0.740227,0.476924,335,90,0.236125,STAND LOCKED,,,,,,,,,,
43,1.433333,69.639,12.666,40,0,0,0.771760,0.000000,0.000000,0.000000,0.000000,0,0.000,0.000,NO BLACK,NO BUNDLE,0,0,0,,,,0,1,1,1,0.740227,0.476924,335,90,0.236125,STAND LOCKED,,,,,,,,,,
44,1.466667,68.970,12.350,21,0,0,0.740672,0.000000,0.000000,0.000000,0.000000,0,0.000,0.000,NO BLACK,NO BUNDLE,0,0,0,,,,0,1,1,1,0.865661,0.543779,383,89,0.239937,STAND LOCKED,,,,,,,,,,
45,1.500000,68.680,12.561,21,0,0,0.741051,0.000000,0.000000,0.000000,0.000000,0,0.000,0.000,NO BLACK,NO BUNDLE,0,0,0,,,,0,1,1,1,0.865661,0.543779,383,89,0.239937,STAND LOCKED,,,,,,,,,,
46,1.533333,69.210,12.401,25,0,0,0.742580,0.000000,0.000000,0.000000,0.000000,0,0.000,0.000,NO BLACK,NO BUNDLE,0,0,0,,,,0,1,1,1,0.792522,0.512452,431,88,0.241652,STAND LOCKED,,,,,,,,,,
47,1.566667,66.513,12.695,27,0,0,0.752003,0.000000,0.000000,0.000000,0.000000,0,0.000,0.000,NO BLACK,NO BUNDLE,0,0,0,,,,0,1,1,1,0.792522,0.512452,431,88,0.241652,STAND LOCKED,,,,,,,,,,
48,1.600000,69.102,12.430,38,0,0,0.765407,0.000000,0.000000,0.000000,0.000000,0,0.000,0.000,NO BLACK,NO BUNDLE,0,0,0,,,,0,1,1,1,0.759435,0.481791,480,88,0.243188,STAND LOCKED,,,,,,,,,,
49,1.633333,66.739,12.703,39,0,0,0.770491,0.000000,0.000000,0.000000,0.000000,0,0.000,0.000,NO BLACK,NO BUNDLE,0,0,0,,,,0,1,1,1,0.759435,0.481791,480,88,0.243188,STAND LOCKED,,,,,,,,,,
50,1.666667,70.046,12.535,40,0,0,0.771479,0.000000,0.000000,0.000000,0.000000,0,0.000,0.000,NO BLACK,NO BUNDLE,0,0,0,,,,0,1,1,1,0.679077,0.482006,342,88,0.243115,STAND LOCKED,,,,,,,,,,
51,1.700000,68.036,12.760,38,0,0,0.768517,0.000000,0.000000,0.000000,0.000000,0,0.000,0.000,NO BLACK,NO BUNDLE,0,0,0,,,,0,1,1,1,0.679077,0.482006,342,88,0.243115,STAND LOCKED,,,,,,,,,,
52,1.733333,68.681,12.550,42,0,0,0.772982,0.000000,0.000000,0.000000,0.000000,0,0.000,0.000,NO BLACK,NO BUNDLE,0,0,0,,,,0,1,1,1,0.750192,0.422068,378,88,0.243082,STAND LOCKED,,,,,,,,,,
53,1.766667,69.570,12.747,31,0,0,0.760106,0.000000,0.000000,0.000000,0.000000,0,0.000,0.000,NO BLACK,NO BUNDLE,0,0,0,,,,0,1,1,1,0.750192,0.422068,378,88,0.243082,STAND LOCKED,,,,,,,,,,
54,1.800000,70.050,12.564,34,0,0,0.764238,0.000000,0.000000,0.000000,0.000000,0,0.000,0.000,NO BLACK,NO BUNDLE,0,0,0,,,,0,1,1,1,0.891667,0.568991,426,88,0.243068,STAND LOCKED,,,,,,,,,,
55,1.833333,69.169,12.767,36,0,0,0.764354,0.000000,0.000000,0.000000,0.000000,0,0.000,0.000,NO BLACK,NO BUNDLE,0,0,0,,,,0,1,1,1,0.891667,0.568991,426,88,0.243068,STAND LOCKED,,,,,,,,,,
56,1.866667,71.948,12.550,25,0,0,0.754302,0.000000,0.000000,0.000000,0.000000,0,0.000,0.000,NO BLACK,NO BUNDLE,0,0,0,,,,0,1,1,1,0.761261,0.549098,415,87,0.242297,STAND LOCKED,,,,,,,,,,
57,1.900000,68.367,12.781,25,0,0,0.754985,0.000000,0.000000,0.000000,0.000000,0,0.000,0.000,NO BLACK,NO BUNDLE,0,0,0,,,,0,1,1,1,0.761261,0.549098,415,87,0.242297,STAND LOCKED,,,,,,,,,,
58,1.933333,70.471,12.563,11,0,0,0.728734,0.000000,0.000000,0.000000,0.000000,0,0.000,0.000,NO BLACK,NO BUNDLE,0,0,0,,,,0,1,1,1,0.777579,0.512689,464,88,0.242714,STAND LOCKED,,,,,,,,,,
59,1.966667,68.460,12.788,10,0,0,0.724227,0.000000,0.000000,0.000000,0.000000,0,0.000,0.000,NO BLACK,NO BUNDLE,0,0,0,,,,0,1,1,1,0.777579,0.512689,464,88,0.242714,STAND LOCKED,,,,,,,,,,
60,2.000000,67.419,12.660,24,0,0,0.760189,0.000000,0.000000,0.000000,0.000000,0,0.000,0.000,NO BLACK,NO BUNDLE,0,0,0,,,,0,1,1,0,0.777579,0.512689,464,88,0.242714,STAND TARGET JUMP REJECTED,,,,,,,,,,
61,2.033333,67.426,12.887,28,0,0,0.761698,0.000000,0.000000,0.000000,0.000000,0,0.000,0.000,NO BLACK,NO BUNDLE,0,0,0,,,,0,1,1,0,0.777579,0.512689,464,88,0.242714,STAND TARGET JUMP REJECTED,,,,,,,,,,
62,2.066667,68.519,12.731,17,0,0,0.736430,0.000000,0.000000,0.000000,0.000000,0,0.000,0.000,NO BLACK,NO BUNDLE,0,0,0,,,,0,1,1,0,0.777579,0.512689,464,88,0.242714,STAND TARGET JUMP REJECTED,,,,,,,,,,
63,2.100000,70.778,12.858,18,0,0,0.746326,0.000000,0.000000,0.000000,0.000000,0,0.000,0.000,NO BLACK,NO BUNDLE,0,0,0,,,,0,1,1,0,0.777579,0.512689,464,88,0.242714,STAND TARGET JUMP REJECTED,,,,,,,,,,
64,2.133333,69.700,12.655,18,0,0,0.744046,0.000000,0.000000,0.000000,0.000000,0,0.000,0.000,NO BLACK,NO BUNDLE,0,0,0,,,,0,1,1,1,0.764916,0.486776,494,87,0.241374,STAND LOCKED,,,,,,,,,,
65,2.166667,66.861,12.912,20,0,0,0.749820,0.000000,0.000000,0.000000,0.000000,0,0.000,0.000,NO BLACK,NO BUNDLE,0,0,0,,,,0,1,1,1,0.764916,0.486776,494,87,0.241374,STAND LOCKED,,,,,,,,,,
66,2.200000,66.236,12.798,17,0,0,0.742815,0.000000,0.000000,0.000000,0.000000,0,0.000,0.000,NO BLACK,NO BUNDLE,0,0,0,,,,0,1,1,1,0.738976,0.476446,542,85,0.236952,STAND LOCKED,,,,,,,,,,
67,2.233333,68.846,12.970,2,0,0,0.702639,0.000000,0.000000,0.000000,0.000000,0,0.000,0.000,NO BLACK,NO BUNDLE,0,0,0,,,,0,1,1,1,0.738976,0.476446,542,85,0.236952,STAND LOCKED,,,,,,,,,,
68,2.266667,69.340,12.818,2,0,0,0.704223,0.000000,0.000000,0.000000,0.000000,0,0.000,0.000,NO BLACK,NO BUNDLE,0,0,0,,,,0,1,1,1,0.757713,0.470763,518,86,0.238781,STAND LOCKED,,,,,,,,,,
69,2.300000,68.780,12.987,2,0,0,0.712117,0.000000,0.000000,0.000000,0.000000,0,0.000,0.000,NO BLACK,NO BUNDLE,0,0,0,,,,0,1,1,1,0.757713,0.470763,518,86,0.238781,STAND LOCKED,,,,,,,,,,
70,2.333333,71.298,12.801,1,0,0,0.701372,0.000000,0.000000,0.000000,0.000000,0,0.000,0.000,NO BLACK,NO BUNDLE,0,0,0,,,,0,1,1,1,0.784895,0.549902,519,85,0.235785,STAND LOCKED,,,,,,,,,,
71,2.366667,68.979,12.968,2,0,0,0.705630,0.000000,0.000000,0.000000,0.000000,0,0.000,0.000,NO BLACK,NO BUNDLE,0,0,0,,,,0,1,1,1,0.784895,0.549902,519,85,0.235785,STAND LOCKED,,,,,,,,,,
72,2.400000,66.981,12.874,23,0,0,0.756119,0.000000,0.000000,0.000000,0.000000,0,0.000,0.000,NO BLACK,NO BUNDLE,0,0,0,,,,0,1,1,1,0.562843,0.486482,380,84,0.234436,STAND LOCKED,,,,,,,,,,
73,2.433333,69.671,12.974,21,0,0,0.743918,0.000000,0.000000,0.000000,0.000000,0,0.000,0.000,NO BLACK,NO BUNDLE,0,0,0,,,,0,1,1,1,0.562843,0.486482,380,84,0.234436,STAND LOCKED,,,,,,,,,,
74,2.466667,70.085,12.738,28,0,0,0.756469,0.000000,0.000000,0.000000,0.000000,0,0.000,0.000,NO BLACK,NO BUNDLE,0,0,0,,,,0,1,1,1,0.799527,0.505177,367,86,0.239941,STAND LOCKED,,,,,,,,,,
75,2.500000,68.998,12.918,28,0,0,0.758226,0.000000,0.000000,0.000000,0.000000,0,0.000,0.000,NO BLACK,NO BUNDLE,0,0,0,,,,0,1,1,1,0.799527,0.505177,367,86,0.239941,STAND LOCKED,,,,,,,,,,
76,2.533333,71.606,12.682,28,0,0,0.759458,0.000000,0.000000,0.000000,0.000000,0,0.000,0.000,NO BLACK,NO BUNDLE,0,0,0,,,,0,1,1,1,0.862887,0.557807,383,87,0.241654,STAND LOCKED,,,,,,,,,,
77,2.566667,67.128,12.935,45,0,0,0.785019,0.000000,0.000000,0.000000,0.000000,0,0.000,0.000,NO BLACK,NO BUNDLE,0,0,0,,,,0,1,1,1,0.862887,0.557807,383,87,0.241654,STAND LOCKED,,,,,,,,,,
78,2.600000,69.467,12.730,45,0,0,0.789006,0.000000,0.000000,0.000000,0.000000,0,0.000,0.000,NO BLACK,NO BUNDLE,0,0,0,,,,0,1,1,1,0.802329,0.528215,432,88,0.242425,STAND LOCKED,,,,,,,,,,
79,2.633333,68.955,12.909,45,0,0,0.781570,0.000000,0.000000,0.000000,0.000000,0,0.000,0.000,NO BLACK,NO BUNDLE,0,0,0,,,,0,1,1,1,0.802329,0.528215,432,88,0.242425,STAND LOCKED,,,,,,,,,,
80,2.666667,68.003,12.759,47,0,0,0.794005,0.000000,0.000000,0.000000,0.000000,0,0.000,0.000,NO BLACK,NO BUNDLE,0,0,0,,,,0,1,1,0,0.802329,0.528215,432,88,0.242425,STAND TEMPORARILY LOST (1),,,,,,,,,,
81,2.700000,68.376,12.933,43,0,0,0.786766,0.000000,0.000000,0.000000,0.000000,0,0.000,0.000,NO BLACK,NO BUNDLE,0,0,0,,,,0,1,1,0,0.802329,0.528215,432,88,0.242425,STAND TEMPORARILY LOST (1),,,,,,,,,,
82,2.733333,66.458,12.254,31,0,0,0.761877,0.000000,0.000000,0.000000,0.000000,0,0.000,0.000,NO BLACK,NO BUNDLE,0,0,0,,,,0,1,1,0,0.802329,0.528215,432,88,0.242425,STAND TEMPORARILY LOST (2),,,,,,,,,,
83,2.766667,71.960,12.418,25,0,0,0.758211,0.000000,0.000000,0.000000,0.000000,0,0.000,0.000,NO BLACK,NO BUNDLE,0,0,0,,,,0,1,1,0,0.802329,0.528215,432,88,0.242425,STAND TEMPORARILY LOST (2),,,,,,,,,,
84,2.800000,70.547,12.285,7,0,0,0.718688,0.000000,0.000000,0.000000,0.000000,0,0.000,0.000,NO BLACK,NO BUNDLE,0,0,0,,,,0,1,1,1,0.755949,0.491220,426,87,0.242008,STAND LOCKED,,,,,,,,,,
85,2.833333,69.598,12.507,9,0,0,0.721134,0.000000,0.000000,0.000000,0.000000,0,0.000,0.000,NO BLACK,NO BUNDLE,0,0,0,,,,0,1,1,1,0.755949,0.491220,426,87,0.242008,STAND LOCKED,,,,,,,,,,
86,2.866667,69.185,12.380,9,0,0,0.720061,0.000000,0.000000,0.000000,0.000000,0,0.000,0.000,NO BLACK,NO BUNDLE,0,0,0,,,,0,1,1,0,0.755949,0.491220,426,87,0.242008,STAND TEMPORARILY LOST (1),,,,,,,,,,
87,2.900000,69.712,12.574,12,0,0,0.720989,0.000000,0.000000,0.000000,0.000000,0,0.000,0.000,NO BLACK,NO BUNDLE,0,0,0,,,,0,1,1,0,0.755949,0.491220,426,87,0.242008,STAND TEMPORARILY LOST (1),,,,,,,,,,
88,2.933333,65.877,11.941,18,0,0,0.735934,0.000000,0.000000,0.000000,0.000000,0,0.000,0.000,NO BLACK,NO BUNDLE,0,0,0,,,,0,1,1,0,0.755949,0.491220,426,87,0.242008,STAND TEMPORARILY LOST (2),,,,,,,,,,
89,2.966667,68.615,12.235,18,0,0,0.733161,0.000000,0.000000,0.000000,0.000000,0,0.000,0.000,NO BLACK,NO BUNDLE,0,0,0,,,,0,1,1,0,0.755949,0.491220,426,87,0.242008,STAND TEMPORARILY LOST (2),,,,,,,,,,
90,3.000000,69.676,12.143,18,0,0,0.735413,0.000000,0.000000,0.000000,0.000000,0,0.000,0.000,NO BLACK,NO BUNDLE,0,0,0,,,,0,1,1,0,0.755949,0.491220,426,87,0.242008,STAND TARGET JUMP REJECTED,,,,,,,,,,
91,3.033333,68.821,12.373,3,0,0,0.705669,0.000000,0.000000,0.000000,0.000000,0,0.000,0.000,NO BLACK,NO BUNDLE,0,0,0,,,,0,1,1,0,0.755949,0.491220,426,87,0.242008,STAND TARGET JUMP REJECTED,,,,,,,,,,
92,3.066667,69.843,12.255,3,0,0,0.711954,0.000000,0.000000,0.000000,0.000000,0,0.000,0.000,NO BLACK,NO BUNDLE,0,0,0,,,,0,1,1,1,0.745957,0.496262,402,88,0.243348,STAND LOCKED,,,,,,,,,,
93,3.100000,69.834,12.487,3,0,0,0.715093,0.000000,0.000000,0.000000,0.000000,0,0.000,0.000,NO BLACK,NO BUNDLE,0,0,0,,,,0,1,1,1,0.745957,0.496262,402,88,0.243348,STAND LOCKED,,,,,,,,,,
94,3.133333,72.344,12.304,6,0,0,0.716191,0.000000,0.000000,0.000000,0.000000,0,0.000,0.000,NO BLACK,NO BUNDLE,0,0,0,,,,0,1,1,1,0.751474,0.522825,440,88,0.243951,STAND LOCKED,,,,,,,,,,
95,3.166667,68.356,12.567,3,0,0,0.709506,0.000000,0.000000,0.000000,0.000000,0,0.000,0.000,NO BLACK,NO BUNDLE,0,0,0,,,,0,1,1,1,0.751474,0.522825,440,88,0.243951,STAND LOCKED,,,,,,,,,,
96,3.200000,69.872,12.428,11,0,0,0.721947,0.000000,0.000000,0.000000,0.000000,0,0.000,0.000,NO BLACK,NO BUNDLE,0,0,0,,,,0,1,1,1,0.784959,0.499240,484,87,0.242695,STAND LOCKED,,,,,,,,,,
97,3.233333,71.589,12.568,9,0,0,0.720755,0.000000,0.000000,0.000000,0.000000,0,0.000,0.000,NO BLACK,NO BUNDLE,0,0,0,,,,0,1,1,1,0.784959,0.499240,484,87,0.242695,STAND LOCKED,,,,,,,,,,
98,3.266667,70.118,12.434,6,0,0,0.713753,0.000000,0.000000,0.000000,0.000000,0,0.000,0.000,NO BLACK,NO BUNDLE,0,0,0,,,,0,1,1,1,0.770960,0.490426,522,85,0.238310,STAND LOCKED,,,,,,,,,,
99,3.300000,69.042,12.623,5,0,0,0.715423,0.000000,0.000000,0.000000,0.000000,0,0.000,0.000,NO BLACK,NO BUNDLE,0,0,0,,,,0,1,1,1,0.770960,0.490426,522,85,0.238310,STAND LOCKED,,,,,,,,,,
100,3.333333,67.534,12.550,6,0,0,0.715537,0.000000,0.000000,0.000000,0.000000,0,0.000,0.000,NO BLACK,NO BUNDLE,0,0,0,,,,0,1,1,0,0.770960,0.490426,522,85,0.238310,STAND TARGET JUMP REJECTED,,,,,,,,,,
101,3.366667,66.967,12.826,11,0,0,0.717697,0.000000,0.000000,0.000000,0.000000,0,0.000,0.000,NO BLACK,NO BUNDLE,0,0,0,,,,0,1,1,0,0.770960,0.490426,522,85,0.238310,STAND TARGET JUMP REJECTED,,,,,,,,,,
102,3.400000,65.701,12.761,11,0,0,0.720287,0.000000,0.000000,0.000000,0.000000,0,0.000,0.000,NO BLACK,NO BUNDLE,0,0,0,,,,0,1,1,1,0.678570,0.442013,486,86,0.240156,STAND LOCKED,,,,,,,,,,
103,3.433333,69.746,12.886,11,0,0,0.719080,0.000000,0.000000,0.000000,0.000000,0,0.000,0.000,NO BLACK,NO BUNDLE,0,0,0,,,,0,1,1,1,0.678570,0.442013,486,86,0.240156,STAND LOCKED,,,,,,,,,,
104,3.466667,71.162,12.707,3,0,0,0.714436,0.000000,0.000000,0.000000,0.000000,0,0.000,0.000,NO BLACK,NO BUNDLE,0,0,0,,,,0,1,1,0,0.678570,0.442013,486,86,0.240156,STAND TARGET JUMP REJECTED,,,,,,,,,,
105,3.500000,66.708,12.911,6,0,0,0.715298,0.000000,0.000000,0.000000,0.000000,0,0.000,0.000,NO BLACK,NO BUNDLE,0,0,0,,,,0,1,1,0,0.678570,0.442013,486,86,0.240156,STAND TARGET JUMP REJECTED,,,,,,,,,,
106,3.533333,68.908,12.206,4,0,0,0.713047,0.000000,0.000000,0.000000,0.000000,0,0.000,0.000,NO BLACK,NO BUNDLE,0,0,0,,,,0,1,1,1,0.608414,0.550627,409,88,0.236404,STAND LOCKED,,,,,,,,,,
107,3.566667,65.453,12.566,3,0,0,0.710983,0.000000,0.000000,0.000000,0.000000,0,0.000,0.000,NO BLACK,NO BUNDLE,0,0,0,,,,0,1,1,1,0.608414,0.550627,409,88,0.236404,STAND LOCKED,,,,,,,,,,
108,3.600000,68.312,12.439,0,0,0,0.000000,0.000000,0.000000,0.000000,0.000000,0,0.000,0.000,NO BLACK,NO BUNDLE,0,0,0,,,,0,1,1,1,0.862511,0.555421,452,88,0.240826,STAND LOCKED,,,,,,,,,,
109,3.633333,69.517,12.622,0,0,0,0.000000,0.000000,0.000000,0.000000,0.000000,0,0.000,0.000,NO BLACK,NO BUNDLE,0,0,0,,,,0,1,1,1,0.862511,0.555421,452,88,0.240826,STAND LOCKED,,,,,,,,,,
110,3.666667,69.069,12.478,2,0,0,0.705070,0.000000,0.000000,0.000000,0.000000,0,0.000,0.000,NO BLACK,NO BUNDLE,0,0,0,,,,0,1,1,1,0.799056,0.544320,500,88,0.240525,STAND LOCKED,,,,,,,,,,
111,3.700000,69.228,12.685,3,0,0,0.715159,0.000000,0.000000,0.000000,0.000000,0,0.000,0.000,NO BLACK,NO BUNDLE,0,0,0,,,,0,1,1,1,0.799056,0.544320,500,88,0.240525,STAND LOCKED,,,,,,,,,,
112,3.733333,67.815,12.582,3,0,0,0.715420,0.000000,0.000000,0.000000,0.000000,0,0.000,0.000,NO BLACK,NO BUNDLE,0,0,0,,,,0,1,1,1,0.776697,0.584544,542,88,0.242680,STAND LOCKED,,,,,,,,,,
113,3.766667,69.617,12.768,3,0,0,0.720887,0.000000,0.000000,0.000000,0.000000,0,0.000,0.000,NO BLACK,NO BUNDLE,0,0,0,,,,0,1,1,1,0.776697,0.584544,542,88,0.242680,STAND LOCKED,,,,,,,,,,
114,3.800000,69.717,12.641,4,0,0,0.717250,0.000000,0.000000,0.000000,0.000000,0,0.000,0.000,NO BLACK,NO BUNDLE,0,0,0,,,,0,1,1,1,0.691076,0.523895,389,87,0.239831,STAND LOCKED,,,,,,,,,,
115,3.833333,68.447,12.825,6,0,0,0.714937,0.000000,0.000000,0.000000,0.000000,0,0.000,0.000,NO BLACK,NO BUNDLE,0,0,0,,,,0,1,1,1,0.691076,0.523895,389,87,0.239831,STAND LOCKED,,,,,,,,,,
116,3.866667,67.552,12.694,0,0,0,0.000000,0.000000,0.000000,0.000000,0.000000,0,0.000,0.000,NO BLACK,NO BUNDLE,0,0,0,,,,0,1,1,1,0.749378,0.517642,295,88,0.241605,STAND LOCKED,,,,,,,,,,
117,3.900000,70.175,12.833,0,0,0,0.000000,0.000000,0.000000,0.000000,0.000000,0,0.000,0.000,NO BLACK,NO BUNDLE,0,0,0,,,,0,1,1,1,0.749378,0.517642,295,88,0.241605,STAND LOCKED,,,,,,,,,,
118,3.933333,68.938,12.617,0,0,0,0.000000,0.000000,0.000000,0.000000,0.000000,0,0.000,0.000,NO BLACK,NO BUNDLE,0,0,0,,,,0,1,1,1,0.703699,0.497231,350,63,0.172889,STAND LOCKED,,,,,,,,,,
119,3.966667,68.632,12.838,0,0,0,0.000000,0.000000,0.000000,0.000000,0.000000,0,0.000,0.000,NO BLACK,NO BUNDLE,0,0,0,,,,0,1,1,1,0.703699,0.497231,350,63,0.172889,STAND LOCKED,,,,,,,,,,
120,4.000000,68.754,12.666,0,0,0,0.000000,0.000000,0.000000,0.000000,0.000000,0,0.000,0.000,NO BLACK,NO BUNDLE,0,0,0,,,,0,1,1,1,0.841841,0.501902,395,77,0.211480,STAND LOCKED,,,,,,,,,,
121,4.033333,67.595,12.889,0,0,0,0.000000,0.000000,0.000000,0.000000,0.000000,0,0.000,0.000,NO BLACK,NO BUNDLE,0,0,0,,,,0,1,1,1,0.841841,0.501902,395,77,0.211480,STAND LOCKED,,,,,,,,,,
122,4.066667,69.084,12.717,0,0,0,0.000000,0.000000,0.000000,0.000000,0.000000,0,0.000,0.000,NO BLACK,NO BUNDLE,0,0,0,,,,0,1,1,1,0.757408,0.502772,322,83,0.226555,STAND LOCKED,,,,,,,,,,
123,4.100000,70.294,12.869,0,0,0,0.000000,0.000000,0.000000,0.000000,0.000000,0,0.000,0.000,NO BLACK,NO BUNDLE,0,0,0,,,,0,1,1,1,0.757408,0.502772,322,83,0.226555,STAND LOCKED,,,,,,,,,,
124,4.133333,68.040,12.686,0,0,0,0.000000,0.000000,0.000000,0.000000,0.000000,0,0.000,0.000,NO BLACK,NO BUNDLE,0,0,0,,,,0,1,1,1,0.902500,0.589956,361,86,0.236394,STAND LOCKED,,,,,,,,,,
125,4.166667,70.105,12.812,0,0,0,0.000000,0.000000,0.000000,0.000000,0.000000,0,0.000,0.000,NO BLACK,NO BUNDLE,0,0,0,,,,0,1,1,1,0.902500,0.589956,361,86,0.236394,STAND LOCKED,,,,,,,,,,
126,4.200000,69.470,12.588,5,0,0,0.708815,0.000000,0.000000,0.000000,0.000000,0,0.000,0.000,NO BLACK,NO BUNDLE,0,0,0,,,,0,1,1,1,0.811329,0.522946,409,87,0.239294,STAND LOCKED,,,,,,,,,,
127,4.233333,68.789,12.791,3,0,0,0.702723,0.000000,0.000000,0.000000,0.000000,0,0.000,0.000,NO BLACK,NO BUNDLE,0,0,0,,,,0,1,1,1,0.811329,0.522946,409,87,0.239294,STAND LOCKED,,,,,,,,,,
128,4.266667,66.202,12.665,0,0,0,0.000000,0.000000,0.000000,0.000000,0.000000,0,0.000,0.000,NO BLACK,NO BUNDLE,0,0,0,,,,0,1,1,1,0.752067,0.504107,338,87,0.240599,STAND LOCKED,,,,,,,,,,
129,4.300000,70.827,12.728,3,0,0,0.702508,0.000000,0.000000,0.000000,0.000000,0,0.000,0.000,NO BLACK,NO BUNDLE,0,0,0,,,,0,1,1,1,0.752067,0.504107,338,87,0.240599,STAND LOCKED,,,,,,,,,,
130,4.333333,71.620,12.496,10,0,0,0.712767,0.000000,0.000000,0.000000,0.000000,0,0.000,0.000,NO BLACK,NO BUNDLE,0,0,0,,,,0,1,1,1,0.817955,0.502097,376,86,0.240422,STAND LOCKED,,,,,,,,,,
131,4.366667,66.357,12.798,12,0,0,0.711448,0.000000,0.000000,0.000000,0.000000,0,0.000,0.000,NO BLACK,NO BUNDLE,0,0,0,,,,0,1,1,1,0.817955,0.502097,376,86,0.240422,STAND LOCKED,,,,,,,,,,
132,4.400000,66.924,12.675,0,0,0,0.000000,0.000000,0.000000,0.000000,0.000000,0,0.000,0.000,NO BLACK,NO BUNDLE,0,0,0,,,,0,1,1,1,0.764256,0.500950,310,87,0.241871,STAND LOCKED,,,,,,,,,,
133,4.433333,69.857,12.803,0,0,0,0.000000,0.000000,0.000000,0.000000,0.000000,0,0.000,0.000,NO BLACK,NO BUNDLE,0,0,0,,,,0,1,1,1,0.764256,0.500950,310,87,0.241871,STAND LOCKED,,,,,,,,,,
134,4.466667,69.943,12.556,0,0,0,0.000000,0.000000,0.000000,0.000000,0.000000,0,0.000,0.000,NO BLACK,NO BUNDLE,0,0,0,,,,0,1,1,1,0.910559,0.555948,356,88,0.242522,STAND LOCKED,,,,,,,,,,
135,4.500000,66.805,12.825,0,0,0,0.000000,0.000000,0.000000,0.000000,0.000000,0,0.000,0.000,NO BLACK,NO BUNDLE,0,0,0,,,,0,1,1,1,0.910559,0.555948,356,88,0.242522,STAND LOCKED,,,,,,,,,,
136,4.533333,69.678,12.633,0,0,0,0.000000,0.000000,0.000000,0.000000,0.000000,0,0.000,0.000,NO BLACK,NO BUNDLE,0,0,0,,,,0,1,1,1,0.903338,0.574740,407,88,0.243579,STAND LOCKED,,,,,,,,,,
137,4.566667,71.282,12.774,0,0,0,0.000000,0.000000,0.000000,0.000000,0.000000,0,0.000,0.000,NO BLACK,NO BUNDLE,0,0,0,,,,0,1,1,1,0.903338,0.574740,407,88,0.243579,STAND LOCKED,,,,,,,,,,
138,4.600000,69.077,12.607,0,0,0,0.000000,0.000000,0.000000,0.000000,0.000000,0,0.000,0.000,NO BLACK,NO BUNDLE,0,0,0,,,,0,1,1,0,0.903338,0.574740,407,88,0.243579,STAND TEMPORARILY LOST (1),,,,,,,,,,
139,4.633333,69.818,12.780,8,0,0,0.717379,0.000000,0.000000,0.000000,0.000000,0,0.000,0.000,NO BLACK,NO BUNDLE,0,0,0,,,,0,1,1,0,0.903338,0.574740,407,88,0.243579,STAND TEMPORARILY LOST (1),,,,,,,,,,
140,4.666667,67.228,12.654,17,0,0,0.725964,0.000000,0.000000,0.000000,0.000000,0,0.000,0.000,NO BLACK,NO BUNDLE,0,0,0,,,,0,1,1,1,0.729741,0.551972,274,88,0.243291,STAND LOCKED,,,,,,,,,,
141,4.700000,67.937,12.854,16,0,0,0.726666,0.000000,0.000000,0.000000,0.000000,0,0.000,0.000,NO BLACK,NO BUNDLE,0,0,0,,,,0,1,1,1,0.729741,0.551972,274,88,0.243291,STAND LOCKED,,,,,,,,,,
142,4.733333,67.484,12.625,23,0,0,0.733193,0.000000,0.000000,0.000000,0.000000,0,0.000,0.000,NO BLACK,NO BUNDLE,0,0,0,,,,0,1,1,1,0.904883,0.631780,321,73,0.200384,STAND LOCKED,,,,,,,,,,
143,4.766667,68.635,12.811,10,0,0,0.716982,0.000000,0.000000,0.000000,0.000000,0,0.000,0.000,NO BLACK,NO BUNDLE,0,0,0,,,,0,1,1,1,0.904883,0.631780,321,73,0.200384,STAND LOCKED,,,,,,,,,,
144,4.800000,68.856,12.617,23,0,0,0.750832,0.000000,0.000000,0.000000,0.000000,0,0.000,0.000,NO BLACK,NO BUNDLE,0,0,0,,,,0,1,1,1,0.869596,0.592303,361,81,0.223089,STAND LOCKED,,,,,,,,,,
145,4.833333,67.466,12.863,23,0,0,0.757509,0.000000,0.000000,0.000000,0.000000,0,0.000,0.000,NO BLACK,NO BUNDLE,0,0,0,,,,0,1,1,1,0.869596,0.592303,361,81,0.223089,STAND LOCKED,,,,,,,,,,
146,4.866667,70.714,12.646,23,0,0,0.752097,0.000000,0.000000,0.000000,0.000000,0,0.000,0.000,NO BLACK,NO BUNDLE,0,0,0,,,,0,1,1,1,0.822821,0.591261,403,85,0.234071,STAND LOCKED,,,,,,,,,,
147,4.900000,69.542,12.817,21,0,0,0.735489,0.000000,0.000000,0.000000,0.000000,0,0.000,0.000,NO BLACK,NO BUNDLE,0,0,0,,,,0,1,1,1,0.822821,0.591261,403,85,0.234071,STAND LOCKED,,,,,,,,,,
148,4.933333,67.680,12.687,22,0,0,0.750940,0.000000,0.000000,0.000000,0.000000,0,0.000,0.000,NO BLACK,NO BUNDLE,0,0,0,,,,0,1,1,1,0.840821,0.565998,451,86,0.236721,STAND LOCKED,,,,,,,,,,
149,4.966667,70.100,12.831,21,0,0,0.745384,0.000000,0.000000,0.000000,0.000000,0,0.000,0.000,NO BLACK,NO BUNDLE,0,0,0,,,,0,1,1,1,0.840821,0.565998,451,86,0.236721,STAND LOCKED,,,,,,,,,,
150,5.000000,65.882,12.744,21,0,0,0.742187,0.000000,0.000000,0.000000,0.000000,0,0.000,0.000,NO BLACK,NO BUNDLE,0,0,0,,,,0,1,1,1,0.738111,0.610601,489,86,0.237149,STAND LOCKED,,,,,,,,,,
151,5.033333,68.562,12.921,19,0,0,0.729243,0.000000,0.000000,0.000000,0.000000,0,0.000,0.000,NO BLACK,NO BUNDLE,0,0,0,,,,0,1,1,1,0.738111,0.610601,489,86,0.237149,STAND LOCKED,,,,,,,,,,
152,5.066667,68.411,12.728,21,0,0,0.738134,0.000000,0.000000,0.000000,0.000000,0,0.000,0.000,NO BLACK,NO BUNDLE,0,0,0,,,,0,1,1,0,0.738111,0.610601,489,86,0.237149,STAND TEMPORARILY LOST (1),,,,,,,,,,
153,5.100000,70.271,12.862,23,0,0,0.747628,0.000000,0.000000,0.000000,0.000000,0,0.000,0.000,NO BLACK,NO BUNDLE,0,0,0,,,,0,1,1,0,0.738111,0.610601,489,86,0.237149,STAND TEMPORARILY LOST (1),,,,,,,,,,
154,5.133333,71.022,12.670,25,0,0,0.747100,0.000000,0.000000,0.000000,0.000000,0,0.000,0.000,NO BLACK,NO BUNDLE,0,0,0,,,,0,1,1,1,0.760804,0.540059,524,86,0.235814,STAND LOCKED,,,,,,,,,,
155,5.166667,74.169,12.725,39,0,0,0.770198,0.000000,0.000000,0.000000,0.000000,0,0.000,0.000,NO BLACK,NO BUNDLE,0,0,0,,,,0,1,1,1,0.760804,0.540059,524,86,0.235814,STAND LOCKED,,,,,,,,,,
156,5.200000,71.836,12.526,16,0,0,0.731004,0.000000,0.000000,0.000000,0.000000,0,0.000,0.000,NO BLACK,NO BUNDLE,0,0,0,,,,0,1,1,0,0.760804,0.540059,524,86,0.235814,STAND TARGET JUMP REJECTED,,,,,,,,,,
157,5.233333,70.719,12.683,12,0,0,0.719576,0.000000,0.000000,0.000000,0.000000,0,0.000,0.000,NO BLACK,NO BUNDLE,0,0,0,,,,0,1,1,0,0.760804,0.540059,524,86,0.235814,STAND TARGET JUMP REJECTED,,,,,,,,,,
158,5.266667,67.535,12.561,12,0,0,0.721334,0.000000,0.000000,0.000000,0.000000,0,0.000,0.000,NO BLACK,NO BUNDLE,0,0,0,,,,0,1,1,1,0.739595,0.481122,575,85,0.235978,STAND LOCKED,,,,,,,,,,
159,5.300000,71.285,12.659,14,0,0,0.727157,0.000000,0.000000,0.000000,0.000000,0,0.000,0.000,NO BLACK,NO BUNDLE,0,0,0,,,,0,1,1,1,0.739595,0.481122,575,85,0.235978,STAND LOCKED,,,,,,,,,,
160,5.333333,67.490,12.600,8,0,0,0.719752,0.000000,0.000000,0.000000,0.000000,0,0.000,0.000,NO BLACK,NO BUNDLE,0,0,0,,,,0,1,1,1,0.761334,0.475152,610,86,0.238343,STAND LOCKED,,,,,,,,,,
161,5.366667,69.904,12.782,7,0,0,0.716256,0.000000,0.000000,0.000000,0.000000,0,0.000,0.000,NO BLACK,NO BUNDLE,0,0,0,,,,0,1,1,1,0.761334,0.475152,610,86,0.238343,STAND LOCKED,,,,,,,,,,
162,5.400000,68.112,12.712,7,0,0,0.715868,0.000000,0.000000,0.000000,0.000000,0,0.000,0.000,NO BLACK,NO BUNDLE,0,0,0,,,,0,1,1,1,0.702393,0.460575,625,86,0.237879,STAND LOCKED,,,,,,,,,,
163,5.433333,66.674,12.920,2,0,0,0.704958,0.000000,0.000000,0.000000,0.000000,0,0.000,0.000,NO BLACK,NO BUNDLE,0,0,0,,,,0,1,1,1,0.702393,0.460575,625,86,0.237879,STAND LOCKED,,,,,,,,,,
164,5.466667,72.747,12.673,1,0,0,0.701730,0.000000,0.000000,0.000000,0.000000,0,0.000,0.000,NO BLACK,NO BUNDLE,0,0,0,,,,0,1,1,0,0.702393,0.460575,625,86,0.237879,STAND TEMPORARILY LOST (1),,,,,,,,,,
165,5.500000,65.980,12.957,2,0,0,0.708009,0.000000,0.000000,0.000000,0.000000,0,0.000,0.000,NO BLACK,NO BUNDLE,0,0,0,,,,0,1,1,0,0.702393,0.460575,625,86,0.237879,STAND TEMPORARILY LOST (1),,,,,,,,,,
166,5.533333,71.004,12.745,1,0,0,0.701810,0.000000,0.000000,0.000000,0.000000,0,0.000,0.000,NO BLACK,NO BUNDLE,0,0,0,,,,0,1,1,1,0.723509,0.453829,483,84,0.233087,STAND LOCKED,,,,,,,,,,
167,5.566667,72.029,12.831,0,0,0,0.000000,0.000000,0.000000,0.000000,0.000000,0,0.000,0.000,NO BLACK,NO BUNDLE,0,0,0,,,,0,1,1,1,0.723509,0.453829,483,84,0.233087,STAND LOCKED,,,,,,,,,,
168,5.600000,69.414,12.695,9,0,0,0.719899,0.000000,0.000000,0.000000,0.000000,0,0.000,0.000,NO BLACK,NO BUNDLE,0,0,0,,,,0,1,1,1,0.793393,0.489537,503,85,0.236278,STAND LOCKED,,,,,,,,,,
169,5.633333,68.106,12.878,17,0,0,0.722988,0.000000,0.000000,0.000000,0.000000,0,0.000,0.000,NO BLACK,NO BUNDLE,0,0,0,,,,0,1,1,1,0.793393,0.489537,503,85,0.236278,STAND LOCKED,,,,,,,,,,
170,5.666667,69.919,12.710,15,0,0,0.723860,0.000000,0.000000,0.000000,0.000000,0,0.000,0.000,NO BLACK,NO BUNDLE,0,0,0,,,,0,1,1,1,0.691649,0.468583,537,84,0.234659,STAND LOCKED,,,,,,,,,,
171,5.700000,69.784,12.874,4,0,0,0.712428,0.000000,0.000000,0.000000,0.000000,0,0.000,0.000,NO BLACK,NO BUNDLE,0,0,0,,,,0,1,1,1,0.691649,0.468583,537,84,0.234659,STAND LOCKED,,,,,,,,,,
172,5.733333,68.933,12.753,2,0,0,0.709379,0.000000,0.000000,0.000000,0.000000,0,0.000,0.000,NO BLACK,NO BUNDLE,0,0,0,,,,0,1,1,1,0.725225,0.505083,412,85,0.236985,STAND LOCKED,,,,,,,,,,
173,5.766667,68.701,12.919,4,0,0,0.710490,0.000000,0.000000,0.000000,0.000000,0,0.000,0.000,NO BLACK,NO BUNDLE,0,0,0,,,,0,1,1,1,0.725225,0.505083,412,85,0.236985,STAND LOCKED,,,,,,,,,,
174,5.800000,67.887,12.756,6,0,0,0.716756,0.000000,0.000000,0.000000,0.000000,0,0.000,0.000,NO BLACK,NO BUNDLE,0,0,0,,,,0,1,1,1,0.805754,0.487869,370,87,0.240324,STAND LOCKED,,,,,,,,,,
175,5.833333,68.388,12.957,16,0,0,0.734071,0.000000,0.000000,0.000000,0.000000,0,0.000,0.000,NO BLACK,NO BUNDLE,0,0,0,,,,0,1,1,1,0.805754,0.487869,370,87,0.240324,STAND LOCKED,,,,,,,,,,
176,5.866667,68.281,12.726,19,0,0,0.737067,0.000000,0.000000,0.000000,0.000000,0,0.000,0.000,NO BLACK,NO BUNDLE,0,0,0,,,,0,1,1,1,0.863645,0.522382,385,87,0.241062,STAND LOCKED,,,,,,,,,,
177,5.900000,70.117,12.846,14,0,0,0.727528,0.000000,0.000000,0.000000,0.000000,0,0.000,0.000,NO BLACK,NO BUNDLE,0,0,0,,,,0,1,1,1,0.863645,0.522382,385,87,0.241062,STAND LOCKED,,,,,,,,,,
178,5.933333,68.638,12.672,21,0,0,0.738720,0.000000,0.000000,0.000000,0.000000,0,0.000,0.000,NO BLACK,NO BUNDLE,0,0,0,,,,0,1,1,1,0.836030,0.544318,410,86,0.235284,STAND LOCKED,,,,,,,,,,
179,5.966667,67.441,12.895,19,0,0,0.740204,0.000000,0.000000,0.000000,0.000000,0,0.000,0.000,NO BLACK,NO BUNDLE,0,0,0,,,,0,1,1,1,0.836030,0.544318,410,86,0.235284,STAND LOCKED,,,,,,,,,,
180,6.000000,67.517,12.763,0,0,0,0.000000,0.000000,0.000000,0.000000,0.000000,0,0.000,0.000,NO BLACK,NO BUNDLE,0,0,0,,,,0,1,1,1,0.843786,0.577227,447,87,0.239558,STAND LOCKED,,,,,,,,,,
181,6.033333,67.824,12.974,0,0,0,0.000000,0.000000,0.000000,0.000000,0.000000,0,0.000,0.000,NO BLACK,NO BUNDLE,0,0,0,,,,0,1,1,1,0.843786,0.577227,447,87,0.239558,STAND LOCKED,,,,,,,,,,
182,6.066667,68.160,12.795,4,0,0,0.705421,0.000000,0.000000,0.000000,0.000000,0,0.000,0.000,NO BLACK,NO BUNDLE,0,0,0,,,,0,1,1,1,0.819343,0.560930,479,99,0.198704,STAND LOCKED,,,,,,,,,,
183,6.100000,69.911,12.947,0,0,0,0.000000,0.000000,0.000000,0.000000,0.000000,0,0.000,0.000,NO BLACK,NO BUNDLE,0,0,0,,,,0,1,1,1,0.819343,0.560930,479,99,0.198704,STAND LOCKED,,,,,,,,,,
184,6.133333,69.602,12.806,0,0,0,0.000000,0.000000,0.000000,0.000000,0.000000,0,0.000,0.000,NO BLACK,NO BUNDLE,0,0,0,,,,0,1,1,0,0.819343,0.560930,479,99,0.198704,STAND TEMPORARILY LOST (1),,,,,,,,,,
185,6.166667,65.824,13.073,0,0,0,0.000000,0.000000,0.000000,0.000000,0.000000,0,0.000,0.000,NO BLACK,NO BUNDLE,0,0,0,,,,0,1,1,0,0.819343,0.560930,479,99,0.198704,STAND TEMPORARILY LOST (1),,,,,,,,,,
186,6.200000,68.475,12.900,0,0,0,0.000000,0.000000,0.000000,0.000000,0.000000,0,0.000,0.000,NO BLACK,NO BUNDLE,0,0,0,,,,0,1,1,1,0.804045,0.540198,501,90,0.216222,STAND LOCKED,,,,,,,,,,
187,6.233333,69.823,13.019,0,0,0,0.000000,0.000000,0.000000,0.000000,0.000000,0,0.000,0.000,NO BLACK,NO BUNDLE,0,0,0,,,,0,1,1,1,0.804045,0.540198,501,90,0.216222,STAND LOCKED,,,,,,,,,,
188,6.266667,69.577,12.829,1,0,0,0.707281,0.000000,0.000000,0.000000,0.000000,0,0.000,0.000,NO BLACK,NO BUNDLE,0,0,0,,,,0,1,1,1,0.711693,0.476520,394,87,0.224869,STAND LOCKED,,,,,,,,,,
189,6.300000,70.113,12.959,3,0,0,0.709879,0.000000,0.000000,0.000000,0.000000,0,0.000,0.000,NO BLACK,NO BUNDLE,0,0,0,,,,0,1,1,1,0.711693,0.476520,394,87,0.224869,STAND LOCKED,,,,,,,,,,
190,6.333333,69.896,12.740,3,0,0,0.710683,0.000000,0.000000,0.000000,0.000000,0,0.000,0.000,NO BLACK,NO BUNDLE,0,0,0,,,,0,1,1,1,0.787705,0.478877,435,88,0.234872,STAND LOCKED,,,,,,,,,,
191,6.366667,68.210,12.942,3,0,0,0.709157,0.000000,0.000000,0.000000,0.000000,0,0.000,0.000,NO BLACK,NO BUNDLE,0,0,0,,,,0,1,1,1,0.787705,0.478877,435,88,0.234872,STAND LOCKED,,,,,,,,,,
192,6.400000,68.354,12.756,14,0,0,0.723673,0.000000,0.000000,0.000000,0.000000,0,0.000,0.000,NO BLACK,NO BUNDLE,0,0,0,,,,0,1,1,0,0.787705,0.478877,435,88,0.234872,STAND TEMPORARILY LOST (1),,,,,,,,,,
193,6.433333,68.796,12.941,17,0,0,0.734283,0.000000,0.000000,0.000000,0.000000,0,0.000,0.000,NO BLACK,NO BUNDLE,0,0,0,,,,0,1,1,0,0.787705,0.478877,435,88,0.234872,STAND TEMPORARILY LOST (1),,,,,,,,,,
194,6.466667,69.628,12.755,17,0,0,0.724585,0.000000,0.000000,0.000000,0.000000,0,0.000,0.000,NO BLACK,NO BUNDLE,0,0,0,,,,0,1,1,1,0.708697,0.457255,482,88,0.239373,STAND LOCKED,,,,,,,,,,
195,6.500000,70.991,12.868,12,0,0,0.722658,0.000000,0.000000,0.000000,0.000000,0,0.000,0.000,NO BLACK,NO BUNDLE,0,0,0,,,,0,1,1,1,0.708697,0.457255,482,88,0.239373,STAND LOCKED,,,,,,,,,,
196,6.533333,70.851,12.667,8,0,0,0.714569,0.000000,0.000000,0.000000,0.000000,0,0.000,0.000,NO BLACK,NO BUNDLE,0,0,0,,,,0,1,1,1,0.755331,0.474752,522,87,0.240634,STAND LOCKED,,,,,,,,,,
197,6.566667,70.338,12.813,6,0,0,0.710844,0.000000,0.000000,0.000000,0.000000,0,0.000,0.000,NO BLACK,NO BUNDLE,0,0,0,,,,0,1,1,1,0.755331,0.474752,522,87,0.240634,STAND LOCKED,,,,,,,,,,
198,6.600000,67.482,12.726,11,0,0,0.715598,0.000000,0.000000,0.000000,0.000000,0,0.000,0.000,NO BLACK,NO BUNDLE,0,0,0,,,,0,1,1,0,0.755331,0.474752,522,87,0.240634,STAND TEMPORARILY LOST (1),,,,,,,,,,
199,6.633333,65.605,12.984,7,0,0,0.715122,0.000000,0.000000,0.000000,0.000000,0,0.000,0.000,NO BLACK,NO BUNDLE,0,0,0,,,,0,1,1,0,0.755331,0.474752,522,87,0.240634,STAND TEMPORARILY LOST (1),,,,,,,,,,
200,6.666667,69.874,12.816,11,0,0,0.716396,0.000000,0.000000,0.000000,0.000000,0,0.000,0.000,NO BLACK,NO BUNDLE,0,0,0,,,,0,1,1,1,0.728649,0.461386,415,85,0.235855,STAND LOCKED,,,,,,,,,,
201,6.700000,69.683,12.966,17,0,0,0.730698,0.000000,0.000000,0.000000,0.000000,0,0.000,0.000,NO BLACK,NO BUNDLE,0,0,0,,,,0,1,1,1,0.728649,0.461386,415,85,0.235855,STAND LOCKED,,,,,,,,,,
202,6.733333,69.231,12.775,21,0,0,0.736203,0.000000,0.000000,0.000000,0.000000,0,0.000,0.000,NO BLACK,NO BUNDLE,0,0,0,,,,0,1,1,1,0.716664,0.445867,403,86,0.239051,STAND LOCKED,,,,,,,,,,
203,6.766667,70.100,12.923,16,0,0,0.724488,0.000000,0.000000,0.000000,0.000000,0,0.000,0.000,NO BLACK,NO BUNDLE,0,0,0,,,,0,1,1,1,0.716664,0.445867,403,86,0.239051,STAND LOCKED,,,,,,,,,,
204,6.800000,68.209,12.767,19,0,0,0.731508,0.000000,0.000000,0.000000,0.000000,0,0.000,0.000,NO BLACK,NO BUNDLE,0,0,0,,,,0,1,1,1,0.658320,0.502103,245,87,0.241254,STAND LOCKED,,,,,,,,,,
205,6.833333,70.204,12.907,16,0,0,0.723715,0.000000,0.000000,0.000000,0.000000,0,0.000,0.000,NO BLACK,NO BUNDLE,0,0,0,,,,0,1,1,1,0.658320,0.502103,245,87,0.241254,STAND LOCKED,,,,,,,,,,
206,6.866667,67.710,12.684,18,0,0,0.729817,0.000000,0.000000,0.000000,0.000000,0,0.000,0.000,NO BLACK,NO BUNDLE,0,0,0,,,,0,1,1,1,0.673152,0.496505,261,62,0.171203,STAND LOCKED,,,,,,,,,,
207,6.900000,69.426,12.860,17,0,0,0.729218,0.000000,0.000000,0.000000,0.000000,0,0.000,0.000,NO BLACK,NO BUNDLE,0,0,0,,,,0,1,1,1,0.673152,0.496505,261,62,0.171203,STAND LOCKED,,,,,,,,,,
208,6.933333,67.800,12.674,10,0,0,0.719873,0.000000,0.000000,0.000000,0.000000,0,0.000,0.000,NO BLACK,NO BUNDLE,0,0,0,,,,0,1,1,1,0.792262,0.565325,182,104,0.134333,STAND LOCKED,,,,,,,,,,
209,6.966667,68.707,12.874,13,0,0,0.725190,0.000000,0.000000,0.000000,0.000000,0,0.000,0.000,NO BLACK,NO BUNDLE,0,0,0,,,,0,1,1,1,0.792262,0.565325,182,104,0.134333,STAND LOCKED,,,,,,,,,,
210,7.000000,66.717,12.738,9,0,0,0.718605,0.000000,0.000000,0.000000,0.000000,0,0.000,0.000,NO BLACK,NO BUNDLE,0,0,0,,,,0,1,1,1,0.748065,0.559882,143,122,0.119269,STAND LOCKED,,,,,,,,,,
211,7.033333,66.783,12.927,10,0,0,0.719289,0.000000,0.000000,0.000000,0.000000,0,0.000,0.000,NO BLACK,NO BUNDLE,0,0,0,,,,0,1,1,1,0.748065,0.559882,143,122,0.119269,STAND LOCKED,,,,,,,,,,
212,7.066667,67.217,12.753,10,0,0,0.719038,0.000000,0.000000,0.000000,0.000000,0,0.000,0.000,NO BLACK,NO BUNDLE,0,0,0,,,,0,1,1,1,0.850656,0.571634,191,129,0.114782,STAND LOCKED,,,,,,,,,,
213,7.100000,69.284,12.914,6,0,0,0.716392,0.000000,0.000000,0.000000,0.000000,0,0.000,0.000,NO BLACK,NO BUNDLE,0,0,0,,,,0,1,1,1,0.850656,0.571634,191,129,0.114782,STAND LOCKED,,,,,,,,,,
214,7.133333,67.807,12.747,11,0,0,0.722537,0.000000,0.000000,0.000000,0.000000,0,0.000,0.000,NO BLACK,NO BUNDLE,0,0,0,,,,0,1,1,1,0.629883,0.577364,141,136,0.101305,STAND LOCKED,,,,,,,,,,
215,7.166667,69.661,12.887,10,0,0,0.719797,0.000000,0.000000,0.000000,0.000000,0,0.000,0.000,NO BLACK,NO BUNDLE,0,0,0,,,,0,1,1,1,0.629883,0.577364,141,136,0.101305,STAND LOCKED,,,,,,,,,,
216,7.200000,69.145,12.699,20,0,0,0.732220,0.000000,0.000000,0.000000,0.000000,0,0.000,0.000,NO BLACK,NO BUNDLE,0,0,0,,,,0,1,1,0,0.629883,0.577364,141,136,0.101305,STAND TEMPORARILY LOST (1),,,,,,,,,,
217,7.233333,69.524,12.876,22,0,0,0.740988,0.000000,0.000000,0.000000,0.000000,0,0.000,0.000,NO BLACK,NO BUNDLE,0,0,0,,,,0,1,1,0,0.629883,0.577364,141,136,0.101305,STAND TEMPORARILY LOST (1),,,,,,,,,,
218,7.266667,68.711,12.183,6,0,0,0.707986,0.000000,0.000000,0.000000,0.000000,0,0.000,0.000,NO BLACK,NO BUNDLE,0,0,0,,,,0,1,1,0,0.629883,0.577364,141,136,0.101305,STAND TEMPORARILY LOST (2),,,,,,,,,,
219,7.300000,70.477,12.399,11,0,0,0.714908,0.000000,0.000000,0.000000,0.000000,0,0.000,0.000,NO BLACK,NO BUNDLE,0,0,0,,,,0,1,1,0,0.629883,0.577364,141,136,0.101305,STAND TEMPORARILY LOST (2),,,,,,,,,,
220,7.333333,66.330,12.287,8,0,0,0.716264,0.000000,0.000000,0.000000,0.000000,0,0.000,0.000,NO BLACK,NO BUNDLE,0,0,0,,,,0,1,1,1,0.858293,0.587691,192,134,0.109754,STAND LOCKED,,,,,,,,,,
221,7.366667,68.852,12.498,8,0,0,0.714666,0.000000,0.000000,0.000000,0.000000,0,0.000,0.000,NO BLACK,NO BUNDLE,0,0,0,,,,0,1,1,1,0.858293,0.587691,192,134,0.109754,STAND LOCKED,,,,,,,,,,
222,7.400000,71.163,12.295,16,0,0,0.721210,0.000000,0.000000,0.000000,0.000000,0,0.000,0.000,NO BLACK,NO BUNDLE,0,0,0,,,,0,1,1,1,0.778939,0.574087,160,135,0.110500,STAND LOCKED,,,,,,,,,,
223,7.433333,70.411,12.497,6,0,0,0.713345,0.000000,0.000000,0.000000,0.000000,0,0.000,0.000,NO BLACK,NO BUNDLE,0,0,0,,,,0,1,1,1,0.778939,0.574087,160,135,0.110500,STAND LOCKED,,,,,,,,,,
224,7.466667,68.556,12.302,4,0,0,0.705562,0.000000,0.000000,0.000000,0.000000,0,0.000,0.000,NO BLACK,NO BUNDLE,0,0,0,,,,0,1,1,1,0.837798,0.595011,208,134,0.113892,STAND LOCKED,,,,,,,,,,
225,7.500000,68.931,12.547,0,0,0,0.000000,0.000000,0.000000,0.000000,0.000000,0,0.000,0.000,NO BLACK,NO BUNDLE,0,0,0,,,,0,1,1,1,0.837798,0.595011,208,134,0.113892,STAND LOCKED,,,,,,,,,,
226,7.533333,67.379,12.374,3,0,0,0.703793,0.000000,0.000000,0.000000,0.000000,0,0.000,0.000,NO BLACK,NO BUNDLE,0,0,0,,,,0,1,1,0,0.837798,0.595011,208,134,0.113892,STAND TEMPORARILY LOST (1),,,,,,,,,,
227,7.566667,68.370,12.637,0,0,0,0.000000,0.000000,0.000000,0.000000,0.000000,0,0.000,0.000,NO BLACK,NO BUNDLE,0,0,0,,,,0,1,1,0,0.837798,0.595011,208,134,0.113892,STAND TEMPORARILY LOST (1),,,,,,,,,,
228,7.600000,68.978,11.958,0,0,0,0.000000,0.000000,0.000000,0.000000,0.000000,0,0.000,0.000,NO BLACK,NO BUNDLE,0,0,0,,,,0,1,1,0,0.837798,0.595011,208,134,0.113892,STAND TARGET JUMP REJECTED,,,,,,,,,,
229,7.633333,70.119,12.211,6,0,0,0.709550,0.000000,0.000000,0.000000,0.000000,0,0.000,0.000,NO BLACK,NO BUNDLE,0,0,0,,,,0,1,1,0,0.837798,0.595011,208,134,0.113892,STAND TARGET JUMP REJECTED,,,,,,,,,,
230,7.666667,70.924,12.063,5,0,0,0.702569,0.000000,0.000000,0.000000,0.000000,0,0.000,0.000,NO BLACK,NO BUNDLE,0,0,0,,,,0,1,1,1,0.695628,0.546509,243,84,0.118474,STAND LOCKED,,,,,,,,,,
231,7.700000,70.243,12.307,5,0,0,0.700714,0.000000,0.000000,0.000000,0.000000,0,0.000,0.000,NO BLACK,NO BUNDLE,0,0,0,,,,0,1,1,1,0.695628,0.546509,243,84,0.118474,STAND LOCKED,,,,,,,,,,
232,7.733333,69.091,12.230,0,0,0,0.000000,0.000000,0.000000,0.000000,0.000000,0,0.000,0.000,NO BLACK,NO BUNDLE,0,0,0,,,,0,1,1,0,0.695628,0.546509,243,84,0.118474,STAND TEMPORARILY LOST (1),,,,,,,,,,
233,7.766667,68.997,12.489,0,0,0,0.000000,0.000000,0.000000,0.000000,0.000000,0,0.000,0.000,NO BLACK,NO BUNDLE,0,0,0,,,,0,1,1,0,0.695628,0.546509,243,84,0.118474,STAND TEMPORARILY LOST (1),,,,,,,,,,
234,7.800000,65.415,12.446,4,0,0,0.701789,0.000000,0.000000,0.000000,0.000000,0,0.000,0.000,NO BLACK,NO BUNDLE,0,0,0,,,,0,1,1,1,0.877917,0.572579,240,110,0.118244,STAND LOCKED,,,,,,,,,,
235,7.833333,69.511,12.660,0,0,0,0.000000,0.000000,0.000000,0.000000,0.000000,0,0.000,0.000,NO BLACK,NO BUNDLE,0,0,0,,,,0,1,1,1,0.877917,0.572579,240,110,0.118244,STAND LOCKED,,,,,,,,,,
236,7.866667,69.799,12.474,0,0,0,0.000000,0.000000,0.000000,0.000000,0.000000,0,0.000,0.000,NO BLACK,NO BUNDLE,0,0,0,,,,0,1,1,1,0.705447,0.657867,172,124,0.110501,STAND LOCKED,,,,,,,,,,
237,7.900000,69.554,12.675,0,0,0,0.000000,0.000000,0.000000,0.000000,0.000000,0,0.000,0.000,NO BLACK,NO BUNDLE,0,0,0,,,,0,1,1,1,0.705447,0.657867,172,124,0.110501,STAND LOCKED,,,,,,,,,,
238,7.933333,67.620,12.561,0,0,0,0.000000,0.000000,0.000000,0.000000,0.000000,0,0.000,0.000,NO BLACK,NO BUNDLE,0,0,0,,,,0,1,1,1,0.806772,0.614751,149,131,0.110073,STAND LOCKED,,,,,,,,,,
239,7.966667,69.278,12.765,0,0,0,0.000000,0.000000,0.000000,0.000000,0.000000,0,0.000,0.000,NO BLACK,NO BUNDLE,0,0,0,,,,0,1,1,1,0.806772,0.614751,149,131,0.110073,STAND LOCKED,,,,,,,,,,
240,8.000000,66.922,12.615,12,0,0,0.719975,0.000000,0.000000,0.000000,0.000000,0,0.000,0.000,NO BLACK,NO BUNDLE,0,0,0,,,,0,1,1,1,0.793344,0.577615,146,133,0.108352,STAND LOCKED,,,,,,,,,,
241,8.033333,69.014,12.809,0,0,0,0.000000,0.000000,0.000000,0.000000,0.000000,0,0.000,0.000,NO BLACK,NO BUNDLE,0,0,0,,,,0,1,1,1,0.793344,0.577615,146,133,0.108352,STAND LOCKED,,,,,,,,,,
242,8.066667,68.313,12.609,2,0,0,0.707576,0.000000,0.000000,0.000000,0.000000,0,0.000,0.000,NO BLACK,NO BUNDLE,0,0,0,,,,0,1,1,1,0.805678,0.562714,145,135,0.107578,STAND LOCKED,,,,,,,,,,
243,8.100000,66.614,12.864,2,0,0,0.707853,0.000000,0.000000,0.000000,0.000000,0,0.000,0.000,NO BLACK,NO BUNDLE,0,0,0,,,,0,1,1,1,0.805678,0.562714,145,135,0.107578,STAND LOCKED,,,,,,,,,,
244,8.133333,67.155,12.682,2,0,0,0.709597,0.000000,0.000000,0.000000,0.000000,0,0.000,0.000,NO BLACK,NO BUNDLE,0,0,0,,,,0,1,1,0,0.805678,0.562714,145,135,0.107578,STAND TARGET JUMP REJECTED,,,,,,,,,,
245,8.166667,69.921,12.832,0,0,0,0.000000,0.000000,0.000000,0.000000,0.000000,0,0.000,0.000,NO BLACK,NO BUNDLE,0,0,0,,,,0,1,1,0,0.805678,0.562714,145,135,0.107578,STAND TARGET JUMP REJECTED,,,,,,,,,,
246,8.200000,66.559,12.188,0,0,0,0.000000,0.000000,0.000000,0.000000,0.000000,0,0.000,0.000,NO BLACK,NO BUNDLE,0,0,0,,,,0,1,1,0,0.805678,0.562714,145,135,0.107578,STAND TEMPORARILY LOST (2),,,,,,,,,,
247,8.233333,68.574,12.439,0,0,0,0.000000,0.000000,0.000000,0.000000,0.000000,0,0.000,0.000,NO BLACK,NO BUNDLE,0,0,0,,,,0,1,1,0,0.805678,0.562714,145,135,0.107578,STAND TEMPORARILY LOST (2),,,,,,,,,,
248,8.266667,66.910,12.341,0,0,0,0.000000,0.000000,0.000000,0.000000,0.000000,0,0.000,0.000,NO BLACK,NO BUNDLE,0,0,0,,,,0,1,1,1,0.870455,0.593192,194,133,0.112577,STAND LOCKED,,,,,,,,,,
249,8.300000,68.401,12.600,0,0,0,0.000000,0.000000,0.000000,0.000000,0.000000,0,0.000,0.000,NO BLACK,NO BUNDLE,0,0,0,,,,0,1,1,1,0.870455,0.593192,194,133,0.112577,STAND LOCKED,,,,,,,,,,
250,8.333333,69.202,12.453,0,0,0,0.000000,0.000000,0.000000,0.000000,0.000000,0,0.000,0.000,NO BLACK,NO BUNDLE,0,0,0,,,,0,1,1,0,0.870455,0.593192,194,133,0.112577,STAND TEMPORARILY LOST (1),,,,,,,,,,
251,8.366667,70.560,12.635,0,0,0,0.000000,0.000000,0.000000,0.000000,0.000000,0,0.000,0.000,NO BLACK,NO BUNDLE,0,0,0,,,,0,1,1,0,0.870455,0.593192,194,133,0.112577,STAND TEMPORARILY LOST (1),,,,,,,,,,
252,8.400000,68.369,12.487,0,0,0,0.000000,0.000000,0.000000,0.000000,0.000000,0,0.000,0.000,NO BLACK,NO BUNDLE,0,0,0,,,,0,1,1,1,0.756648,0.609898,151,136,0.107951,STAND LOCKED,,,,,,,,,,
253,8.433333,71.645,12.629,0,0,0,0.000000,0.000000,0.000000,0.000000,0.000000,0,0.000,0.000,NO BLACK,NO BUNDLE,0,0,0,,,,0,1,1,1,0.756648,0.609898,151,136,0.107951,STAND LOCKED,,,,,,,,,,
254,8.466667,68.183,12.480,0,0,0,0.000000,0.000000,0.000000,0.000000,0.000000,0,0.000,0.000,NO BLACK,NO BUNDLE,0,0,0,,,,0,1,1,1,0.847635,0.603948,198,133,0.112745,STAND LOCKED,,,,,,,,,,
255,8.500000,70.612,12.641,0,0,0,0.000000,0.000000,0.000000,0.000000,0.000000,0,0.000,0.000,NO BLACK,NO BUNDLE,0,0,0,,,,0,1,1,1,0.847635,0.603948,198,133,0.112745,STAND LOCKED,,,,,,,,,,
256,8.533333,65.599,12.556,0,0,0,0.000000,0.000000,0.000000,0.000000,0.000000,0,0.000,0.000,NO BLACK,NO BUNDLE,0,0,0,,,,0,1,1,1,0.823363,0.567868,229,120,0.147749,STAND LOCKED,,,,,,,,,,
257,8.566667,66.419,12.838,0,0,0,0.000000,0.000000,0.000000,0.000000,0.000000,0,0.000,0.000,NO BLACK,NO BUNDLE,0,0,0,,,,0,1,1,1,0.823363,0.567868,229,120,0.147749,STAND LOCKED,,,,,,,,,,
258,8.600000,67.389,12.678,0,0,0,0.000000,0.000000,0.000000,0.000000,0.000000,0,0.000,0.000,NO BLACK,NO BUNDLE,0,0,0,,,,0,1,1,1,0.766966,0.612999,165,129,0.126070,STAND LOCKED,,,,,,,,,,
259,8.633333,68.789,12.850,0,0,0,0.000000,0.000000,0.000000,0.000000,0.000000,0,0.000,0.000,NO BLACK,NO BUNDLE,0,0,0,,,,0,1,1,1,0.766966,0.612999,165,129,0.126070,STAND LOCKED,,,,,,,,,,
260,8.666667,65.858,12.699,0,0,0,0.000000,0.000000,0.000000,0.000000,0.000000,0,0.000,0.000,NO BLACK,NO BUNDLE,0,0,0,,,,0,1,1,1,0.750879,0.573863,214,132,0.116315,STAND LOCKED,,,,,,,,,,
261,8.700000,66.474,12.936,0,0,0,0.000000,0.000000,0.000000,0.000000,0.000000,0,0.000,0.000,NO BLACK,NO BUNDLE,0,0,0,,,,0,1,1,1,0.750879,0.573863,214,132,0.116315,STAND LOCKED,,,,,,,,,,
262,8.733333,68.604,12.718,0,0,0,0.000000,0.000000,0.000000,0.000000,0.000000,0,0.000,0.000,NO BLACK,NO BUNDLE,0,0,0,,,,0,1,1,0,0.750879,0.573863,214,132,0.116315,STAND TEMPORARILY LOST (1),,,,,,,,,,
263,8.766667,68.530,12.919,0,0,0,0.000000,0.000000,0.000000,0.000000,0.000000,0,0.000,0.000,NO BLACK,NO BUNDLE,0,0,0,,,,0,1,1,0,0.750879,0.573863,214,132,0.116315,STAND TEMPORARILY LOST (1),,,,,,,,,,
264,8.800000,67.955,12.719,0,0,0,0.000000,0.000000,0.000000,0.000000,0.000000,0,0.000,0.000,NO BLACK,NO BUNDLE,0,0,0,,,,0,1,1,1,0.863082,0.592302,239,133,0.114217,STAND LOCKED,,,,,,,,,,
265,8.833333,70.691,12.849,0,0,0,0.000000,0.000000,0.000000,0.000000,0.000000,0,0.000,0.000,NO BLACK,NO BUNDLE,0,0,0,,,,0,1,1,1,0.863082,0.592302,239,133,0.114217,STAND LOCKED,,,,,,,,,,
266,8.866667,68.391,12.643,0,0,0,0.000000,0.000000,0.000000,0.000000,0.000000,0,0.000,0.000,NO BLACK,NO BUNDLE,0,0,0,,,,0,1,1,1,0.716935,0.601056,164,135,0.107161,STAND LOCKED,,,,,,,,,,
267,8.900000,67.300,12.893,0,0,0,0.000000,0.000000,0.000000,0.000000,0.000000,0,0.000,0.000,NO BLACK,NO BUNDLE,0,0,0,,,,0,1,1,1,0.716935,0.601056,164,135,0.107161,STAND LOCKED,,,,,,,,,,
268,8.933333,65.950,12.717,0,0,0,0.000000,0.000000,0.000000,0.000000,0.000000,0,0.000,0.000,NO BLACK,NO BUNDLE,0,0,0,,,,0,1,1,1,0.789379,0.593761,134,134,0.108570,STAND LOCKED,,,,,,,,,,
269,8.966667,67.463,12.952,0,0,0,0.000000,0.000000,0.000000,0.000000,0.000000,0,0.000,0.000,NO BLACK,NO BUNDLE,0,0,0,,,,0,1,1,1,0.789379,0.593761,134,134,0.108570,STAND LOCKED,,,,,,,,,,
270,9.000000,66.483,12.820,0,0,0,0.000000,0.000000,0.000000,0.000000,0.000000,0,0.000,0.000,NO BLACK,NO BUNDLE,0,0,0,,,,0,1,1,1,0.753853,0.581867,132,100,0.159620,STAND LOCKED,,,,,,,,,,
271,9.033333,69.191,12.985,0,0,0,0.000000,0.000000,0.000000,0.000000,0.000000,0,0.000,0.000,NO BLACK,NO BUNDLE,0,0,0,,,,0,1,1,1,0.753853,0.581867,132,100,0.159620,STAND LOCKED,,,,,,,,,,
272,9.066667,68.796,12.805,0,0,0,0.000000,0.000000,0.000000,0.000000,0.000000,0,0.000,0.000,NO BLACK,NO BUNDLE,0,0,0,,,,0,1,1,1,0.846705,0.581639,141,119,0.131412,STAND LOCKED,,,,,,,,,,
273,9.100000,67.948,13.000,0,0,0,0.000000,0.000000,0.000000,0.000000,0.000000,0,0.000,0.000,NO BLACK,NO BUNDLE,0,0,0,,,,0,1,1,1,0.846705,0.581639,141,119,0.131412,STAND LOCKED,,,,,,,,,,
274,9.133333,67.993,12.812,0,0,0,0.000000,0.000000,0.000000,0.000000,0.000000,0,0.000,0.000,NO BLACK,NO BUNDLE,0,0,0,,,,0,1,1,1,0.883050,0.613391,189,93,0.169136,STAND LOCKED,,,,,,,,,,
275,9.166667,67.211,13.042,0,0,0,0.000000,0.000000,0.000000,0.000000,0.000000,0,0.000,0.000,NO BLACK,NO BUNDLE,0,0,0,,,,0,1,1,1,0.883050,0.613391,189,93,0.169136,STAND LOCKED,,,,,,,,,,
276,9.200000,67.567,12.884,0,0,0,0.000000,0.000000,0.000000,0.000000,0.000000,0,0.000,0.000,NO BLACK,NO BUNDLE,0,0,0,,,,0,1,1,1,0.795768,0.581899,172,117,0.135694,STAND LOCKED,,,,,,,,,,
277,9.233333,69.724,13.023,0,0,0,0.000000,0.000000,0.000000,0.000000,0.000000,0,0.000,0.000,NO BLACK,NO BUNDLE,0,0,0,,,,0,1,1,1,0.795768,0.581899,172,117,0.135694,STAND LOCKED,,,,,,,,,,
278,9.266667,67.828,12.843,156,0,0,0.759404,0.000000,0.000000,0.000000,0.000000,0,0.000,0.000,NO BLACK,NO BUNDLE,0,0,0,,,,0,1,1,1,0.595650,0.561324,276,90,0.112243,STAND LOCKED,,,,,,,,,,
279,9.300000,69.484,12.997,0,0,0,0.000000,0.000000,0.000000,0.000000,0.000000,0,0.000,0.000,NO BLACK,NO BUNDLE,0,0,0,,,,0,1,1,1,0.595650,0.561324,276,90,0.112243,STAND LOCKED,,,,,,,,,,
280,9.333333,68.033,12.843,85,0,0,0.732591,0.000000,0.000000,0.000000,0.000000,0,0.000,0.000,NO BLACK,NO BUNDLE,0,0,0,,,,0,1,1,1,0.793261,0.613477,188,119,0.098634,STAND LOCKED,,,,,,,,,,
281,9.366667,68.291,13.024,195,0,0,0.753163,0.000000,0.000000,0.000000,0.000000,0,0.000,0.000,NO BLACK,NO BUNDLE,0,0,0,,,,0,1,1,1,0.793261,0.613477,188,119,0.098634,STAND LOCKED,,,,,,,,,,
282,9.400000,68.414,12.826,0,0,0,0.000000,0.000000,0.000000,0.000000,0.000000,0,0.000,0.000,NO BLACK,NO BUNDLE,0,0,0,,,,0,1,1,1,0.759922,0.604264,145,132,0.094038,STAND LOCKED,,,,,,,,,,
283,9.433333,69.632,12.961,0,0,0,0.000000,0.000000,0.000000,0.000000,0.000000,0,0.000,0.000,NO BLACK,NO BUNDLE,0,0,0,,,,0,1,1,1,0.759922,0.604264,145,132,0.094038,STAND LOCKED,,,,,,,,,,
284,9.466667,68.651,12.769,0,0,0,0.000000,0.000000,0.000000,0.000000,0.000000,0,0.000,0.000,NO BLACK,NO BUNDLE,0,0,0,,,,0,1,1,1,0.857360,0.634803,187,130,0.097317,STAND LOCKED,,,,,,,,,,
285,9.500000,66.582,13.019,4,0,0,0.711939,0.000000,0.000000,0.000000,0.000000,0,0.000,0.000,NO BLACK,NO BUNDLE,0,0,0,,,,0,1,1,1,0.857360,0.634803,187,130,0.097317,STAND LOCKED,,,,,,,,,,
286,9.533333,73.016,12.703,15,0,0,0.752281,0.000000,0.000000,0.000000,0.000000,0,0.000,0.000,NO BLACK,NO BUNDLE,0,0,0,,,,0,1,1,0,0.857360,0.634803,187,130,0.097317,STAND TARGET JUMP REJECTED,,,,,,,,,,
287,9.566667,69.976,12.829,223,0,0,0.783122,0.000000,0.000000,0.000000,0.000000,0,0.000,0.000,NO BLACK,NO BUNDLE,0,0,0,,,,0,1,1,0,0.857360,0.634803,187,130,0.097317,STAND TARGET JUMP REJECTED,,,,,,,,,,
288,9.600000,70.915,12.565,285,0,0,0.779869,0.000000,0.000000,0.000000,0.000000,0,0.000,0.000,NO LASHING,NO BUNDLE,0,0,0,,,,0,1,1,0,0.857360,0.634803,187,130,0.097317,STAND TARGET JUMP REJECTED,,,,,,,,,,
289,9.633333,70.216,12.736,126,0,0,0.732754,0.000000,0.000000,0.000000,0.000000,0,0.000,0.000,NO BLACK,NO BUNDLE,0,0,0,,,,0,1,1,0,0.857360,0.634803,187,130,0.097317,STAND TARGET JUMP REJECTED,,,,,,,,,,
290,9.666667,69.672,12.020,202,0,0,0.765565,0.000000,0.000000,0.000000,0.000000,0,0.000,0.000,NO BLACK,NO BUNDLE,0,0,0,,,,0,1,1,0,0.857360,0.634803,187,130,0.097317,STAND TEMPORARILY LOST (3),,,,,,,,,,
291,9.700000,70.307,12.256,36,0,0,0.717474,0.000000,0.000000,0.000000,0.000000,0,0.000,0.000,NO BLACK,NO BUNDLE,0,0,0,,,,0,1,1,0,0.857360,0.634803,187,130,0.097317,STAND TEMPORARILY LOST (3),,,,,,,,,,
292,9.733333,69.826,12.140,72,0,0,0.743144,0.000000,0.000000,0.000000,0.000000,0,0.000,0.000,NO BLACK,NO BUNDLE,0,0,0,,,,0,1,1,1,0.688977,0.580877,189,134,0.101848,STAND LOCKED,,,,,,,,,,
293,9.766667,70.886,12.340,217,0,0,0.863192,0.000000,0.000000,0.000000,0.000000,0,0.000,0.000,NO BLACK,NO BUNDLE,0,0,0,,,,0,1,1,1,0.688977,0.580877,189,134,0.101848,STAND LOCKED,,,,,,,,,,
294,9.800000,71.487,12.170,14,0,0,0.734071,0.000000,0.000000,0.000000,0.000000,0,0.000,0.000,NO BLACK,NO BUNDLE,0,0,0,,,,0,1,1,1,0.749814,0.559266,179,135,0.103887,STAND LOCKED,,,,,,,,,,
295,9.833333,72.537,12.318,352,0,0,0.854341,0.000000,0.000000,0.000000,0.000000,0,0.000,0.000,NO LASHING,NO BUNDLE,0,0,0,,,,0,1,1,1,0.749814,0.559266,179,135,0.103887,STAND LOCKED,,,,,,,,,,
296,9.866667,72.183,12.124,158,0,0,0.848928,0.000000,0.000000,0.000000,0.000000,0,0.000,0.000,NO BLACK,NO BUNDLE,0,0,0,,,,0,1,1,1,0.763265,0.541255,155,134,0.107097,STAND LOCKED,,,,,,,,,,
297,9.900000,72.328,12.285,122,0,0,0.832596,0.000000,0.000000,0.000000,0.000000,0,0.000,0.000,NO BLACK,NO BUNDLE,0,0,0,,,,0,1,1,1,0.763265,0.541255,155,134,0.107097,STAND LOCKED,,,,,,,,,,
298,9.933333,77.011,12.024,0,0,0,0.000000,0.000000,0.000000,0.000000,0.000000,0,0.000,0.000,NO BLACK,NO BUNDLE,0,0,0,,,,0,1,1,1,0.707152,0.523729,202,136,0.103957,STAND LOCKED,,,,,,,,,,
299,9.966667,75.986,12.124,0,0,0,0.000000,0.000000,0.000000,0.000000,0.000000,0,0.000,0.000,NO BLACK,NO BUNDLE,0,0,0,,,,0,1,1,1,0.707152,0.523729,202,136,0.103957,STAND LOCKED,,,,,,,,,,
300,10.000000,71.143,11.958,106,0,0,0.817575,0.000000,0.000000,0.000000,0.000000,0,0.000,0.000,NO BLACK,NO BUNDLE,0,0,0,,,,0,1,1,1,0.754274,0.529297,166,134,0.105600,STAND LOCKED,,,,,,,,,,
301,10.033333,74.718,12.095,196,0,0,0.815513,0.000000,0.000000,0.000000,0.000000,0,0.000,0.000,NO BLACK,NO BUNDLE,0,0,0,,,,0,1,1,1,0.754274,0.529297,166,134,0.105600,STAND LOCKED,,,,,,,,,,
302,10.066667,73.123,11.899,214,0,0,0.859102,0.000000,0.000000,0.000000,0.000000,0,0.000,0.000,NO BLACK,NO BUNDLE,0,0,0,,,,0,1,1,1,0.847110,0.537938,215,91,0.127728,STAND LOCKED,,,,,,,,,,
303,10.100000,72.241,12.106,226,0,0,0.868315,0.000000,0.000000,0.000000,0.000000,0,0.000,0.000,NO BLACK,NO BUNDLE,0,0,0,,,,0,1,1,1,0.847110,0.537938,215,91,0.127728,STAND LOCKED,,,,,,,,,,
304,10.133333,69.311,12.012,713,0,0,0.782293,0.000000,0.000000,0.000000,0.000000,0,0.000,0.000,NO LASHING,NO BUNDLE,0,0,0,,,,0,1,1,1,0.747641,0.547841,176,114,0.115533,STAND LOCKED,,,,,,,,,,
305,10.166667,70.113,12.248,186,0,0,0.833326,0.000000,0.000000,0.000000,0.000000,0,0.000,0.000,NO BLACK,NO BUNDLE,0,0,0,,,,0,1,1,1,0.747641,0.547841,176,114,0.115533,STAND LOCKED,,,,,,,,,,
306,10.200000,69.902,12.115,297,0,0,0.850748,0.000000,0.000000,0.000000,0.000000,0,0.000,0.000,NO LASHING,NO BUNDLE,0,0,0,,,,0,1,1,1,0.780545,0.576992,197,125,0.112337,STAND LOCKED,,,,,,,,,,
307,10.233333,74.215,12.227,0,0,0,0.000000,0.000000,0.000000,0.000000,0.000000,0,0.000,0.000,NO BLACK,NO BUNDLE,0,0,0,,,,0,1,1,1,0.780545,0.576992,197,125,0.112337,STAND LOCKED,,,,,,,,,,
308,10.266667,74.243,12.012,0,0,0,0.000000,0.000000,0.000000,0.000000,0.000000,0,0.000,0.000,NO BLACK,NO BUNDLE,0,0,0,,,,0,1,1,0,0.780545,0.576992,197,125,0.112337,STAND TEMPORARILY LOST (1),,,,,,,,,,
309,10.300000,70.715,12.241,38,0,0,0.760220,0.000000,0.000000,0.000000,0.000000,0,0.000,0.000,NO BLACK,NO BUNDLE,0,0,0,,,,0,1,1,0,0.780545,0.576992,197,125,0.112337,STAND TEMPORARILY LOST (1),,,,,,,,,,
310,10.333333,68.711,11.587,34,0,0,0.756427,0.000000,0.000000,0.000000,0.000000,0,0.000,0.000,NO BLACK,NO BUNDLE,0,0,0,,,,0,1,1,0,0.780545,0.576992,197,125,0.112337,STAND TEMPORARILY LOST (2),,,,,,,,,,
311,10.366667,70.855,11.876,0,0,0,0.000000,0.000000,0.000000,0.000000,0.000000,0,0.000,0.000,NO BLACK,NO BUNDLE,0,0,0,,,,0,1,1,0,0.780545,0.576992,197,125,0.112337,STAND TEMPORARILY LOST (2),,,,,,,,,,
312,10.400000,66.549,11.295,0,0,0,0.000000,0.000000,0.000000,0.000000,0.000000,0,0.000,0.000,NO BLACK,NO BUNDLE,0,0,0,,,,0,1,1,0,0.780545,0.576992,197,125,0.112337,STAND TEMPORARILY LOST (3),,,,,,,,,,
313,10.433333,75.655,11.490,0,0,5,0.000000,0.000000,0.728376,0.000000,0.000000,0,0.000,0.000,NO BLACK,NO BUNDLE,0,0,0,,,,0,1,1,0,0.780545,0.576992,197,125,0.112337,STAND TEMPORARILY LOST (3),,,,,,,,,,
314,10.466667,72.514,10.954,0,0,0,0.000000,0.000000,0.000000,0.000000,0.000000,0,0.000,0.000,NO BLACK,NO BUNDLE,0,0,0,,,,0,0,0,0,0.000000,0.000000,,,,WEAK STAND GEOMETRY,,,,,,,,,,
315,10.500000,69.284,10.692,0,0,0,0.000000,0.000000,0.000000,0.000000,0.000000,0,0.000,0.000,NO BLACK,NO BUNDLE,0,0,0,,,,0,0,0,0,0.000000,0.000000,,,,NEED TWO DARK RAILS AND AN UPRIGHT,,,,,,,,,,
316,10.533333,68.567,10.501,77,0,0,0.747444,0.000000,0.000000,0.000000,0.000000,0,0.000,0.000,NO BLACK,NO BUNDLE,0,0,0,,,,0,0,0,0,0.000000,0.000000,,,,NEED TWO DARK RAILS AND AN UPRIGHT,,,,,,,,,,
317,10.566667,66.371,10.367,236,0,48,0.756951,0.000000,0.752568,0.000000,0.000000,0,0.000,0.000,NO BLACK,NO BUNDLE,0,0,0,,,,0,0,0,0,0.000000,0.000000,,,,WEAK STAND GEOMETRY,,,,,,,,,,
318,10.600000,70.554,10.200,621,0,0,0.819507,0.000000,0.000000,0.000000,0.000000,0,0.000,0.000,NO LASHING,NO BUNDLE,0,0,0,,,,0,0,0,0,0.000000,0.000000,,,,WEAK STAND GEOMETRY,,,,,,,,,,
319,10.633333,68.957,10.044,884,0,0,0.781834,0.000000,0.000000,0.000000,0.000000,0,0.000,0.000,NO LASHING,NO BUNDLE,0,0,0,,,,0,0,0,0,0.000000,0.000000,,,,WEAK STAND GEOMETRY,,,,,,,,,,
320,10.666667,68.373,10.008,23,0,0,0.718252,0.000000,0.000000,0.000000,0.000000,0,0.000,0.000,NO BLACK,NO BUNDLE,0,0,0,,,,0,0,0,0,0.399205,0.000000,,,,WEAK STAND GEOMETRY,,,,,,,,,,
321,10.700000,71.355,9.987,2248,0,0,0.837799,0.000000,0.000000,0.000000,0.000000,0,0.000,0.000,NO LASHING,NO BUNDLE,0,0,0,,,,0,1,0,1,0.571446,0.524715,804,114,0.118056,ACQUIRING STAND 1/4,,,,,,,,,,
322,10.733333,67.699,10.033,1055,0,0,0.831030,0.000000,0.000000,0.000000,0.000000,0,0.000,0.000,NO LASHING,NO BUNDLE,0,0,0,,,,0,1,0,0,0.571446,0.524715,804,114,0.118056,STAND TEMPORARILY LOST (1),,,,,,,,,,
323,10.766667,69.494,10.608,3,0,0,0.708840,0.000000,0.000000,0.000000,0.000000,0,0.000,0.000,NO BLACK,NO BUNDLE,0,0,0,,,,0,1,0,0,0.571446,0.524715,804,114,0.118056,STAND TEMPORARILY LOST (1),,,,,,,,,,
324,10.800000,70.088,10.547,1155,0,0,0.756848,0.000000,0.000000,0.000000,0.000000,0,0.000,0.000,NO LASHING,NO BUNDLE,0,0,0,,,,0,1,0,0,0.571446,0.524715,804,114,0.118056,STAND TARGET JUMP REJECTED,,,,,,,,,,
325,10.833333,68.844,11.051,540,0,12,0.803249,0.000000,0.731857,0.000000,0.000000,0,0.000,0.000,NO LASHING,NO BUNDLE,0,0,0,,,,0,1,0,0,0.571446,0.524715,804,114,0.118056,STAND TARGET JUMP REJECTED,,,,,,,,,,
326,10.866667,68.735,11.002,195,0,292,0.732318,0.000000,0.906630,0.000000,0.000000,0,0.000,0.000,NO BLACK,NO BUNDLE,0,0,0,,,,0,1,0,0,0.571446,0.524715,804,114,0.118056,STAND TEMPORARILY LOST (3),,,,,,,,,,
327,10.900000,69.480,11.425,19,0,78,0.732765,0.000000,0.774269,0.000000,0.000000,0,0.000,0.000,NO BLACK,NO BUNDLE,0,0,0,,,,0,1,0,0,0.571446,0.524715,804,114,0.118056,STAND TEMPORARILY LOST (3),,,,,,,,,,
328,10.933333,70.262,11.160,764,0,37,0.759386,0.000000,0.765245,0.000000,0.000000,0,0.000,0.000,NO LASHING,NO BUNDLE,0,0,0,,,,0,0,0,0,0.000000,0.000000,,,,WEAK STAND GEOMETRY,,,,,,,,,,
329,10.966667,69.360,11.017,1754,0,0,0.775578,0.000000,0.000000,0.000000,0.000000,0,0.000,0.000,NO LASHING,NO BUNDLE,0,0,0,,,,0,0,0,0,0.000000,0.000000,,,,WEAK STAND GEOMETRY,,,,,,,,,,
330,11.000000,69.744,10.717,456,178,0,0.750181,0.647566,0.000000,0.698873,0.000000,0,0.000,0.000,NO VALID CONTACT,NO BUNDLE,0,0,0,,,,0,1,0,1,0.693284,0.589970,638,126,0.218056,ACQUIRING STAND 1/4,,,,,,,,,,
331,11.033333,72.747,11.080,0,0,0,0.000000,0.000000,0.000000,0.000000,0.000000,0,0.000,0.000,NO BLACK,NO BUNDLE,0,0,0,,,,0,1,0,1,0.693284,0.589970,638,126,0.218056,ACQUIRING STAND 1/4,,,,,,,,,,
332,11.066667,68.122,10.880,16,42,303,0.719477,0.636528,0.803577,0.678002,0.000000,0,0.000,0.000,NO BLACK,NO BUNDLE,0,0,0,,,,0,1,0,0,0.693284,0.589970,638,126,0.218056,STAND TARGET JUMP REJECTED,,,,,,,,,,
333,11.100000,66.049,11.405,132,22,0,0.786235,0.616875,0.000000,0.701555,0.000000,0,0.000,0.000,NO BLACK,NO BUNDLE,0,0,0,,,,0,1,0,0,0.693284,0.589970,638,126,0.218056,STAND TARGET JUMP REJECTED,,,,,,,,,,
334,11.133333,69.202,11.053,330,0,0,0.816170,0.000000,0.000000,0.000000,0.000000,0,0.000,0.000,NO LASHING,NO BUNDLE,0,0,0,,,,0,1,0,0,0.693284,0.589970,638,126,0.218056,STAND TEMPORARILY LOST (2),,,,,,,,,,
335,11.166667,69.454,11.474,385,17,10,0.779002,0.619687,0.709321,0.699345,0.000000,0,0.000,0.000,NO LASHING,NO BUNDLE,0,0,0,,,,0,1,0,0,0.693284,0.589970,638,126,0.218056,STAND TEMPORARILY LOST (2),,,,,,,,,,
336,11.200000,67.589,11.055,1325,134,0,0.792616,0.690519,0.000000,0.741568,0.000000,0,0.000,0.000,NO VALID CONTACT,NO BUNDLE,0,0,0,,,,0,1,0,0,0.693284,0.589970,638,126,0.218056,STAND TEMPORARILY LOST (3),,,,,,,,,,
337,11.233333,69.163,11.489,1068,0,0,0.801439,0.000000,0.000000,0.000000,0.000000,0,0.000,0.000,NO LASHING,NO BUNDLE,0,0,0,,,,0,1,0,0,0.693284,0.589970,638,126,0.218056,STAND TEMPORARILY LOST (3),,,,,,,,,,
338,11.266667,66.874,11.188,610,85,7,0.793955,0.651798,0.727217,0.722877,0.000000,0,0.000,0.000,COMPONENTS TOO FAR,NO BUNDLE,0,0,0,,,,0,1,0,1,0.671027,0.561266,516,168,0.212708,ACQUIRING STAND 1/4,,,,,,,,,,
339,11.300000,68.830,11.585,797,0,135,0.772512,0.000000,0.773083,0.000000,0.000000,0,0.000,0.000,NO LASHING,NO BUNDLE,0,0,0,,,,0,1,0,1,0.671027,0.561266,516,168,0.212708,ACQUIRING STAND 1/4,,,,,,,,,,
340,11.333333,69.256,11.296,126,0,0,0.728195,0.000000,0.000000,0.000000,0.000000,0,0.000,0.000,NO BLACK,NO BUNDLE,0,0,0,,,,0,1,0,0,0.671027,0.561266,516,168,0.212708,STAND TARGET JUMP REJECTED,,,,,,,,,,
341,11.366667,66.593,11.709,400,0,43,0.787884,0.000000,0.745499,0.000000,0.000000,0,0.000,0.000,NO LASHING,NO BUNDLE,0,0,0,,,,0,1,0,0,0.671027,0.561266,516,168,0.212708,STAND TARGET JUMP REJECTED,,,,,,,,,,
342,11.400000,68.013,11.477,418,0,7,0.803077,0.000000,0.713183,0.000000,0.000000,0,0.000,0.000,NO LASHING,NO BUNDLE,0,0,0,,,,0,1,0,0,0.671027,0.561266,516,168,0.212708,STAND TARGET JUMP REJECTED,,,,,,,,,,
343,11.433333,70.020,11.813,853,0,94,0.851396,0.000000,0.753514,0.000000,0.000000,0,0.000,0.000,NO LASHING,NO BUNDLE,0,0,0,,,,0,1,0,0,0.671027,0.561266,516,168,0.212708,STAND TARGET JUMP REJECTED,,,,,,,,,,
344,11.466667,69.392,11.496,841,0,52,0.805918,0.000000,0.770617,0.000000,0.000000,0,0.000,0.000,NO LASHING,NO BUNDLE,0,0,0,,,,0,1,0,0,0.671027,0.561266,516,168,0.212708,STAND TARGET JUMP REJECTED,,,,,,,,,,
345,11.500000,70.178,11.826,103,0,52,0.740254,0.000000,0.795952,0.000000,0.000000,0,0.000,0.000,NO BLACK,NO BUNDLE,0,0,0,,,,0,1,0,0,0.671027,0.561266,516,168,0.212708,STAND TARGET JUMP REJECTED,,,,,,,,,,
346,11.533333,68.867,11.498,719,0,150,0.767131,0.000000,0.806901,0.000000,0.000000,0,0.000,0.000,NO LASHING,NO BUNDLE,0,0,0,,,,0,0,0,0,0.000000,0.000000,,,,STAND TARGET JUMP REJECTED,,,,,,,,,,
347,11.566667,71.921,11.186,76,71,101,0.748034,0.671533,0.805399,0.709783,0.000000,0,0.000,0.000,NO BLACK,NO BUNDLE,0,0,0,,,,0,1,0,1,0.947480,0.586386,557,414,0.840278,ACQUIRING STAND 1/4,,,,,,,,,,
348,11.600000,69.244,10.949,76,0,1,0.734090,0.000000,0.700698,0.000000,0.000000,0,0.000,0.000,NO BLACK,NO BUNDLE,0,0,0,,,,0,1,0,1,0.877623,0.562937,628,411,0.849444,ACQUIRING STAND 2/4,,,,,,,,,,
349,11.633333,69.504,11.376,0,0,0,0.000000,0.000000,0.000000,0.000000,0.000000,0,0.000,0.000,NO BLACK,NO BUNDLE,0,0,0,,,,0,1,0,1,0.877623,0.562937,628,411,0.849444,ACQUIRING STAND 2/4,,,,,,,,,,
350,11.666667,69.252,11.137,13,0,57,0.711270,0.000000,0.785760,0.000000,0.000000,0,0.000,0.000,NO BLACK,NO BUNDLE,0,0,0,,,,0,1,0,1,0.945000,0.613362,658,385,0.921556,ACQUIRING STAND 3/4,,,,,,,,,,
351,11.700000,74.366,11.405,480,0,6,0.753357,0.000000,0.719929,0.000000,0.000000,0,0.000,0.000,NO LASHING,NO BUNDLE,0,0,0,,,,0,1,0,1,0.945000,0.613362,658,385,0.921556,ACQUIRING STAND 3/4,,,,,,,,,,
352,11.733333,66.627,11.187,157,0,40,0.732961,0.000000,0.784666,0.000000,0.000000,0,0.000,0.000,NO BLACK,NO BUNDLE,0,0,0,,,,0,1,1,1,0.945000,0.647968,646,365,0.928033,STAND LOCKED,,,,,,,,,,
353,11.766667,69.049,11.601,17,0,86,0.759388,0.000000,0.800685,0.000000,0.000000,0,0.000,0.000,NO BLACK,NO BUNDLE,0,0,0,,,,0,1,1,1,0.945000,0.647968,646,365,0.928033,STAND LOCKED,,,,,,,,,,
354,11.800000,65.672,11.420,248,0,0,0.739753,0.000000,0.000000,0.000000,0.000000,0,0.000,0.000,NO BLACK,NO BUNDLE,0,0,0,,,,0,1,1,1,0.940129,0.644861,648,286,0.693379,STAND LOCKED,,,,,,,,,,
355,11.833333,67.557,11.798,62,0,105,0.713005,0.000000,0.801739,0.000000,0.000000,0,0.000,0.000,NO BLACK,NO BUNDLE,0,0,0,,,,0,1,1,1,0.940129,0.644861,648,286,0.693379,STAND LOCKED,,,,,,,,,,
356,11.866667,67.030,11.519,0,0,11,0.000000,0.000000,0.732552,0.000000,0.000000,0,0.000,0.000,NO BLACK,NO BUNDLE,0,0,0,,,,0,1,1,0,0.940129,0.644861,648,286,0.693379,STAND TARGET JUMP REJECTED,,,,,,,,,,
357,11.900000,69.248,11.857,40,0,0,0.727818,0.000000,0.000000,0.000000,0.000000,0,0.000,0.000,NO BLACK,NO BUNDLE,0,0,0,,,,0,1,1,0,0.940129,0.644861,648,286,0.693379,STAND TARGET JUMP REJECTED,,,,,,,,,,
358,11.933333,70.032,11.529,0,63,45,0.000000,0.634650,0.811904,0.000000,0.000000,0,0.000,0.000,NO BLACK,NO BUNDLE,0,0,0,,,,0,1,1,0,0.940129,0.644861,648,286,0.693379,STAND TARGET JUMP REJECTED,,,,,,,,,,
359,11.966667,68.938,11.716,386,66,26,0.761252,0.659616,0.720943,0.710434,0.000000,0,0.000,0.000,COMPONENTS TOO FAR,NO BUNDLE,0,0,0,,,,0,1,1,0,0.940129,0.644861,648,286,0.693379,STAND TARGET JUMP REJECTED,,,,,,,,,,
360,12.000000,68.510,11.337,134,21,71,0.741510,0.610526,0.777022,0.676018,0.000000,0,0.000,0.000,NO BLACK,NO BUNDLE,0,0,0,,,,0,1,1,1,0.882904,0.626051,597,234,0.592368,STAND LOCKED,,,,,,,,,,
361,12.033333,69.138,11.722,0,0,0,0.000000,0.000000,0.000000,0.000000,0.000000,0,0.000,0.000,NO BLACK,NO BUNDLE,0,0,0,,,,0,1,1,1,0.882904,0.626051,597,234,0.592368,STAND LOCKED,,,,,,,,,,
362,12.066667,65.923,11.476,193,0,48,0.762831,0.000000,0.790407,0.000000,0.000000,0,0.000,0.000,NO BLACK,NO BUNDLE,0,0,0,,,,0,1,1,1,0.897015,0.597606,612,281,0.613371,STAND LOCKED,,,,,,,,,,
363,12.100000,67.512,11.624,539,393,34,0.757281,0.706755,0.773609,0.732018,0.000000,0,0.000,0.000,COMPONENTS TOO FAR,NO BUNDLE,0,0,0,,,,0,1,1,1,0.897015,0.597606,612,281,0.613371,STAND LOCKED,,,,,,,,,,
364,12.133333,68.517,11.355,246,34,8,0.752101,0.642754,0.721010,0.697428,0.000000,0,0.000,0.000,NO BLACK,NO BUNDLE,0,0,0,,,,0,1,1,0,0.897015,0.597606,612,281,0.613371,STAND TARGET JUMP REJECTED,,,,,,,,,,
365,12.166667,72.182,11.657,423,0,8,0.762213,0.000000,0.732292,0.000000,0.000000,0,0.000,0.000,NO LASHING,NO BUNDLE,0,0,0,,,,0,1,1,0,0.897015,0.597606,612,281,0.613371,STAND TARGET JUMP REJECTED,,,,,,,,,,
366,12.200000,68.213,11.389,69,0,3,0.710049,0.000000,0.715870,0.000000,0.000000,0,0.000,0.000,NO BLACK,NO BUNDLE,0,0,0,,,,0,1,1,1,0.973804,0.636795,606,297,0.732059,STAND LOCKED,,,,,,,,,,
367,12.233333,68.804,11.763,29,0,0,0.705607,0.000000,0.000000,0.000000,0.000000,0,0.000,0.000,NO BLACK,NO BUNDLE,0,0,0,,,,0,1,1,1,0.973804,0.636795,606,297,0.732059,STAND LOCKED,,,,,,,,,,
368,12.266667,68.244,11.492,0,39,0,0.000000,0.650394,0.000000,0.000000,0.000000,0,0.000,0.000,NO BLACK,NO BUNDLE,0,0,0,,,,0,1,1,0,0.973804,0.636795,606,297,0.732059,STAND TARGET JUMP REJECTED,,,,,,,,,,
369,12.300000,67.984,11.890,9,0,0,0.707041,0.000000,0.000000,0.000000,0.000000,0,0.000,0.000,NO BLACK,NO BUNDLE,0,0,0,,,,0,1,1,0,0.973804,0.636795,606,297,0.732059,STAND TARGET JUMP REJECTED,,,,,,,,,,
370,12.333333,67.238,11.234,125,0,3,0.721423,0.000000,0.704807,0.000000,0.000000,0,0.000,0.000,NO BLACK,NO BUNDLE,0,0,0,,,,0,1,1,1,0.872801,0.581439,555,271,0.580746,STAND LOCKED,,,,,,,,,,
371,12.366667,70.904,11.584,460,0,20,0.760854,0.000000,0.739308,0.000000,0.000000,0,0.000,0.000,NO LASHING,NO BUNDLE,0,0,0,,,,0,1,1,1,0.872801,0.581439,555,271,0.580746,STAND LOCKED,,,,,,,,,,
372,12.400000,66.514,11.397,344,0,36,0.743843,0.000000,0.759033,0.000000,0.000000,0,0.000,0.000,NO LASHING,NO BUNDLE,0,0,0,,,,0,1,1,1,0.945000,0.662463,602,247,0.560780,STAND LOCKED,,,,,,,,,,
373,12.433333,68.276,11.794,380,0,0,0.736104,0.000000,0.000000,0.000000,0.000000,0,0.000,0.000,NO LASHING,NO BUNDLE,0,0,0,,,,0,1,1,1,0.945000,0.662463,602,247,0.560780,STAND LOCKED,,,,,,,,,,
374,12.466667,67.573,11.574,78,0,10,0.737820,0.000000,0.740876,0.000000,0.000000,0,0.000,0.000,NO BLACK,NO BUNDLE,0,0,0,,,,0,1,1,1,0.931795,0.715464,735,308,0.476170,STAND LOCKED,,,,,,,,,,
375,12.500000,71.763,11.834,464,0,0,0.791434,0.000000,0.000000,0.000000,0.000000,0,0.000,0.000,NO LASHING,NO BUNDLE,0,0,0,,,,0,1,1,1,0.931795,0.715464,735,308,0.476170,STAND LOCKED,,,,,,,,,,
376,12.533333,68.337,11.583,284,0,5,0.792152,0.000000,0.740414,0.000000,0.000000,0,0.000,0.000,NO LASHING,NO BUNDLE,0,0,0,,,,0,1,1,1,0.933837,0.737564,759,315,0.376985,STAND LOCKED,,,,,,,,,,
377,12.566667,68.632,11.947,378,0,106,0.787864,0.000000,0.794048,0.000000,0.000000,0,0.000,0.000,NO LASHING,NO BUNDLE,0,0,0,,,,0,1,1,1,0.933837,0.737564,759,315,0.376985,STAND LOCKED,,,,,,,,,,
378,12.600000,68.657,11.782,179,0,146,0.755767,0.000000,0.893296,0.000000,0.000000,0,0.000,0.000,NO BLACK,NO BUNDLE,0,0,0,,,,0,1,1,1,0.945000,0.712173,703,278,0.416379,STAND LOCKED,,,,,,,,,,
379,12.633333,67.556,12.143,508,0,88,0.764195,0.000000,0.785629,0.000000,0.000000,0,0.000,0.000,NO LASHING,NO BUNDLE,0,0,0,,,,0,1,1,1,0.945000,0.712173,703,278,0.416379,STAND LOCKED,,,,,,,,,,
380,12.666667,68.387,11.884,849,0,172,0.771143,0.000000,0.851155,0.000000,0.000000,0,0.000,0.000,NO LASHING,NO BUNDLE,0,0,0,,,,0,1,1,1,0.881462,0.756990,808,307,0.331746,STAND LOCKED,,,,,,,,,,
381,12.700000,67.185,12.244,902,0,106,0.767634,0.000000,0.833106,0.000000,0.000000,0,0.000,0.000,NO LASHING,NO BUNDLE,0,0,0,,,,0,1,1,1,0.881462,0.756990,808,307,0.331746,STAND LOCKED,,,,,,,,,,
382,12.733333,68.196,12.029,985,0,88,0.784849,0.000000,0.827987,0.000000,0.000000,0,0.000,0.000,NO LASHING,NO BUNDLE,0,0,0,,,,0,1,1,1,0.933333,0.781073,766,320,0.310466,STAND LOCKED,,,,,,,,,,
383,12.766667,72.899,11.980,1077,198,174,0.771655,0.683440,0.834229,0.727548,0.000000,0,0.000,0.000,COMPONENTS TOO FAR,NO BUNDLE,0,0,0,,,,0,1,1,1,0.933333,0.781073,766,320,0.310466,STAND LOCKED,,,,,,,,,,
384,12.800000,69.346,11.826,449,0,10,0.721643,0.000000,0.728998,0.000000,0.000000,0,0.000,0.000,NO LASHING,NO BUNDLE,0,0,0,,,,0,1,1,1,0.945000,0.734705,728,326,0.304710,STAND LOCKED,,,,,,,,,,
385,12.833333,68.216,11.972,719,366,51,0.754625,0.691348,0.797119,0.722986,0.000000,0,0.000,0.000,COMPONENTS TOO FAR,NO BUNDLE,0,0,0,,,,0,1,1,1,0.945000,0.734705,728,326,0.304710,STAND LOCKED,,,,,,,,,,
386,12.866667,72.372,11.813,72,0,125,0.730115,0.000000,0.835063,0.000000,0.000000,0,0.000,0.000,NO BLACK,NO BUNDLE,0,0,0,,,,0,1,1,1,0.945000,0.728740,704,327,0.308231,STAND LOCKED,,,,,,,,,,
387,12.900000,69.710,12.108,72,0,221,0.737844,0.000000,0.831131,0.000000,0.000000,0,0.000,0.000,NO BLACK,NO BUNDLE,0,0,0,,,,0,1,1,1,0.945000,0.728740,704,327,0.308231,STAND LOCKED,,,,,,,,,,
388,12.933333,68.580,11.953,301,0,226,0.769524,0.000000,0.844150,0.000000,0.000000,0,0.000,0.000,NO LASHING,NO BUNDLE,0,0,0,,,,0,1,1,1,0.852035,0.604804,568,326,0.456482,STAND LOCKED,,,,,,,,,,
389,12.966667,71.566,12.178,0,0,86,0.000000,0.000000,0.843393,0.000000,0.000000,0,0.000,0.000,NO BLACK,NO BUNDLE,0,0,0,,,,0,1,1,1,0.852035,0.604804,568,326,0.456482,STAND LOCKED,,,,,,,,,,
390,13.000000,69.510,11.922,792,0,6,0.777740,0.000000,0.720156,0.000000,0.000000,0,0.000,0.000,NO LASHING,NO BUNDLE,0,0,0,,,,0,1,1,1,0.902413,0.677513,663,334,0.377292,STAND LOCKED,,,,,,,,,,
391,13.033333,69.021,12.203,1413,0,142,0.809741,0.000000,0.778860,0.000000,0.000000,0,0.000,0.000,NO LASHING,NO BUNDLE,0,0,0,,,,0,1,1,1,0.902413,0.677513,663,334,0.377292,STAND LOCKED,,,,,,,,,,
392,13.066667,70.039,11.928,686,0,268,0.819802,0.000000,0.888005,0.000000,0.000000,0,0.000,0.000,NO LASHING,NO BUNDLE,0,0,0,,,,0,1,1,1,0.945000,0.749530,759,332,0.330962,STAND LOCKED,,,,,,,,,,
393,13.100000,69.999,12.193,0,0,194,0.000000,0.000000,0.829303,0.000000,0.000000,0,0.000,0.000,NO BLACK,NO BUNDLE,0,0,0,,,,0,1,1,1,0.945000,0.749530,759,332,0.330962,STAND LOCKED,,,,,,,,,,
394,13.133333,66.368,11.987,0,0,158,0.000000,0.000000,0.889006,0.000000,0.000000,0,0.000,0.000,NO BLACK,NO BUNDLE,0,0,0,,,,0,1,1,0,0.945000,0.749530,759,332,0.330962,STAND TEMPORARILY LOST (1),,,,,,,,,,
395,13.166667,70.026,12.244,67,0,9,0.731514,0.000000,0.762736,0.000000,0.000000,0,0.000,0.000,NO BLACK,NO BUNDLE,0,0,0,,,,0,1,1,0,0.945000,0.749530,759,332,0.330962,STAND TEMPORARILY LOST (1),,,,,,,,,,
396,13.200000,66.649,11.699,0,0,0,0.000000,0.000000,0.000000,0.000000,0.000000,0,0.000,0.000,NO BLACK,NO BUNDLE,0,0,0,,,,0,1,1,0,0.945000,0.749530,759,332,0.330962,STAND TARGET JUMP REJECTED,,,,,,,,,,
397,13.233333,70.240,11.989,0,0,0,0.000000,0.000000,0.000000,0.000000,0.000000,0,0.000,0.000,NO BLACK,NO BUNDLE,0,0,0,,,,0,1,1,0,0.945000,0.749530,759,332,0.330962,STAND TARGET JUMP REJECTED,,,,,,,,,,
398,13.266667,70.761,11.816,0,0,31,0.000000,0.000000,0.789744,0.000000,0.000000,0,0.000,0.000,NO BLACK,NO BUNDLE,0,0,0,,,,0,1,1,1,0.945000,0.741389,820,341,0.352891,STAND LOCKED,,,,,,,,,,
399,13.300000,72.345,12.036,0,0,126,0.000000,0.000000,0.886053,0.000000,0.000000,0,0.000,0.000,NO BLACK,NO BUNDLE,0,0,0,,,,0,1,1,1,0.945000,0.741389,820,341,0.352891,STAND LOCKED,,,,,,,,,,
400,13.333333,67.567,11.862,384,0,219,0.777359,0.000000,0.845641,0.000000,0.000000,0,0.000,0.000,NO LASHING,NO BUNDLE,0,0,0,,,,0,1,1,1,0.930658,0.753640,778,328,0.303940,STAND LOCKED,,,,,,,,,,
401,13.366667,69.401,12.136,475,0,69,0.758936,0.000000,0.796017,0.000000,0.000000,0,0.000,0.000,NO LASHING,NO BUNDLE,0,0,0,,,,0,1,1,1,0.930658,0.753640,778,328,0.303940,STAND LOCKED,,,,,,,,,,
402,13.400000,68.448,11.967,600,0,23,0.765460,0.000000,0.754040,0.000000,0.000000,0,0.000,0.000,NO LASHING,NO BUNDLE,0,0,0,,,,0,1,1,0,0.930658,0.753640,778,328,0.303940,STAND TEMPORARILY LOST (1),,,,,,,,,,
403,13.433333,67.738,12.291,300,0,0,0.742231,0.000000,0.000000,0.000000,0.000000,0,0.000,0.000,NO LASHING,NO BUNDLE,0,0,0,,,,0,1,1,0,0.930658,0.753640,778,328,0.303940,STAND TEMPORARILY LOST (1),,,,,,,,,,
404,13.466667,66.899,12.135,0,0,0,0.000000,0.000000,0.000000,0.000000,0.000000,0,0.000,0.000,NO BLACK,NO BUNDLE,0,0,0,,,,0,1,1,1,0.945000,0.717939,736,331,0.307120,STAND LOCKED,,,,,,,,,,
405,13.500000,64.251,12.522,595,0,78,0.767933,0.000000,0.820596,0.000000,0.000000,0,0.000,0.000,NO LASHING,NO BUNDLE,0,0,0,,,,0,1,1,1,0.945000,0.717939,736,331,0.307120,STAND LOCKED,,,,,,,,,,
406,13.533333,66.142,12.323,324,0,17,0.743722,0.000000,0.742491,0.000000,0.000000,0,0.000,0.000,NO LASHING,NO BUNDLE,0,0,0,,,,0,1,1,1,0.864547,0.629586,598,330,0.459037,STAND LOCKED,,,,,,,,,,
407,13.566667,68.666,12.573,660,0,6,0.780577,0.000000,0.709570,0.000000,0.000000,0,0.000,0.000,NO LASHING,NO BUNDLE,0,0,0,,,,0,1,1,1,0.864547,0.629586,598,330,0.459037,STAND LOCKED,,,,,,,,,,
408,13.600000,65.138,12.318,0,0,0,0.000000,0.000000,0.000000,0.000000,0.000000,0,0.000,0.000,NO BLACK,NO BUNDLE,0,0,0,,,,0,1,1,1,0.897881,0.599947,618,289,0.447192,STAND LOCKED,,,,,,,,,,
409,13.633333,68.267,12.556,820,0,19,0.745126,0.000000,0.729708,0.000000,0.000000,0,0.000,0.000,NO LASHING,NO BUNDLE,0,0,0,,,,0,1,1,1,0.897881,0.599947,618,289,0.447192,STAND LOCKED,,,,,,,,,,
410,13.666667,67.607,12.248,0,0,0,0.000000,0.000000,0.000000,0.000000,0.000000,0,0.000,0.000,NO BLACK,NO BUNDLE,0,0,0,,,,0,1,1,0,0.897881,0.599947,618,289,0.447192,STAND TARGET JUMP REJECTED,,,,,,,,,,
411,13.700000,66.939,12.555,550,0,8,0.753353,0.000000,0.724944,0.000000,0.000000,0,0.000,0.000,NO LASHING,NO BUNDLE,0,0,0,,,,0,1,1,0,0.897881,0.599947,618,289,0.447192,STAND TARGET JUMP REJECTED,,,,,,,,,,
412,13.733333,71.761,12.174,284,0,0,0.734439,0.000000,0.000000,0.000000,0.000000,0,0.000,0.000,NO LASHING,NO BUNDLE,0,0,0,,,,0,1,1,0,0.897881,0.599947,618,289,0.447192,STAND TARGET JUMP REJECTED,,,,,,,,,,
413,13.766667,69.115,12.425,23,22,16,0.718648,0.635337,0.772781,0.676992,0.000000,0,0.000,0.000,NO BLACK,NO BUNDLE,0,0,0,,,,0,1,1,0,0.897881,0.599947,618,289,0.447192,STAND TARGET JUMP REJECTED,,,,,,,,,,
414,13.800000,66.905,12.121,181,97,1,0.732554,0.698517,0.709665,0.715536,0.000000,0,0.000,0.000,NO BLACK,NO BUNDLE,0,0,0,,,,0,1,1,1,0.932120,0.616305,619,306,0.541167,STAND LOCKED,,,,,,,,,,
415,13.833333,68.132,12.417,0,0,2,0.000000,0.000000,0.709500,0.000000,0.000000,0,0.000,0.000,NO BLACK,NO BUNDLE,0,0,0,,,,0,1,1,1,0.932120,0.616305,619,306,0.541167,STAND LOCKED,,,,,,,,,,
416,13.866667,69.840,12.014,38,0,0,0.711146,0.000000,0.000000,0.000000,0.000000,0,0.000,0.000,NO BLACK,NO BUNDLE,0,0,0,,,,0,1,1,1,0.965744,0.630657,648,335,0.610192,STAND LOCKED,,,,,,,,,,
417,13.900000,65.024,12.357,0,33,45,0.000000,0.661124,0.784598,0.000000,0.000000,0,0.000,0.000,NO BLACK,NO BUNDLE,0,0,0,,,,0,1,1,1,0.965744,0.630657,648,335,0.610192,STAND LOCKED,,,,,,,,,,
418,13.933333,66.359,11.997,0,0,32,0.000000,0.000000,0.790954,0.000000,0.000000,0,0.000,0.000,NO BLACK,NO BUNDLE,0,0,0,,,,0,1,1,1,0.955207,0.733538,661,402,0.592364,STAND LOCKED,,,,,,,,,,
419,13.966667,68.293,12.309,229,0,153,0.765970,0.000000,0.825318,0.000000,0.000000,0,0.000,0.000,NO BLACK,NO BUNDLE,0,0,0,,,,0,1,1,1,0.955207,0.733538,661,402,0.592364,STAND LOCKED,,,,,,,,,,
420,14.000000,67.961,12.047,214,0,147,0.725083,0.000000,0.852133,0.000000,0.000000,0,0.000,0.000,NO BLACK,NO BUNDLE,0,0,0,,,,0,1,1,1,0.879603,0.744148,668,375,0.426217,STAND LOCKED,,,,,,,,,,
421,14.033333,68.920,12.318,176,0,198,0.734133,0.000000,0.860471,0.000000,0.000000,0,0.000,0.000,NO BLACK,NO BUNDLE,0,0,0,,,,0,1,1,1,0.879603,0.744148,668,375,0.426217,STAND LOCKED,,,,,,,,,,
422,14.066667,69.130,12.071,659,0,217,0.765377,0.000000,0.859491,0.000000,0.000000,0,0.000,0.000,NO LASHING,NO BUNDLE,0,0,0,,,,0,1,1,0,0.879603,0.744148,668,375,0.426217,STAND TEMPORARILY LOST (1),,,,,,,,,,
423,14.100000,72.395,12.249,646,0,129,0.760029,0.000000,0.823944,0.000000,0.000000,0,0.000,0.000,NO LASHING,NO BUNDLE,0,0,0,,,,0,1,1,0,0.879603,0.744148,668,375,0.426217,STAND TEMPORARILY LOST (1),,,,,,,,,,
424,14.133333,68.669,12.051,630,0,256,0.747693,0.000000,0.859150,0.000000,0.000000,0,0.000,0.000,NO LASHING,NO BUNDLE,0,0,0,,,,0,1,1,1,0.851479,0.613424,596,375,0.579089,STAND LOCKED,,,,,,,,,,
425,14.166667,69.154,12.327,580,0,256,0.750617,0.000000,0.870069,0.000000,0.000000,0,0.000,0.000,NO LASHING,NO BUNDLE,0,0,0,,,,0,1,1,1,0.851479,0.613424,596,375,0.579089,STAND LOCKED,,,,,,,,,,
426,14.200000,66.730,12.035,991,0,312,0.773620,0.000000,0.875523,0.000000,0.000000,0,0.000,0.000,NO LASHING,NO BUNDLE,0,0,0,,,,0,1,1,1,0.731096,0.559079,553,316,0.490521,STAND LOCKED,,,,,,,,,,
427,14.233333,71.013,12.176,286,0,103,0.762056,0.000000,0.868665,0.000000,0.000000,0,0.000,0.000,NO LASHING,NO BUNDLE,0,0,0,,,,0,1,1,1,0.731096,0.559079,553,316,0.490521,STAND LOCKED,,,,,,,,,,
428,14.266667,67.976,11.675,0,0,0,0.000000,0.000000,0.000000,0.000000,0.000000,0,0.000,0.000,NO BLACK,NO BUNDLE,0,0,0,,,,0,1,1,0,0.731096,0.559079,553,316,0.490521,STAND TARGET JUMP REJECTED,,,,,,,,,,
429,14.300000,65.306,12.108,0,0,0,0.000000,0.000000,0.000000,0.000000,0.000000,0,0.000,0.000,NO BLACK,NO BUNDLE,0,0,0,,,,0,1,1,0,0.731096,0.559079,553,316,0.490521,STAND TARGET JUMP REJECTED,,,,,,,,,,
430,14.333333,68.801,11.471,0,0,11,0.000000,0.000000,0.734527,0.000000,0.000000,0,0.000,0.000,NO BLACK,NO BUNDLE,0,0,0,,,,0,1,1,1,0.903519,0.672200,708,350,0.401012,STAND LOCKED,,,,,,,,,,
431,14.366667,69.358,11.830,24,0,0,0.710111,0.000000,0.000000,0.000000,0.000000,0,0.000,0.000,NO BLACK,NO BUNDLE,0,0,0,,,,0,1,1,1,0.903519,0.672200,708,350,0.401012,STAND LOCKED,,,,,,,,,,
432,14.400000,69.558,11.668,1063,5,0,0.783136,0.618981,0.000000,0.701058,0.000000,0,0.000,0.000,NO LASHING,NO BUNDLE,0,0,0,,,,0,1,1,0,0.903519,0.672200,708,350,0.401012,STAND TEMPORARILY LOST (1),,,,,,,,,,
433,14.433333,75.642,11.808,375,0,0,0.730144,0.000000,0.000000,0.000000,0.000000,0,0.000,0.000,NO LASHING,NO BUNDLE,0,0,0,,,,0,1,1,0,0.903519,0.672200,708,350,0.401012,STAND TEMPORARILY LOST (1),,,,,,,,,,
434,14.466667,69.953,11.248,497,0,0,0.779331,0.000000,0.000000,0.000000,0.000000,0,0.000,0.000,NO LASHING,NO BUNDLE,0,0,0,,,,0,1,1,0,0.903519,0.672200,708,350,0.401012,STAND TEMPORARILY LOST (2),,,,,,,,,,
435,14.500000,66.238,11.719,86,0,4,0.740106,0.000000,0.726534,0.000000,0.000000,0,0.000,0.000,NO BLACK,NO BUNDLE,0,0,0,,,,0,1,1,0,0.903519,0.672200,708,350,0.401012,STAND TEMPORARILY LOST (2),,,,,,,,,,
436,14.533333,70.426,11.568,61,0,24,0.798845,0.000000,0.783360,0.000000,0.000000,0,0.000,0.000,NO BLACK,NO BUNDLE,0,0,0,,,,0,1,1,1,0.945000,0.689868,676,368,0.349275,STAND LOCKED,,,,,,,,,,
437,14.566667,71.473,11.842,65,0,0,0.734533,0.000000,0.000000,0.000000,0.000000,0,0.000,0.000,NO BLACK,NO BUNDLE,0,0,0,,,,0,1,1,1,0.945000,0.689868,676,368,0.349275,STAND LOCKED,,,,,,,,,,
438,14.600000,71.878,11.717,77,0,0,0.761742,0.000000,0.000000,0.000000,0.000000,0,0.000,0.000,NO BLACK,NO BUNDLE,0,0,0,,,,0,1,1,0,0.945000,0.689868,676,368,0.349275,STAND TEMPORARILY LOST (1),,,,,,,,,,
439,14.633333,70.698,12.012,240,0,0,0.799621,0.000000,0.000000,0.000000,0.000000,0,0.000,0.000,NO BLACK,NO BUNDLE,0,0,0,,,,0,1,1,0,0.945000,0.689868,676,368,0.349275,STAND TEMPORARILY LOST (1),,,,,,,,,,
440,14.666667,69.891,11.866,235,0,0,0.780706,0.000000,0.000000,0.000000,0.000000,0,0.000,0.000,NO BLACK,NO BUNDLE,0,0,0,,,,0,1,1,1,0.945000,0.676319,648,370,0.311479,STAND LOCKED,,,,,,,,,,
441,14.700000,70.544,12.124,5,0,0,0.702706,0.000000,0.000000,0.000000,0.000000,0,0.000,0.000,NO BLACK,NO BUNDLE,0,0,0,,,,0,1,1,1,0.945000,0.676319,648,370,0.311479,STAND LOCKED,,,,,,,,,,
442,14.733333,67.007,12.079,176,0,0,0.756717,0.000000,0.000000,0.000000,0.000000,0,0.000,0.000,NO BLACK,NO BUNDLE,0,0,0,,,,0,1,1,1,0.886190,0.686373,638,374,0.292943,STAND LOCKED,,,,,,,,,,
443,14.766667,68.003,12.367,250,0,13,0.800170,0.000000,0.726943,0.000000,0.000000,0,0.000,0.000,NO LASHING,NO BUNDLE,0,0,0,,,,0,1,1,1,0.886190,0.686373,638,374,0.292943,STAND LOCKED,,,,,,,,,,
444,14.800000,69.004,12.257,48,0,0,0.725441,0.000000,0.000000,0.000000,0.000000,0,0.000,0.000,NO BLACK,NO BUNDLE,0,0,0,,,,0,1,1,1,0.945000,0.675223,638,373,0.294533,STAND LOCKED,,,,,,,,,,
445,14.833333,68.880,12.502,38,0,7,0.718326,0.000000,0.716748,0.000000,0.000000,0,0.000,0.000,NO BLACK,NO BUNDLE,0,0,0,,,,0,1,1,1,0.945000,0.675223,638,373,0.294533,STAND LOCKED,,,,,,,,,,
446,14.866667,65.571,12.428,22,109,7,0.746119,0.669657,0.715230,0.707888,0.000000,0,0.000,0.000,NO BLACK,NO BUNDLE,0,0,0,,,,0,1,1,0,0.945000,0.675223,638,373,0.294533,STAND TEMPORARILY LOST (1),,,,,,,,,,
447,14.900000,69.217,12.646,105,0,0,0.743305,0.000000,0.000000,0.000000,0.000000,0,0.000,0.000,NO BLACK,NO BUNDLE,0,0,0,,,,0,1,1,0,0.945000,0.675223,638,373,0.294533,STAND TEMPORARILY LOST (1),,,,,,,,,,
448,14.933333,68.429,12.048,62,0,0,0.730557,0.000000,0.000000,0.000000,0.000000,0,0.000,0.000,NO BLACK,NO BUNDLE,0,0,0,,,,0,1,1,0,0.945000,0.675223,638,373,0.294533,STAND TEMPORARILY LOST (2),,,,,,,,,,
449,14.966667,69.073,12.308,161,0,0,0.742958,0.000000,0.000000,0.000000,0.000000,0,0.000,0.000,NO BLACK,NO BUNDLE,0,0,0,,,,0,1,1,0,0.945000,0.675223,638,373,0.294533,STAND TEMPORARILY LOST (2),,,,,,,,,,
450,15.000000,68.575,11.775,228,0,0,0.799636,0.000000,0.000000,0.000000,0.000000,0,0.000,0.000,NO BLACK,NO BUNDLE,0,0,0,,,,0,1,1,0,0.945000,0.675223,638,373,0.294533,STAND TEMPORARILY LOST (3),,,,,,,,,,
451,15.033333,68.874,12.086,192,0,0,0.784680,0.000000,0.000000,0.000000,0.000000,0,0.000,0.000,NO BLACK,NO BUNDLE,0,0,0,,,,0,1,1,0,0.945000,0.675223,638,373,0.294533,STAND TEMPORARILY LOST (3),,,,,,,,,,
452,15.066667,63.580,11.612,70,11,0,0.714453,0.657474,0.000000,0.685964,0.000000,0,0.000,0.000,NO BLACK,NO BUNDLE,0,0,0,,,,0,0,0,0,0.000000,0.000000,,,,STAND TARGET JUMP REJECTED,,,,,,,,,,
453,15.100000,66.849,11.380,10,0,0,0.711552,0.000000,0.000000,0.000000,0.000000,0,0.000,0.000,NO BLACK,NO BUNDLE,0,0,0,,,,0,0,0,0,0.000000,0.000000,,,,WEAK STAND GEOMETRY,,,,,,,,,,
454,15.133333,67.661,11.171,0,0,0,0.000000,0.000000,0.000000,0.000000,0.000000,0,0.000,0.000,NO BLACK,NO BUNDLE,0,0,0,,,,0,0,0,0,0.000000,0.000000,,,,NEED TWO DARK RAILS AND AN UPRIGHT,,,,,,,,,,
455,15.166667,65.232,10.968,22,48,0,0.721546,0.662829,0.000000,0.692188,0.000000,0,0.000,0.000,NO BLACK,NO BUNDLE,0,0,0,,,,0,0,0,0,0.000000,0.000000,,,,WEAK STAND GEOMETRY,,,,,,,,,,
456,15.200000,66.544,10.816,7,0,0,0.727786,0.000000,0.000000,0.000000,0.000000,0,0.000,0.000,NO BLACK,NO BUNDLE,0,0,0,,,,0,1,0,1,0.847836,0.524607,662,194,0.425000,ACQUIRING STAND 1/4,,,,,,,,,,
457,15.233333,75.817,11.073,0,35,0,0.000000,0.652940,0.000000,0.000000,0.000000,0,0.000,0.000,NO BLACK,NO BUNDLE,0,0,0,,,,0,1,0,1,0.847836,0.524607,662,194,0.425000,ACQUIRING STAND 1/4,,,,,,,,,,
458,15.266667,64.235,10.945,0,0,0,0.000000,0.000000,0.000000,0.000000,0.000000,0,0.000,0.000,NO BLACK,NO BUNDLE,0,0,0,,,,0,1,0,0,0.847836,0.524607,662,194,0.425000,STAND TARGET JUMP REJECTED,,,,,,,,,,
459,15.300000,68.632,11.390,0,20,0,0.000000,0.627733,0.000000,0.000000,0.000000,0,0.000,0.000,NO BLACK,NO BUNDLE,0,0,0,,,,0,1,0,0,0.847836,0.524607,662,194,0.425000,STAND TARGET JUMP REJECTED,,,,,,,,,,
460,15.333333,69.959,11.145,2,0,0,0.703151,0.000000,0.000000,0.000000,0.000000,0,0.000,0.000,NO BLACK,NO BUNDLE,0,0,0,,,,0,1,0,1,0.808528,0.518720,613,234,0.426528,ACQUIRING STAND 1/4,,,,,,,,,,
461,15.366667,67.889,11.589,1,0,0,0.700620,0.000000,0.000000,0.000000,0.000000,0,0.000,0.000,NO BLACK,NO BUNDLE,0,0,0,,,,0,1,0,1,0.808528,0.518720,613,234,0.426528,ACQUIRING STAND 1/4,,,,,,,,,,
462,15.400000,66.677,11.385,0,2,0,0.000000,0.604390,0.000000,0.000000,0.000000,0,0.000,0.000,NO BLACK,NO BUNDLE,0,0,0,,,,0,1,0,0,0.808528,0.518720,613,234,0.426528,STAND TARGET JUMP REJECTED,,,,,,,,,,
463,15.433333,67.554,11.796,0,97,0,0.000000,0.668887,0.000000,0.000000,0.000000,0,0.000,0.000,NO BLACK,NO BUNDLE,0,0,0,,,,0,1,0,0,0.808528,0.518720,613,234,0.426528,STAND TARGET JUMP REJECTED,,,,,,,,,,
464,15.466667,65.975,11.548,0,80,0,0.000000,0.682082,0.000000,0.000000,0.000000,0,0.000,0.000,NO BLACK,NO BUNDLE,0,0,0,,,,0,1,0,1,0.863242,0.578218,667,326,0.353118,ACQUIRING STAND 1/4,,,,,,,,,,
465,15.500000,69.774,11.886,8,0,0,0.708521,0.000000,0.000000,0.000000,0.000000,0,0.000,0.000,NO BLACK,NO BUNDLE,0,0,0,,,,0,1,0,1,0.863242,0.578218,667,326,0.353118,ACQUIRING STAND 1/4,,,,,,,,,,
466,15.533333,70.388,11.535,0,0,0,0.000000,0.000000,0.000000,0.000000,0.000000,0,0.000,0.000,NO BLACK,NO BUNDLE,0,0,0,,,,0,1,0,1,0.877809,0.655856,694,374,0.325431,ACQUIRING STAND 2/4,,,,,,,,,,
467,15.566667,68.951,11.899,0,68,0,0.000000,0.652359,0.000000,0.000000,0.000000,0,0.000,0.000,NO BLACK,NO BUNDLE,0,0,0,,,,0,1,0,1,0.877809,0.655856,694,374,0.325431,ACQUIRING STAND 2/4,,,,,,,,,,
468,15.600000,69.205,11.561,0,85,0,0.000000,0.648392,0.000000,0.000000,0.000000,0,0.000,0.000,NO BLACK,NO BUNDLE,0,0,0,,,,0,1,0,0,0.877809,0.655856,694,374,0.325431,STAND TARGET JUMP REJECTED,,,,,,,,,,
469,15.633333,67.255,11.943,0,158,0,0.000000,0.702867,0.000000,0.000000,0.000000,0,0.000,0.000,NO BLACK,NO BUNDLE,0,0,0,,,,0,1,0,0,0.877809,0.655856,694,374,0.325431,STAND TARGET JUMP REJECTED,,,,,,,,,,
470,15.666667,64.301,11.695,9,0,0,0.717822,0.000000,0.000000,0.000000,0.000000,0,0.000,0.000,NO BLACK,NO BUNDLE,0,0,0,,,,0,1,0,1,0.795928,0.552254,619,343,0.406166,ACQUIRING STAND 1/4,,,,,,,,,,
471,15.700000,71.456,11.948,26,0,0,0.711855,0.000000,0.000000,0.000000,0.000000,0,0.000,0.000,NO BLACK,NO BUNDLE,0,0,0,,,,0,1,0,1,0.795928,0.552254,619,343,0.406166,ACQUIRING STAND 1/4,,,,,,,,,,
472,15.733333,68.805,11.580,190,0,0,0.750260,0.000000,0.000000,0.000000,0.000000,0,0.000,0.000,NO BLACK,NO BUNDLE,0,0,0,,,,0,1,0,1,0.802301,0.522035,627,298,0.450900,ACQUIRING STAND 2/4,,,,,,,,,,
473,15.766667,71.316,11.859,43,0,0,0.716539,0.000000,0.000000,0.000000,0.000000,0,0.000,0.000,NO BLACK,NO BUNDLE,0,0,0,,,,0,1,0,1,0.802301,0.522035,627,298,0.450900,ACQUIRING STAND 2/4,,,,,,,,,,
474,15.800000,69.205,11.511,89,0,0,0.740456,0.000000,0.000000,0.000000,0.000000,0,0.000,0.000,NO BLACK,NO BUNDLE,0,0,0,,,,0,1,0,1,0.827822,0.503296,534,302,0.493183,ACQUIRING STAND 3/4,,,,,,,,,,
475,15.833333,75.632,11.684,241,68,0,0.724640,0.634704,0.000000,0.679672,0.000000,0,0.000,0.000,NO BLACK,NO BUNDLE,0,0,0,,,,0,1,0,1,0.827822,0.503296,534,302,0.493183,ACQUIRING STAND 3/4,,,,,,,,,,
476,15.866667,64.407,11.418,479,55,0,0.745981,0.642518,0.000000,0.694249,0.000000,0,0.000,0.000,NO LASHING,NO BUNDLE,0,0,0,,,,0,1,1,1,0.878947,0.526695,566,355,0.696307,STAND LOCKED,,,,,,,,,,
477,15.900000,69.856,11.708,68,77,0,0.722561,0.664541,0.000000,0.693551,0.000000,0,0.000,0.000,NO BLACK,NO BUNDLE,0,0,0,,,,0,1,1,1,0.878947,0.526695,566,355,0.696307,STAND LOCKED,,,,,,,,,,
478,15.933333,69.355,11.373,363,0,0,0.759569,0.000000,0.000000,0.000000,0.000000,0,0.000,0.000,NO LASHING,NO BUNDLE,0,0,0,,,,0,1,1,1,1.000000,0.619740,643,364,0.840422,STAND LOCKED,,,,,,,,,,
479,15.966667,65.287,11.865,4,73,0,0.706890,0.667976,0.000000,0.687433,0.000000,0,0.000,0.000,NO BLACK,NO BUNDLE,0,0,0,,,,0,1,1,1,1.000000,0.619740,643,364,0.840422,STAND LOCKED,,,,,,,,,,
480,16.000000,70.003,11.508,0,74,0,0.000000,0.651898,0.000000,0.000000,0.000000,0,0.000,0.000,NO BLACK,NO BUNDLE,0,0,0,,,,0,1,1,1,0.758590,0.552431,641,463,0.642495,STAND LOCKED,,,,,,,,,,
481,16.033333,68.818,11.859,20,36,0,0.712756,0.645785,0.000000,0.679270,0.000000,0,0.000,0.000,NO BLACK,NO BUNDLE,0,0,0,,,,0,1,1,1,0.758590,0.552431,641,463,0.642495,STAND LOCKED,,,,,,,,,,
482,16.066667,68.894,11.663,12,5,0,0.708292,0.608857,0.000000,0.658574,0.000000,0,0.000,0.000,NO BLACK,NO BUNDLE,0,0,0,,,,0,1,1,1,0.816694,0.494814,615,428,0.666484,STAND LOCKED,,,,,,,,,,
483,16.100000,70.054,11.967,34,4,0,0.738531,0.606927,0.000000,0.672729,0.000000,0,0.000,0.000,NO BLACK,NO BUNDLE,0,0,0,,,,0,1,1,1,0.816694,0.494814,615,428,0.666484,STAND LOCKED,,,,,,,,,,
484,16.133333,70.868,11.639,16,48,0,0.704544,0.631712,0.000000,0.668128,0.000000,0,0.000,0.000,NO BLACK,NO BUNDLE,0,0,0,,,,0,1,1,1,0.935591,0.572005,661,414,0.778876,STAND LOCKED,,,,,,,,,,
485,16.166667,68.802,11.992,0,89,0,0.000000,0.656910,0.000000,0.000000,0.000000,0,0.000,0.000,NO BLACK,NO BUNDLE,0,0,0,,,,0,1,1,1,0.935591,0.572005,661,414,0.778876,STAND LOCKED,,,,,,,,,,
486,16.200000,68.619,11.641,1,160,0,0.701264,0.701777,0.000000,0.701520,0.000000,0,0.000,0.000,NO BLACK,NO BUNDLE,0,0,0,,,,0,1,1,1,0.938817,0.609540,669,408,0.816466,STAND LOCKED,,,,,,,,,,
487,16.233333,65.263,12.005,0,22,0,0.000000,0.615962,0.000000,0.000000,0.000000,0,0.000,0.000,NO BLACK,NO BUNDLE,0,0,0,,,,0,1,1,1,0.938817,0.609540,669,408,0.816466,STAND LOCKED,,,,,,,,,,
488,16.266667,69.027,11.682,0,64,0,0.000000,0.662113,0.000000,0.000000,0.000000,0,0.000,0.000,NO BLACK,NO BUNDLE,0,0,0,,,,0,1,1,1,0.876946,0.576601,654,424,0.792896,STAND LOCKED,,,,,,,,,,
489,16.300000,69.405,12.005,20,4,0,0.731543,0.609779,0.000000,0.670661,0.000000,0,0.000,0.000,NO BLACK,NO BUNDLE,0,0,0,,,,0,1,1,1,0.876946,0.576601,654,424,0.792896,STAND LOCKED,,,,,,,,,,
490,16.333333,68.604,11.645,81,0,0,0.756721,0.000000,0.000000,0.000000,0.000000,0,0.000,0.000,NO BLACK,NO BUNDLE,0,0,0,,,,0,1,1,1,0.920077,0.547652,690,432,0.774650,STAND LOCKED,,,,,,,,,,
491,16.366667,68.680,11.996,118,0,0,0.744289,0.000000,0.000000,0.000000,0.000000,0,0.000,0.000,NO BLACK,NO BUNDLE,0,0,0,,,,0,1,1,1,0.920077,0.547652,690,432,0.774650,STAND LOCKED,,,,,,,,,,
492,16.400000,66.721,11.689,0,0,0,0.000000,0.000000,0.000000,0.000000,0.000000,0,0.000,0.000,NO BLACK,NO BUNDLE,0,0,0,,,,0,1,1,1,0.871380,0.540093,684,440,0.764148,STAND LOCKED,,,,,,,,,,
493,16.433333,63.760,12.197,0,0,0,0.000000,0.000000,0.000000,0.000000,0.000000,0,0.000,0.000,NO BLACK,NO BUNDLE,0,0,0,,,,0,1,1,1,0.871380,0.540093,684,440,0.764148,STAND LOCKED,,,,,,,,,,
494,16.466667,66.920,11.883,16,0,0,0.714342,0.000000,0.000000,0.000000,0.000000,0,0.000,0.000,NO BLACK,NO BUNDLE,0,0,0,,,,0,1,1,1,0.874758,0.539620,682,443,0.761714,STAND LOCKED,,,,,,,,,,
495,16.500000,68.053,12.184,61,11,0,0.773894,0.643111,0.000000,0.708503,0.000000,0,0.000,0.000,NO BLACK,NO BUNDLE,0,0,0,,,,0,1,1,1,0.874758,0.539620,682,443,0.761714,STAND LOCKED,,,,,,,,,,
496,16.533333,67.846,11.873,0,0,0,0.000000,0.000000,0.000000,0.000000,0.000000,0,0.000,0.000,NO BLACK,NO BUNDLE,0,0,0,,,,0,1,1,1,0.936305,0.565789,661,404,0.866035,STAND LOCKED,,,,,,,,,,
497,16.566667,67.936,12.207,12,0,0,0.722587,0.000000,0.000000,0.000000,0.000000,0,0.000,0.000,NO BLACK,NO BUNDLE,0,0,0,,,,0,1,1,1,0.936305,0.565789,661,404,0.866035,STAND LOCKED,,,,,,,,,,
498,16.600000,68.424,11.800,0,0,0,0.000000,0.000000,0.000000,0.000000,0.000000,0,0.000,0.000,NO BLACK,NO BUNDLE,0,0,0,,,,0,1,1,1,0.850131,0.530547,619,410,0.839646,STAND LOCKED,,,,,,,,,,
499,16.633333,64.314,12.215,56,0,0,0.746005,0.000000,0.000000,0.000000,0.000000,0,0.000,0.000,NO BLACK,NO BUNDLE,0,0,0,,,,0,1,1,1,0.850131,0.530547,619,410,0.839646,STAND LOCKED,,,,,,,,,,
500,16.666667,69.979,11.795,18,0,0,0.729121,0.000000,0.000000,0.000000,0.000000,0,0.000,0.000,NO BLACK,NO BUNDLE,0,0,0,,,,0,1,1,1,0.898653,0.559152,629,427,0.799508,STAND LOCKED,,,,,,,,,,
501,16.700000,69.569,12.105,2,0,0,0.702293,0.000000,0.000000,0.000000,0.000000,0,0.000,0.000,NO BLACK,NO BUNDLE,0,0,0,,,,0,1,1,1,0.898653,0.559152,629,427,0.799508,STAND LOCKED,,,,,,,,,,
502,16.733333,69.705,11.739,36,0,0,0.738724,0.000000,0.000000,0.000000,0.000000,0,0.000,0.000,NO BLACK,NO BUNDLE,0,0,0,,,,0,1,1,1,1.000000,0.629545,668,397,0.886862,STAND LOCKED,,,,,,,,,,
503,16.766667,67.724,12.044,98,0,0,0.785724,0.000000,0.000000,0.000000,0.000000,0,0.000,0.000,NO BLACK,NO BUNDLE,0,0,0,,,,0,1,1,1,1.000000,0.629545,668,397,0.886862,STAND LOCKED,,,,,,,,,,
504,16.800000,68.808,11.666,12,0,0,0.729222,0.000000,0.000000,0.000000,0.000000,0,0.000,0.000,NO BLACK,NO BUNDLE,0,0,0,,,,0,1,1,1,0.985842,0.628516,730,376,0.946796,STAND LOCKED,,,,,,,,,,
505,16.833333,70.124,11.970,8,0,0,0.715660,0.000000,0.000000,0.000000,0.000000,0,0.000,0.000,NO BLACK,NO BUNDLE,0,0,0,,,,0,1,1,1,0.985842,0.628516,730,376,0.946796,STAND LOCKED,,,,,,,,,,
506,16.866667,70.154,11.584,0,0,0,0.000000,0.000000,0.000000,0.000000,0.000000,0,0.000,0.000,NO BLACK,NO BUNDLE,0,0,0,,,,0,1,1,1,1.000000,0.648879,766,368,0.949322,STAND LOCKED,,,,,,,,,,
507,16.900000,68.905,11.914,0,0,0,0.000000,0.000000,0.000000,0.000000,0.000000,0,0.000,0.000,NO BLACK,NO BUNDLE,0,0,0,,,,0,1,1,1,1.000000,0.648879,766,368,0.949322,STAND LOCKED,,,,,,,,,,
508,16.933333,66.154,11.595,13,0,0,0.755634,0.000000,0.000000,0.000000,0.000000,0,0.000,0.000,NO BLACK,NO BUNDLE,0,0,0,,,,0,1,1,1,0.858946,0.574860,722,380,0.926778,STAND LOCKED,,,,,,,,,,
509,16.966667,70.065,11.928,0,0,0,0.000000,0.000000,0.000000,0.000000,0.000000,0,0.000,0.000,NO BLACK,NO BUNDLE,0,0,0,,,,0,1,1,1,0.858946,0.574860,722,380,0.926778,STAND LOCKED,,,,,,,,,,
510,17.000000,68.141,11.593,92,0,0,0.764133,0.000000,0.000000,0.000000,0.000000,0,0.000,0.000,NO BLACK,NO BUNDLE,0,0,0,,,,0,1,1,1,0.886251,0.565234,721,414,0.828786,STAND LOCKED,,,,,,,,,,
511,17.033333,63.696,12.099,2,0,0,0.705200,0.000000,0.000000,0.000000,0.000000,0,0.000,0.000,NO BLACK,NO BUNDLE,0,0,0,,,,0,1,1,1,0.886251,0.565234,721,414,0.828786,STAND LOCKED,,,,,,,,,,
512,17.066667,68.484,11.742,19,0,0,0.742239,0.000000,0.000000,0.000000,0.000000,0,0.000,0.000,NO BLACK,NO BUNDLE,0,0,0,,,,0,1,1,0,0.886251,0.565234,721,414,0.828786,STAND TARGET JUMP REJECTED,,,,,,,,,,
513,17.100000,68.667,12.083,53,0,0,0.758301,0.000000,0.000000,0.000000,0.000000,0,0.000,0.000,NO BLACK,NO BUNDLE,0,0,0,,,,0,1,1,0,0.886251,0.565234,721,414,0.828786,STAND TARGET JUMP REJECTED,,,,,,,,,,
514,17.133333,68.928,11.691,123,0,0,0.782389,0.000000,0.000000,0.000000,0.000000,0,0.000,0.000,NO BLACK,NO BUNDLE,0,0,0,,,,0,1,1,1,0.868730,0.545706,701,431,0.788509,STAND LOCKED,,,,,,,,,,
515,17.166667,69.083,11.970,36,0,0,0.747587,0.000000,0.000000,0.000000,0.000000,0,0.000,0.000,NO BLACK,NO BUNDLE,0,0,0,,,,0,1,1,1,0.868730,0.545706,701,431,0.788509,STAND LOCKED,,,,,,,,,,
516,17.200000,69.048,11.621,62,0,0,0.743107,0.000000,0.000000,0.000000,0.000000,0,0.000,0.000,NO BLACK,NO BUNDLE,0,0,0,,,,0,1,1,1,0.724411,0.515826,704,438,0.772676,STAND LOCKED,,,,,,,,,,
517,17.233333,63.642,12.148,5,0,0,0.712172,0.000000,0.000000,0.000000,0.000000,0,0.000,0.000,NO BLACK,NO BUNDLE,0,0,0,,,,0,1,1,1,0.724411,0.515826,704,438,0.772676,STAND LOCKED,,,,,,,,,,
518,17.266667,68.040,11.798,0,0,0,0.000000,0.000000,0.000000,0.000000,0.000000,0,0.000,0.000,NO BLACK,NO BUNDLE,0,0,0,,,,0,1,1,1,0.868003,0.522842,694,442,0.763260,STAND LOCKED,,,,,,,,,,
519,17.300000,69.731,12.103,0,0,0,0.000000,0.000000,0.000000,0.000000,0.000000,0,0.000,0.000,NO BLACK,NO BUNDLE,0,0,0,,,,0,1,1,1,0.868003,0.522842,694,442,0.763260,STAND LOCKED,,,,,,,,,,
520,17.333333,68.681,11.773,0,0,0,0.000000,0.000000,0.000000,0.000000,0.000000,0,0.000,0.000,NO BLACK,NO BUNDLE,0,0,0,,,,0,1,1,1,0.814759,0.518126,733,425,0.707842,STAND LOCKED,,,,,,,,,,
521,17.366667,69.191,12.075,0,0,0,0.000000,0.000000,0.000000,0.000000,0.000000,0,0.000,0.000,NO BLACK,NO BUNDLE,0,0,0,,,,0,1,1,1,0.814759,0.518126,733,425,0.707842,STAND LOCKED,,,,,,,,,,
522,17.400000,67.495,11.782,0,0,0,0.000000,0.000000,0.000000,0.000000,0.000000,0,0.000,0.000,NO BLACK,NO BUNDLE,0,0,0,,,,0,1,1,1,0.848955,0.507356,702,438,0.727973,STAND LOCKED,,,,,,,,,,
523,17.433333,69.083,12.099,0,0,0,0.000000,0.000000,0.000000,0.000000,0.000000,0,0.000,0.000,NO BLACK,NO BUNDLE,0,0,0,,,,0,1,1,1,0.848955,0.507356,702,438,0.727973,STAND LOCKED,,,,,,,,,,
524,17.466667,68.067,11.763,0,0,0,0.000000,0.000000,0.000000,0.000000,0.000000,0,0.000,0.000,NO BLACK,NO BUNDLE,0,0,0,,,,0,1,1,1,1.000000,0.590937,726,408,0.838630,STAND LOCKED,,,,,,,,,,
525,17.500000,70.125,12.052,0,0,0,0.000000,0.000000,0.000000,0.000000,0.000000,0,0.000,0.000,NO BLACK,NO BUNDLE,0,0,0,,,,0,1,1,1,1.000000,0.590937,726,408,0.838630,STAND LOCKED,,,,,,,,,,
526,17.533333,70.994,11.654,0,0,0,0.000000,0.000000,0.000000,0.000000,0.000000,0,0.000,0.000,NO BLACK,NO BUNDLE,0,0,0,,,,0,1,1,1,0.873917,0.600077,679,427,0.796758,STAND LOCKED,,,,,,,,,,
527,17.566667,71.617,11.924,0,0,0,0.000000,0.000000,0.000000,0.000000,0.000000,0,0.000,0.000,NO BLACK,NO BUNDLE,0,0,0,,,,0,1,1,1,0.873917,0.600077,679,427,0.796758,STAND LOCKED,,,,,,,,,,
528,17.600000,63.443,11.643,0,0,0,0.000000,0.000000,0.000000,0.000000,0.000000,0,0.000,0.000,NO BLACK,NO BUNDLE,0,0,0,,,,0,1,1,0,0.873917,0.600077,679,427,0.796758,STAND TEMPORARILY LOST (1),,,,,,,,,,
529,17.633333,70.285,11.940,1,0,3,0.707825,0.000000,0.707891,0.000000,0.000000,0,0.000,0.000,NO BLACK,NO BUNDLE,0,0,0,,,,0,1,1,0,0.873917,0.600077,679,427,0.796758,STAND TEMPORARILY LOST (1),,,,,,,,,,
530,17.666667,71.819,11.491,0,0,0,0.000000,0.000000,0.000000,0.000000,0.000000,0,0.000,0.000,NO BLACK,NO BUNDLE,0,0,0,,,,0,1,1,1,0.868823,0.561465,654,436,0.772569,STAND LOCKED,,,,,,,,,,
531,17.700000,66.520,11.924,0,0,16,0.000000,0.000000,0.799499,0.000000,0.000000,0,0.000,0.000,NO BLACK,NO BUNDLE,0,0,0,,,,0,1,1,1,0.868823,0.561465,654,436,0.772569,STAND LOCKED,,,,,,,,,,
532,17.733333,68.239,11.615,0,0,39,0.000000,0.000000,0.784201,0.000000,0.000000,0,0.000,0.000,NO BLACK,NO BUNDLE,0,0,0,,,,0,1,1,1,0.789440,0.486249,511,408,0.722726,STAND LOCKED,,,,,,,,,,
533,17.766667,70.215,11.913,0,0,0,0.000000,0.000000,0.000000,0.000000,0.000000,0,0.000,0.000,NO BLACK,NO BUNDLE,0,0,0,,,,0,1,1,1,0.789440,0.486249,511,408,0.722726,STAND LOCKED,,,,,,,,,,
534,17.800000,64.299,11.624,0,0,7,0.000000,0.000000,0.724100,0.000000,0.000000,0,0.000,0.000,NO BLACK,NO BUNDLE,0,0,0,,,,0,1,1,1,0.889153,0.527875,570,387,0.851546,STAND LOCKED,,,,,,,,,,
535,17.833333,71.814,11.891,0,0,0,0.000000,0.000000,0.000000,0.000000,0.000000,0,0.000,0.000,NO BLACK,NO BUNDLE,0,0,0,,,,0,1,1,1,0.889153,0.527875,570,387,0.851546,STAND LOCKED,,,,,,,,,,
536,17.866667,68.407,11.560,0,0,0,0.000000,0.000000,0.000000,0.000000,0.000000,0,0.000,0.000,NO BLACK,NO BUNDLE,0,0,0,,,,0,1,1,0,0.889153,0.527875,570,387,0.851546,STAND TEMPORARILY LOST (1),,,,,,,,,,
537,17.900000,65.772,11.974,0,0,0,0.000000,0.000000,0.000000,0.000000,0.000000,0,0.000,0.000,NO BLACK,NO BUNDLE,0,0,0,,,,0,1,1,0,0.889153,0.527875,570,387,0.851546,STAND TEMPORARILY LOST (1),,,,,,,,,,
538,17.933333,67.446,11.645,0,0,11,0.000000,0.000000,0.739353,0.000000,0.000000,0,0.000,0.000,NO BLACK,NO BUNDLE,0,0,0,,,,0,1,1,0,0.889153,0.527875,570,387,0.851546,STAND TARGET JUMP REJECTED,,,,,,,,,,
539,17.966667,69.896,11.944,0,0,0,0.000000,0.000000,0.000000,0.000000,0.000000,0,0.000,0.000,NO BLACK,NO BUNDLE,0,0,0,,,,0,1,1,0,0.889153,0.527875,570,387,0.851546,STAND TARGET JUMP REJECTED,,,,,,,,,,
540,18.000000,67.217,11.605,176,0,0,0.759936,0.000000,0.000000,0.000000,0.000000,0,0.000,0.000,NO BLACK,NO BUNDLE,0,0,0,,,,0,1,1,0,0.889153,0.527875,570,387,0.851546,STAND TARGET JUMP REJECTED,,,,,,,,,,
541,18.033333,71.640,11.869,81,0,0,0.754821,0.000000,0.000000,0.000000,0.000000,0,0.000,0.000,NO BLACK,NO BUNDLE,0,0,0,,,,0,1,1,0,0.889153,0.527875,570,387,0.851546,STAND TARGET JUMP REJECTED,,,,,,,,,,
542,18.066667,70.448,11.491,9,0,0,0.721029,0.000000,0.000000,0.000000,0.000000,0,0.000,0.000,NO BLACK,NO BUNDLE,0,0,0,,,,0,1,1,1,0.925548,0.588517,607,418,0.664307,STAND LOCKED,,,,,,,,,,
543,18.100000,71.452,11.773,4,0,0,0.711344,0.000000,0.000000,0.000000,0.000000,0,0.000,0.000,NO BLACK,NO BUNDLE,0,0,0,,,,0,1,1,1,0.925548,0.588517,607,418,0.664307,STAND LOCKED,,,,,,,,,,
544,18.133333,69.372,11.539,0,0,0,0.000000,0.000000,0.000000,0.000000,0.000000,0,0.000,0.000,NO BLACK,NO BUNDLE,0,0,0,,,,0,1,1,0,0.925548,0.588517,607,418,0.664307,STAND TEMPORARILY LOST (1),,,,,,,,,,
545,18.166667,71.364,11.791,7,100,0,0.717797,0.628589,0.000000,0.673193,0.000000,0,0.000,0.000,NO BLACK,NO BUNDLE,0,0,0,,,,0,1,1,0,0.925548,0.588517,607,418,0.664307,STAND TEMPORARILY LOST (1),,,,,,,,,,
546,18.200000,69.391,11.399,781,193,50,0.857051,0.744588,0.791164,0.800820,0.000000,0,0.000,0.000,COMPONENTS TOO FAR,NO BUNDLE,0,0,0,,,,0,1,1,1,0.843227,0.595089,624,406,0.538799,STAND LOCKED,,,,,,,,,,
547,18.233333,68.235,11.771,118,180,0,0.776815,0.731475,0.000000,0.754145,0.000000,0,0.000,0.000,NO BLACK,NO BUNDLE,0,0,0,,,,0,1,1,1,0.843227,0.595089,624,406,0.538799,STAND LOCKED,,,,,,,,,,
548,18.266667,70.592,11.550,0,251,0,0.000000,0.687918,0.000000,0.000000,0.000000,0,0.000,0.000,NO BLACK,NO BUNDLE,0,0,0,,,,0,1,1,1,0.677491,0.607582,785,396,0.492251,STAND LOCKED,,,,,,,,,,
549,18.300000,68.606,11.921,0,340,0,0.000000,0.698785,0.000000,0.000000,0.000000,0,0.000,0.000,NO BLACK,NO BUNDLE,0,0,0,,,,0,1,1,1,0.677491,0.607582,785,396,0.492251,STAND LOCKED,,,,,,,,,,
550,18.333333,68.249,11.685,58,0,0,0.751399,0.000000,0.000000,0.000000,0.000000,0,0.000,0.000,NO BLACK,NO BUNDLE,0,0,0,,,,0,1,1,0,0.677491,0.607582,785,396,0.492251,STAND TARGET JUMP REJECTED,,,,,,,,,,
551,18.366667,70.052,11.986,115,151,0,0.751807,0.628144,0.000000,0.689976,0.000000,0,0.000,0.000,NO BLACK,NO BUNDLE,0,0,0,,,,0,1,1,0,0.677491,0.607582,785,396,0.492251,STAND TARGET JUMP REJECTED,,,,,,,,,,
552,18.400000,65.691,11.762,16,0,0,0.729150,0.000000,0.000000,0.000000,0.000000,0,0.000,0.000,NO BLACK,NO BUNDLE,0,0,0,,,,0,1,1,1,0.892335,0.585235,861,447,0.471305,STAND LOCKED,,,,,,,,,,
553,18.433333,70.700,12.010,586,15,6,0.811098,0.644975,0.731173,0.728037,0.000000,0,0.000,0.000,NO LASHING,NO BUNDLE,0,0,0,,,,0,1,1,1,0.892335,0.585235,861,447,0.471305,STAND LOCKED,,,,,,,,,,
554,18.466667,70.991,11.664,89,0,0,0.748620,0.000000,0.000000,0.000000,0.000000,0,0.000,0.000,NO BLACK,NO BUNDLE,0,0,0,,,,0,1,1,1,0.841969,0.616253,922,416,0.458059,STAND LOCKED,,,,,,,,,,
555,18.500000,71.623,11.930,290,0,0,0.805820,0.000000,0.000000,0.000000,0.000000,0,0.000,0.000,NO LASHING,NO BUNDLE,0,0,0,,,,0,1,1,1,0.841969,0.616253,922,416,0.458059,STAND LOCKED,,,,,,,,,,
556,18.533333,68.211,11.572,0,0,0,0.000000,0.000000,0.000000,0.000000,0.000000,0,0.000,0.000,NO BLACK,NO BUNDLE,0,0,0,,,,0,1,1,1,0.917899,0.632725,947,392,0.471960,STAND LOCKED,,,,,,,,,,
557,18.566667,69.587,11.908,12,0,0,0.738131,0.000000,0.000000,0.000000,0.000000,0,0.000,0.000,NO BLACK,NO BUNDLE,0,0,0,,,,0,1,1,1,0.917899,0.632725,947,392,0.471960,STAND LOCKED,,,,,,,,,,
558,18.600000,67.273,11.498,361,0,0,0.782819,0.000000,0.000000,0.000000,0.000000,0,0.000,0.000,NO LASHING,NO BUNDLE,0,0,0,,,,0,1,1,0,0.917899,0.632725,947,392,0.471960,STAND TARGET JUMP REJECTED,,,,,,,,,,
559,18.633333,72.710,11.749,402,0,0,0.790196,0.000000,0.000000,0.000000,0.000000,0,0.000,0.000,NO LASHING,NO BUNDLE,0,0,0,,,,0,1,1,0,0.917899,0.632725,947,392,0.471960,STAND TARGET JUMP REJECTED,,,,,,,,,,
560,18.666667,68.544,11.058,90,0,0,0.731276,0.000000,0.000000,0.000000,0.000000,0,0.000,0.000,NO BLACK,NO BUNDLE,0,0,0,,,,0,1,1,0,0.917899,0.632725,947,392,0.471960,STAND TARGET JUMP REJECTED,,,,,,,,,,
561,18.700000,67.889,11.516,512,0,0,0.797913,0.000000,0.000000,0.000000,0.000000,0,0.000,0.000,NO LASHING,NO BUNDLE,0,0,0,,,,0,1,1,0,0.917899,0.632725,947,392,0.471960,STAND TARGET JUMP REJECTED,,,,,,,,,,
562,18.733333,72.260,11.092,652,0,0,0.864460,0.000000,0.000000,0.000000,0.000000,0,0.000,0.000,NO LASHING,NO BUNDLE,0,0,0,,,,0,1,1,0,0.917899,0.632725,947,392,0.471960,STAND TARGET JUMP REJECTED,,,,,,,,,,
563,18.766667,71.635,11.443,347,0,0,0.820251,0.000000,0.000000,0.000000,0.000000,0,0.000,0.000,NO LASHING,NO BUNDLE,0,0,0,,,,0,1,1,0,0.917899,0.632725,947,392,0.471960,STAND TARGET JUMP REJECTED,,,,,,,,,,
564,18.800000,69.877,11.048,304,0,0,0.826074,0.000000,0.000000,0.000000,0.000000,0,0.000,0.000,NO LASHING,NO BUNDLE,0,0,0,,,,0,0,0,0,0.000000,0.000000,,,,STAND TARGET JUMP REJECTED,,,,,,,,,,
565,18.833333,68.462,10.809,251,0,0,0.797613,0.000000,0.000000,0.000000,0.000000,0,0.000,0.000,NO LASHING,NO BUNDLE,0,0,0,,,,0,1,0,1,0.992500,0.683962,878,282,0.781944,ACQUIRING STAND 1/4,,,,,,,,,,
566,18.866667,69.611,10.502,523,0,0,0.824182,0.000000,0.000000,0.000000,0.000000,0,0.000,0.000,NO LASHING,NO BUNDLE,0,0,0,,,,0,1,0,1,0.714163,0.674659,922,361,0.586389,ACQUIRING STAND 2/4,,,,,,,,,,
567,18.900000,68.795,11.024,510,0,0,0.794991,0.000000,0.000000,0.000000,0.000000,0,0.000,0.000,NO LASHING,NO BUNDLE,0,0,0,,,,0,1,0,1,0.714163,0.674659,922,361,0.586389,ACQUIRING STAND 2/4,,,,,,,,,,
568,18.933333,73.126,10.679,437,0,0,0.824281,0.000000,0.000000,0.000000,0.000000,0,0.000,0.000,NO LASHING,NO BUNDLE,0,0,0,,,,0,1,0,0,0.714163,0.674659,922,361,0.586389,STAND TEMPORARILY LOST (1),,,,,,,,,,
569,18.966667,66.113,11.239,619,0,0,0.827088,0.000000,0.000000,0.000000,0.000000,0,0.000,0.000,NO LASHING,NO BUNDLE,0,0,0,,,,0,1,0,0,0.714163,0.674659,922,361,0.586389,STAND TEMPORARILY LOST (1),,,,,,,,,,
570,19.000000,71.672,10.914,585,0,0,0.830425,0.000000,0.000000,0.000000,0.000000,0,0.000,0.000,NO LASHING,NO BUNDLE,0,0,0,,,,0,1,0,0,0.714163,0.674659,922,361,0.586389,STAND TARGET JUMP REJECTED,,,,,,,,,,
571,19.033333,69.362,11.352,827,0,0,0.802615,0.000000,0.000000,0.000000,0.000000,0,0.000,0.000,NO LASHING,NO BUNDLE,0,0,0,,,,0,1,0,0,0.714163,0.674659,922,361,0.586389,STAND TARGET JUMP REJECTED,,,,,,,,,,
572,19.066667,68.953,11.088,448,0,0,0.789276,0.000000,0.000000,0.000000,0.000000,0,0.000,0.000,NO LASHING,NO BUNDLE,0,0,0,,,,0,1,0,0,0.714163,0.674659,922,361,0.586389,STAND TARGET JUMP REJECTED,,,,,,,,,,
573,19.100000,68.876,11.488,437,0,4,0.791514,0.000000,0.721283,0.000000,0.000000,0,0.000,0.000,NO LASHING,NO BUNDLE,0,0,0,,,,0,1,0,0,0.714163,0.674659,922,361,0.586389,STAND TARGET JUMP REJECTED,,,,,,,,,,
574,19.133333,73.673,11.087,359,0,0,0.819278,0.000000,0.000000,0.000000,0.000000,0,0.000,0.000,NO LASHING,NO BUNDLE,0,0,0,,,,0,0,0,0,0.000000,0.000000,,,,STAND TARGET JUMP REJECTED,,,,,,,,,,
575,19.166667,66.176,10.869,160,0,0,0.761146,0.000000,0.000000,0.000000,0.000000,0,0.000,0.000,NO BLACK,NO BUNDLE,0,0,0,,,,0,1,0,1,0.748254,0.636345,898,556,0.219444,ACQUIRING STAND 1/4,,,,,,,,,,
576,19.200000,72.167,10.614,63,0,0,0.750649,0.000000,0.000000,0.000000,0.000000,0,0.000,0.000,NO BLACK,NO BUNDLE,0,0,0,,,,0,1,0,1,0.599775,0.572925,887,588,0.187361,ACQUIRING STAND 2/4,,,,,,,,,,
577,19.233333,70.155,11.078,175,0,0,0.806537,0.000000,0.000000,0.000000,0.000000,0,0.000,0.000,NO BLACK,NO BUNDLE,0,0,0,,,,0,1,0,1,0.599775,0.572925,887,588,0.187361,ACQUIRING STAND 2/4,,,,,,,,,,
578,19.266667,70.823,10.792,17,0,80,0.718744,0.000000,0.805062,0.000000,0.000000,0,0.000,0.000,NO BLACK,NO BUNDLE,0,0,0,,,,0,1,0,0,0.599775,0.572925,887,588,0.187361,STAND TARGET JUMP REJECTED,,,,,,,,,,
579,19.300000,71.729,11.121,242,0,0,0.740457,0.000000,0.000000,0.000000,0.000000,0,0.000,0.000,NO BLACK,NO BUNDLE,0,0,0,,,,0,1,0,0,0.599775,0.572925,887,588,0.187361,STAND TARGET JUMP REJECTED,,,,,,,,,,
580,19.333333,72.389,10.845,114,40,28,0.746331,0.667479,0.757076,0.706905,0.000000,0,0.000,0.000,NO BLACK,NO BUNDLE,0,0,0,,,,0,1,0,0,0.599775,0.572925,887,588,0.187361,STAND TARGET JUMP REJECTED,,,,,,,,,,
581,19.366667,67.674,11.352,357,0,0,0.784312,0.000000,0.000000,0.000000,0.000000,0,0.000,0.000,NO LASHING,NO BUNDLE,0,0,0,,,,0,1,0,0,0.599775,0.572925,887,588,0.187361,STAND TARGET JUMP REJECTED,,,,,,,,,,
582,19.400000,70.304,11.066,451,0,0,0.794577,0.000000,0.000000,0.000000,0.000000,0,0.000,0.000,NO LASHING,NO BUNDLE,0,0,0,,,,0,1,0,0,0.599775,0.572925,887,588,0.187361,STAND TARGET JUMP REJECTED,,,,,,,,,,
583,19.433333,71.371,11.409,104,0,0,0.766390,0.000000,0.000000,0.000000,0.000000,0,0.000,0.000,NO BLACK,NO BUNDLE,0,0,0,,,,0,1,0,0,0.599775,0.572925,887,588,0.187361,STAND TARGET JUMP REJECTED,,,,,,,,,,
584,19.466667,71.785,11.098,15,0,0,0.722424,0.000000,0.000000,0.000000,0.000000,0,0.000,0.000,NO BLACK,NO BUNDLE,0,0,0,,,,0,0,0,0,0.000000,0.000000,,,,STAND TARGET JUMP REJECTED,,,,,,,,,,
585,19.500000,71.102,10.848,40,0,0,0.757056,0.000000,0.000000,0.000000,0.000000,0,0.000,0.000,NO BLACK,NO BUNDLE,0,0,0,,,,0,1,0,1,0.907500,0.679739,581,264,0.719444,ACQUIRING STAND 1/4,,,,,,,,,,
586,19.533333,69.553,10.627,0,0,0,0.000000,0.000000,0.000000,0.000000,0.000000,0,0.000,0.000,NO BLACK,NO BUNDLE,0,0,0,,,,0,1,0,1,0.817298,0.648586,567,336,0.607153,ACQUIRING STAND 2/4,,,,,,,,,,
587,19.566667,73.794,10.961,0,0,0,0.000000,0.000000,0.000000,0.000000,0.000000,0,0.000,0.000,NO BLACK,NO BUNDLE,0,0,0,,,,0,1,0,1,0.817298,0.648586,567,336,0.607153,ACQUIRING STAND 2/4,,,,,,,,,,
588,19.600000,71.716,10.692,0,25,0,0.000000,0.629688,0.000000,0.000000,0.000000,0,0.000,0.000,NO BLACK,NO BUNDLE,0,0,0,,,,0,1,0,1,0.804970,0.680389,517,291,0.654399,ACQUIRING STAND 3/4,,,,,,,,,,
589,19.633333,72.034,11.069,0,0,0,0.000000,0.000000,0.000000,0.000000,0.000000,0,0.000,0.000,NO BLACK,NO BUNDLE,0,0,0,,,,0,1,0,1,0.804970,0.680389,517,291,0.654399,ACQUIRING STAND 3/4,,,,,,,,,,
590,19.666667,72.468,10.776,3,0,0,0.711596,0.000000,0.000000,0.000000,0.000000,0,0.000,0.000,NO BLACK,NO BUNDLE,0,0,0,,,,0,1,0,0,0.804970,0.680389,517,291,0.654399,STAND TARGET JUMP REJECTED,,,,,,,,,,
591,19.700000,71.224,11.145,15,0,0,0.723072,0.000000,0.000000,0.000000,0.000000,0,0.000,0.000,NO BLACK,NO BUNDLE,0,0,0,,,,0,1,0,0,0.804970,0.680389,517,291,0.654399,STAND TARGET JUMP REJECTED,,,,,,,,,,
592,19.733333,73.302,10.831,0,5,0,0.000000,0.618345,0.000000,0.000000,0.000000,0,0.000,0.000,NO BLACK,NO BUNDLE,0,0,0,,,,0,1,0,1,0.865000,0.675193,486,307,0.705452,ACQUIRING STAND 1/4,,,,,,,,,,
593,19.766667,69.569,11.286,0,0,0,0.000000,0.000000,0.000000,0.000000,0.000000,0,0.000,0.000,NO BLACK,NO BUNDLE,0,0,0,,,,0,1,0,1,0.865000,0.675193,486,307,0.705452,ACQUIRING STAND 1/4,,,,,,,,,,
594,19.800000,71.736,10.947,0,0,0,0.000000,0.000000,0.000000,0.000000,0.000000,0,0.000,0.000,NO BLACK,NO BUNDLE,0,0,0,,,,0,1,0,1,0.855350,0.627670,480,284,0.710856,ACQUIRING STAND 2/4,,,,,,,,,,
595,19.833333,72.863,11.241,0,0,0,0.000000,0.000000,0.000000,0.000000,0.000000,0,0.000,0.000,NO BLACK,NO BUNDLE,0,0,0,,,,0,1,0,1,0.855350,0.627670,480,284,0.710856,ACQUIRING STAND 2/4,,,,,,,,,,
596,19.866667,75.762,10.867,0,0,0,0.000000,0.000000,0.000000,0.000000,0.000000,0,0.000,0.000,NO BLACK,NO BUNDLE,0,0,0,,,,0,1,0,1,0.846667,0.659504,501,292,0.772107,ACQUIRING STAND 3/4,,,,,,,,,,
597,19.900000,73.541,11.189,0,0,0,0.000000,0.000000,0.000000,0.000000,0.000000,0,0.000,0.000,NO BLACK,NO BUNDLE,0,0,0,,,,0,1,0,1,0.846667,0.659504,501,292,0.772107,ACQUIRING STAND 3/4,,,,,,,,,,
598,19.933333,79.559,10.774,0,0,0,0.000000,0.000000,0.000000,0.000000,0.000000,0,0.000,0.000,NO BLACK,NO BUNDLE,0,0,0,,,,0,1,0,0,0.846667,0.659504,501,292,0.772107,STAND TARGET JUMP REJECTED,,,,,,,,,,
599,19.966667,68.421,11.230,0,0,0,0.000000,0.000000,0.000000,0.000000,0.000000,0,0.000,0.000,NO BLACK,NO BUNDLE,0,0,0,,,,0,1,0,0,0.846667,0.659504,501,292,0.772107,STAND TARGET JUMP REJECTED,,,,,,,,,,
600,20.000000,75.854,10.880,0,0,0,0.000000,0.000000,0.000000,0.000000,0.000000,0,0.000,0.000,NO BLACK,NO BUNDLE,0,0,0,,,,0,1,0,0,0.846667,0.659504,501,292,0.772107,STAND TEMPORARILY LOST (2),,,,,,,,,,
601,20.033333,73.180,11.219,0,0,0,0.000000,0.000000,0.000000,0.000000,0.000000,0,0.000,0.000,NO BLACK,NO BUNDLE,0,0,0,,,,0,1,0,0,0.846667,0.659504,501,292,0.772107,STAND TEMPORARILY LOST (2),,,,,,,,,,
602,20.066667,73.803,10.889,0,0,0,0.000000,0.000000,0.000000,0.000000,0.000000,0,0.000,0.000,NO BLACK,NO BUNDLE,0,0,0,,,,0,1,0,1,0.945000,0.665872,514,234,0.612518,ACQUIRING STAND 1/4,,,,,,,,,,
603,20.100000,69.493,11.336,0,0,0,0.000000,0.000000,0.000000,0.000000,0.000000,0,0.000,0.000,NO BLACK,NO BUNDLE,0,0,0,,,,0,1,0,1,0.945000,0.665872,514,234,0.612518,ACQUIRING STAND 1/4,,,,,,,,,,
604,20.133333,71.873,11.033,0,0,0,0.000000,0.000000,0.000000,0.000000,0.000000,0,0.000,0.000,NO BLACK,NO BUNDLE,0,0,0,,,,0,1,0,1,0.907982,0.642362,549,256,0.676675,ACQUIRING STAND 2/4,,,,,,,,,,
605,20.166667,70.356,11.385,0,0,0,0.000000,0.000000,0.000000,0.000000,0.000000,0,0.000,0.000,NO BLACK,NO BUNDLE,0,0,0,,,,0,1,0,1,0.907982,0.642362,549,256,0.676675,ACQUIRING STAND 2/4,,,,,,,,,,
606,20.200000,73.185,11.073,0,0,0,0.000000,0.000000,0.000000,0.000000,0.000000,0,0.000,0.000,NO BLACK,NO BUNDLE,0,0,0,,,,0,1,0,0,0.907982,0.642362,549,256,0.676675,STAND TARGET JUMP REJECTED,,,,,,,,,,
607,20.233333,72.615,11.329,0,0,0,0.000000,0.000000,0.000000,0.000000,0.000000,0,0.000,0.000,NO BLACK,NO BUNDLE,0,0,0,,,,0,1,0,0,0.907982,0.642362,549,256,0.676675,STAND TARGET JUMP REJECTED,,,,,,,,,,
608,20.266667,73.204,11.034,0,0,0,0.000000,0.000000,0.000000,0.000000,0.000000,0,0.000,0.000,NO BLACK,NO BUNDLE,0,0,0,,,,0,1,0,1,0.848415,0.619860,585,226,0.602420,ACQUIRING STAND 1/4,,,,,,,,,,
609,20.300000,70.735,11.397,0,0,0,0.000000,0.000000,0.000000,0.000000,0.000000,0,0.000,0.000,NO BLACK,NO BUNDLE,0,0,0,,,,0,1,0,1,0.848415,0.619860,585,226,0.602420,ACQUIRING STAND 1/4,,,,,,,,,,
610,20.333333,66.074,11.191,0,0,0,0.000000,0.000000,0.000000,0.000000,0.000000,0,0.000,0.000,NO BLACK,NO BUNDLE,0,0,0,,,,0,1,0,1,0.828088,0.627900,608,171,0.446784,ACQUIRING STAND 2/4,,,,,,,,,,
611,20.366667,69.903,11.556,0,0,0,0.000000,0.000000,0.000000,0.000000,0.000000,0,0.000,0.000,NO BLACK,NO BUNDLE,0,0,0,,,,0,1,0,1,0.828088,0.627900,608,171,0.446784,ACQUIRING STAND 2/4,,,,,,,,,,
612,20.400000,72.166,11.217,114,0,0,0.738182,0.000000,0.000000,0.000000,0.000000,0,0.000,0.000,NO BLACK,NO BUNDLE,0,0,0,,,,0,1,0,1,0.950143,0.661439,606,263,0.712094,ACQUIRING STAND 3/4,,,,,,,,,,
613,20.433333,73.619,11.220,611,105,0,0.790742,0.671066,0.000000,0.730904,0.000000,0,0.000,0.000,NO VALID CONTACT,NO BUNDLE,0,0,0,,,,0,1,0,1,0.950143,0.661439,606,263,0.712094,ACQUIRING STAND 3/4,,,,,,,,,,
614,20.466667,71.904,10.923,874,59,0,0.795166,0.678647,0.000000,0.736906,0.000000,0,0.000,0.000,NO LASHING,NO BUNDLE,0,0,0,,,,0,1,1,1,0.902766,0.658940,579,266,0.713081,STAND LOCKED,,,,,,,,,,
615,20.500000,72.970,11.211,357,0,0,0.745805,0.000000,0.000000,0.000000,0.000000,0,0.000,0.000,NO LASHING,NO BUNDLE,0,0,0,,,,0,1,1,1,0.902766,0.658940,579,266,0.713081,STAND LOCKED,,,,,,,,,,
616,20.533333,70.385,10.937,277,0,0,0.758545,0.000000,0.000000,0.000000,0.000000,0,0.000,0.000,NO LASHING,NO BUNDLE,0,0,0,,,,0,1,1,0,0.902766,0.658940,579,266,0.713081,STAND TARGET JUMP REJECTED,,,,,,,,,,
617,20.566667,72.456,11.275,371,0,0,0.805818,0.000000,0.000000,0.000000,0.000000,0,0.000,0.000,NO LASHING,NO BUNDLE,0,0,0,,,,0,1,1,0,0.902766,0.658940,579,266,0.713081,STAND TARGET JUMP REJECTED,,,,,,,,,,
618,20.600000,74.096,10.961,474,0,0,0.775313,0.000000,0.000000,0.000000,0.000000,0,0.000,0.000,NO LASHING,NO BUNDLE,0,0,0,,,,0,1,1,1,0.838015,0.638334,531,256,0.695956,STAND LOCKED,,,,,,,,,,
619,20.633333,73.171,11.285,297,0,0,0.779931,0.000000,0.000000,0.000000,0.000000,0,0.000,0.000,NO LASHING,NO BUNDLE,0,0,0,,,,0,1,1,1,0.838015,0.638334,531,256,0.695956,STAND LOCKED,,,,,,,,,,
620,20.666667,72.942,10.945,499,0,0,0.797655,0.000000,0.000000,0.000000,0.000000,0,0.000,0.000,NO LASHING,NO BUNDLE,0,0,0,,,,0,1,1,0,0.838015,0.638334,531,256,0.695956,STAND TARGET JUMP REJECTED,,,,,,,,,,
621,20.700000,73.893,11.232,105,0,0,0.782700,0.000000,0.000000,0.000000,0.000000,0,0.000,0.000,NO BLACK,NO BUNDLE,0,0,0,,,,0,1,1,0,0.838015,0.638334,531,256,0.695956,STAND TARGET JUMP REJECTED,,,,,,,,,,
622,20.733333,68.979,10.980,61,17,0,0.739909,0.606409,0.000000,0.673159,0.000000,0,0.000,0.000,NO BLACK,NO BUNDLE,0,0,0,,,,0,1,1,1,0.873055,0.599826,530,236,0.629430,STAND LOCKED,,,,,,,,,,
623,20.766667,72.135,11.329,73,0,0,0.739896,0.000000,0.000000,0.000000,0.000000,0,0.000,0.000,NO BLACK,NO BUNDLE,0,0,0,,,,0,1,1,1,0.873055,0.599826,530,236,0.629430,STAND LOCKED,,,,,,,,,,
624,20.800000,72.007,11.067,0,0,6,0.000000,0.000000,0.714389,0.000000,0.000000,0,0.000,0.000,NO BLACK,NO BUNDLE,0,0,0,,,,0,1,1,0,0.873055,0.599826,530,236,0.629430,STAND TARGET JUMP REJECTED,,,,,,,,,,
625,20.833333,73.068,11.386,46,0,107,0.736301,0.000000,0.853909,0.000000,0.000000,0,0.000,0.000,NO BLACK,NO BUNDLE,0,0,0,,,,0,1,1,0,0.873055,0.599826,530,236,0.629430,STAND TARGET JUMP REJECTED,,,,,,,,,,
626,20.866667,71.228,10.793,1209,8,106,0.830365,0.624047,0.834590,0.727206,0.000000,0,0.000,0.000,NO LASHING,NO BUNDLE,0,0,0,,,,0,1,1,1,0.873333,0.687341,609,217,0.569702,STAND LOCKED,,,,,,,,,,
627,20.900000,71.654,11.184,533,52,0,0.841327,0.681339,0.000000,0.761333,0.000000,0,0.000,0.000,NO LASHING,NO BUNDLE,0,0,0,,,,0,1,1,1,0.873333,0.687341,609,217,0.569702,STAND LOCKED,,,,,,,,,,
628,20.933333,74.178,10.994,211,0,0,0.763158,0.000000,0.000000,0.000000,0.000000,0,0.000,0.000,NO BLACK,NO BUNDLE,0,0,0,,,,0,1,1,1,0.875534,0.686230,639,259,0.602408,STAND LOCKED,,,,,,,,,,
629,20.966667,72.522,11.313,503,0,14,0.801512,0.000000,0.769785,0.000000,0.000000,0,0.000,0.000,NO LASHING,NO BUNDLE,0,0,0,,,,0,1,1,1,0.875534,0.686230,639,259,0.602408,STAND LOCKED,,,,,,,,,,
630,21.000000,70.954,11.126,1138,0,0,0.805589,0.000000,0.000000,0.000000,0.000000,0,0.000,0.000,NO LASHING,NO BUNDLE,0,0,0,,,,0,1,1,0,0.875534,0.686230,639,259,0.602408,STAND TEMPORARILY LOST (1),,,,,,,,,,
631,21.033333,72.538,11.455,658,0,0,0.788940,0.000000,0.000000,0.000000,0.000000,0,0.000,0.000,NO LASHING,NO BUNDLE,0,0,0,,,,0,1,1,0,0.875534,0.686230,639,259,0.602408,STAND TEMPORARILY LOST (1),,,,,,,,,,
632,21.066667,69.619,10.896,705,0,0,0.822912,0.000000,0.000000,0.000000,0.000000,0,0.000,0.000,NO LASHING,NO BUNDLE,0,0,0,,,,0,1,1,0,0.875534,0.686230,639,259,0.602408,STAND TARGET JUMP REJECTED,,,,,,,,,,
633,21.100000,71.493,11.247,602,0,0,0.801297,0.000000,0.000000,0.000000,0.000000,0,0.000,0.000,NO LASHING,NO BUNDLE,0,0,0,,,,0,1,1,0,0.875534,0.686230,639,259,0.602408,STAND TARGET JUMP REJECTED,,,,,,,,,,
634,21.133333,67.312,10.744,548,0,18,0.819486,0.000000,0.779913,0.000000,0.000000,0,0.000,0.000,NO LASHING,NO BUNDLE,0,0,0,,,,0,1,1,1,0.958070,0.629937,638,273,0.680528,STAND LOCKED,,,,,,,,,,
635,21.166667,70.975,11.148,43,0,0,0.719719,0.000000,0.000000,0.000000,0.000000,0,0.000,0.000,NO BLACK,NO BUNDLE,0,0,0,,,,0,1,1,1,0.958070,0.629937,638,273,0.680528,STAND LOCKED,,,,,,,,,,
636,21.200000,70.057,10.917,431,0,0,0.826608,0.000000,0.000000,0.000000,0.000000,0,0.000,0.000,NO LASHING,NO BUNDLE,0,0,0,,,,0,1,1,0,0.958070,0.629937,638,273,0.680528,STAND TEMPORARILY LOST (1),,,,,,,,,,
637,21.233333,70.211,11.326,358,0,57,0.803974,0.000000,0.794146,0.000000,0.000000,0,0.000,0.000,NO LASHING,NO BUNDLE,0,0,0,,,,0,1,1,0,0.958070,0.629937,638,273,0.680528,STAND TEMPORARILY LOST (1),,,,,,,,,,
638,21.266667,71.980,10.722,388,0,15,0.852740,0.000000,0.798621,0.000000,0.000000,0,0.000,0.000,NO LASHING,NO BUNDLE,0,0,0,,,,0,1,1,0,0.958070,0.629937,638,273,0.680528,STAND TARGET JUMP REJECTED,,,,,,,,,,
639,21.300000,69.342,11.171,381,0,8,0.849194,0.000000,0.777835,0.000000,0.000000,0,0.000,0.000,NO LASHING,NO BUNDLE,0,0,0,,,,0,1,1,0,0.958070,0.629937,638,273,0.680528,STAND TARGET JUMP REJECTED,,,,,,,,,,
640,21.333333,62.742,10.668,197,0,0,0.797618,0.000000,0.000000,0.000000,0.000000,0,0.000,0.000,NO BLACK,NO BUNDLE,0,0,0,,,,0,1,1,0,0.958070,0.629937,638,273,0.680528,STAND TARGET JUMP REJECTED,,,,,,,,,,
641,21.366667,67.496,11.202,172,0,0,0.800613,0.000000,0.000000,0.000000,0.000000,0,0.000,0.000,NO BLACK,NO BUNDLE,0,0,0,,,,0,1,1,0,0.958070,0.629937,638,273,0.680528,STAND TARGET JUMP REJECTED,,,,,,,,,,
642,21.400000,69.979,10.978,413,0,0,0.768792,0.000000,0.000000,0.000000,0.000000,0,0.000,0.000,NO LASHING,NO BUNDLE,0,0,0,,,,0,0,0,0,0.000000,0.000000,,,,STAND TARGET JUMP REJECTED,,,,,,,,,,
643,21.433333,70.901,10.700,367,0,26,0.814118,0.000000,0.809359,0.000000,0.000000,0,0.000,0.000,NO LASHING,NO BUNDLE,0,0,0,,,,0,1,0,1,0.701269,0.664509,1006,575,0.322222,ACQUIRING STAND 1/4,,,,,,,,,,
644,21.466667,71.022,10.489,26,0,0,0.721129,0.000000,0.000000,0.000000,0.000000,0,0.000,0.000,NO BLACK,NO BUNDLE,0,0,0,,,,0,1,0,0,0.701269,0.664509,1006,575,0.322222,STAND TEMPORARILY LOST (1),,,,,,,,,,
645,21.500000,70.912,10.951,212,0,0,0.809033,0.000000,0.000000,0.000000,0.000000,0,0.000,0.000,NO BLACK,NO BUNDLE,0,0,0,,,,0,1,0,0,0.701269,0.664509,1006,575,0.322222,STAND TEMPORARILY LOST (1),,,,,,,,,,
646,21.533333,69.123,10.721,415,0,0,0.806051,0.000000,0.000000,0.000000,0.000000,0,0.000,0.000,NO LASHING,NO BUNDLE,0,0,0,,,,0,1,0,0,0.701269,0.664509,1006,575,0.322222,STAND TARGET JUMP REJECTED,,,,,,,,,,
647,21.566667,69.057,11.145,343,0,0,0.807709,0.000000,0.000000,0.000000,0.000000,0,0.000,0.000,NO LASHING,NO BUNDLE,0,0,0,,,,0,1,0,0,0.701269,0.664509,1006,575,0.322222,STAND TARGET JUMP REJECTED,,,,,,,,,,
648,21.600000,75.091,10.835,291,0,0,0.801875,0.000000,0.000000,0.000000,0.000000,0,0.000,0.000,NO LASHING,NO BUNDLE,0,0,0,,,,0,1,0,0,0.701269,0.664509,1006,575,0.322222,STAND TEMPORARILY LOST (3),,,,,,,,,,
649,21.633333,72.849,11.158,713,0,0,0.821421,0.000000,0.000000,0.000000,0.000000,0,0.000,0.000,NO LASHING,NO BUNDLE,0,0,0,,,,0,1,0,0,0.701269,0.664509,1006,575,0.322222,STAND TEMPORARILY LOST (3),,,,,,,,,,
650,21.666667,75.384,10.806,684,0,0,0.821736,0.000000,0.000000,0.000000,0.000000,0,0.000,0.000,NO LASHING,NO BUNDLE,0,0,0,,,,0,0,0,0,0.000000,0.000000,,,,STAND TARGET JUMP REJECTED,,,,,,,,,,
651,21.700000,68.333,10.586,285,0,0,0.771345,0.000000,0.000000,0.000000,0.000000,0,0.000,0.000,NO LASHING,NO BUNDLE,0,0,0,,,,0,0,0,0,0.550175,0.000000,,,,WEAK STAND GEOMETRY,,,,,,,,,,
652,21.733333,73.047,10.344,648,0,0,0.812795,0.000000,0.000000,0.000000,0.000000,0,0.000,0.000,NO LASHING,NO BUNDLE,0,0,0,,,,0,1,0,1,0.945000,0.672395,804,351,0.944444,ACQUIRING STAND 1/4,,,,,,,,,,
653,21.766667,73.767,10.753,647,0,6,0.809608,0.000000,0.725150,0.000000,0.000000,0,0.000,0.000,NO LASHING,NO BUNDLE,0,0,0,,,,0,1,0,1,0.945000,0.672395,804,351,0.944444,ACQUIRING STAND 1/4,,,,,,,,,,
654,21.800000,68.900,10.552,469,0,1,0.789066,0.000000,0.708021,0.000000,0.000000,0,0.000,0.000,NO LASHING,NO BUNDLE,0,0,0,,,,0,1,0,0,0.945000,0.672395,804,351,0.944444,STAND TARGET JUMP REJECTED,,,,,,,,,,
655,21.833333,69.246,11.034,424,0,0,0.781055,0.000000,0.000000,0.000000,0.000000,0,0.000,0.000,NO LASHING,NO BUNDLE,0,0,0,,,,0,1,0,0,0.945000,0.672395,804,351,0.944444,STAND TARGET JUMP REJECTED,,,,,,,,,,
656,21.866667,72.797,10.764,643,0,0,0.783345,0.000000,0.000000,0.000000,0.000000,0,0.000,0.000,NO LASHING,NO BUNDLE,0,0,0,,,,0,1,0,0,0.945000,0.672395,804,351,0.944444,STAND TARGET JUMP REJECTED,,,,,,,,,,
657,21.900000,65.831,11.307,1084,0,22,0.819831,0.000000,0.797559,0.000000,0.000000,0,0.000,0.000,NO LASHING,NO BUNDLE,0,0,0,,,,0,1,0,0,0.945000,0.672395,804,351,0.944444,STAND TARGET JUMP REJECTED,,,,,,,,,,
658,21.933333,69.204,11.078,450,0,0,0.788072,0.000000,0.000000,0.000000,0.000000,0,0.000,0.000,NO LASHING,NO BUNDLE,0,0,0,,,,0,1,0,0,0.945000,0.672395,804,351,0.944444,STAND TEMPORARILY LOST (3),,,,,,,,,,
659,21.966667,70.064,11.444,905,0,0,0.815490,0.000000,0.000000,0.000000,0.000000,0,0.000,0.000,NO LASHING,NO BUNDLE,0,0,0,,,,0,1,0,0,0.945000,0.672395,804,351,0.944444,STAND TEMPORARILY LOST (3),,,,,,,,,,
660,22.000000,69.758,11.159,829,0,0,0.835662,0.000000,0.000000,0.000000,0.000000,0,0.000,0.000,NO LASHING,NO BUNDLE,0,0,0,,,,0,0,0,0,0.000000,0.000000,,,,WEAK STAND GEOMETRY,,,,,,,,,,
661,22.033333,68.198,10.980,811,0,0,0.816959,0.000000,0.000000,0.000000,0.000000,0,0.000,0.000,NO LASHING,NO BUNDLE,0,0,0,,,,0,1,0,1,0.783379,0.677715,636,58,0.137500,ACQUIRING STAND 1/4,,,,,,,,,,
662,22.066667,67.897,10.781,836,0,0,0.827574,0.000000,0.000000,0.000000,0.000000,0,0.000,0.000,NO LASHING,NO BUNDLE,0,0,0,,,,0,1,0,0,0.783379,0.677715,636,58,0.137500,STAND TARGET JUMP REJECTED,,,,,,,,,,
663,22.100000,65.649,11.348,504,0,0,0.803355,0.000000,0.000000,0.000000,0.000000,0,0.000,0.000,NO LASHING,NO BUNDLE,0,0,0,,,,0,1,0,0,0.783379,0.677715,636,58,0.137500,STAND TARGET JUMP REJECTED,,,,,,,,,,
664,22.133333,72.354,11.041,442,0,0,0.786956,0.000000,0.000000,0.000000,0.000000,0,0.000,0.000,NO LASHING,NO BUNDLE,0,0,0,,,,0,1,0,0,0.783379,0.677715,636,58,0.137500,STAND TARGET JUMP REJECTED,,,,,,,,,,
665,22.166667,67.772,11.513,582,0,0,0.804764,0.000000,0.000000,0.000000,0.000000,0,0.000,0.000,NO LASHING,NO BUNDLE,0,0,0,,,,0,1,0,0,0.783379,0.677715,636,58,0.137500,STAND TARGET JUMP REJECTED,,,,,,,,,,
666,22.200000,70.638,11.245,569,0,0,0.790341,0.000000,0.000000,0.000000,0.000000,0,0.000,0.000,NO LASHING,NO BUNDLE,0,0,0,,,,0,1,0,1,0.711711,0.723991,652,54,0.122222,ACQUIRING STAND 1/4,,,,,,,,,,
667,22.233333,70.259,11.615,513,0,0,0.778942,0.000000,0.000000,0.000000,0.000000,0,0.000,0.000,NO LASHING,NO BUNDLE,0,0,0,,,,0,1,0,1,0.711711,0.723991,652,54,0.122222,ACQUIRING STAND 1/4,,,,,,,,,,
668,22.266667,73.052,11.240,723,0,0,0.799958,0.000000,0.000000,0.000000,0.000000,0,0.000,0.000,NO LASHING,NO BUNDLE,0,0,0,,,,0,1,0,0,0.711711,0.723991,652,54,0.122222,STAND TEMPORARILY LOST (1),,,,,,,,,,
669,22.300000,72.998,11.510,457,0,0,0.816074,0.000000,0.000000,0.000000,0.000000,0,0.000,0.000,NO LASHING,NO BUNDLE,0,0,0,,,,0,1,0,0,0.711711,0.723991,652,54,0.122222,STAND TEMPORARILY LOST (1),,,,,,,,,,
670,22.333333,76.770,11.154,551,0,0,0.781494,0.000000,0.000000,0.000000,0.000000,0,0.000,0.000,NO LASHING,NO BUNDLE,0,0,0,,,,0,1,0,0,0.711711,0.723991,652,54,0.122222,STAND TARGET JUMP REJECTED,,,,,,,,,,
671,22.366667,71.815,11.474,566,0,0,0.811186,0.000000,0.000000,0.000000,0.000000,0,0.000,0.000,NO LASHING,NO BUNDLE,0,0,0,,,,0,1,0,0,0.711711,0.723991,652,54,0.122222,STAND TARGET JUMP REJECTED,,,,,,,,,,
672,22.400000,67.640,11.208,943,0,0,0.819292,0.000000,0.000000,0.000000,0.000000,0,0.000,0.000,NO LASHING,NO BUNDLE,0,0,0,,,,0,1,0,1,0.642790,0.650648,642,93,0.145139,ACQUIRING STAND 1/4,,,,,,,,,,
673,22.433333,67.893,11.580,1103,0,0,0.836328,0.000000,0.000000,0.000000,0.000000,0,0.000,0.000,NO LASHING,NO BUNDLE,0,0,0,,,,0,1,0,1,0.642790,0.650648,642,93,0.145139,ACQUIRING STAND 1/4,,,,,,,,,,
674,22.466667,69.282,11.230,802,0,0,0.830791,0.000000,0.000000,0.000000,0.000000,0,0.000,0.000,NO LASHING,NO BUNDLE,0,0,0,,,,0,1,0,0,0.642790,0.650648,642,93,0.145139,STAND TEMPORARILY LOST (1),,,,,,,,,,
675,22.500000,67.084,11.656,1267,0,0,0.836512,0.000000,0.000000,0.000000,0.000000,0,0.000,0.000,NO LASHING,NO BUNDLE,0,0,0,,,,0,1,0,0,0.642790,0.650648,642,93,0.145139,STAND TEMPORARILY LOST (1),,,,,,,,,,
676,22.533333,67.616,11.340,1237,1,0,0.841362,0.603605,0.000000,0.722484,0.000000,0,0.000,0.000,NO LASHING,NO BUNDLE,0,0,0,,,,0,1,0,0,0.642790,0.650648,642,93,0.145139,STAND TARGET JUMP REJECTED,,,,,,,,,,
677,22.566667,74.828,11.542,657,0,0,0.802637,0.000000,0.000000,0.000000,0.000000,0,0.000,0.000,NO LASHING,NO BUNDLE,0,0,0,,,,0,1,0,0,0.642790,0.650648,642,93,0.145139,STAND TARGET JUMP REJECTED,,,,,,,,,,
678,22.600000,70.312,11.240,742,0,0,0.796046,0.000000,0.000000,0.000000,0.000000,0,0.000,0.000,NO LASHING,NO BUNDLE,0,0,0,,,,0,1,0,0,0.642790,0.650648,642,93,0.145139,STAND TEMPORARILY LOST (3),,,,,,,,,,
679,22.633333,71.991,11.525,802,0,0,0.814600,0.000000,0.000000,0.000000,0.000000,0,0.000,0.000,NO LASHING,NO BUNDLE,0,0,0,,,,0,1,0,0,0.642790,0.650648,642,93,0.145139,STAND TEMPORARILY LOST (3),,,,,,,,,,
680,22.666667,74.147,11.164,689,0,0,0.795283,0.000000,0.000000,0.000000,0.000000,0,0.000,0.000,NO LASHING,NO BUNDLE,0,0,0,,,,0,1,0,1,0.777254,0.699726,643,73,0.138646,ACQUIRING STAND 1/4,,,,,,,,,,
681,22.700000,69.038,11.568,576,0,0,0.797081,0.000000,0.000000,0.000000,0.000000,0,0.000,0.000,NO LASHING,NO BUNDLE,0,0,0,,,,0,1,0,1,0.777254,0.699726,643,73,0.138646,ACQUIRING STAND 1/4,,,,,,,,,,
682,22.733333,70.696,11.235,1281,0,7,0.816543,0.000000,0.711164,0.000000,0.000000,0,0.000,0.000,NO LASHING,NO BUNDLE,0,0,0,,,,0,1,0,0,0.777254,0.699726,643,73,0.138646,STAND TEMPORARILY LOST (1),,,,,,,,,,
683,22.766667,70.993,11.570,696,0,0,0.797520,0.000000,0.000000,0.000000,0.000000,0,0.000,0.000,NO LASHING,NO BUNDLE,0,0,0,,,,0,1,0,0,0.777254,0.699726,643,73,0.138646,STAND TEMPORARILY LOST (1),,,,,,,,,,
684,22.800000,70.576,11.241,797,0,3,0.795827,0.000000,0.713271,0.000000,0.000000,0,0.000,0.000,NO LASHING,NO BUNDLE,0,0,0,,,,0,1,0,0,0.777254,0.699726,643,73,0.138646,STAND TEMPORARILY LOST (2),,,,,,,,,,
685,22.833333,69.898,11.584,1030,6,0,0.807155,0.649037,0.000000,0.728096,0.000000,0,0.000,0.000,NO LASHING,NO BUNDLE,0,0,0,,,,0,1,0,0,0.777254,0.699726,643,73,0.138646,STAND TEMPORARILY LOST (2),,,,,,,,,,
686,22.866667,69.976,11.276,870,0,0,0.803895,0.000000,0.000000,0.000000,0.000000,0,0.000,0.000,NO LASHING,NO BUNDLE,0,0,0,,,,0,1,0,1,0.753152,0.664745,642,79,0.173918,ACQUIRING STAND 1/4,,,,,,,,,,
687,22.900000,70.391,11.626,750,3,0,0.788055,0.614727,0.000000,0.701391,0.000000,0,0.000,0.000,NO LASHING,NO BUNDLE,0,0,0,,,,0,1,0,1,0.753152,0.664745,642,79,0.173918,ACQUIRING STAND 1/4,,,,,,,,,,
688,22.933333,70.405,11.282,843,0,7,0.811404,0.000000,0.743794,0.000000,0.000000,0,0.000,0.000,NO LASHING,NO BUNDLE,0,0,0,,,,0,1,0,1,0.709292,0.659520,641,67,0.152361,ACQUIRING STAND 2/4,,,,,,,,,,
689,22.966667,68.841,11.684,876,0,0,0.814241,0.000000,0.000000,0.000000,0.000000,0,0.000,0.000,NO LASHING,NO BUNDLE,0,0,0,,,,0,1,0,1,0.709292,0.659520,641,67,0.152361,ACQUIRING STAND 2/4,,,,,,,,,,
690,23.000000,69.311,11.378,637,0,0,0.817814,0.000000,0.000000,0.000000,0.000000,0,0.000,0.000,NO LASHING,NO BUNDLE,0,0,0,,,,0,1,0,0,0.709292,0.659520,641,67,0.152361,STAND TEMPORARILY LOST (1),,,,,,,,,,
691,23.033333,70.708,11.677,331,0,0,0.789183,0.000000,0.000000,0.000000,0.000000,0,0.000,0.000,NO LASHING,NO BUNDLE,0,0,0,,,,0,1,0,0,0.709292,0.659520,641,67,0.152361,STAND TEMPORARILY LOST (1),,,,,,,,,,
692,23.066667,65.026,11.420,601,0,0,0.788400,0.000000,0.000000,0.000000,0.000000,0,0.000,0.000,NO LASHING,NO BUNDLE,0,0,0,,,,0,1,0,0,0.709292,0.659520,641,67,0.152361,STAND TARGET JUMP REJECTED,,,,,,,,,,
693,23.100000,69.848,11.765,395,1,9,0.797443,0.620035,0.741682,0.708739,0.000000,0,0.000,0.000,NO LASHING,NO BUNDLE,0,0,0,,,,0,1,0,0,0.709292,0.659520,641,67,0.152361,STAND TARGET JUMP REJECTED,,,,,,,,,,
694,23.133333,70.241,11.391,268,0,0,0.799651,0.000000,0.000000,0.000000,0.000000,0,0.000,0.000,NO LASHING,NO BUNDLE,0,0,0,,,,0,1,0,0,0.709292,0.659520,641,67,0.152361,STAND TEMPORARILY LOST (3),,,,,,,,,,
695,23.166667,71.194,11.707,548,0,0,0.793152,0.000000,0.000000,0.000000,0.000000,0,0.000,0.000,NO LASHING,NO BUNDLE,0,0,0,,,,0,1,0,0,0.709292,0.659520,641,67,0.152361,STAND TEMPORARILY LOST (3),,,,,,,,,,
696,23.200000,70.638,11.377,491,0,0,0.813216,0.000000,0.000000,0.000000,0.000000,0,0.000,0.000,NO LASHING,NO BUNDLE,0,0,0,,,,0,0,0,0,0.000000,0.000000,,,,STAND TARGET JUMP REJECTED,,,,,,,,,,
697,23.233333,72.615,11.066,658,0,0,0.814133,0.000000,0.000000,0.000000,0.000000,0,0.000,0.000,NO LASHING,NO BUNDLE,0,0,0,,,,0,1,0,1,0.964167,0.654022,576,312,0.844444,ACQUIRING STAND 1/4,,,,,,,,,,
698,23.266667,66.086,10.865,620,0,23,0.818212,0.000000,0.763008,0.000000,0.000000,0,0.000,0.000,NO LASHING,NO BUNDLE,0,0,0,,,,0,1,0,1,0.919167,0.677239,611,285,0.769583,ACQUIRING STAND 2/4,,,,,,,,,,
699,23.300000,73.379,11.165,562,0,36,0.799769,0.000000,0.776545,0.000000,0.000000,0,0.000,0.000,NO LASHING,NO BUNDLE,0,0,0,,,,0,1,0,1,0.919167,0.677239,611,285,0.769583,ACQUIRING STAND 2/4,,,,,,,,,,
700,23.333333,69.922,10.934,449,0,20,0.776820,0.000000,0.713551,0.000000,0.000000,0,0.000,0.000,NO LASHING,NO BUNDLE,0,0,0,,,,0,1,0,0,0.919167,0.677239,611,285,0.769583,STAND TARGET JUMP REJECTED,,,,,,,,,,
701,23.366667,72.025,11.294,598,0,8,0.789624,0.000000,0.738146,0.000000,0.000000,0,0.000,0.000,NO LASHING,NO BUNDLE,0,0,0,,,,0,1,0,0,0.919167,0.677239,611,285,0.769583,STAND TARGET JUMP REJECTED,,,,,,,,,,
702,23.400000,70.633,11.032,574,0,0,0.823304,0.000000,0.000000,0.000000,0.000000,0,0.000,0.000,NO LASHING,NO BUNDLE,0,0,0,,,,0,1,0,1,0.973333,0.681028,621,322,0.867285,ACQUIRING STAND 1/4,,,,,,,,,,
703,23.433333,71.395,11.387,317,0,16,0.789231,0.000000,0.738397,0.000000,0.000000,0,0.000,0.000,NO LASHING,NO BUNDLE,0,0,0,,,,0,1,0,1,0.973333,0.681028,621,322,0.867285,ACQUIRING STAND 1/4,,,,,,,,,,
704,23.466667,66.683,11.120,358,0,1,0.826127,0.000000,0.708722,0.000000,0.000000,0,0.000,0.000,NO LASHING,NO BUNDLE,0,0,0,,,,0,1,0,0,0.973333,0.681028,621,322,0.867285,STAND TEMPORARILY LOST (1),,,,,,,,,,
705,23.500000,76.712,11.318,304,5,47,0.834686,0.636095,0.781976,0.735391,0.000000,0,0.000,0.000,NO LASHING,NO BUNDLE,0,0,0,,,,0,1,0,0,0.973333,0.681028,621,322,0.867285,STAND TEMPORARILY LOST (1),,,,,,,,,,
706,23.533333,72.311,11.027,489,9,14,0.803480,0.686812,0.749540,0.745146,0.000000,0,0.000,0.000,NO LASHING,NO BUNDLE,0,0,0,,,,0,1,0,1,0.902896,0.661362,630,343,0.935695,ACQUIRING STAND 1/4,,,,,,,,,,
707,23.566667,71.809,11.359,458,16,0,0.817064,0.675064,0.000000,0.746064,0.000000,0,0.000,0.000,NO LASHING,NO BUNDLE,0,0,0,,,,0,1,0,1,0.902896,0.661362,630,343,0.935695,ACQUIRING STAND 1/4,,,,,,,,,,
708,23.600000,67.436,11.114,399,0,0,0.811378,0.000000,0.000000,0.000000,0.000000,0,0.000,0.000,NO LASHING,NO BUNDLE,0,0,0,,,,0,1,0,1,0.778183,0.598142,632,402,0.828215,ACQUIRING STAND 2/4,,,,,,,,,,
709,23.633333,73.413,11.384,362,6,0,0.817263,0.650718,0.000000,0.733991,0.000000,0,0.000,0.000,NO LASHING,NO BUNDLE,0,0,0,,,,0,1,0,1,0.778183,0.598142,632,402,0.828215,ACQUIRING STAND 2/4,,,,,,,,,,
710,23.666667,69.572,11.096,452,2,2,0.804524,0.602070,0.720189,0.703297,0.000000,0,0.000,0.000,NO LASHING,NO BUNDLE,0,0,0,,,,0,1,0,1,0.914167,0.634128,628,296,0.685891,ACQUIRING STAND 3/4,,,,,,,,,,
711,23.700000,68.887,11.506,294,0,0,0.797200,0.000000,0.000000,0.000000,0.000000,0,0.000,0.000,NO LASHING,NO BUNDLE,0,0,0,,,,0,1,0,1,0.914167,0.634128,628,296,0.685891,ACQUIRING STAND 3/4,,,,,,,,,,
712,23.733333,70.536,11.208,271,0,0,0.772214,0.000000,0.000000,0.000000,0.000000,0,0.000,0.000,NO LASHING,NO BUNDLE,0,0,0,,,,0,1,1,1,0.943603,0.641646,630,316,0.787609,STAND LOCKED,,,,,,,,,,
713,23.766667,69.537,11.587,134,0,0,0.790740,0.000000,0.000000,0.000000,0.000000,0,0.000,0.000,NO BLACK,NO BUNDLE,0,0,0,,,,0,1,1,1,0.943603,0.641646,630,316,0.787609,STAND LOCKED,,,,,,,,,,
714,23.800000,70.161,11.270,282,0,0,0.822975,0.000000,0.000000,0.000000,0.000000,0,0.000,0.000,NO LASHING,NO BUNDLE,0,0,0,,,,0,1,1,1,0.887661,0.642044,615,336,0.872341,STAND LOCKED,,,,,,,,,,
715,23.833333,71.246,11.602,205,0,0,0.772890,0.000000,0.000000,0.000000,0.000000,0,0.000,0.000,NO BLACK,NO BUNDLE,0,0,0,,,,0,1,1,1,0.887661,0.642044,615,336,0.872341,STAND LOCKED,,,,,,,,,,
716,23.866667,68.630,11.308,40,0,0,0.757134,0.000000,0.000000,0.000000,0.000000,0,0.000,0.000,NO BLACK,NO BUNDLE,0,0,0,,,,0,1,1,0,0.887661,0.642044,615,336,0.872341,STAND TEMPORARILY LOST (1),,,,,,,,,,
717,23.900000,73.537,11.581,22,0,0,0.733975,0.000000,0.000000,0.000000,0.000000,0,0.000,0.000,NO BLACK,NO BUNDLE,0,0,0,,,,0,1,1,0,0.887661,0.642044,615,336,0.872341,STAND TEMPORARILY LOST (1),,,,,,,,,,
718,23.933333,68.466,11.277,45,0,0,0.733364,0.000000,0.000000,0.000000,0.000000,0,0.000,0.000,NO BLACK,NO BUNDLE,0,0,0,,,,0,1,1,1,0.940545,0.642556,633,280,0.750817,STAND LOCKED,,,,,,,,,,
719,23.966667,68.176,11.693,81,0,0,0.778055,0.000000,0.000000,0.000000,0.000000,0,0.000,0.000,NO BLACK,NO BUNDLE,0,0,0,,,,0,1,1,1,0.940545,0.642556,633,280,0.750817,STAND LOCKED,,,,,,,,,,
720,24.000000,70.800,11.303,26,0,5,0.766104,0.000000,0.731331,0.000000,0.000000,0,0.000,0.000,NO BLACK,NO BUNDLE,0,0,0,,,,0,1,1,1,0.765154,0.540709,621,380,0.676271,STAND LOCKED,,,,,,,,,,
721,24.033333,71.189,11.631,0,0,7,0.000000,0.000000,0.788978,0.000000,0.000000,0,0.000,0.000,NO BLACK,NO BUNDLE,0,0,0,,,,0,1,1,1,0.765154,0.540709,621,380,0.676271,STAND LOCKED,,,,,,,,,,
722,24.066667,64.692,11.390,70,0,0,0.751737,0.000000,0.000000,0.000000,0.000000,0,0.000,0.000,NO BLACK,NO BUNDLE,0,0,0,,,,0,1,1,0,0.765154,0.540709,621,380,0.676271,STAND TARGET JUMP REJECTED,,,,,,,,,,
723,24.100000,69.229,11.737,0,0,0,0.000000,0.000000,0.000000,0.000000,0.000000,0,0.000,0.000,NO BLACK,NO BUNDLE,0,0,0,,,,0,1,1,0,0.765154,0.540709,621,380,0.676271,STAND TARGET JUMP REJECTED,,,,,,,,,,
724,24.133333,69.311,11.418,0,0,0,0.000000,0.000000,0.000000,0.000000,0.000000,0,0.000,0.000,NO BLACK,NO BUNDLE,0,0,0,,,,0,1,1,1,0.801204,0.554469,630,423,0.672516,STAND LOCKED,,,,,,,,,,
725,24.166667,70.525,11.722,82,0,0,0.775730,0.000000,0.000000,0.000000,0.000000,0,0.000,0.000,NO BLACK,NO BUNDLE,0,0,0,,,,0,1,1,1,0.801204,0.554469,630,423,0.672516,STAND LOCKED,,,,,,,,,,
726,24.200000,73.803,11.396,15,0,0,0.745277,0.000000,0.000000,0.000000,0.000000,0,0.000,0.000,NO BLACK,NO BUNDLE,0,0,0,,,,0,1,1,0,0.801204,0.554469,630,423,0.672516,STAND TARGET JUMP REJECTED,,,,,,,,,,
727,24.233333,71.538,11.691,207,10,0,0.784562,0.622833,0.000000,0.703698,0.000000,0,0.000,0.000,NO BLACK,NO BUNDLE,0,0,0,,,,0,1,1,0,0.801204,0.554469,630,423,0.672516,STAND TARGET JUMP REJECTED,,,,,,,,,,
728,24.266667,70.079,11.438,442,41,0,0.814847,0.655965,0.000000,0.735406,0.000000,0,0.000,0.000,NO LASHING,NO BUNDLE,0,0,0,,,,0,1,1,1,0.750137,0.529866,627,461,0.649438,STAND LOCKED,,,,,,,,,,
729,24.300000,69.816,11.772,37,0,0,0.723047,0.000000,0.000000,0.000000,0.000000,0,0.000,0.000,NO BLACK,NO BUNDLE,0,0,0,,,,0,1,1,1,0.750137,0.529866,627,461,0.649438,STAND LOCKED,,,,,,,,,,
730,24.333333,69.805,11.586,50,1,0,0.735792,0.603168,0.000000,0.669480,0.000000,0,0.000,0.000,NO BLACK,NO BUNDLE,0,0,0,,,,0,1,1,1,0.641897,0.517111,645,475,0.642108,STAND LOCKED,,,,,,,,,,
731,24.366667,70.741,11.890,0,0,0,0.000000,0.000000,0.000000,0.000000,0.000000,0,0.000,0.000,NO BLACK,NO BUNDLE,0,0,0,,,,0,1,1,1,0.641897,0.517111,645,475,0.642108,STAND LOCKED,,,,,,,,,,
732,24.400000,70.227,11.693,0,0,0,0.000000,0.000000,0.000000,0.000000,0.000000,0,0.000,0.000,NO BLACK,NO BUNDLE,0,0,0,,,,0,1,1,1,0.800369,0.517843,630,461,0.696101,STAND LOCKED,,,,,,,,,,
733,24.433333,63.477,12.197,80,0,0,0.753356,0.000000,0.000000,0.000000,0.000000,0,0.000,0.000,NO BLACK,NO BUNDLE,0,0,0,,,,0,1,1,1,0.800369,0.517843,630,461,0.696101,STAND LOCKED,,,,,,,,,,
734,24.466667,69.270,11.888,236,4,0,0.789733,0.612285,0.000000,0.701009,0.000000,0,0.000,0.000,NO BLACK,NO BUNDLE,0,0,0,,,,0,1,1,1,0.703912,0.542796,642,480,0.645537,STAND LOCKED,,,,,,,,,,
735,24.500000,70.224,12.144,594,16,0,0.843398,0.618840,0.000000,0.731119,0.000000,0,0.000,0.000,NO LASHING,NO BUNDLE,0,0,0,,,,0,1,1,1,0.703912,0.542796,642,480,0.645537,STAND LOCKED,,,,,,,,,,
736,24.533333,69.006,11.920,467,4,0,0.842600,0.606932,0.000000,0.724766,0.000000,0,0.000,0.000,NO LASHING,NO BUNDLE,0,0,0,,,,0,1,1,0,0.703912,0.542796,642,480,0.645537,STAND TARGET JUMP REJECTED,,,,,,,,,,
737,24.566667,69.426,12.176,766,0,0,0.853747,0.000000,0.000000,0.000000,0.000000,0,0.000,0.000,NO LASHING,NO BUNDLE,0,0,0,,,,0,1,1,0,0.703912,0.542796,642,480,0.645537,STAND TARGET JUMP REJECTED,,,,,,,,,,
738,24.600000,71.346,11.922,612,0,0,0.850761,0.000000,0.000000,0.000000,0.000000,0,0.000,0.000,NO LASHING,NO BUNDLE,0,0,0,,,,0,1,1,1,0.799418,0.532499,640,491,0.612853,STAND LOCKED,,,,,,,,,,
739,24.633333,65.691,12.302,738,0,0,0.848218,0.000000,0.000000,0.000000,0.000000,0,0.000,0.000,NO LASHING,NO BUNDLE,0,0,0,,,,0,1,1,1,0.799418,0.532499,640,491,0.612853,STAND LOCKED,,,,,,,,,,
740,24.666667,68.749,11.776,928,360,0,0.827209,0.675216,0.000000,0.751212,0.000000,0,0.000,0.000,INSUFFICIENT LASHING PATTERN,NO BUNDLE,0,0,0,,,,0,1,1,1,0.733661,0.508241,692,412,0.449187,STAND LOCKED,,,,,,,,,,
741,24.700000,71.504,11.344,896,472,0,0.828318,0.666121,0.000000,0.747220,0.738761,1,0.000,0.000,VALID,CANDIDATE,1,1,0,641,638,60.000,0,1,1,1,0.733661,0.508241,692,412,0.449187,STAND LOCKED,,,,,,,,,,
742,24.733333,69.969,11.173,839,155,0,0.872760,0.763909,0.000000,0.818335,0.000000,0,0.000,0.000,GEOMETRY FAIL,NO BUNDLE,0,0,0,,,,0,1,1,1,0.698574,0.530733,684,452,0.487828,STAND LOCKED,464,504,848,720,,,,,,
743,24.766667,68.816,11.032,554,240,0,0.865867,0.826054,0.000000,0.845961,0.832096,1,0.000,0.000,VALID,CANDIDATE,1,1,0,567,626,58.000,0,1,1,1,0.698574,0.530733,684,452,0.487828,STAND LOCKED,464,504,848,720,,,,,,
744,24.800000,66.367,10.899,559,149,0,0.880308,0.786001,0.000000,0.833154,0.000000,0,0.000,0.000,COMPONENTS TOO FAR,NO BUNDLE,0,0,0,,,,0,1,1,0,0.698574,0.530733,684,452,0.487828,STAND TEMPORARILY LOST (1),449,504,833,720,,,,,,
745,24.833333,69.730,11.310,281,18,0,0.832602,0.688277,0.000000,0.760440,0.000000,0,0.000,0.000,NO LASHING,NO BUNDLE,0,0,0,,,,0,1,1,0,0.698574,0.530733,684,452,0.487828,STAND TEMPORARILY LOST (1),449,504,833,720,,,,,,
746,24.866667,68.854,11.217,185,16,0,0.853938,0.665390,0.000000,0.759664,0.000000,0,0.000,0.000,NO BLACK,NO BUNDLE,0,0,0,,,,0,1,1,1,0.846252,0.548268,668,498,0.492995,STAND LOCKED,449,504,833,720,,,,,,
747,24.900000,73.563,11.468,53,1,0,0.817216,0.652158,0.000000,0.734687,0.000000,0,0.000,0.000,NO BLACK,NO BUNDLE,0,0,0,,,,0,1,1,1,0.846252,0.548268,668,498,0.492995,STAND LOCKED,449,504,833,720,,,,,,
748,24.933333,69.794,11.361,18,0,0,0.769530,0.000000,0.000000,0.000000,0.000000,0,0.000,0.000,NO BLACK,NO BUNDLE,0,0,0,,,,0,1,1,1,0.632186,0.480412,685,427,0.439556,STAND LOCKED,449,504,833,720,,,,,,
749,24.966667,69.893,11.169,1261,769,0,0.814725,0.758029,0.000000,0.786377,0.000000,0,0.000,0.000,INSUFFICIENT LASHING PATTERN,NO BUNDLE,0,0,0,,,,0,1,1,1,0.632186,0.480412,685,427,0.439556,STAND LOCKED,,,,,,,,,,
750,25.000000,66.193,11.160,0,0,0,0.000000,0.000000,0.000000,0.000000,0.000000,0,0.000,0.000,NO BLACK,NO BUNDLE,0,0,0,,,,0,1,1,0,0.632186,0.480412,685,427,0.439556,STAND TEMPORARILY LOST (1),449,504,833,720,,,,,,
751,25.033333,71.357,11.475,0,0,0,0.000000,0.000000,0.000000,0.000000,0.000000,0,0.000,0.000,NO BLACK,NO BUNDLE,0,0,0,,,,0,1,1,0,0.632186,0.480412,685,427,0.439556,STAND TEMPORARILY LOST (1),449,504,833,720,,,,,,
752,25.066667,71.780,10.945,0,0,0,0.000000,0.000000,0.000000,0.000000,0.000000,0,0.000,0.000,NO BLACK,NO BUNDLE,0,0,0,,,,0,1,1,0,0.632186,0.480412,685,427,0.439556,STAND TARGET JUMP REJECTED,449,504,833,720,,,,,,
753,25.100000,69.731,11.366,0,0,0,0.000000,0.000000,0.000000,0.000000,0.000000,0,0.000,0.000,NO BLACK,NO BUNDLE,0,0,0,,,,0,1,1,0,0.632186,0.480412,685,427,0.439556,STAND TARGET JUMP REJECTED,449,504,833,720,,,,,,
754,25.133333,67.358,10.880,0,0,0,0.000000,0.000000,0.000000,0.000000,0.000000,0,0.000,0.000,NO BLACK,NO BUNDLE,0,0,0,,,,0,1,1,0,0.632186,0.480412,685,427,0.439556,STAND TARGET JUMP REJECTED,449,504,833,720,,,,,,
755,25.166667,68.077,11.358,0,0,0,0.000000,0.000000,0.000000,0.000000,0.000000,0,0.000,0.000,NO BLACK,NO BUNDLE,0,0,0,,,,0,1,1,0,0.632186,0.480412,685,427,0.439556,STAND TARGET JUMP REJECTED,449,504,833,720,,,,,,
756,25.200000,65.929,10.877,0,0,0,0.000000,0.000000,0.000000,0.000000,0.000000,0,0.000,0.000,NO BLACK,NO BUNDLE,0,0,0,,,,0,0,0,0,0.000000,0.000000,,,,STAND TARGET JUMP REJECTED,449,504,833,720,,,,,,
757,25.233333,67.985,10.716,0,0,0,0.000000,0.000000,0.000000,0.000000,0.000000,0,0.000,0.000,NO BLACK,NO BUNDLE,0,0,0,,,,0,1,0,1,0.776163,0.659913,650,418,0.406944,ACQUIRING STAND 1/4,449,504,833,720,,,,,,
758,25.266667,67.070,10.554,0,0,0,0.000000,0.000000,0.000000,0.000000,0.000000,0,0.000,0.000,NO BLACK,NO BUNDLE,0,0,0,,,,0,1,0,0,0.776163,0.659913,650,418,0.406944,STAND TARGET JUMP REJECTED,449,504,833,720,,,,,,
759,25.300000,69.391,11.025,0,0,0,0.000000,0.000000,0.000000,0.000000,0.000000,0,0.000,0.000,NO BLACK,NO BUNDLE,0,0,0,,,,0,1,0,0,0.776163,0.659913,650,418,0.406944,STAND TARGET JUMP REJECTED,449,504,833,720,,,,,,
760,25.333333,70.164,10.801,0,0,0,0.000000,0.000000,0.000000,0.000000,0.000000,0,0.000,0.000,NO BLACK,NO BUNDLE,0,0,0,,,,0,1,0,0,0.776163,0.659913,650,418,0.406944,STAND TARGET JUMP REJECTED,449,504,833,720,,,,,,
761,25.366667,72.001,11.188,0,0,0,0.000000,0.000000,0.000000,0.000000,0.000000,0,0.000,0.000,NO BLACK,NO BUNDLE,0,0,0,,,,0,1,0,0,0.776163,0.659913,650,418,0.406944,STAND TARGET JUMP REJECTED,449,504,833,720,,,,,,
762,25.400000,68.775,10.935,0,0,0,0.000000,0.000000,0.000000,0.000000,0.000000,0,0.000,0.000,NO BLACK,NO BUNDLE,0,0,0,,,,0,1,0,1,0.940388,0.650461,715,324,0.557431,ACQUIRING STAND 1/4,449,504,833,720,,,,,,
763,25.433333,69.451,11.361,1,0,0,0.708213,0.000000,0.000000,0.000000,0.000000,0,0.000,0.000,NO BLACK,NO BUNDLE,0,0,0,,,,0,1,0,1,0.940388,0.650461,715,324,0.557431,ACQUIRING STAND 1/4,449,504,833,720,,,,,,
764,25.466667,70.409,11.062,105,0,0,0.752147,0.000000,0.000000,0.000000,0.000000,0,0.000,0.000,NO BLACK,NO BUNDLE,0,0,0,,,,0,1,0,1,0.776381,0.582966,706,437,0.534247,ACQUIRING STAND 2/4,,,,,,,,,,
765,25.500000,67.500,11.521,0,20,0,0.000000,0.631661,0.000000,0.000000,0.000000,0,0.000,0.000,NO BLACK,NO BUNDLE,0,0,0,,,,0,1,0,1,0.776381,0.582966,706,437,0.534247,ACQUIRING STAND 2/4,,,,,,,,,,
766,25.533333,67.905,11.248,0,0,0,0.000000,0.000000,0.000000,0.000000,0.000000,0,0.000,0.000,NO BLACK,NO BUNDLE,0,0,0,,,,0,1,0,0,0.776381,0.582966,706,437,0.534247,STAND TARGET JUMP REJECTED,,,,,,,,,,
767,25.566667,67.956,11.640,0,0,0,0.000000,0.000000,0.000000,0.000000,0.000000,0,0.000,0.000,NO BLACK,NO BUNDLE,0,0,0,,,,0,1,0,0,0.776381,0.582966,706,437,0.534247,STAND TARGET JUMP REJECTED,,,,,,,,,,
768,25.600000,66.519,11.363,0,0,0,0.000000,0.000000,0.000000,0.000000,0.000000,0,0.000,0.000,NO BLACK,NO BUNDLE,0,0,0,,,,0,1,0,0,0.776381,0.582966,706,437,0.534247,STAND TARGET JUMP REJECTED,,,,,,,,,,
769,25.633333,69.290,11.743,0,0,0,0.000000,0.000000,0.000000,0.000000,0.000000,0,0.000,0.000,NO BLACK,NO BUNDLE,0,0,0,,,,0,1,0,0,0.776381,0.582966,706,437,0.534247,STAND TARGET JUMP REJECTED,,,,,,,,,,
770,25.666667,70.378,11.422,0,0,0,0.000000,0.000000,0.000000,0.000000,0.000000,0,0.000,0.000,NO BLACK,NO BUNDLE,0,0,0,,,,0,1,0,0,0.776381,0.582966,706,437,0.534247,STAND TARGET JUMP REJECTED,,,,,,,,,,
771,25.700000,69.669,11.746,0,0,0,0.000000,0.000000,0.000000,0.000000,0.000000,0,0.000,0.000,NO BLACK,NO BUNDLE,0,0,0,,,,0,1,0,0,0.776381,0.582966,706,437,0.534247,STAND TARGET JUMP REJECTED,,,,,,,,,,
772,25.733333,69.021,11.445,0,0,0,0.000000,0.000000,0.000000,0.000000,0.000000,0,0.000,0.000,NO BLACK,NO BUNDLE,0,0,0,,,,0,0,0,0,0.494868,0.000000,,,,WEAK STAND GEOMETRY,,,,,,,,,,
773,25.766667,68.418,11.180,0,0,0,0.000000,0.000000,0.000000,0.000000,0.000000,0,0.000,0.000,NO BLACK,NO BUNDLE,0,0,0,,,,0,1,0,1,0.898167,0.761104,642,325,0.888889,ACQUIRING STAND 1/4,,,,,,,,,,
774,25.800000,69.928,10.943,0,0,0,0.000000,0.000000,0.000000,0.000000,0.000000,0,0.000,0.000,NO BLACK,NO BUNDLE,0,0,0,,,,0,1,0,0,0.898167,0.761104,642,325,0.888889,STAND TEMPORARILY LOST (1),,,,,,,,,,
775,25.833333,70.509,11.315,0,0,0,0.000000,0.000000,0.000000,0.000000,0.000000,0,0.000,0.000,NO BLACK,NO BUNDLE,0,0,0,,,,0,1,0,0,0.898167,0.761104,642,325,0.888889,STAND TEMPORARILY LOST (1),,,,,,,,,,
776,25.866667,67.855,11.087,0,0,0,0.000000,0.000000,0.000000,0.000000,0.000000,0,0.000,0.000,NO BLACK,NO BUNDLE,0,0,0,,,,0,1,0,0,0.898167,0.761104,642,325,0.888889,STAND TARGET JUMP REJECTED,,,,,,,,,,
777,25.900000,69.795,11.489,0,0,0,0.000000,0.000000,0.000000,0.000000,0.000000,0,0.000,0.000,NO BLACK,NO BUNDLE,0,0,0,,,,0,1,0,0,0.898167,0.761104,642,325,0.888889,STAND TARGET JUMP REJECTED,,,,,,,,,,
778,25.933333,68.665,11.210,0,0,0,0.000000,0.000000,0.000000,0.000000,0.000000,0,0.000,0.000,NO BLACK,NO BUNDLE,0,0,0,,,,0,1,0,0,0.898167,0.761104,642,325,0.888889,STAND TARGET JUMP REJECTED,,,,,,,,,,
779,25.966667,69.768,11.589,0,0,0,0.000000,0.000000,0.000000,0.000000,0.000000,0,0.000,0.000,NO BLACK,NO BUNDLE,0,0,0,,,,0,1,0,0,0.898167,0.761104,642,325,0.888889,STAND TARGET JUMP REJECTED,,,,,,,,,,
780,26.000000,69.592,11.257,0,0,0,0.000000,0.000000,0.000000,0.000000,0.000000,0,0.000,0.000,NO BLACK,NO BUNDLE,0,0,0,,,,0,0,0,0,0.000000,0.000000,,,,STAND TARGET JUMP REJECTED,,,,,,,,,,
781,26.033333,69.187,11.010,0,0,0,0.000000,0.000000,0.000000,0.000000,0.000000,0,0.000,0.000,NO BLACK,NO BUNDLE,0,0,0,,,,0,1,0,1,0.855752,0.652086,989,456,0.711111,ACQUIRING STAND 1/4,,,,,,,,,,
782,26.066667,67.301,10.787,0,0,0,0.000000,0.000000,0.000000,0.000000,0.000000,0,0.000,0.000,NO BLACK,NO BUNDLE,0,0,0,,,,0,1,0,1,0.945000,0.660441,871,390,0.690486,ACQUIRING STAND 2/4,,,,,,,,,,
783,26.100000,69.768,11.231,0,0,0,0.000000,0.000000,0.000000,0.000000,0.000000,0,0.000,0.000,NO BLACK,NO BUNDLE,0,0,0,,,,0,1,0,1,0.945000,0.660441,871,390,0.690486,ACQUIRING STAND 2/4,,,,,,,,,,
784,26.133333,68.298,11.009,0,0,0,0.000000,0.000000,0.000000,0.000000,0.000000,0,0.000,0.000,NO BLACK,NO BUNDLE,0,0,0,,,,0,1,0,1,0.935181,0.646183,735,334,0.719399,ACQUIRING STAND 3/4,,,,,,,,,,
785,26.166667,69.253,11.439,0,0,0,0.000000,0.000000,0.000000,0.000000,0.000000,0,0.000,0.000,NO BLACK,NO BUNDLE,0,0,0,,,,0,1,0,1,0.935181,0.646183,735,334,0.719399,ACQUIRING STAND 3/4,,,,,,,,,,
786,26.200000,66.909,11.207,0,0,0,0.000000,0.000000,0.000000,0.000000,0.000000,0,0.000,0.000,NO BLACK,NO BUNDLE,0,0,0,,,,0,1,0,0,0.935181,0.646183,735,334,0.719399,STAND TARGET JUMP REJECTED,,,,,,,,,,
787,26.233333,70.378,11.516,0,0,0,0.000000,0.000000,0.000000,0.000000,0.000000,0,0.000,0.000,NO BLACK,NO BUNDLE,0,0,0,,,,0,1,0,0,0.935181,0.646183,735,334,0.719399,STAND TARGET JUMP REJECTED,,,,,,,,,,
788,26.266667,71.122,11.219,0,0,0,0.000000,0.000000,0.000000,0.000000,0.000000,0,0.000,0.000,NO BLACK,NO BUNDLE,0,0,0,,,,0,1,0,1,0.882674,0.626142,618,332,0.827132,ACQUIRING STAND 1/4,,,,,,,,,,
789,26.300000,70.099,11.599,0,0,0,0.000000,0.000000,0.000000,0.000000,0.000000,0,0.000,0.000,NO BLACK,NO BUNDLE,0,0,0,,,,0,1,0,1,0.882674,0.626142,618,332,0.827132,ACQUIRING STAND 1/4,,,,,,,,,,
790,26.333333,71.086,11.167,0,0,0,0.000000,0.000000,0.000000,0.000000,0.000000,0,0.000,0.000,NO BLACK,NO BUNDLE,0,0,0,,,,0,1,0,1,0.897500,0.701331,542,321,0.825196,ACQUIRING STAND 2/4,,,,,,,,,,
791,26.366667,70.792,11.521,0,0,0,0.000000,0.000000,0.000000,0.000000,0.000000,0,0.000,0.000,NO BLACK,NO BUNDLE,0,0,0,,,,0,1,0,1,0.897500,0.701331,542,321,0.825196,ACQUIRING STAND 2/4,,,,,,,,,,
792,26.400000,67.602,11.248,0,0,0,0.000000,0.000000,0.000000,0.000000,0.000000,0,0.000,0.000,NO BLACK,NO BUNDLE,0,0,0,,,,0,1,0,0,0.897500,0.701331,542,321,0.825196,STAND TARGET JUMP REJECTED,,,,,,,,,,
793,26.433333,69.366,11.637,0,0,0,0.000000,0.000000,0.000000,0.000000,0.000000,0,0.000,0.000,NO BLACK,NO BUNDLE,0,0,0,,,,0,1,0,0,0.897500,0.701331,542,321,0.825196,STAND TARGET JUMP REJECTED,,,,,,,,,,
794,26.466667,66.945,11.270,0,0,0,0.000000,0.000000,0.000000,0.000000,0.000000,0,0.000,0.000,NO BLACK,NO BUNDLE,0,0,0,,,,0,1,0,1,0.943870,0.672119,513,297,0.786894,ACQUIRING STAND 1/4,,,,,,,,,,
795,26.500000,71.049,11.559,0,0,0,0.000000,0.000000,0.000000,0.000000,0.000000,0,0.000,0.000,NO BLACK,NO BUNDLE,0,0,0,,,,0,1,0,1,0.943870,0.672119,513,297,0.786894,ACQUIRING STAND 1/4,,,,,,,,,,
796,26.533333,67.361,11.234,0,0,0,0.000000,0.000000,0.000000,0.000000,0.000000,0,0.000,0.000,NO BLACK,NO BUNDLE,0,0,0,,,,0,1,0,0,0.943870,0.672119,513,297,0.786894,STAND TARGET JUMP REJECTED,,,,,,,,,,
797,26.566667,68.913,11.649,0,0,0,0.000000,0.000000,0.000000,0.000000,0.000000,0,0.000,0.000,NO BLACK,NO BUNDLE,0,0,0,,,,0,1,0,0,0.943870,0.672119,513,297,0.786894,STAND TARGET JUMP REJECTED,,,,,,,,,,
798,26.600000,67.507,11.336,0,0,0,0.000000,0.000000,0.000000,0.000000,0.000000,0,0.000,0.000,NO BLACK,NO BUNDLE,0,0,0,,,,0,1,0,1,0.910833,0.718884,563,309,0.767366,ACQUIRING STAND 1/4,,,,,,,,,,
799,26.633333,72.569,11.634,0,0,0,0.000000,0.000000,0.000000,0.000000,0.000000,0,0.000,0.000,NO BLACK,NO BUNDLE,0,0,0,,,,0,1,0,1,0.910833,0.718884,563,309,0.767366,ACQUIRING STAND 1/4,,,,,,,,,,
800,26.666667,68.901,11.303,0,0,0,0.000000,0.000000,0.000000,0.000000,0.000000,0,0.000,0.000,NO BLACK,NO BUNDLE,0,0,0,,,,0,1,0,1,0.884906,0.659641,614,213,0.544690,ACQUIRING STAND 2/4,,,,,,,,,,
801,26.700000,70.011,11.674,0,0,0,0.000000,0.000000,0.000000,0.000000,0.000000,0,0.000,0.000,NO BLACK,NO BUNDLE,0,0,0,,,,0,1,0,1,0.884906,0.659641,614,213,0.544690,ACQUIRING STAND 2/4,,,,,,,,,,
802,26.733333,69.441,11.327,0,0,0,0.000000,0.000000,0.000000,0.000000,0.000000,0,0.000,0.000,NO BLACK,NO BUNDLE,0,0,0,,,,0,1,0,0,0.884906,0.659641,614,213,0.544690,STAND TARGET JUMP REJECTED,,,,,,,,,,
803,26.766667,64.178,11.841,0,0,0,0.000000,0.000000,0.000000,0.000000,0.000000,0,0.000,0.000,NO BLACK,NO BUNDLE,0,0,0,,,,0,1,0,0,0.884906,0.659641,614,213,0.544690,STAND TARGET JUMP REJECTED,,,,,,,,,,
804,26.800000,68.766,11.518,0,0,0,0.000000,0.000000,0.000000,0.000000,0.000000,0,0.000,0.000,NO BLACK,NO BUNDLE,0,0,0,,,,0,1,0,0,0.884906,0.659641,614,213,0.544690,STAND TARGET JUMP REJECTED,,,,,,,,,,
805,26.833333,69.728,11.872,0,0,0,0.000000,0.000000,0.000000,0.000000,0.000000,0,0.000,0.000,NO BLACK,NO BUNDLE,0,0,0,,,,0,1,0,0,0.884906,0.659641,614,213,0.544690,STAND TARGET JUMP REJECTED,,,,,,,,,,
806,26.866667,67.433,11.547,0,0,0,0.000000,0.000000,0.000000,0.000000,0.000000,0,0.000,0.000,NO BLACK,NO BUNDLE,0,0,0,,,,0,1,0,0,0.884906,0.659641,614,213,0.544690,STAND TARGET JUMP REJECTED,,,,,,,,,,
807,26.900000,86.155,11.485,0,0,0,0.000000,0.000000,0.000000,0.000000,0.000000,0,0.000,0.000,NO BLACK,NO BUNDLE,0,0,0,,,,0,1,0,0,0.884906,0.659641,614,213,0.544690,STAND TARGET JUMP REJECTED,,,,,,,,,,
808,26.933333,70.311,11.160,0,0,0,0.000000,0.000000,0.000000,0.000000,0.000000,0,0.000,0.000,NO BLACK,NO BUNDLE,0,0,0,,,,0,1,0,1,0.871114,0.590257,643,307,0.750805,ACQUIRING STAND 1/4,,,,,,,,,,
809,26.966667,70.080,11.546,0,0,0,0.000000,0.000000,0.000000,0.000000,0.000000,0,0.000,0.000,NO BLACK,NO BUNDLE,0,0,0,,,,0,1,0,1,0.871114,0.590257,643,307,0.750805,ACQUIRING STAND 1/4,,,,,,,,,,
810,27.000000,72.922,11.192,0,0,0,0.000000,0.000000,0.000000,0.000000,0.000000,0,0.000,0.000,NO BLACK,NO BUNDLE,0,0,0,,,,0,1,0,0,0.871114,0.590257,643,307,0.750805,STAND TARGET JUMP REJECTED,,,,,,,,,,
811,27.033333,67.894,11.589,0,0,0,0.000000,0.000000,0.000000,0.000000,0.000000,0,0.000,0.000,NO BLACK,NO BUNDLE,0,0,0,,,,0,1,0,0,0.871114,0.590257,643,307,0.750805,STAND TARGET JUMP REJECTED,,,,,,,,,,
812,27.066667,69.375,11.151,0,0,0,0.000000,0.000000,0.000000,0.000000,0.000000,0,0.000,0.000,NO BLACK,NO BUNDLE,0,0,0,,,,0,1,0,1,0.939017,0.640014,622,328,0.865709,ACQUIRING STAND 1/4,,,,,,,,,,
813,27.100000,68.823,11.579,0,0,0,0.000000,0.000000,0.000000,0.000000,0.000000,0,0.000,0.000,NO BLACK,NO BUNDLE,0,0,0,,,,0,1,0,1,0.939017,0.640014,622,328,0.865709,ACQUIRING STAND 1/4,,,,,,,,,,
814,27.133333,67.902,11.247,0,0,0,0.000000,0.000000,0.000000,0.000000,0.000000,0,0.000,0.000,NO BLACK,NO BUNDLE,0,0,0,,,,0,1,0,0,0.939017,0.640014,622,328,0.865709,STAND TARGET JUMP REJECTED,,,,,,,,,,
815,27.166667,67.904,11.694,0,0,0,0.000000,0.000000,0.000000,0.000000,0.000000,0,0.000,0.000,NO BLACK,NO BUNDLE,0,0,0,,,,0,1,0,0,0.939017,0.640014,622,328,0.865709,STAND TARGET JUMP REJECTED,,,,,,,,,,
816,27.200000,68.990,11.319,0,0,0,0.000000,0.000000,0.000000,0.000000,0.000000,0,0.000,0.000,NO BLACK,NO BUNDLE,0,0,0,,,,0,1,0,1,0.758424,0.572851,631,228,0.613389,ACQUIRING STAND 1/4,,,,,,,,,,
817,27.233333,67.434,11.769,0,0,0,0.000000,0.000000,0.000000,0.000000,0.000000,0,0.000,0.000,NO BLACK,NO BUNDLE,0,0,0,,,,0,1,0,1,0.758424,0.572851,631,228,0.613389,ACQUIRING STAND 1/4,,,,,,,,,,
818,27.266667,69.909,11.220,0,0,0,0.000000,0.000000,0.000000,0.000000,0.000000,0,0.000,0.000,NO BLACK,NO BUNDLE,0,0,0,,,,0,1,0,0,0.758424,0.572851,631,228,0.613389,STAND TARGET JUMP REJECTED,,,,,,,,,,
819,27.300000,68.632,11.618,0,0,0,0.000000,0.000000,0.000000,0.000000,0.000000,0,0.000,0.000,NO BLACK,NO BUNDLE,0,0,0,,,,0,1,0,0,0.758424,0.572851,631,228,0.613389,STAND TARGET JUMP REJECTED,,,,,,,,,,
820,27.333333,68.666,11.251,0,0,0,0.000000,0.000000,0.000000,0.000000,0.000000,0,0.000,0.000,NO BLACK,NO BUNDLE,0,0,0,,,,0,1,0,1,0.940617,0.563779,638,296,0.745053,ACQUIRING STAND 1/4,,,,,,,,,,
821,27.366667,68.308,11.672,0,0,0,0.000000,0.000000,0.000000,0.000000,0.000000,0,0.000,0.000,NO BLACK,NO BUNDLE,0,0,0,,,,0,1,0,1,0.940617,0.563779,638,296,0.745053,ACQUIRING STAND 1/4,,,,,,,,,,
822,27.400000,72.002,11.275,0,0,0,0.000000,0.000000,0.000000,0.000000,0.000000,0,0.000,0.000,NO BLACK,NO BUNDLE,0,0,0,,,,0,1,0,1,0.997139,0.608719,710,331,0.868468,ACQUIRING STAND 2/4,,,,,,,,,,
823,27.433333,68.605,11.697,0,0,0,0.000000,0.000000,0.000000,0.000000,0.000000,0,0.000,0.000,NO BLACK,NO BUNDLE,0,0,0,,,,0,1,0,1,0.997139,0.608719,710,331,0.868468,ACQUIRING STAND 2/4,,,,,,,,,,
824,27.466667,68.427,11.299,0,0,0,0.000000,0.000000,0.000000,0.000000,0.000000,0,0.000,0.000,NO BLACK,NO BUNDLE,0,0,0,,,,0,1,0,1,0.944090,0.630634,716,326,0.743727,ACQUIRING STAND 3/4,,,,,,,,,,
825,27.500000,68.402,11.708,0,0,0,0.000000,0.000000,0.000000,0.000000,0.000000,0,0.000,0.000,NO BLACK,NO BUNDLE,0,0,0,,,,0,1,0,1,0.944090,0.630634,716,326,0.743727,ACQUIRING STAND 3/4,,,,,,,,,,
826,27.533333,69.913,11.397,0,0,0,0.000000,0.000000,0.000000,0.000000,0.000000,0,0.000,0.000,NO BLACK,NO BUNDLE,0,0,0,,,,0,1,0,0,0.944090,0.630634,716,326,0.743727,STAND TARGET JUMP REJECTED,,,,,,,,,,
827,27.566667,71.596,11.716,0,0,0,0.000000,0.000000,0.000000,0.000000,0.000000,0,0.000,0.000,NO BLACK,NO BUNDLE,0,0,0,,,,0,1,0,0,0.944090,0.630634,716,326,0.743727,STAND TARGET JUMP REJECTED,,,,,,,,,,
828,27.600000,67.441,11.336,0,0,0,0.000000,0.000000,0.000000,0.000000,0.000000,0,0.000,0.000,NO BLACK,NO BUNDLE,0,0,0,,,,0,1,0,1,0.885147,0.694843,778,279,0.689122,ACQUIRING STAND 1/4,,,,,,,,,,
829,27.633333,67.467,11.763,0,0,0,0.000000,0.000000,0.000000,0.000000,0.000000,0,0.000,0.000,NO BLACK,NO BUNDLE,0,0,0,,,,0,1,0,1,0.885147,0.694843,778,279,0.689122,ACQUIRING STAND 1/4,,,,,,,,,,
830,27.666667,72.311,11.438,0,0,0,0.000000,0.000000,0.000000,0.000000,0.000000,0,0.000,0.000,NO BLACK,NO BUNDLE,0,0,0,,,,0,1,0,0,0.885147,0.694843,778,279,0.689122,STAND TEMPORARILY LOST (1),,,,,,,,,,
831,27.700000,67.650,11.862,0,37,0,0.000000,0.640985,0.000000,0.000000,0.000000,0,0.000,0.000,NO BLACK,NO BUNDLE,0,0,0,,,,0,1,0,0,0.885147,0.694843,778,279,0.689122,STAND TEMPORARILY LOST (1),,,,,,,,,,
832,27.733333,68.707,11.708,0,0,0,0.000000,0.000000,0.000000,0.000000,0.000000,0,0.000,0.000,NO BLACK,NO BUNDLE,0,0,0,,,,0,1,0,0,0.885147,0.694843,778,279,0.689122,STAND TEMPORARILY LOST (2),,,,,,,,,,
833,27.766667,68.963,12.039,0,0,0,0.000000,0.000000,0.000000,0.000000,0.000000,0,0.000,0.000,NO BLACK,NO BUNDLE,0,0,0,,,,0,1,0,0,0.885147,0.694843,778,279,0.689122,STAND TEMPORARILY LOST (2),,,,,,,,,,
834,27.800000,66.657,11.715,536,0,0,0.791128,0.000000,0.000000,0.000000,0.000000,0,0.000,0.000,NO LASHING,NO BUNDLE,0,0,0,,,,0,1,0,0,0.885147,0.694843,778,279,0.689122,STAND TEMPORARILY LOST (3),,,,,,,,,,
835,27.833333,69.696,11.963,0,0,0,0.000000,0.000000,0.000000,0.000000,0.000000,0,0.000,0.000,NO BLACK,NO BUNDLE,0,0,0,,,,0,1,0,0,0.885147,0.694843,778,279,0.689122,STAND TEMPORARILY LOST (3),,,,,,,,,,
836,27.866667,67.161,11.515,0,0,0,0.000000,0.000000,0.000000,0.000000,0.000000,0,0.000,0.000,NO BLACK,NO BUNDLE,0,0,0,,,,0,0,0,0,0.000000,0.000000,,,,NEED TWO DARK RAILS AND AN UPRIGHT,,,,,,,,,,
837,27.900000,63.551,11.285,428,0,0,0.797463,0.000000,0.000000,0.000000,0.000000,0,0.000,0.000,NO LASHING,NO BUNDLE,0,0,0,,,,0,0,0,0,0.000000,0.000000,,,,NEED TWO DARK RAILS AND AN UPRIGHT,,,,,,,,,,
838,27.933333,69.556,11.062,1447,0,0,0.858443,0.000000,0.000000,0.000000,0.000000,0,0.000,0.000,NO LASHING,NO BUNDLE,0,0,0,,,,0,0,0,0,0.000000,0.000000,,,,NEED TWO DARK RAILS AND AN UPRIGHT,,,,,,,,,,
839,27.966667,68.149,10.999,0,0,0,0.000000,0.000000,0.000000,0.000000,0.000000,0,0.000,0.000,NO BLACK,NO BUNDLE,0,0,0,,,,0,1,0,1,0.680247,0.551273,598,64,0.143056,ACQUIRING STAND 1/4,,,,,,,,,,
840,28.000000,69.461,10.926,797,0,0,0.813131,0.000000,0.000000,0.000000,0.000000,0,0.000,0.000,NO LASHING,NO BUNDLE,0,0,0,,,,0,1,0,1,0.692012,0.523933,707,90,0.175903,ACQUIRING STAND 2/4,,,,,,,,,,
841,28.033333,68.553,11.393,0,0,0,0.000000,0.000000,0.000000,0.000000,0.000000,0,0.000,0.000,NO BLACK,NO BUNDLE,0,0,0,,,,0,1,0,1,0.692012,0.523933,707,90,0.175903,ACQUIRING STAND 2/4,,,,,,,,,,
842,28.066667,68.816,11.255,0,0,0,0.000000,0.000000,0.000000,0.000000,0.000000,0,0.000,0.000,NO BLACK,NO BUNDLE,0,0,0,,,,0,1,0,0,0.692012,0.523933,707,90,0.175903,STAND TARGET JUMP REJECTED,,,,,,,,,,
843,28.100000,70.707,11.599,0,0,0,0.000000,0.000000,0.000000,0.000000,0.000000,0,0.000,0.000,NO BLACK,NO BUNDLE,0,0,0,,,,0,1,0,0,0.692012,0.523933,707,90,0.175903,STAND TARGET JUMP REJECTED,,,,,,,,,,
844,28.133333,72.672,11.383,0,0,0,0.000000,0.000000,0.000000,0.000000,0.000000,0,0.000,0.000,NO BLACK,NO BUNDLE,0,0,0,,,,0,1,0,0,0.692012,0.523933,707,90,0.175903,STAND TEMPORARILY LOST (2),,,,,,,,,,
845,28.166667,67.961,11.812,0,0,0,0.000000,0.000000,0.000000,0.000000,0.000000,0,0.000,0.000,NO BLACK,NO BUNDLE,0,0,0,,,,0,1,0,0,0.692012,0.523933,707,90,0.175903,STAND TEMPORARILY LOST (2),,,,,,,,,,
846,28.200000,70.163,11.601,0,0,0,0.000000,0.000000,0.000000,0.000000,0.000000,0,0.000,0.000,NO BLACK,NO BUNDLE,0,0,0,,,,0,1,0,0,0.692012,0.523933,707,90,0.175903,STAND TEMPORARILY LOST (3),,,,,,,,,,
847,28.233333,70.142,11.909,0,0,0,0.000000,0.000000,0.000000,0.000000,0.000000,0,0.000,0.000,NO BLACK,NO BUNDLE,0,0,0,,,,0,1,0,0,0.692012,0.523933,707,90,0.175903,STAND TEMPORARILY LOST (3),,,,,,,,,,
848,28.266667,68.346,11.695,0,0,0,0.000000,0.000000,0.000000,0.000000,0.000000,0,0.000,0.000,NO BLACK,NO BUNDLE,0,0,0,,,,0,0,0,0,0.466964,0.000000,,,,WEAK STAND GEOMETRY,,,,,,,,,,
849,28.300000,68.649,11.531,0,0,0,0.000000,0.000000,0.000000,0.000000,0.000000,0,0.000,0.000,NO BLACK,NO BUNDLE,0,0,0,,,,0,1,0,1,0.596574,0.576105,210,291,0.244444,ACQUIRING STAND 1/4,,,,,,,,,,
850,28.333333,70.085,11.369,0,0,0,0.000000,0.000000,0.000000,0.000000,0.000000,0,0.000,0.000,NO BLACK,NO BUNDLE,0,0,0,,,,0,1,0,0,0.596574,0.576105,210,291,0.244444,STAND TARGET JUMP REJECTED,,,,,,,,,,
851,28.366667,68.609,11.748,0,0,0,0.000000,0.000000,0.000000,0.000000,0.000000,0,0.000,0.000,NO BLACK,NO BUNDLE,0,0,0,,,,0,1,0,0,0.596574,0.576105,210,291,0.244444,STAND TARGET JUMP REJECTED,,,,,,,,,,
852,28.400000,68.906,11.570,0,0,0,0.000000,0.000000,0.000000,0.000000,0.000000,0,0.000,0.000,NO BLACK,NO BUNDLE,0,0,0,,,,0,1,0,0,0.596574,0.576105,210,291,0.244444,STAND TEMPORARILY LOST (2),,,,,,,,,,
853,28.433333,68.941,11.942,0,0,0,0.000000,0.000000,0.000000,0.000000,0.000000,0,0.000,0.000,NO BLACK,NO BUNDLE,0,0,0,,,,0,1,0,0,0.596574,0.576105,210,291,0.244444,STAND TEMPORARILY LOST (2),,,,,,,,,,
854,28.466667,63.202,11.893,0,0,0,0.000000,0.000000,0.000000,0.000000,0.000000,0,0.000,0.000,NO BLACK,NO BUNDLE,0,0,0,,,,0,1,0,0,0.596574,0.576105,210,291,0.244444,STAND TEMPORARILY LOST (3),,,,,,,,,,
855,28.500000,69.069,12.199,0,0,0,0.000000,0.000000,0.000000,0.000000,0.000000,0,0.000,0.000,NO BLACK,NO BUNDLE,0,0,0,,,,0,1,0,0,0.596574,0.576105,210,291,0.244444,STAND TEMPORARILY LOST (3),,,,,,,,,,
856,28.533333,68.948,12.054,0,0,0,0.000000,0.000000,0.000000,0.000000,0.000000,0,0.000,0.000,NO BLACK,NO BUNDLE,0,0,0,,,,0,0,0,0,0.000000,0.000000,,,,STAND TARGET JUMP REJECTED,,,,,,,,,,
857,28.566667,71.128,11.903,0,0,0,0.000000,0.000000,0.000000,0.000000,0.000000,0,0.000,0.000,NO BLACK,NO BUNDLE,0,0,0,,,,0,1,0,1,0.769404,0.614887,622,140,0.291667,ACQUIRING STAND 1/4,,,,,,,,,,
858,28.600000,69.281,11.783,0,0,0,0.000000,0.000000,0.000000,0.000000,0.000000,0,0.000,0.000,NO BLACK,NO BUNDLE,0,0,0,,,,0,1,0,0,0.769404,0.614887,622,140,0.291667,STAND TEMPORARILY LOST (1),,,,,,,,,,
859,28.633333,75.899,11.922,0,0,0,0.000000,0.000000,0.000000,0.000000,0.000000,0,0.000,0.000,NO BLACK,NO BUNDLE,0,0,0,,,,0,1,0,0,0.769404,0.614887,622,140,0.291667,STAND TEMPORARILY LOST (1),,,,,,,,,,
860,28.666667,68.224,11.683,0,0,0,0.000000,0.000000,0.000000,0.000000,0.000000,0,0.000,0.000,NO BLACK,NO BUNDLE,0,0,0,,,,0,1,0,0,0.769404,0.614887,622,140,0.291667,STAND TEMPORARILY LOST (2),,,,,,,,,,
861,28.700000,71.750,11.945,0,0,0,0.000000,0.000000,0.000000,0.000000,0.000000,0,0.000,0.000,NO BLACK,NO BUNDLE,0,0,0,,,,0,1,0,0,0.769404,0.614887,622,140,0.291667,STAND TEMPORARILY LOST (2),,,,,,,,,,
862,28.733333,68.816,11.693,0,0,0,0.000000,0.000000,0.000000,0.000000,0.000000,0,0.000,0.000,NO BLACK,NO BUNDLE,0,0,0,,,,0,1,0,1,0.642994,0.529819,631,136,0.256528,ACQUIRING STAND 1/4,,,,,,,,,,
863,28.766667,68.709,12.025,0,0,0,0.000000,0.000000,0.000000,0.000000,0.000000,0,0.000,0.000,NO BLACK,NO BUNDLE,0,0,0,,,,0,1,0,1,0.642994,0.529819,631,136,0.256528,ACQUIRING STAND 1/4,,,,,,,,,,
864,28.800000,69.932,11.878,0,0,0,0.000000,0.000000,0.000000,0.000000,0.000000,0,0.000,0.000,NO BLACK,NO BUNDLE,0,0,0,,,,0,1,0,0,0.642994,0.529819,631,136,0.256528,STAND TEMPORARILY LOST (1),,,,,,,,,,
865,28.833333,68.778,12.203,0,0,0,0.000000,0.000000,0.000000,0.000000,0.000000,0,0.000,0.000,NO BLACK,NO BUNDLE,0,0,0,,,,0,1,0,0,0.642994,0.529819,631,136,0.256528,STAND TEMPORARILY LOST (1),,,,,,,,,,
866,28.866667,66.717,12.121,0,0,0,0.000000,0.000000,0.000000,0.000000,0.000000,0,0.000,0.000,NO BLACK,NO BUNDLE,0,0,0,,,,0,1,0,0,0.642994,0.529819,631,136,0.256528,STAND TEMPORARILY LOST (2),,,,,,,,,,
867,28.900000,68.084,12.412,0,0,0,0.000000,0.000000,0.000000,0.000000,0.000000,0,0.000,0.000,NO BLACK,NO BUNDLE,0,0,0,,,,0,1,0,0,0.642994,0.529819,631,136,0.256528,STAND TEMPORARILY LOST (2),,,,,,,,,,
868,28.933333,69.188,12.269,0,0,0,0.000000,0.000000,0.000000,0.000000,0.000000,0,0.000,0.000,NO BLACK,NO BUNDLE,0,0,0,,,,0,1,0,0,0.642994,0.529819,631,136,0.256528,STAND TEMPORARILY LOST (3),,,,,,,,,,
869,28.966667,69.768,12.490,0,0,0,0.000000,0.000000,0.000000,0.000000,0.000000,0,0.000,0.000,NO BLACK,NO BUNDLE,0,0,0,,,,0,1,0,0,0.642994,0.529819,631,136,0.256528,STAND TEMPORARILY LOST (3),,,,,,,,,,
870,29.000000,69.667,12.318,0,0,0,0.000000,0.000000,0.000000,0.000000,0.000000,0,0.000,0.000,NO BLACK,NO BUNDLE,0,0,0,,,,0,0,0,0,0.000000,0.000000,,,,STAND TARGET JUMP REJECTED,,,,,,,,,,
