frame,timestamp,inference_ms,processing_fps,black_pixels,lashing_pixels,messenger_pixels,black_confidence,lashing_confidence,messenger_confidence,bundle_confidence,contact_confidence,bundle_valid,messenger_intensity_mean,messenger_intensity_std,validation_reason,target_state,consecutive_valid_frames,target_found,target_locked,target_x,target_y,target_proximity,stale_frames,stand_found,stand_locked,stand_fresh,stand_confidence,stand_black_support,stand_x,stand_y,stand_proximity,stand_reason,pidnet_roi_x1,pidnet_roi_y1,pidnet_roi_x2,pidnet_roi_y2,mission_state,mission_reason,command_forward,command_right,command_down,command_yaw_rate
0,0.000000,278.955,3.083,26,0,0,0.725884,0.000000,0.000000,0.000000,0.000000,0,0.000,0.000,NO BLACK,NO BUNDLE,0,0,0,,,,0,0,0,0,0.000000,0.000000,,,,NEED TWO DARK RAILS AND AN UPRIGHT,,,,,,,,,,
1,0.033333,63.970,4.053,282,0,0,0.769530,0.000000,0.000000,0.000000,0.000000,0,0.000,0.000,NO BLACK,NO BUNDLE,0,0,0,,,,0,1,0,1,0.701628,0.723229,908,80,0.110185,ACQUIRING STAND 1/4,0,0,1920,1080,,,,,,
2,0.066667,63.449,4.918,388,0,0,0.777807,0.000000,0.000000,0.000000,0.000000,0,0.000,0.000,NO BLACK,NO BUNDLE,0,0,0,,,,0,1,0,0,0.701628,0.723229,908,80,0.110185,STAND TEMPORARILY LOST (1),0,0,1920,1080,,,,,,
3,0.100000,62.719,6.330,535,0,0,0.794261,0.000000,0.000000,0.000000,0.000000,0,0.000,0.000,NO BLACK,NO BUNDLE,0,0,0,,,,0,1,0,0,0.701628,0.723229,908,80,0.110185,STAND TEMPORARILY LOST (1),0,0,1920,1080,,,,,,
4,0.133333,61.905,6.929,540,0,0,0.796745,0.000000,0.000000,0.000000,0.000000,0,0.000,0.000,NO BLACK,NO BUNDLE,0,0,0,,,,0,1,0,0,0.701628,0.723229,908,80,0.110185,STAND TEMPORARILY LOST (2),0,0,1920,1080,,,,,,
5,0.166667,61.136,8.065,538,0,0,0.791486,0.000000,0.000000,0.000000,0.000000,0,0.000,0.000,NO BLACK,NO BUNDLE,0,0,0,,,,0,1,0,0,0.701628,0.723229,908,80,0.110185,STAND TEMPORARILY LOST (2),0,0,1920,1080,,,,,,
6,0.200000,62.073,8.395,520,0,0,0.791269,0.000000,0.000000,0.000000,0.000000,0,0.000,0.000,NO BLACK,NO BUNDLE,0,0,0,,,,0,1,0,0,0.701628,0.723229,908,80,0.110185,STAND TEMPORARILY LOST (3),0,0,1920,1080,,,,,,
7,0.233333,62.279,9.289,561,0,0,0.799795,0.000000,0.000000,0.000000,0.000000,0,0.000,0.000,NO BLACK,NO BUNDLE,0,0,0,,,,0,1,0,0,0.701628,0.723229,908,80,0.110185,STAND TEMPORARILY LOST (3),0,0,1920,1080,,,,,,
8,0.266667,61.786,9.400,486,0,0,0.787716,0.000000,0.000000,0.000000,0.000000,0,0.000,0.000,NO BLACK,NO BUNDLE,0,0,0,,,,0,0,0,0,0.000000,0.000000,,,,NEED TWO DARK RAILS AND AN UPRIGHT,0,0,1920,1080,,,,,,
9,0.300000,63.665,9.488,417,0,0,0.780306,0.000000,0.000000,0.000000,0.000000,0,0.000,0.000,NO BLACK,NO BUNDLE,0,0,0,,,,0,1,0,1,0.711150,0.706436,742,72,0.133333,ACQUIRING STAND 1/4,0,0,1920,1080,,,,,,
10,0.333333,60.964,9.651,355,0,0,0.773969,0.000000,0.000000,0.000000,0.000000,0,0.000,0.000,NO BLACK,NO BUNDLE,0,0,0,,,,0,1,0,0,0.711150,0.706436,742,72,0.133333,STAND TEMPORARILY LOST (1),0,0,1920,1080,,,,,,
11,0.366667,61.497,10.383,389,0,0,0.778169,0.000000,0.000000,0.000000,0.000000,0,0.000,0.000,NO BLACK,NO BUNDLE,0,0,0,,,,0,1,0,0,0.711150,0.706436,742,72,0.133333,STAND TEMPORARILY LOST (1),0,0,1920,1080,,,,,,
12,0.400000,61.779,10.388,620,0,0,0.800098,0.000000,0.000000,0.000000,0.000000,0,0.000,0.000,NO LASHING,NO BUNDLE,0,0,0,,,,0,1,0,0,0.711150,0.706436,742,72,0.133333,STAND TEMPORARILY LOST (2),0,0,1920,1080,,,,,,
13,0.433333,61.432,10.987,704,0,0,0.804552,0.000000,0.000000,0.000000,0.000000,0,0.000,0.000,NO LASHING,NO BUNDLE,0,0,0,,,,0,1,0,0,0.711150,0.706436,742,72,0.133333,STAND TEMPORARILY LOST (2),0,0,1920,1080,,,,,,
14,0.466667,62.315,10.853,713,0,0,0.804709,0.000000,0.000000,0.000000,0.000000,0,0.000,0.000,NO LASHING,NO BUNDLE,0,0,0,,,,0,1,0,0,0.711150,0.706436,742,72,0.133333,STAND TEMPORARILY LOST (3),0,0,1920,1080,,,,,,
15,0.500000,62.254,11.364,700,0,0,0.805276,0.000000,0.000000,0.000000,0.000000,0,0.000,0.000,NO LASHING,NO BUNDLE,0,0,0,,,,0,1,0,0,0.711150,0.706436,742,72,0.133333,STAND TEMPORARILY LOST (3),0,0,1920,1080,,,,,,
16,0.533333,62.016,11.190,751,0,0,0.807105,0.000000,0.000000,0.000000,0.000000,0,0.000,0.000,NO LASHING,NO BUNDLE,0,0,0,,,,0,0,0,0,0.000000,0.000000,,,,NEED TWO DARK RAILS AND AN UPRIGHT,0,0,1920,1080,,,,,,
17,0.566667,61.371,11.058,661,0,0,0.801879,0.000000,0.000000,0.000000,0.000000,0,0.000,0.000,NO LASHING,NO BUNDLE,0,0,0,,,,0,1,0,1,0.691790,0.755479,740,78,0.106481,ACQUIRING STAND 1/4,0,0,1920,1080,,,,,,
18,0.600000,63.208,10.919,686,0,0,0.803575,0.000000,0.000000,0.000000,0.000000,0,0.000,0.000,NO LASHING,NO BUNDLE,0,0,0,,,,0,1,0,0,0.691790,0.755479,740,78,0.106481,STAND TEMPORARILY LOST (1),0,0,1920,1080,,,,,,
19,0.633333,63.326,11.390,692,0,0,0.801634,0.000000,0.000000,0.000000,0.000000,0,0.000,0.000,NO LASHING,NO BUNDLE,0,0,0,,,,0,1,0,0,0.691790,0.755479,740,78,0.106481,STAND TEMPORARILY LOST (1),0,0,1920,1080,,,,,,
20,0.666667,63.227,11.116,671,0,0,0.799979,0.000000,0.000000,0.000000,0.000000,0,0.000,0.000,NO LASHING,NO BUNDLE,0,0,0,,,,0,1,0,0,0.691790,0.755479,740,78,0.106481,STAND TEMPORARILY LOST (2),0,0,1920,1080,,,,,,
21,0.700000,68.431,11.430,626,0,0,0.797799,0.000000,0.000000,0.000000,0.000000,0,0.000,0.000,NO LASHING,NO BUNDLE,0,0,0,,,,0,1,0,0,0.691790,0.755479,740,78,0.106481,STAND TEMPORARILY LOST (2),0,0,1920,1080,,,,,,
22,0.733333,62.750,11.218,518,0,0,0.791536,0.000000,0.000000,0.000000,0.000000,0,0.000,0.000,NO BLACK,NO BUNDLE,0,0,0,,,,0,1,0,0,0.691790,0.755479,740,78,0.106481,STAND TEMPORARILY LOST (3),0,0,1920,1080,,,,,,
23,0.766667,63.021,11.641,542,0,0,0.792222,0.000000,0.000000,0.000000,0.000000,0,0.000,0.000,NO BLACK,NO BUNDLE,0,0,0,,,,0,1,0,0,0.691790,0.755479,740,78,0.106481,STAND TEMPORARILY LOST (3),0,0,1920,1080,,,,,,
24,0.800000,63.098,11.424,628,0,0,0.797147,0.000000,0.000000,0.000000,0.000000,0,0.000,0.000,NO LASHING,NO BUNDLE,0,0,0,,,,0,0,0,0,0.000000,0.000000,,,,NEED TWO DARK RAILS AND AN UPRIGHT,0,0,1920,1080,,,,,,
25,0.833333,62.050,11.264,693,0,0,0.797682,0.000000,0.000000,0.000000,0.000000,0,0.000,0.000,NO LASHING,NO BUNDLE,0,0,0,,,,0,0,0,0,0.000000,0.000000,,,,NEED TWO DARK RAILS AND AN UPRIGHT,0,0,1920,1080,,,,,,
26,0.866667,61.986,11.136,734,0,0,0.799638,0.000000,0.000000,0.000000,0.000000,0,0.000,0.000,NO LASHING,NO BUNDLE,0,0,0,,,,0,0,0,0,0.000000,0.000000,,,,NEED TWO DARK RAILS AND AN UPRIGHT,0,0,1920,1080,,,,,,
27,0.900000,61.388,11.055,816,0,0,0.799707,0.000000,0.000000,0.000000,0.000000,0,0.000,0.000,NO LASHING,NO BUNDLE,0,0,0,,,,0,0,0,0,0.000000,0.000000,,,,NEED TWO DARK RAILS AND AN UPRIGHT,0,0,1920,1080,,,,,,
28,0.933333,63.458,10.867,827,0,0,0.803540,0.000000,0.000000,0.000000,0.000000,0,0.000,0.000,NO LASHING,NO BUNDLE,0,0,0,,,,0,0,0,0,0.000000,0.000000,,,,NEED TWO DARK RAILS AND AN UPRIGHT,0,0,1920,1080,,,,,,
29,0.966667,61.885,10.805,737,0,0,0.803214,0.000000,0.000000,0.000000,0.000000,0,0.000,0.000,NO LASHING,NO BUNDLE,0,0,0,,,,0,0,0,0,0.000000,0.000000,,,,NEED TWO DARK RAILS AND AN UPRIGHT,,,,,,,,,,
30,1.000000,62.112,10.710,827,0,0,0.804092,0.000000,0.000000,0.000000,0.000000,0,0.000,0.000,NO LASHING,NO BUNDLE,0,0,0,,,,0,1,0,1,0.705885,0.653299,932,76,0.118519,ACQUIRING STAND 1/4,0,0,1920,1080,,,,,,
31,1.033333,63.623,11.209,677,0,0,0.800969,0.000000,0.000000,0.000000,0.000000,0,0.000,0.000,NO LASHING,NO BUNDLE,0,0,0,,,,0,1,0,1,0.705885,0.653299,932,76,0.118519,ACQUIRING STAND 1/4,0,0,1920,1080,,,,,,
32,1.066667,62.112,11.073,651,0,0,0.800236,0.000000,0.000000,0.000000,0.000000,0,0.000,0.000,NO LASHING,NO BUNDLE,0,0,0,,,,0,1,0,0,0.705885,0.653299,932,76,0.118519,STAND TEMPORARILY LOST (1),0,0,1920,1080,,,,,,
33,1.100000,61.521,11.586,651,0,0,0.802057,0.000000,0.000000,0.000000,0.000000,0,0.000,0.000,NO LASHING,NO BUNDLE,0,0,0,,,,0,1,0,0,0.705885,0.653299,932,76,0.118519,STAND TEMPORARILY LOST (1),0,0,1920,1080,,,,,,
34,1.133333,61.880,11.416,711,0,0,0.808322,0.000000,0.000000,0.000000,0.000000,0,0.000,0.000,NO LASHING,NO BUNDLE,0,0,0,,,,0,1,0,0,0.705885,0.653299,932,76,0.118519,STAND TEMPORARILY LOST (2),0,0,1920,1080,,,,,,
35,1.166667,61.382,11.882,657,0,0,0.801222,0.000000,0.000000,0.000000,0.000000,0,0.000,0.000,NO LASHING,NO BUNDLE,0,0,0,,,,0,1,0,0,0.705885,0.653299,932,76,0.118519,STAND TEMPORARILY LOST (2),0,0,1920,1080,,,,,,
36,1.200000,62.468,11.628,524,0,0,0.792969,0.000000,0.000000,0.000000,0.000000,0,0.000,0.000,NO BLACK,NO BUNDLE,0,0,0,,,,0,1,0,0,0.705885,0.653299,932,76,0.118519,STAND TEMPORARILY LOST (3),0,0,1920,1080,,,,,,
37,1.233333,62.396,12.026,779,0,0,0.810126,0.000000,0.000000,0.000000,0.000000,0,0.000,0.000,NO LASHING,NO BUNDLE,0,0,0,,,,0,1,0,0,0.705885,0.653299,932,76,0.118519,STAND TEMPORARILY LOST (3),0,0,1920,1080,,,,,,
38,1.266667,62.270,11.766,648,0,0,0.802019,0.000000,0.000000,0.000000,0.000000,0,0.000,0.000,NO LASHING,NO BUNDLE,0,0,0,,,,0,0,0,0,0.000000,0.000000,,,,NEED TWO DARK RAILS AND AN UPRIGHT,0,0,1920,1080,,,,,,
39,1.300000,60.560,11.596,542,0,0,0.795428,0.000000,0.000000,0.000000,0.000000,0,0.000,0.000,NO BLACK,NO BUNDLE,0,0,0,,,,0,0,0,0,0.000000,0.000000,,,,NEED TWO DARK RAILS AND AN UPRIGHT,0,0,1920,1080,,,,,,
40,1.333333,61.963,11.415,567,0,0,0.800775,0.000000,0.000000,0.000000,0.000000,0,0.000,0.000,NO LASHING,NO BUNDLE,0,0,0,,,,0,0,0,0,0.000000,0.000000,,,,NEED TWO DARK RAILS AND AN UPRIGHT,0,0,1920,1080,,,,,,
41,1.366667,62.664,11.248,526,0,0,0.798391,0.000000,0.000000,0.000000,0.000000,0,0.000,0.000,NO BLACK,NO BUNDLE,0,0,0,,,,0,0,0,0,0.000000,0.000000,,,,NEED TWO DARK RAILS AND AN UPRIGHT,0,0,1920,1080,,,,,,
42,1.400000,63.847,11.084,495,0,0,0.793553,0.000000,0.000000,0.000000,0.000000,0,0.000,0.000,NO BLACK,NO BUNDLE,0,0,0,,,,0,0,0,0,0.000000,0.000000,,,,NEED TWO DARK RAILS AND AN UPRIGHT,0,0,1920,1080,,,,,,
43,1.433333,61.587,10.999,408,0,0,0.784448,0.000000,0.000000,0.000000,0.000000,0,0.000,0.000,NO BLACK,NO BUNDLE,0,0,0,,,,0,0,0,0,0.000000,0.000000,,,,NEED TWO DARK RAILS AND AN UPRIGHT,0,0,1920,1080,,,,,,
44,1.466667,63.268,10.890,457,0,0,0.791145,0.000000,0.000000,0.000000,0.000000,0,0.000,0.000,NO BLACK,NO BUNDLE,0,0,0,,,,0,0,0,0,0.000000,0.000000,,,,NEED TWO DARK RAILS AND AN UPRIGHT,0,0,1920,1080,,,,,,
45,1.500000,62.458,10.755,422,0,0,0.785630,0.000000,0.000000,0.000000,0.000000,0,0.000,0.000,NO BLACK,NO BUNDLE,0,0,0,,,,0,0,0,0,0.000000,0.000000,,,,NEED TWO DARK RAILS AND AN UPRIGHT,0,0,1920,1080,,,,,,
46,1.533333,62.150,10.712,581,0,0,0.819884,0.000000,0.000000,0.000000,0.000000,0,0.000,0.000,NO LASHING,NO BUNDLE,0,0,0,,,,0,1,0,1,0.692797,0.639567,592,96,0.140741,ACQUIRING STAND 1/4,0,0,1863,1048,,,,,,
47,1.566667,61.625,11.286,549,0,0,0.813895,0.000000,0.000000,0.000000,0.000000,0,0.000,0.000,NO BLACK,NO BUNDLE,0,0,0,,,,0,1,0,1,0.692797,0.639567,592,96,0.140741,ACQUIRING STAND 1/4,0,0,1863,1048,,,,,,
48,1.600000,61.827,11.127,531,0,0,0.803183,0.000000,0.000000,0.000000,0.000000,0,0.000,0.000,NO BLACK,NO BUNDLE,0,0,0,,,,0,1,0,0,0.692797,0.639567,592,96,0.140741,STAND TEMPORARILY LOST (1),0,0,1863,1048,,,,,,
49,1.633333,62.073,11.606,518,0,0,0.796905,0.000000,0.000000,0.000000,0.000000,0,0.000,0.000,NO BLACK,NO BUNDLE,0,0,0,,,,0,1,0,0,0.692797,0.639567,592,96,0.140741,STAND TEMPORARILY LOST (1),0,0,1863,1048,,,,,,
50,1.666667,62.424,11.418,606,0,0,0.806648,0.000000,0.000000,0.000000,0.000000,0,0.000,0.000,NO LASHING,NO BUNDLE,0,0,0,,,,0,1,0,0,0.692797,0.639567,592,96,0.140741,STAND TEMPORARILY LOST (2),0,0,1863,1048,,,,,,
51,1.700000,59.957,11.942,551,0,0,0.804671,0.000000,0.000000,0.000000,0.000000,0,0.000,0.000,NO BLACK,NO BUNDLE,0,0,0,,,,0,1,0,0,0.692797,0.639567,592,96,0.140741,STAND TEMPORARILY LOST (2),0,0,1863,1048,,,,,,
52,1.733333,63.173,11.677,557,0,0,0.803772,0.000000,0.000000,0.000000,0.000000,0,0.000,0.000,NO BLACK,NO BUNDLE,0,0,0,,,,0,1,0,0,0.692797,0.639567,592,96,0.140741,STAND TEMPORARILY LOST (3),0,0,1863,1048,,,,,,
53,1.766667,62.212,12.079,566,0,0,0.805505,0.000000,0.000000,0.000000,0.000000,0,0.000,0.000,NO LASHING,NO BUNDLE,0,0,0,,,,0,1,0,0,0.692797,0.639567,592,96,0.140741,STAND TEMPORARILY LOST (3),0,0,1863,1048,,,,,,
54,1.800000,61.975,11.809,534,0,0,0.802666,0.000000,0.000000,0.000000,0.000000,0,0.000,0.000,NO BLACK,NO BUNDLE,0,0,0,,,,0,0,0,0,0.000000,0.000000,,,,NEED TWO DARK RAILS AND AN UPRIGHT,0,0,1863,1048,,,,,,
55,1.833333,62.011,11.553,288,0,0,0.772151,0.000000,0.000000,0.000000,0.000000,0,0.000,0.000,NO BLACK,NO BUNDLE,0,0,0,,,,0,1,0,1,0.632505,0.608356,574,72,0.111111,ACQUIRING STAND 1/4,0,0,1607,904,,,,,,
56,1.866667,59.527,11.405,368,0,0,0.773638,0.000000,0.000000,0.000000,0.000000,0,0.000,0.000,NO BLACK,NO BUNDLE,0,0,0,,,,0,1,0,0,0.632505,0.608356,574,72,0.111111,STAND TEMPORARILY LOST (1),0,0,1607,904,,,,,,
57,1.900000,61.874,11.849,362,0,0,0.775439,0.000000,0.000000,0.000000,0.000000,0,0.000,0.000,NO BLACK,NO BUNDLE,0,0,0,,,,0,1,0,0,0.632505,0.608356,574,72,0.111111,STAND TEMPORARILY LOST (1),0,0,1607,904,,,,,,
58,1.933333,60.425,11.642,419,0,0,0.776578,0.000000,0.000000,0.000000,0.000000,0,0.000,0.000,NO BLACK,NO BUNDLE,0,0,0,,,,0,1,0,0,0.632505,0.608356,574,72,0.111111,STAND TEMPORARILY LOST (2),0,0,1607,904,,,,,,
59,1.966667,62.104,12.064,599,0,0,0.798045,0.000000,0.000000,0.000000,0.000000,0,0.000,0.000,NO LASHING,NO BUNDLE,0,0,0,,,,0,1,0,0,0.632505,0.608356,574,72,0.111111,STAND TEMPORARILY LOST (2),,,,,,,,,,
60,2.000000,61.291,11.805,358,0,0,0.782654,0.000000,0.000000,0.000000,0.000000,0,0.000,0.000,NO BLACK,NO BUNDLE,0,0,0,,,,0,1,0,0,0.632505,0.608356,574,72,0.111111,STAND TEMPORARILY LOST (3),0,0,1607,904,,,,,,
61,2.033333,61.577,12.207,456,0,0,0.781141,0.000000,0.000000,0.000000,0.000000,0,0.000,0.000,NO BLACK,NO BUNDLE,0,0,0,,,,0,1,0,0,0.632505,0.608356,574,72,0.111111,STAND TEMPORARILY LOST (3),0,0,1607,904,,,,,,
62,2.066667,61.307,11.897,509,0,0,0.784867,0.000000,0.000000,0.000000,0.000000,0,0.000,0.000,NO BLACK,NO BUNDLE,0,0,0,,,,0,1,0,1,0.731446,0.628223,793,80,0.137593,ACQUIRING STAND 1/4,0,0,1920,1080,,,,,,
63,2.100000,61.038,12.285,496,0,0,0.787821,0.000000,0.000000,0.000000,0.000000,0,0.000,0.000,NO BLACK,NO BUNDLE,0,0,0,,,,0,1,0,1,0.731446,0.628223,793,80,0.137593,ACQUIRING STAND 1/4,0,0,1920,1080,,,,,,
64,2.133333,61.078,12.005,506,0,0,0.788433,0.000000,0.000000,0.000000,0.000000,0,0.000,0.000,NO BLACK,NO BUNDLE,0,0,0,,,,0,1,0,0,0.731446,0.628223,793,80,0.137593,STAND TEMPORARILY LOST (1),0,0,1920,1080,,,,,,
65,2.166667,61.555,12.337,456,0,0,0.783023,0.000000,0.000000,0.000000,0.000000,0,0.000,0.000,NO BLACK,NO BUNDLE,0,0,0,,,,0,1,0,0,0.731446,0.628223,793,80,0.137593,STAND TEMPORARILY LOST (1),0,0,1920,1080,,,,,,
66,2.200000,64.710,11.987,541,0,0,0.793623,0.000000,0.000000,0.000000,0.000000,0,0.000,0.000,NO BLACK,NO BUNDLE,0,0,0,,,,0,1,0,0,0.731446,0.628223,793,80,0.137593,STAND TEMPORARILY LOST (2),0,0,1920,1080,,,,,,
67,2.233333,62.329,12.322,441,0,0,0.781171,0.000000,0.000000,0.000000,0.000000,0,0.000,0.000,NO BLACK,NO BUNDLE,0,0,0,,,,0,1,0,0,0.731446,0.628223,793,80,0.137593,STAND TEMPORARILY LOST (2),0,0,1920,1080,,,,,,
68,2.266667,62.684,12.005,224,0,0,0.754060,0.000000,0.000000,0.000000,0.000000,0,0.000,0.000,NO BLACK,NO BUNDLE,0,0,0,,,,0,1,0,0,0.731446,0.628223,793,80,0.137593,STAND TEMPORARILY LOST (3),0,0,1920,1080,,,,,,
69,2.300000,60.932,12.377,355,0,0,0.768949,0.000000,0.000000,0.000000,0.000000,0,0.000,0.000,NO BLACK,NO BUNDLE,0,0,0,,,,0,1,0,0,0.731446,0.628223,793,80,0.137593,STAND TEMPORARILY LOST (3),0,0,1920,1080,,,,,,
70,2.333333,62.140,12.068,465,0,0,0.785496,0.000000,0.000000,0.000000,0.000000,0,0.000,0.000,NO BLACK,NO BUNDLE,0,0,0,,,,0,0,0,0,0.000000,0.000000,,,,NEED TWO DARK RAILS AND AN UPRIGHT,0,0,1920,1080,,,,,,
71,2.366667,61.922,11.830,30,0,0,0.714894,0.000000,0.000000,0.000000,0.000000,0,0.000,0.000,NO BLACK,NO BUNDLE,0,0,0,,,,0,0,0,0,0.000000,0.000000,,,,NEED TWO DARK RAILS AND AN UPRIGHT,0,0,1920,1080,,,,,,
72,2.400000,61.839,11.536,131,0,0,0.747792,0.000000,0.000000,0.000000,0.000000,0,0.000,0.000,NO BLACK,NO BUNDLE,0,0,0,,,,0,0,0,0,0.000000,0.000000,,,,NEED TWO DARK RAILS AND AN UPRIGHT,0,0,1920,1080,,,,,,
73,2.433333,64.134,11.280,0,0,0,0.000000,0.000000,0.000000,0.000000,0.000000,0,0.000,0.000,NO BLACK,NO BUNDLE,0,0,0,,,,0,0,0,0,0.000000,0.000000,,,,NEED TWO DARK RAILS AND AN UPRIGHT,0,0,1920,1080,,,,,,
74,2.466667,63.129,11.133,202,0,0,0.733446,0.000000,0.000000,0.000000,0.000000,0,0.000,0.000,NO BLACK,NO BUNDLE,0,0,0,,,,0,0,0,0,0.000000,0.000000,,,,NEED TWO DARK RAILS AND AN UPRIGHT,0,0,1920,1080,,,,,,
75,2.500000,63.518,10.965,261,0,0,0.748266,0.000000,0.000000,0.000000,0.000000,0,0.000,0.000,NO BLACK,NO BUNDLE,0,0,0,,,,0,0,0,0,0.000000,0.000000,,,,NEED TWO DARK RAILS AND AN UPRIGHT,0,0,1920,1080,,,,,,
76,2.533333,64.297,10.837,1914,0,0,0.843715,0.000000,0.000000,0.000000,0.000000,0,0.000,0.000,NO LASHING,NO BUNDLE,0,0,0,,,,0,0,0,0,0.000000,0.000000,,,,NEED TWO DARK RAILS AND AN UPRIGHT,0,0,1920,1080,,,,,,
77,2.566667,64.422,10.828,268,0,96,0.803087,0.000000,0.780487,0.000000,0.000000,0,0.000,0.000,NO BLACK,NO BUNDLE,0,0,0,,,,0,0,0,0,0.000000,0.000000,,,,NEED TWO DARK RAILS AND AN UPRIGHT,0,0,1920,1080,,,,,,
78,2.600000,62.453,10.551,922,160,111,0.780677,0.709279,0.753277,0.744978,0.000000,0,0.000,0.000,NO VALID CONTACT,NO BUNDLE,0,0,0,,,,0,1,0,1,0.828241,0.785160,728,148,0.274074,ACQUIRING STAND 1/4,0,0,1920,1080,,,,,,
79,2.633333,62.784,10.581,717,219,15,0.773212,0.721812,0.731369,0.747512,0.000000,0,0.000,0.000,NO VALID CONTACT,NO BUNDLE,0,0,0,,,,0,1,0,1,0.828241,0.785160,728,148,0.274074,ACQUIRING STAND 1/4,0,0,1920,1080,,,,,,
80,2.666667,60.813,10.629,683,0,0,0.774681,0.000000,0.000000,0.000000,0.000000,0,0.000,0.000,NO LASHING,NO BUNDLE,0,0,0,,,,0,1,0,1,0.999904,0.710739,798,217,0.402407,ACQUIRING STAND 2/4,0,0,1920,1080,,,,,,
81,2.700000,59.226,11.221,662,84,0,0.788299,0.681897,0.000000,0.735098,0.000000,0,0.000,0.000,NO LASHING,NO BUNDLE,0,0,0,,,,0,1,0,1,0.999904,0.710739,798,217,0.402407,ACQUIRING STAND 2/4,0,0,1920,1080,,,,,,
82,2.733333,63.587,11.028,1235,198,0,0.809938,0.637004,0.000000,0.723471,0.000000,0,0.000,0.000,COMPONENTS TOO FAR,NO BUNDLE,0,0,0,,,,0,1,0,1,0.818990,0.717983,786,356,0.404139,ACQUIRING STAND 3/4,0,0,1770,995,,,,,,
83,2.766667,61.663,11.120,1465,338,0,0.851126,0.704654,0.000000,0.777890,0.000000,0,0.000,0.000,COMPONENTS TOO FAR,NO BUNDLE,0,0,0,,,,0,1,0,1,0.818990,0.717983,786,356,0.404139,ACQUIRING STAND 3/4,0,0,1770,995,,,,,,
84,2.800000,61.637,11.222,591,81,800,0.774348,0.635233,0.872185,0.704791,0.000000,0,0.000,0.000,NO LASHING,NO BUNDLE,0,0,0,,,,0,1,0,0,0.818990,0.717983,786,356,0.404139,STAND TEMPORARILY LOST (1),0,0,1770,995,,,,,,
85,2.833333,62.290,11.679,546,133,70,0.787374,0.681315,0.743995,0.734344,0.000000,0,0.000,0.000,NO BLACK,NO BUNDLE,0,0,0,,,,0,1,0,0,0.818990,0.717983,786,356,0.404139,STAND TEMPORARILY LOST (1),0,0,1770,995,,,,,,
86,2.866667,61.117,11.278,6444,3680,0,0.850816,0.724908,0.000000,0.787862,0.000000,0,0.000,0.000,GEOMETRY FAIL,NO BUNDLE,0,0,0,,,,0,1,0,0,0.818990,0.717983,786,356,0.404139,STAND TEMPORARILY LOST (2),0,0,1770,995,,,,,,
87,2.900000,67.971,11.083,3642,4372,0,0.829374,0.728070,0.000000,0.778722,0.000000,0,0.000,0.000,GEOMETRY FAIL,NO BUNDLE,0,0,0,,,,0,1,0,0,0.818990,0.717983,786,356,0.404139,STAND TEMPORARILY LOST (2),0,0,1770,995,,,,,,
88,2.933333,60.650,10.818,4815,3078,9,0.835178,0.749062,0.729284,0.792120,0.000000,0,0.000,0.000,GEOMETRY FAIL,NO BUNDLE,0,0,0,,,,0,1,0,1,0.758329,0.656592,688,480,0.452788,ACQUIRING STAND 2/4,0,1,1706,960,,,,,,
89,2.966667,61.959,10.763,5678,6612,0,0.825215,0.741673,0.000000,0.783444,0.000000,0,0.000,0.000,GEOMETRY FAIL,NO BUNDLE,0,0,0,,,,0,1,0,1,0.758329,0.656592,688,480,0.452788,ACQUIRING STAND 2/4,,,,,,,,,,
90,3.000000,61.834,10.494,5231,6877,90,0.833058,0.739076,0.747950,0.786067,0.000000,0,0.000,0.000,GEOMETRY FAIL,NO BUNDLE,0,0,0,,,,0,1,0,1,0.797853,0.636774,675,586,0.440051,ACQUIRING STAND 3/4,0,0,1920,1080,,,,,,
91,3.033333,61.279,10.593,4697,6924,5,0.824486,0.757873,0.709283,0.791179,0.000000,0,0.000,0.000,GEOMETRY FAIL,NO BUNDLE,0,0,0,,,,0,1,0,1,0.797853,0.636774,675,586,0.440051,ACQUIRING STAND 3/4,0,0,1920,1080,,,,,,
92,3.066667,60.928,10.256,3798,6568,0,0.812823,0.762011,0.000000,0.787417,0.000000,0,0.000,0.000,GEOMETRY FAIL,NO BUNDLE,0,0,0,,,,0,1,1,1,0.945000,0.651009,758,570,0.576403,STAND LOCKED,0,0,1920,1080,,,,,,
93,3.100000,60.751,10.319,2650,6955,0,0.779990,0.754065,0.000000,0.767028,0.000000,0,0.000,0.000,GEOMETRY FAIL,NO BUNDLE,0,0,0,,,,0,1,1,1,0.945000,0.651009,758,570,0.576403,STAND LOCKED,0,0,1920,1080,,,,,,
94,3.133333,62.109,10.149,4283,6820,0,0.853648,0.754786,0.000000,0.804217,0.000000,0,0.000,0.000,GEOMETRY FAIL,NO BUNDLE,0,0,0,,,,0,1,1,1,0.817895,0.655900,657,578,0.613316,STAND LOCKED,0,0,1920,1080,,,,,,
95,3.166667,59.002,10.175,4974,7206,0,0.837111,0.753913,0.000000,0.795512,0.000000,0,0.000,0.000,GEOMETRY FAIL,NO BUNDLE,0,0,0,,,,0,1,1,1,0.817895,0.655900,657,578,0.613316,STAND LOCKED,0,0,1920,1080,,,,,,
96,3.200000,61.294,9.888,3059,6984,0,0.796218,0.746051,0.000000,0.771134,0.000000,0,0.000,0.000,GEOMETRY FAIL,NO BUNDLE,0,0,0,,,,0,1,1,1,0.890816,0.753321,715,556,0.696131,STAND LOCKED,0,0,1920,1080,,,,,,
97,3.233333,61.567,9.985,3490,7678,0,0.800924,0.760588,0.000000,0.780756,0.000000,0,0.000,0.000,GEOMETRY FAIL,NO BUNDLE,0,0,0,,,,0,1,1,1,0.890816,0.753321,715,556,0.696131,STAND LOCKED,0,0,1920,1080,,,,,,
98,3.266667,61.418,9.683,4445,8079,45,0.814471,0.762826,0.739075,0.788649,0.000000,0,0.000,0.000,GEOMETRY FAIL,NO BUNDLE,0,0,0,,,,0,1,1,1,0.974878,0.802395,943,564,0.707935,STAND LOCKED,0,0,1920,1080,,,,,,
99,3.300000,61.809,9.893,3629,7509,0,0.804168,0.767141,0.000000,0.785655,0.000000,0,0.000,0.000,GEOMETRY FAIL,NO BUNDLE,0,0,0,,,,0,1,1,1,0.974878,0.802395,943,564,0.707935,STAND LOCKED,0,0,1920,1080,,,,,,
100,3.333333,63.747,9.595,5231,7920,0,0.837388,0.761748,0.000000,0.799568,0.000000,0,0.000,0.000,COMPONENTS TOO FAR,NO BUNDLE,0,0,0,,,,0,1,1,1,0.937642,0.712197,868,574,0.683200,STAND LOCKED,0,0,1920,1080,,,,,,
101,3.366667,62.875,9.664,3099,8384,24,0.811055,0.762037,0.721289,0.786546,0.000000,0,0.000,0.000,GEOMETRY FAIL,NO BUNDLE,0,0,0,,,,0,1,1,1,0.937642,0.712197,868,574,0.683200,STAND LOCKED,0,0,1920,1080,,,,,,
102,3.400000,59.712,9.333,3748,7507,0,0.814332,0.757292,0.000000,0.785812,0.000000,0,0.000,0.000,GEOMETRY FAIL,NO BUNDLE,0,0,0,,,,0,1,1,1,0.742188,0.733947,986,590,0.647116,STAND LOCKED,0,0,1920,1080,,,,,,
103,3.433333,60.053,9.463,2488,7162,0,0.793057,0.761310,0.000000,0.777184,0.000000,0,0.000,0.000,GEOMETRY FAIL,NO BUNDLE,0,0,0,,,,0,1,1,1,0.742188,0.733947,986,590,0.647116,STAND LOCKED,0,0,1920,1080,,,,,,
104,3.466667,60.354,9.234,1924,5825,0,0.808861,0.748233,0.000000,0.778547,0.000000,0,0.000,0.000,GEOMETRY FAIL,NO BUNDLE,0,0,0,,,,0,1,1,1,0.945000,0.705141,854,599,0.659906,STAND LOCKED,0,0,1920,1080,,,,,,
105,3.500000,65.526,9.181,2890,2866,84,0.836509,0.690104,0.842610,0.763307,0.000000,0,0.000,0.000,COMPONENTS TOO FAR,NO BUNDLE,0,0,0,,,,0,1,1,1,0.945000,0.705141,854,599,0.659906,STAND LOCKED,0,0,1920,1080,,,,,,
106,3.533333,62.593,8.942,4008,4710,0,0.815510,0.736625,0.000000,0.776067,0.000000,0,0.000,0.000,GEOMETRY FAIL,NO BUNDLE,0,0,0,,,,0,1,1,1,0.945000,0.692402,844,538,0.668208,STAND LOCKED,0,0,1920,1080,,,,,,
107,3.566667,60.216,9.014,4365,6010,0,0.812306,0.747502,0.000000,0.779904,0.000000,0,0.000,0.000,GEOMETRY FAIL,NO BUNDLE,0,0,0,,,,0,1,1,1,0.945000,0.692402,844,538,0.668208,STAND LOCKED,0,0,1920,1080,,,,,,
108,3.600000,61.885,8.819,4039,5585,0,0.820154,0.744321,0.000000,0.782237,0.000000,0,0.000,0.000,GEOMETRY FAIL,NO BUNDLE,0,0,0,,,,0,1,1,1,0.911048,0.656257,781,517,0.665323,STAND LOCKED,0,0,1920,1080,,,,,,
109,3.633333,61.775,9.033,4177,3991,0,0.811949,0.728966,0.000000,0.770458,0.000000,0,0.000,0.000,GEOMETRY FAIL,NO BUNDLE,0,0,0,,,,0,1,1,1,0.911048,0.656257,781,517,0.665323,STAND LOCKED,0,0,1920,1080,,,,,,
110,3.666667,61.349,8.915,3723,3133,0,0.827910,0.704389,0.000000,0.766150,0.000000,0,0.000,0.000,GEOMETRY FAIL,NO BUNDLE,0,0,0,,,,0,1,1,1,0.896923,0.666817,840,502,0.647219,STAND LOCKED,0,0,1920,1080,,,,,,
111,3.700000,57.943,9.169,4193,4307,0,0.829670,0.718483,0.000000,0.774076,0.000000,0,0.000,0.000,GEOMETRY FAIL,NO BUNDLE,0,0,0,,,,0,1,1,1,0.896923,0.666817,840,502,0.647219,STAND LOCKED,0,0,1920,1080,,,,,,
112,3.733333,63.718,8.907,4061,2908,246,0.811292,0.698780,0.751680,0.755036,0.000000,0,0.000,0.000,GEOMETRY FAIL,NO BUNDLE,0,0,0,,,,0,1,1,1,0.948658,0.707394,789,496,0.643656,STAND LOCKED,0,0,1920,1080,,,,,,
113,3.766667,63.130,9.151,4398,1122,0,0.840710,0.695449,0.000000,0.768079,0.000000,0,0.000,0.000,COMPONENTS TOO FAR,NO BUNDLE,0,0,0,,,,0,1,1,1,0.948658,0.707394,789,496,0.643656,STAND LOCKED,0,0,1920,1080,,,,,,
114,3.800000,63.146,9.012,4640,943,5,0.857278,0.676983,0.708749,0.767130,0.000000,0,0.000,0.000,GEOMETRY FAIL,NO BUNDLE,0,0,0,,,,0,1,1,1,0.837188,0.721433,769,481,0.656821,STAND LOCKED,0,0,1920,1080,,,,,,
115,3.833333,62.677,9.202,2593,1331,0,0.816108,0.707563,0.000000,0.761835,0.000000,0,0.000,0.000,GEOMETRY FAIL,NO BUNDLE,0,0,0,,,,0,1,1,1,0.837188,0.721433,769,481,0.656821,STAND LOCKED,0,0,1920,1080,,,,,,
116,3.866667,61.822,9.120,2760,868,19,0.834242,0.665304,0.753032,0.749773,0.000000,0,0.000,0.000,COMPONENTS TOO FAR,NO BUNDLE,0,0,0,,,,0,1,1,0,0.837188,0.721433,769,481,0.656821,STAND TEMPORARILY LOST (1),0,0,1920,1080,,,,,,
117,3.900000,60.678,9.489,3654,145,0,0.824196,0.652514,0.000000,0.738355,0.000000,0,0.000,0.000,GEOMETRY FAIL,NO BUNDLE,0,0,0,,,,0,1,1,0,0.837188,0.721433,769,481,0.656821,STAND TEMPORARILY LOST (1),0,0,1920,1080,,,,,,
118,3.933333,61.539,9.677,1115,0,0,0.825820,0.000000,0.000000,0.000000,0.000000,0,0.000,0.000,NO LASHING,NO BUNDLE,0,0,0,,,,0,1,1,1,0.812877,0.708003,721,480,0.588903,STAND LOCKED,0,0,1854,1043,,,,,,
119,3.966667,60.144,10.049,1983,300,0,0.803491,0.728413,0.000000,0.765952,0.000000,0,0.000,0.000,COMPONENTS TOO FAR,NO BUNDLE,0,0,0,,,,0,1,1,1,0.812877,0.708003,721,480,0.588903,STAND LOCKED,,,,,,,,,,
120,4.000000,62.301,9.811,2120,2296,337,0.872621,0.732147,0.808619,0.802384,0.000000,0,0.000,0.000,COMPONENTS TOO FAR,NO BUNDLE,0,0,0,,,,0,1,1,1,0.871851,0.641294,694,335,0.433571,STAND LOCKED,0,0,1873,1053,,,,,,
121,4.033333,62.272,9.861,3870,1681,122,0.822966,0.719196,0.816965,0.771081,0.000000,0,0.000,0.000,COMPONENTS TOO FAR,NO BUNDLE,0,0,0,,,,0,1,1,1,0.871851,0.641294,694,335,0.433571,STAND LOCKED,0,0,1873,1053,,,,,,
122,4.066667,62.214,9.630,3612,2277,342,0.839915,0.766582,0.809801,0.803249,0.000000,0,0.000,0.000,COMPONENTS TOO FAR,NO BUNDLE,0,0,0,,,,0,1,1,1,0.898704,0.605930,762,358,0.539876,STAND LOCKED,0,0,1920,1080,,,,,,
123,4.100000,62.078,9.793,4329,2349,82,0.827216,0.750292,0.763295,0.788754,0.000000,0,0.000,0.000,COMPONENTS TOO FAR,NO BUNDLE,0,0,0,,,,0,1,1,1,0.898704,0.605930,762,358,0.539876,STAND LOCKED,0,0,1920,1080,,,,,,
124,4.133333,61.226,9.486,3536,2523,65,0.848536,0.734909,0.759317,0.791722,0.000000,0,0.000,0.000,GEOMETRY FAIL,NO BUNDLE,0,0,0,,,,0,1,1,1,0.967632,0.605931,806,383,0.644240,STAND LOCKED,0,0,1920,1080,,,,,,
125,4.166667,62.840,9.617,2386,3607,93,0.828158,0.771036,0.740828,0.799597,0.000000,0,0.000,0.000,GEOMETRY FAIL,NO BUNDLE,0,0,0,,,,0,1,1,1,0.967632,0.605931,806,383,0.644240,STAND LOCKED,0,0,1920,1080,,,,,,
126,4.200000,66.122,9.403,1588,2727,256,0.785497,0.766430,0.781414,0.775964,0.000000,0,0.000,0.000,COMPONENTS TOO FAR,NO BUNDLE,0,0,0,,,,0,1,1,1,0.909436,0.613343,836,400,0.712084,STAND LOCKED,0,0,1920,1080,,,,,,
127,4.233333,61.304,9.602,4754,2024,617,0.865638,0.769209,0.811341,0.817424,0.000000,0,0.000,0.000,COMPONENTS TOO FAR,NO BUNDLE,0,0,0,,,,0,1,1,1,0.909436,0.613343,836,400,0.712084,STAND LOCKED,0,0,1920,1080,,,,,,
128,4.266667,61.858,9.421,3444,2142,97,0.842676,0.710332,0.779057,0.776504,0.000000,0,0.000,0.000,COMPONENTS TOO FAR,NO BUNDLE,0,0,0,,,,0,1,1,1,0.915045,0.607525,1063,419,0.729882,STAND LOCKED,0,0,1920,1080,,,,,,
129,4.300000,61.512,9.598,4898,2525,704,0.854038,0.746775,0.858189,0.800406,0.000000,0,0.000,0.000,COMPONENTS TOO FAR,NO BUNDLE,0,0,0,,,,0,1,1,1,0.915045,0.607525,1063,419,0.729882,STAND LOCKED,0,0,1920,1080,,,,,,
130,4.333333,62.077,9.273,8443,3277,730,0.851644,0.745169,0.760695,0.798407,0.000000,0,0.000,0.000,GEOMETRY FAIL,NO BUNDLE,0,0,0,,,,0,1,1,1,0.931875,0.619503,1023,398,0.662521,STAND LOCKED,0,0,1920,1080,,,,,,
131,4.366667,59.295,9.245,9224,3612,1065,0.854390,0.764542,0.788960,0.809466,0.000000,0,0.000,0.000,GEOMETRY FAIL,NO BUNDLE,0,0,0,,,,0,1,1,1,0.931875,0.619503,1023,398,0.662521,STAND LOCKED,0,0,1920,1080,,,,,,
132,4.400000,60.747,8.977,11366,3956,2095,0.865198,0.770660,0.800707,0.817929,0.000000,0,0.000,0.000,COMPONENTS TOO FAR,NO BUNDLE,0,0,0,,,,0,1,1,1,0.928811,0.641768,936,454,0.737625,STAND LOCKED,0,0,1920,1080,,,,,,
133,4.433333,62.742,8.903,13499,3943,1873,0.875276,0.785035,0.823913,0.830155,0.000000,0,0.000,0.000,GEOMETRY FAIL,NO BUNDLE,0,0,0,,,,0,1,1,1,0.928811,0.641768,936,454,0.737625,STAND LOCKED,0,0,1920,1080,,,,,,
134,4.466667,61.666,8.597,13529,2908,2289,0.852945,0.758397,0.836781,0.805671,0.000000,0,0.000,0.000,GEOMETRY FAIL,NO BUNDLE,0,0,0,,,,0,1,1,1,0.919897,0.624523,948,485,0.826931,STAND LOCKED,0,0,1920,1080,,,,,,
135,4.500000,63.261,8.529,19928,856,2206,0.860760,0.701949,0.831262,0.781354,0.000000,0,0.000,0.000,GEOMETRY FAIL,NO BUNDLE,0,0,0,,,,0,1,1,1,0.919897,0.624523,948,485,0.826931,STAND LOCKED,0,0,1920,1080,,,,,,
136,4.533333,64.306,8.438,21807,339,1167,0.868781,0.690327,0.854476,0.779554,0.000000,0,0.000,0.000,GEOMETRY FAIL,NO BUNDLE,0,0,0,,,,0,1,1,1,0.882043,0.583933,957,528,0.881378,STAND LOCKED,0,0,1920,1080,,,,,,
137,4.566667,62.022,8.583,18795,462,1793,0.866916,0.650831,0.880178,0.758873,0.000000,0,0.000,0.000,GEOMETRY FAIL,NO BUNDLE,0,0,0,,,,0,1,1,1,0.882043,0.583933,957,528,0.881378,STAND LOCKED,0,0,1920,1080,,,,,,
138,4.600000,61.335,8.126,19626,4292,1167,0.885935,0.749762,0.000000,0.817848,0.833749,1,0.000,0.000,VALID,CANDIDATE,1,1,0,738,932,808.000,0,1,1,1,0.958856,0.597312,943,375,0.626805,STAND LOCKED,0,0,1920,1080,,,,,,
139,4.633333,59.721,8.073,13931,3355,698,0.817071,0.724725,0.000000,0.770898,0.824148,1,0.000,0.000,TARGET JUMP,CANDIDATE,1,1,0,938,979,588.000,0,1,1,1,0.958856,0.597312,943,375,0.626805,STAND LOCKED,83,113,1802,1080,,,,,,
140,4.666667,56.156,8.479,1179,0,0,0.799684,0.000000,0.000000,0.000000,0.000000,0,0.000,0.000,NO LASHING,NO BUNDLE,0,0,0,,,,0,1,1,1,0.861073,0.555668,894,446,0.664007,STAND LOCKED,466,379,1713,1080,,,,,,
141,4.700000,62.767,9.294,290,260,0,0.764437,0.649361,0.000000,0.706899,0.000000,0,0.000,0.000,NO BLACK,NO BUNDLE,0,0,0,,,,0,1,1,1,0.861073,0.555668,894,446,0.664007,STAND LOCKED,466,379,1713,1080,,,,,,
142,4.733333,62.305,9.436,416,40,0,0.765787,0.631082,0.000000,0.698434,0.000000,0,0.000,0.000,NO BLACK,NO BUNDLE,0,0,0,,,,0,1,1,1,0.983544,0.606288,884,400,0.667507,STAND LOCKED,466,379,1713,1080,,,,,,
143,4.766667,62.064,9.619,2576,414,0,0.799550,0.747002,0.000000,0.773276,0.000000,0,0.000,0.000,INSUFFICIENT LASHING PATTERN,NO BUNDLE,0,0,0,,,,0,1,1,1,0.983544,0.606288,884,400,0.667507,STAND LOCKED,466,379,1713,1080,,,,,,
144,4.800000,61.398,9.386,3229,367,0,0.794003,0.716252,0.000000,0.755128,0.000000,0,0.000,0.000,INSUFFICIENT LASHING PATTERN,NO BUNDLE,0,0,0,,,,0,1,1,1,0.914171,0.603591,905,463,0.717971,STAND LOCKED,466,379,1713,1080,,,,,,
145,4.833333,65.552,9.972,1888,75,21,0.799553,0.653121,0.796561,0.726337,0.000000,0,0.000,0.000,NO LASHING,NO BUNDLE,0,0,0,,,,0,1,1,1,0.914171,0.603591,905,463,0.717971,STAND LOCKED,466,379,1713,1080,,,,,,
146,4.866667,62.544,9.853,736,342,0,0.776026,0.704911,0.000000,0.740468,0.000000,0,0.000,0.000,GEOMETRY FAIL,NO BUNDLE,0,0,0,,,,0,1,1,1,1.000000,0.632505,939,494,0.852716,STAND LOCKED,466,379,1713,1080,,,,,,
147,4.900000,62.162,10.167,2831,171,0,0.830050,0.684670,0.000000,0.757360,0.000000,0,0.000,0.000,GEOMETRY FAIL,NO BUNDLE,0,0,0,,,,0,1,1,1,1.000000,0.632505,939,494,0.852716,STAND LOCKED,466,379,1713,1080,,,,,,
148,4.933333,62.619,10.145,792,77,0,0.776124,0.631071,0.000000,0.703597,0.000000,0,0.000,0.000,NO LASHING,NO BUNDLE,0,0,0,,,,0,1,1,1,0.968998,0.615239,936,532,0.905204,STAND LOCKED,466,379,1713,1080,,,,,,
149,4.966667,61.707,10.825,11105,0,51,0.858138,0.000000,0.724916,0.000000,0.000000,0,0.000,0.000,NO LASHING,NO BUNDLE,0,0,0,,,,0,1,1,1,0.968998,0.615239,936,532,0.905204,STAND LOCKED,,,,,,,,,,
150,5.000000,62.777,10.453,777,1328,0,0.785589,0.748096,0.000000,0.766842,0.000000,0,0.000,0.000,GEOMETRY FAIL,NO BUNDLE,0,0,0,,,,0,1,1,1,0.896635,0.592410,888,535,0.955305,STAND LOCKED,466,379,1713,1080,,,,,,
151,5.033333,62.455,10.576,1947,805,0,0.788350,0.746575,0.000000,0.767463,0.000000,0,0.000,0.000,COMPONENTS TOO FAR,NO BUNDLE,0,0,0,,,,0,1,1,1,0.896635,0.592410,888,535,0.955305,STAND LOCKED,466,379,1713,1080,,,,,,
152,5.066667,63.247,10.306,1280,284,0,0.806447,0.726260,0.000000,0.766353,0.000000,0,0.000,0.000,COMPONENTS TOO FAR,NO BUNDLE,0,0,0,,,,0,1,1,1,0.954440,0.584570,844,543,0.965628,STAND LOCKED,466,379,1713,1080,,,,,,
153,5.100000,63.429,10.554,818,165,13,0.794028,0.664383,0.761124,0.729206,0.000000,0,0.000,0.000,GEOMETRY FAIL,NO BUNDLE,0,0,0,,,,0,1,1,1,0.954440,0.584570,844,543,0.965628,STAND LOCKED,466,379,1713,1080,,,,,,
154,5.133333,58.266,10.060,4118,959,0,0.799753,0.714023,0.000000,0.756888,0.000000,0,0.000,0.000,NO VALID CONTACT,NO BUNDLE,0,0,0,,,,0,1,1,1,0.973504,0.597576,896,545,0.962125,STAND LOCKED,466,379,1713,1080,,,,,,
155,5.166667,65.725,10.075,3513,714,23,0.804757,0.753094,0.742770,0.778926,0.000000,0,0.000,0.000,INSUFFICIENT LASHING PATTERN,NO BUNDLE,0,0,0,,,,0,1,1,1,0.973504,0.597576,896,545,0.962125,STAND LOCKED,466,379,1713,1080,,,,,,
156,5.200000,61.277,9.686,4710,913,48,0.802850,0.756808,0.741128,0.779829,0.000000,0,0.000,0.000,INSUFFICIENT LASHING PATTERN,NO BUNDLE,0,0,0,,,,0,1,1,1,0.984310,0.612801,1029,542,0.978882,STAND LOCKED,466,379,1713,1080,,,,,,
157,5.233333,64.106,10.308,2212,115,38,0.839561,0.675615,0.766535,0.757588,0.000000,0,0.000,0.000,NO LASHING,NO BUNDLE,0,0,0,,,,0,1,1,1,0.984310,0.612801,1029,542,0.978882,STAND LOCKED,466,379,1713,1080,,,,,,
158,5.266667,62.462,10.272,55,66,18,0.713400,0.644156,0.734642,0.678778,0.000000,0,0.000,0.000,NO BLACK,NO BUNDLE,0,0,0,,,,0,1,1,1,1.000000,0.643388,989,564,0.943645,STAND LOCKED,466,379,1713,1080,,,,,,
159,5.300000,63.773,10.785,124,0,0,0.755467,0.000000,0.000000,0.000000,0.000000,0,0.000,0.000,NO BLACK,NO BUNDLE,0,0,0,,,,0,1,1,1,1.000000,0.643388,989,564,0.943645,STAND LOCKED,466,379,1713,1080,,,,,,
160,5.333333,61.598,10.703,25101,108,840,0.842139,0.651468,0.813380,0.746804,0.000000,0,0.000,0.000,NO LASHING,NO BUNDLE,0,0,0,,,,0,1,1,1,0.799778,0.591494,1016,685,0.722048,STAND LOCKED,,,,,,,,,,
161,5.366667,62.818,10.552,12878,2410,10,0.835180,0.743261,0.712318,0.789220,0.000000,0,0.000,0.000,GEOMETRY FAIL,NO BUNDLE,0,0,0,,,,0,1,1,1,0.799778,0.591494,1016,685,0.722048,STAND LOCKED,0,0,1920,1080,,,,,,
162,5.400000,62.104,10.533,13601,21,2185,0.870279,0.610023,0.860341,0.740151,0.000000,0,0.000,0.000,NO LASHING,NO BUNDLE,0,0,0,,,,0,1,1,1,0.945000,0.627605,916,485,0.551033,STAND LOCKED,0,0,1920,1080,,,,,,
163,5.433333,62.711,11.078,8398,0,1509,0.864214,0.000000,0.864517,0.000000,0.000000,0,0.000,0.000,NO LASHING,NO BUNDLE,0,0,0,,,,0,1,1,1,0.945000,0.627605,916,485,0.551033,STAND LOCKED,0,0,1920,1080,,,,,,
164,5.466667,61.830,10.981,10976,0,0,0.888882,0.000000,0.000000,0.000000,0.000000,0,0.000,0.000,NO LASHING,NO BUNDLE,0,0,0,,,,0,1,1,1,0.880111,0.583644,928,483,0.700187,STAND LOCKED,0,0,1920,1080,,,,,,
165,5.500000,62.162,11.445,12785,0,736,0.881429,0.000000,0.787880,0.000000,0.000000,0,0.000,0.000,NO LASHING,NO BUNDLE,0,0,0,,,,0,1,1,1,0.880111,0.583644,928,483,0.700187,STAND LOCKED,0,0,1920,1080,,,,,,
166,5.533333,61.113,11.250,13466,2,636,0.877058,0.605981,0.826223,0.741520,0.000000,0,0.000,0.000,NO LASHING,NO BUNDLE,0,0,0,,,,0,1,1,1,0.879286,0.541018,840,592,0.663417,STAND LOCKED,0,0,1920,1080,,,,,,
167,5.566667,63.358,11.631,12221,0,1475,0.850053,0.000000,0.830274,0.000000,0.000000,0,0.000,0.000,NO LASHING,NO BUNDLE,0,0,0,,,,0,1,1,1,0.879286,0.541018,840,592,0.663417,STAND LOCKED,0,0,1920,1080,,,,,,
168,5.600000,61.782,11.357,11839,0,749,0.837959,0.000000,0.788445,0.000000,0.000000,0,0.000,0.000,NO LASHING,NO BUNDLE,0,0,0,,,,0,1,1,1,0.972628,0.635641,878,462,0.604093,STAND LOCKED,0,0,1920,1080,,,,,,
169,5.633333,60.716,11.785,10790,0,1564,0.841681,0.000000,0.871881,0.000000,0.000000,0,0.000,0.000,NO LASHING,NO BUNDLE,0,0,0,,,,0,1,1,1,0.972628,0.635641,878,462,0.604093,STAND LOCKED,0,0,1920,1080,,,,,,
170,5.666667,62.900,11.476,12173,0,734,0.850737,0.000000,0.843995,0.000000,0.000000,0,0.000,0.000,NO LASHING,NO BUNDLE,0,0,0,,,,0,1,1,1,0.913368,0.576352,911,470,0.752583,STAND LOCKED,0,0,1920,1080,,,,,,
171,5.700000,61.651,11.863,8688,9,392,0.857013,0.605921,0.839834,0.731467,0.000000,0,0.000,0.000,NO LASHING,NO BUNDLE,0,0,0,,,,0,1,1,1,0.913368,0.576352,911,470,0.752583,STAND LOCKED,0,0,1920,1080,,,,,,
172,5.733333,63.335,11.562,7309,0,791,0.872818,0.000000,0.886976,0.000000,0.000000,0,0.000,0.000,NO LASHING,NO BUNDLE,0,0,0,,,,0,1,1,0,0.913368,0.576352,911,470,0.752583,STAND TARGET JUMP REJECTED,0,0,1920,1080,,,,,,
173,5.766667,62.013,11.983,6637,0,200,0.850060,0.000000,0.768405,0.000000,0.000000,0,0.000,0.000,NO LASHING,NO BUNDLE,0,0,0,,,,0,1,1,0,0.913368,0.576352,911,470,0.752583,STAND TARGET JUMP REJECTED,0,0,1920,1080,,,,,,
174,5.800000,61.847,11.681,9165,0,860,0.839974,0.000000,0.844496,0.000000,0.000000,0,0.000,0.000,NO LASHING,NO BUNDLE,0,0,0,,,,0,1,1,1,0.858528,0.564989,1016,601,0.713477,STAND LOCKED,0,0,1920,1080,,,,,,
175,5.833333,62.432,12.051,7738,0,1306,0.862242,0.000000,0.855516,0.000000,0.000000,0,0.000,0.000,NO LASHING,NO BUNDLE,0,0,0,,,,0,1,1,1,0.858528,0.564989,1016,601,0.713477,STAND LOCKED,0,0,1920,1080,,,,,,
176,5.866667,63.257,11.755,9323,0,732,0.843757,0.000000,0.867888,0.000000,0.000000,0,0.000,0.000,NO LASHING,NO BUNDLE,0,0,0,,,,0,1,1,0,0.858528,0.564989,1016,601,0.713477,STAND TARGET JUMP REJECTED,0,0,1920,1080,,,,,,
177,5.900000,64.271,12.074,5667,13,1044,0.827821,0.642616,0.825277,0.735219,0.000000,0,0.000,0.000,NO LASHING,NO BUNDLE,0,0,0,,,,0,1,1,0,0.858528,0.564989,1016,601,0.713477,STAND TARGET JUMP REJECTED,0,0,1920,1080,,,,,,
178,5.933333,62.095,11.749,7315,0,1168,0.837622,0.000000,0.902453,0.000000,0.000000,0,0.000,0.000,NO LASHING,NO BUNDLE,0,0,0,,,,0,1,1,0,0.858528,0.564989,1016,601,0.713477,STAND TARGET JUMP REJECTED,0,0,1920,1080,,,,,,
179,5.966667,62.262,12.168,5800,44,1050,0.834802,0.653269,0.867334,0.744036,0.000000,0,0.000,0.000,NO LASHING,NO BUNDLE,0,0,0,,,,0,1,1,0,0.858528,0.564989,1016,601,0.713477,STAND TARGET JUMP REJECTED,,,,,,,,,,
180,6.000000,63.644,11.814,5288,0,785,0.844944,0.000000,0.877049,0.000000,0.000000,0,0.000,0.000,NO LASHING,NO BUNDLE,0,0,0,,,,0,1,1,1,0.962781,0.605484,1011,560,0.793657,STAND LOCKED,0,0,1920,1080,,,,,,
181,6.033333,62.868,12.150,4704,26,562,0.863562,0.620961,0.817135,0.742261,0.000000,0,0.000,0.000,NO LASHING,NO BUNDLE,0,0,0,,,,0,1,1,1,0.962781,0.605484,1011,560,0.793657,STAND LOCKED,0,0,1920,1080,,,,,,
182,6.066667,62.573,11.309,4829,501,84,0.845904,0.737288,0.740494,0.791596,0.000000,0,0.000,0.000,INSUFFICIENT LASHING PATTERN,NO BUNDLE,0,0,0,,,,0,1,1,1,0.792777,0.616418,982,428,0.630109,STAND LOCKED,0,0,1920,1080,,,,,,
183,6.100000,63.355,10.611,5822,1243,539,0.859166,0.715128,0.808824,0.787147,0.000000,0,0.000,0.000,COMPONENTS TOO FAR,NO BUNDLE,0,0,0,,,,0,1,1,1,0.792777,0.616418,982,428,0.630109,STAND LOCKED,0,0,1920,1080,,,,,,
184,6.133333,62.559,10.199,4149,505,1115,0.837295,0.676061,0.809146,0.756678,0.000000,0,0.000,0.000,COMPONENTS TOO FAR,NO BUNDLE,0,0,0,,,,0,1,1,1,0.928300,0.629800,970,366,0.593179,STAND LOCKED,0,0,1920,1080,,,,,,
185,6.166667,62.663,10.253,5516,139,469,0.859761,0.657419,0.774153,0.758590,0.000000,0,0.000,0.000,GEOMETRY FAIL,NO BUNDLE,0,0,0,,,,0,1,1,1,0.928300,0.629800,970,366,0.593179,STAND LOCKED,0,0,1920,1080,,,,,,
186,6.200000,60.956,10.307,4276,106,759,0.855222,0.668350,0.868805,0.761786,0.000000,0,0.000,0.000,NO LASHING,NO BUNDLE,0,0,0,,,,0,1,1,0,0.928300,0.629800,970,366,0.593179,STAND TARGET JUMP REJECTED,0,0,1920,1080,,,,,,
187,6.233333,62.707,10.877,6437,75,136,0.857891,0.670017,0.759987,0.763954,0.000000,0,0.000,0.000,NO LASHING,NO BUNDLE,0,0,0,,,,0,1,1,0,0.928300,0.629800,970,366,0.593179,STAND TARGET JUMP REJECTED,0,0,1920,1080,,,,,,
188,6.266667,62.392,10.802,6227,0,196,0.858798,0.000000,0.797473,0.000000,0.000000,0,0.000,0.000,NO LASHING,NO BUNDLE,0,0,0,,,,0,1,1,1,0.880155,0.618639,1104,450,0.570449,STAND LOCKED,0,0,1920,1080,,,,,,
189,6.300000,62.749,11.291,6366,48,1171,0.856363,0.659072,0.884371,0.757717,0.000000,0,0.000,0.000,NO LASHING,NO BUNDLE,0,0,0,,,,0,1,1,1,0.880155,0.618639,1104,450,0.570449,STAND LOCKED,0,0,1920,1080,,,,,,
190,6.333333,62.421,10.516,6312,299,1387,0.864306,0.723780,0.866162,0.794043,0.000000,0,0.000,0.000,COMPONENTS TOO FAR,NO BUNDLE,0,0,0,,,,0,1,1,1,0.863230,0.564968,1031,427,0.647813,STAND LOCKED,0,0,1920,1080,,,,,,
191,6.366667,62.109,10.333,7355,283,1930,0.855716,0.712385,0.852790,0.784050,0.000000,0,0.000,0.000,GEOMETRY FAIL,NO BUNDLE,0,0,0,,,,0,1,1,1,0.863230,0.564968,1031,427,0.647813,STAND LOCKED,0,0,1920,1080,,,,,,
192,6.400000,61.176,9.620,6821,952,2743,0.867242,0.765694,0.874012,0.816468,0.000000,0,0.000,0.000,COMPONENTS TOO FAR,NO BUNDLE,0,0,0,,,,0,1,1,1,0.865482,0.583823,1177,406,0.477905,STAND LOCKED,0,0,1920,1080,,,,,,
193,6.433333,64.488,9.164,7554,1107,3088,0.860442,0.743768,0.861718,0.802105,0.000000,0,0.000,0.000,INSUFFICIENT LASHING PATTERN,NO BUNDLE,0,0,0,,,,0,1,1,1,0.865482,0.583823,1177,406,0.477905,STAND LOCKED,0,0,1920,1080,,,,,,
194,6.466667,61.125,8.515,6546,2291,894,0.895835,0.752940,0.804334,0.824388,0.000000,0,0.000,0.000,INSUFFICIENT LASHING PATTERN,NO BUNDLE,0,0,0,,,,0,1,1,1,0.691058,0.616423,1410,395,0.363252,STAND LOCKED,332,0,1920,893,,,,,,
195,6.500000,62.623,7.974,6165,2613,713,0.924539,0.737097,0.857525,0.839720,0.824412,1,186.766,25.879,VALID,CANDIDATE,1,1,0,817,381,92.000,0,1,1,1,0.691058,0.616423,1410,395,0.363252,STAND LOCKED,332,0,1920,893,,,,,,
196,6.533333,55.183,8.342,8,138,26,0.712009,0.719640,0.763275,0.715825,0.000000,0,0.000,0.000,NO BLACK,NO BUNDLE,0,0,0,,,,0,1,1,1,0.779568,0.628399,1611,400,0.339158,STAND LOCKED,470,207,1046,531,,,,,,
197,6.566667,58.714,9.380,22,49,3,0.720146,0.650743,0.734114,0.685445,0.000000,0,0.000,0.000,NO BLACK,NO BUNDLE,0,0,0,,,,0,1,1,1,0.779568,0.628399,1611,400,0.339158,STAND LOCKED,470,207,1046,531,,,,,,
198,6.600000,61.318,9.419,75,22,12,0.730823,0.643913,0.768543,0.687368,0.000000,0,0.000,0.000,NO BLACK,NO BUNDLE,0,0,0,,,,0,1,1,1,0.914630,0.593098,1599,302,0.308454,STAND LOCKED,470,207,1046,531,,,,,,
199,6.633333,62.158,10.183,4,68,0,0.714274,0.681264,0.000000,0.697769,0.000000,0,0.000,0.000,NO BLACK,NO BUNDLE,0,0,0,,,,0,1,1,1,0.914630,0.593098,1599,302,0.308454,STAND LOCKED,470,207,1046,531,,,,,,
200,6.666667,61.431,9.972,44,80,2,0.747331,0.698170,0.769529,0.722750,0.000000,0,0.000,0.000,NO BLACK,NO BUNDLE,0,0,0,,,,0,1,1,1,0.931350,0.567855,1607,305,0.446906,STAND LOCKED,470,207,1046,531,,,,,,
201,6.700000,61.836,10.643,15,24,17,0.712655,0.634232,0.762294,0.673444,0.000000,0,0.000,0.000,NO BLACK,NO BUNDLE,0,0,0,,,,0,1,1,1,0.931350,0.567855,1607,305,0.446906,STAND LOCKED,470,207,1046,531,,,,,,
202,6.733333,62.892,10.428,34,124,27,0.748780,0.714305,0.802105,0.731543,0.000000,0,0.000,0.000,NO BLACK,NO BUNDLE,0,0,0,,,,0,1,1,1,0.873783,0.551268,1581,332,0.458793,STAND LOCKED,470,207,1046,531,,,,,,
203,6.766667,61.965,11.042,10,71,38,0.715333,0.670365,0.751401,0.692849,0.000000,0,0.000,0.000,NO BLACK,NO BUNDLE,0,0,0,,,,0,1,1,1,0.873783,0.551268,1581,332,0.458793,STAND LOCKED,470,207,1046,531,,,,,,
204,6.800000,61.807,10.713,0,92,78,0.000000,0.693153,0.824548,0.000000,0.000000,0,0.000,0.000,NO BLACK,NO BUNDLE,0,0,0,,,,0,1,1,1,0.910123,0.527619,1503,326,0.529327,STAND LOCKED,470,207,1046,531,,,,,,
205,6.833333,61.530,11.256,9,106,31,0.726106,0.697056,0.802228,0.711581,0.000000,0,0.000,0.000,NO BLACK,NO BUNDLE,0,0,0,,,,0,1,1,1,0.910123,0.527619,1503,326,0.529327,STAND LOCKED,470,207,1046,531,,,,,,
206,6.866667,60.868,10.933,0,37,0,0.000000,0.648808,0.000000,0.000000,0.000000,0,0.000,0.000,NO BLACK,NO BUNDLE,0,0,0,,,,0,1,1,0,0.910123,0.527619,1503,326,0.529327,STAND TARGET JUMP REJECTED,470,207,1046,531,,,,,,
207,6.900000,62.159,11.444,9,133,1,0.715799,0.732544,0.804946,0.724172,0.000000,0,0.000,0.000,NO BLACK,NO BUNDLE,0,0,0,,,,0,1,1,0,0.910123,0.527619,1503,326,0.529327,STAND TARGET JUMP REJECTED,470,207,1046,531,,,,,,
208,6.933333,64.813,11.074,0,49,0,0.000000,0.663422,0.000000,0.000000,0.000000,0,0.000,0.000,NO BLACK,NO BUNDLE,0,0,0,,,,0,1,1,1,0.841451,0.547651,1591,368,0.468892,STAND LOCKED,470,207,1046,531,,,,,,
209,6.966667,63.762,10.032,12561,2584,4688,0.919777,0.794167,0.859590,0.857844,0.853694,1,189.545,27.505,VALID,CANDIDATE,1,1,0,880,384,109.000,0,1,1,1,0.841451,0.547651,1591,368,0.468892,STAND LOCKED,,,,,,,,,,
210,7.000000,56.640,9.906,0,109,0,0.000000,0.723196,0.000000,0.000000,0.000000,0,0.000,0.000,NO BLACK,NO BUNDLE,0,0,0,,,,0,1,1,1,0.844429,0.603730,1622,406,0.388733,STAND LOCKED,559,214,1135,538,,,,,,
211,7.033333,64.748,10.531,0,0,0,0.000000,0.000000,0.000000,0.000000,0.000000,0,0.000,0.000,NO BLACK,NO BUNDLE,0,0,0,,,,0,1,1,1,0.844429,0.603730,1622,406,0.388733,STAND LOCKED,559,214,1135,538,,,,,,
212,7.066667,61.198,10.337,0,31,0,0.000000,0.693447,0.000000,0.000000,0.000000,0,0.000,0.000,NO BLACK,NO BUNDLE,0,0,0,,,,0,1,1,1,0.899819,0.589992,1563,328,0.397985,STAND LOCKED,559,214,1135,538,,,,,,
213,7.100000,62.025,10.953,0,72,1,0.000000,0.701925,0.774237,0.000000,0.000000,0,0.000,0.000,NO BLACK,NO BUNDLE,0,0,0,,,,0,1,1,1,0.899819,0.589992,1563,328,0.397985,STAND LOCKED,559,214,1135,538,,,,,,
214,7.133333,63.170,10.653,0,31,5,0.000000,0.680935,0.819283,0.000000,0.000000,0,0.000,0.000,NO BLACK,NO BUNDLE,0,0,0,,,,0,1,1,1,0.949525,0.579219,1551,321,0.501454,STAND LOCKED,559,214,1135,538,,,,,,
215,7.166667,61.399,11.230,0,22,10,0.000000,0.698250,0.806366,0.000000,0.000000,0,0.000,0.000,NO BLACK,NO BUNDLE,0,0,0,,,,0,1,1,1,0.949525,0.579219,1551,321,0.501454,STAND LOCKED,559,214,1135,538,,,,,,
216,7.200000,61.401,10.911,4,86,1,0.719143,0.679582,0.729371,0.699363,0.000000,0,0.000,0.000,NO BLACK,NO BUNDLE,0,0,0,,,,0,1,1,1,0.716173,0.508639,1606,373,0.457877,STAND LOCKED,559,214,1135,538,,,,,,
217,7.233333,62.739,11.430,0,32,18,0.000000,0.685850,0.727969,0.000000,0.000000,0,0.000,0.000,NO BLACK,NO BUNDLE,0,0,0,,,,0,1,1,1,0.716173,0.508639,1606,373,0.457877,STAND LOCKED,559,214,1135,538,,,,,,
218,7.266667,61.545,11.044,29,140,0,0.736387,0.742052,0.000000,0.739219,0.000000,0,0.000,0.000,NO BLACK,NO BUNDLE,0,0,0,,,,0,1,1,1,0.910689,0.508927,1542,386,0.583915,STAND LOCKED,559,214,1135,538,,,,,,
219,7.300000,61.850,11.542,0,28,7,0.000000,0.654704,0.827415,0.000000,0.000000,0,0.000,0.000,NO BLACK,NO BUNDLE,0,0,0,,,,0,1,1,1,0.910689,0.508927,1542,386,0.583915,STAND LOCKED,559,214,1135,538,,,,,,
220,7.333333,62.324,11.103,0,46,0,0.000000,0.718513,0.000000,0.000000,0.000000,0,0.000,0.000,NO BLACK,NO BUNDLE,0,0,0,,,,0,1,1,1,0.896124,0.598698,1484,349,0.567299,STAND LOCKED,559,214,1135,538,,,,,,
221,7.366667,62.408,11.608,0,121,0,0.000000,0.691135,0.000000,0.000000,0.000000,0,0.000,0.000,NO BLACK,NO BUNDLE,0,0,0,,,,0,1,1,1,0.896124,0.598698,1484,349,0.567299,STAND LOCKED,559,214,1135,538,,,,,,
222,7.400000,62.887,11.214,0,0,0,0.000000,0.000000,0.000000,0.000000,0.000000,0,0.000,0.000,NO BLACK,NO BUNDLE,0,0,0,,,,0,1,1,1,0.926288,0.601256,1419,375,0.653525,STAND LOCKED,559,214,1135,538,,,,,,
223,7.433333,69.655,11.498,0,12,6,0.000000,0.631601,0.723718,0.000000,0.000000,0,0.000,0.000,NO BLACK,NO BUNDLE,0,0,0,,,,0,1,1,1,0.926288,0.601256,1419,375,0.653525,STAND LOCKED,559,214,1135,538,,,,,,
224,7.466667,62.756,11.157,0,0,0,0.000000,0.000000,0.000000,0.000000,0.000000,0,0.000,0.000,NO BLACK,NO BUNDLE,0,0,0,,,,0,1,1,1,0.945000,0.639542,1351,373,0.668392,STAND LOCKED,559,214,1135,538,,,,,,
225,7.500000,62.376,11.637,14,21,0,0.709545,0.650913,0.000000,0.680229,0.000000,0,0.000,0.000,NO BLACK,NO BUNDLE,0,0,0,,,,0,1,1,1,0.945000,0.639542,1351,373,0.668392,STAND LOCKED,559,214,1135,538,,,,,,
226,7.533333,62.741,11.271,42,110,0,0.743092,0.694413,0.000000,0.718753,0.000000,0,0.000,0.000,NO BLACK,NO BUNDLE,0,0,0,,,,0,1,1,1,0.927106,0.630988,1282,309,0.549804,STAND LOCKED,559,214,1135,538,,,,,,
227,7.566667,61.906,11.731,37,26,0,0.757292,0.665512,0.000000,0.711402,0.000000,0,0.000,0.000,NO BLACK,NO BUNDLE,0,0,0,,,,0,1,1,1,0.927106,0.630988,1282,309,0.549804,STAND LOCKED,559,214,1135,538,,,,,,
228,7.600000,61.728,11.512,1,41,0,0.704509,0.683864,0.000000,0.694186,0.000000,0,0.000,0.000,NO BLACK,NO BUNDLE,0,0,0,,,,0,1,1,1,0.886037,0.590305,1198,284,0.513754,STAND LOCKED,559,214,1135,538,,,,,,
229,7.633333,62.571,11.928,3,0,0,0.706298,0.000000,0.000000,0.000000,0.000000,0,0.000,0.000,NO BLACK,NO BUNDLE,0,0,0,,,,0,1,1,1,0.886037,0.590305,1198,284,0.513754,STAND LOCKED,559,214,1135,538,,,,,,
230,7.666667,62.186,10.784,10742,1228,2011,0.917446,0.687627,0.826216,0.810429,0.802825,1,182.596,27.902,VALID,CANDIDATE,1,1,0,907,311,102.000,0,1,1,0,0.886037,0.590305,1198,284,0.513754,STAND TARGET JUMP REJECTED,,,,,,,,,,
231,7.700000,63.342,11.290,0,5,0,0.000000,0.624918,0.000000,0.000000,0.000000,0,0.000,0.000,NO BLACK,NO BUNDLE,0,0,0,,,,0,1,1,0,0.886037,0.590305,1198,284,0.513754,STAND TARGET JUMP REJECTED,605,146,1181,470,,,,,,
232,7.733333,59.264,10.836,0,8,0,0.000000,0.626262,0.000000,0.000000,0.000000,0,0.000,0.000,NO BLACK,NO BUNDLE,0,0,0,,,,0,1,1,1,0.695449,0.684619,1063,378,0.363088,STAND LOCKED,605,146,1181,470,,,,,,
233,7.766667,58.482,11.500,10,67,41,0.720399,0.700265,0.835706,0.710332,0.000000,0,0.000,0.000,NO BLACK,NO BUNDLE,0,0,0,,,,0,1,1,1,0.695449,0.684619,1063,378,0.363088,STAND LOCKED,605,146,1181,470,,,,,,
234,7.800000,61.767,11.466,0,10,2,0.000000,0.619476,0.704965,0.000000,0.000000,0,0.000,0.000,NO BLACK,NO BUNDLE,0,0,0,,,,0,1,1,0,0.695449,0.684619,1063,378,0.363088,STAND TARGET JUMP REJECTED,605,146,1181,470,,,,,,
235,7.833333,66.690,11.799,0,26,0,0.000000,0.688115,0.000000,0.000000,0.000000,0,0.000,0.000,NO BLACK,NO BUNDLE,0,0,0,,,,0,1,1,0,0.695449,0.684619,1063,378,0.363088,STAND TARGET JUMP REJECTED,605,146,1181,470,,,,,,
236,7.866667,62.254,11.712,0,23,2,0.000000,0.672854,0.753942,0.000000,0.000000,0,0.000,0.000,NO BLACK,NO BUNDLE,0,0,0,,,,0,1,1,0,0.695449,0.684619,1063,378,0.363088,STAND TARGET JUMP REJECTED,605,146,1181,470,,,,,,
237,7.900000,62.767,12.135,0,0,0,0.000000,0.000000,0.000000,0.000000,0.000000,0,0.000,0.000,NO BLACK,NO BUNDLE,0,0,0,,,,0,1,1,0,0.695449,0.684619,1063,378,0.363088,STAND TARGET JUMP REJECTED,605,146,1181,470,,,,,,
238,7.933333,62.229,11.973,0,0,0,0.000000,0.000000,0.000000,0.000000,0.000000,0,0.000,0.000,NO BLACK,NO BUNDLE,0,0,0,,,,0,1,1,1,0.945000,0.673899,1117,373,0.372695,STAND LOCKED,605,146,1181,470,,,,,,
239,7.966667,63.594,10.741,18395,11381,5565,0.837999,0.824762,0.878285,0.847015,0.774644,1,179.485,35.708,VALID,CANDIDATE,1,1,0,623,521,173.000,0,1,1,1,0.945000,0.673899,1117,373,0.372695,STAND LOCKED,,,,,,,,,,
240,8.000000,57.108,10.849,6,0,66,0.709102,0.000000,0.813756,0.000000,0.000000,0,0.000,0.000,NO BLACK,NO BUNDLE,0,0,0,,,,0,1,1,1,0.958200,0.645461,1036,372,0.516555,STAND LOCKED,324,351,900,675,,,,,,
241,8.033333,57.654,11.525,10,0,4,0.753195,0.000000,0.753666,0.000000,0.000000,0,0.000,0.000,NO BLACK,NO BUNDLE,0,0,0,,,,0,1,1,1,0.958200,0.645461,1036,372,0.516555,STAND LOCKED,324,351,900,675,,,,,,
242,8.066667,63.385,11.401,0,0,14,0.000000,0.000000,0.755732,0.000000,0.000000,0,0.000,0.000,NO BLACK,NO BUNDLE,0,0,0,,,,0,1,1,1,0.921345,0.627441,974,357,0.578746,STAND LOCKED,324,351,900,675,,,,,,
243,8.100000,58.121,11.992,0,0,38,0.000000,0.000000,0.829396,0.000000,0.000000,0,0.000,0.000,NO BLACK,NO BUNDLE,0,0,0,,,,0,1,1,1,0.921345,0.627441,974,357,0.578746,STAND LOCKED,324,351,900,675,,,,,,
244,8.133333,62.176,11.771,80,0,0,0.752983,0.000000,0.000000,0.000000,0.000000,0,0.000,0.000,NO BLACK,NO BUNDLE,0,0,0,,,,0,1,1,1,0.878602,0.624904,965,340,0.580251,STAND LOCKED,324,351,900,675,,,,,,
245,8.166667,61.792,12.215,0,0,0,0.000000,0.000000,0.000000,0.000000,0.000000,0,0.000,0.000,NO BLACK,NO BUNDLE,0,0,0,,,,0,1,1,1,0.878602,0.624904,965,340,0.580251,STAND LOCKED,324,351,900,675,,,,,,
246,8.200000,60.762,11.981,0,0,0,0.000000,0.000000,0.000000,0.000000,0.000000,0,0.000,0.000,NO BLACK,NO BUNDLE,0,0,0,,,,0,1,1,1,0.945000,0.657142,928,374,0.662409,STAND LOCKED,324,351,900,675,,,,,,
247,8.233333,61.976,12.351,0,0,0,0.000000,0.000000,0.000000,0.000000,0.000000,0,0.000,0.000,NO BLACK,NO BUNDLE,0,0,0,,,,0,1,1,1,0.945000,0.657142,928,374,0.662409,STAND LOCKED,324,351,900,675,,,,,,
248,8.266667,62.422,12.008,9,0,70,0.771340,0.000000,0.800594,0.000000,0.000000,0,0.000,0.000,NO BLACK,NO BUNDLE,0,0,0,,,,0,1,1,1,0.871776,0.643190,948,339,0.605677,STAND LOCKED,324,351,900,675,,,,,,
249,8.300000,63.080,12.354,2,0,80,0.703890,0.000000,0.811229,0.000000,0.000000,0,0.000,0.000,NO BLACK,NO BUNDLE,0,0,0,,,,0,1,1,1,0.871776,0.643190,948,339,0.605677,STAND LOCKED,324,351,900,675,,,,,,
250,8.333333,62.313,12.080,0,0,0,0.000000,0.000000,0.000000,0.000000,0.000000,0,0.000,0.000,NO BLACK,NO BUNDLE,0,0,0,,,,0,1,1,1,0.945000,0.712093,956,388,0.520564,STAND LOCKED,324,351,900,675,,,,,,
251,8.366667,62.733,12.449,0,0,0,0.000000,0.000000,0.000000,0.000000,0.000000,0,0.000,0.000,NO BLACK,NO BUNDLE,0,0,0,,,,0,1,1,1,0.945000,0.712093,956,388,0.520564,STAND LOCKED,324,351,900,675,,,,,,
252,8.400000,61.693,12.220,0,0,0,0.000000,0.000000,0.000000,0.000000,0.000000,0,0.000,0.000,NO BLACK,NO BUNDLE,0,0,0,,,,0,1,1,1,0.818180,0.722462,947,364,0.393143,STAND LOCKED,324,351,900,675,,,,,,
253,8.433333,62.330,12.572,0,0,0,0.000000,0.000000,0.000000,0.000000,0.000000,0,0.000,0.000,NO BLACK,NO BUNDLE,0,0,0,,,,0,1,1,1,0.818180,0.722462,947,364,0.393143,STAND LOCKED,324,351,900,675,,,,,,
254,8.466667,62.015,12.335,0,3,4,0.000000,0.606671,0.749704,0.000000,0.000000,0,0.000,0.000,NO BLACK,NO BUNDLE,0,0,0,,,,0,1,1,1,0.926486,0.666551,950,324,0.464136,STAND LOCKED,324,351,900,675,,,,,,
255,8.500000,61.802,12.698,0,0,0,0.000000,0.000000,0.000000,0.000000,0.000000,0,0.000,0.000,NO BLACK,NO BUNDLE,0,0,0,,,,0,1,1,1,0.926486,0.666551,950,324,0.464136,STAND LOCKED,324,351,900,675,,,,,,
256,8.533333,61.581,12.478,0,0,0,0.000000,0.000000,0.000000,0.000000,0.000000,0,0.000,0.000,NO BLACK,NO BUNDLE,0,0,0,,,,0,1,1,1,0.917570,0.633658,958,305,0.483861,STAND LOCKED,324,351,900,675,,,,,,
257,8.566667,58.178,12.897,0,0,0,0.000000,0.000000,0.000000,0.000000,0.000000,0,0.000,0.000,NO BLACK,NO BUNDLE,0,0,0,,,,0,1,1,1,0.917570,0.633658,958,305,0.483861,STAND LOCKED,324,351,900,675,,,,,,
258,8.600000,62.996,12.575,0,0,0,0.000000,0.000000,0.000000,0.000000,0.000000,0,0.000,0.000,NO BLACK,NO BUNDLE,0,0,0,,,,0,1,1,1,0.897467,0.601420,1008,306,0.521256,STAND LOCKED,324,351,900,675,,,,,,
259,8.633333,61.702,12.894,0,0,0,0.000000,0.000000,0.000000,0.000000,0.000000,0,0.000,0.000,NO BLACK,NO BUNDLE,0,0,0,,,,0,1,1,1,0.897467,0.601420,1008,306,0.521256,STAND LOCKED,324,351,900,675,,,,,,
260,8.666667,62.401,11.722,11602,1567,2040,0.920230,0.811219,0.864550,0.865333,0.853555,1,172.018,38.174,VALID,CANDIDATE,1,1,0,1058,281,112.000,0,1,1,1,0.973131,0.615677,983,304,0.542158,STAND LOCKED,,,,,,,,,,
261,8.700000,58.221,12.192,0,24,0,0.000000,0.692773,0.000000,0.000000,0.000000,0,0.000,0.000,NO BLACK,NO BUNDLE,0,0,0,,,,0,1,1,1,0.973131,0.615677,983,304,0.542158,STAND LOCKED,741,114,1317,438,,,,,,
262,8.733333,63.689,11.952,0,63,0,0.000000,0.680336,0.000000,0.000000,0.000000,0,0.000,0.000,NO BLACK,NO BUNDLE,0,0,0,,,,0,1,1,1,1.000000,0.639044,955,310,0.563786,STAND LOCKED,741,114,1317,438,,,,,,
263,8.766667,64.056,12.286,0,21,0,0.000000,0.691493,0.000000,0.000000,0.000000,0,0.000,0.000,NO BLACK,NO BUNDLE,0,0,0,,,,0,1,1,1,1.000000,0.639044,955,310,0.563786,STAND LOCKED,741,114,1317,438,,,,,,
264,8.800000,62.607,12.035,0,7,0,0.000000,0.630707,0.000000,0.000000,0.000000,0,0.000,0.000,NO BLACK,NO BUNDLE,0,0,0,,,,0,1,1,1,0.843580,0.631906,962,278,0.498148,STAND LOCKED,741,114,1317,438,,,,,,
265,8.833333,65.236,12.285,0,25,0,0.000000,0.645269,0.000000,0.000000,0.000000,0,0.000,0.000,NO BLACK,NO BUNDLE,0,0,0,,,,0,1,1,1,0.843580,0.631906,962,278,0.498148,STAND LOCKED,741,114,1317,438,,,,,,
266,8.866667,60.992,12.159,0,0,0,0.000000,0.000000,0.000000,0.000000,0.000000,0,0.000,0.000,NO BLACK,NO BUNDLE,0,0,0,,,,0,1,1,0,0.843580,0.631906,962,278,0.498148,STAND TARGET JUMP REJECTED,741,114,1317,438,,,,,,
267,8.900000,62.491,12.491,0,4,0,0.000000,0.610248,0.000000,0.000000,0.000000,0,0.000,0.000,NO BLACK,NO BUNDLE,0,0,0,,,,0,1,1,0,0.843580,0.631906,962,278,0.498148,STAND TARGET JUMP REJECTED,741,114,1317,438,,,,,,
268,8.933333,61.509,12.310,0,0,0,0.000000,0.000000,0.000000,0.000000,0.000000,0,0.000,0.000,NO BLACK,NO BUNDLE,0,0,0,,,,0,1,1,1,0.916880,0.617469,1124,263,0.478796,STAND LOCKED,741,114,1317,438,,,,,,
269,8.966667,63.257,11.344,11421,1239,1048,0.893116,0.694009,0.803369,0.793562,0.000000,0,0.000,0.000,COMPONENTS TOO FAR,NO BUNDLE,0,0,0,,,,0,1,1,1,0.916880,0.617469,1124,263,0.478796,STAND LOCKED,,,,,,,,,,
270,9.000000,61.828,11.277,0,0,0,0.000000,0.000000,0.000000,0.000000,0.000000,0,0.000,0.000,NO BLACK,NO BUNDLE,0,0,0,,,,0,1,1,1,0.882500,0.652480,1035,229,0.404903,STAND LOCKED,741,114,1317,438,,,,,,
271,9.033333,61.638,11.788,0,13,0,0.000000,0.650438,0.000000,0.000000,0.000000,0,0.000,0.000,NO BLACK,NO BUNDLE,0,0,0,,,,0,1,1,1,0.882500,0.652480,1035,229,0.404903,STAND LOCKED,741,114,1317,438,,,,,,
272,9.066667,62.842,11.722,0,29,0,0.000000,0.671313,0.000000,0.000000,0.000000,0,0.000,0.000,NO BLACK,NO BUNDLE,0,0,0,,,,0,1,1,1,0.959258,0.615780,978,258,0.465354,STAND LOCKED,741,114,1317,438,,,,,,
273,9.100000,63.127,12.088,0,8,0,0.000000,0.628643,0.000000,0.000000,0.000000,0,0.000,0.000,NO BLACK,NO BUNDLE,0,0,0,,,,0,1,1,1,0.959258,0.615780,978,258,0.465354,STAND LOCKED,741,114,1317,438,,,,,,
274,9.133333,62.449,11.926,0,0,0,0.000000,0.000000,0.000000,0.000000,0.000000,0,0.000,0.000,NO BLACK,NO BUNDLE,0,0,0,,,,0,1,1,1,0.935232,0.578427,962,306,0.525150,STAND LOCKED,741,114,1317,438,,,,,,
275,9.166667,62.160,12.294,6,22,0,0.726949,0.693987,0.000000,0.710468,0.000000,0,0.000,0.000,NO BLACK,NO BUNDLE,0,0,0,,,,0,1,1,1,0.935232,0.578427,962,306,0.525150,STAND LOCKED,741,114,1317,438,,,,,,
276,9.200000,62.423,12.086,0,26,0,0.000000,0.651518,0.000000,0.000000,0.000000,0,0.000,0.000,NO BLACK,NO BUNDLE,0,0,0,,,,0,1,1,1,0.893461,0.642597,1019,349,0.431873,STAND LOCKED,741,114,1317,438,,,,,,
277,9.233333,61.830,12.465,0,21,0,0.000000,0.648512,0.000000,0.000000,0.000000,0,0.000,0.000,NO BLACK,NO BUNDLE,0,0,0,,,,0,1,1,1,0.893461,0.642597,1019,349,0.431873,STAND LOCKED,741,114,1317,438,,,,,,
278,9.266667,62.675,12.239,5,2,0,0.737094,0.602625,0.000000,0.669859,0.000000,0,0.000,0.000,NO BLACK,NO BUNDLE,0,0,0,,,,0,1,1,1,0.895369,0.603623,1005,357,0.561010,STAND LOCKED,741,114,1317,438,,,,,,
279,9.300000,62.106,12.577,0,24,0,0.000000,0.670165,0.000000,0.000000,0.000000,0,0.000,0.000,NO BLACK,NO BUNDLE,0,0,0,,,,0,1,1,1,0.895369,0.603623,1005,357,0.561010,STAND LOCKED,741,114,1317,438,,,,,,
280,9.333333,61.501,12.329,0,0,0,0.000000,0.000000,0.000000,0.000000,0.000000,0,0.000,0.000,NO BLACK,NO BUNDLE,0,0,0,,,,0,1,1,1,0.891251,0.564849,944,385,0.659862,STAND LOCKED,741,114,1317,438,,,,,,
281,9.366667,62.992,11.421,10336,2162,1558,0.884068,0.738691,0.830935,0.811380,0.000000,0,0.000,0.000,INSUFFICIENT LASHING PATTERN,NO BUNDLE,0,0,0,,,,0,1,1,1,0.891251,0.564849,944,385,0.659862,STAND LOCKED,,,,,,,,,,
282,9.400000,62.848,10.397,10788,2265,2312,0.913170,0.746848,0.821595,0.827204,0.815354,1,185.924,31.168,VALID,CANDIDATE,1,1,0,272,183,104.000,0,1,1,1,0.827121,0.588947,962,538,0.467540,STAND LOCKED,0,0,1920,1080,,,,,,
283,9.433333,56.975,11.176,48,59,0,0.717573,0.653466,0.000000,0.685519,0.000000,0,0.000,0.000,NO BLACK,NO BUNDLE,0,0,0,,,,0,1,1,1,0.827121,0.588947,962,538,0.467540,STAND LOCKED,10,18,586,342,,,,,,
284,9.466667,57.774,11.159,0,74,0,0.000000,0.657701,0.000000,0.000000,0.000000,0,0.000,0.000,NO BLACK,NO BUNDLE,0,0,0,,,,0,1,1,0,0.827121,0.588947,962,538,0.467540,STAND TEMPORARILY LOST (1),10,18,586,342,,,,,,
285,9.500000,59.331,11.746,4,59,0,0.707200,0.663790,0.000000,0.685495,0.000000,0,0.000,0.000,NO BLACK,NO BUNDLE,0,0,0,,,,0,1,1,0,0.827121,0.588947,962,538,0.467540,STAND TEMPORARILY LOST (1),10,18,586,342,,,,,,
286,9.533333,60.157,11.623,7,72,6,0.712889,0.656128,0.731300,0.684509,0.000000,0,0.000,0.000,NO BLACK,NO BUNDLE,0,0,0,,,,0,1,1,0,0.827121,0.588947,962,538,0.467540,STAND TARGET JUMP REJECTED,10,18,586,342,,,,,,
287,9.566667,59.949,12.111,32,59,0,0.731396,0.676426,0.000000,0.703911,0.000000,0,0.000,0.000,NO BLACK,NO BUNDLE,0,0,0,,,,0,1,1,0,0.827121,0.588947,962,538,0.467540,STAND TARGET JUMP REJECTED,10,18,586,342,,,,,,
288,9.600000,61.233,11.912,2,55,0,0.713496,0.725462,0.000000,0.719479,0.000000,0,0.000,0.000,NO BLACK,NO BUNDLE,0,0,0,,,,0,1,1,1,0.756912,0.607565,1003,473,0.352985,STAND LOCKED,10,18,586,342,,,,,,
289,9.633333,62.778,12.273,49,106,0,0.730425,0.658192,0.000000,0.694308,0.000000,0,0.000,0.000,NO BLACK,NO BUNDLE,0,0,0,,,,0,1,1,1,0.756912,0.607565,1003,473,0.352985,STAND LOCKED,10,18,586,342,,,,,,
290,9.666667,61.117,12.206,0,89,0,0.000000,0.716322,0.000000,0.000000,0.000000,0,0.000,0.000,NO BLACK,NO BUNDLE,0,0,0,,,,0,1,1,1,0.845526,0.544629,975,472,0.505140,STAND LOCKED,10,18,586,342,,,,,,
291,9.700000,61.177,12.558,0,81,0,0.000000,0.762342,0.000000,0.000000,0.000000,0,0.000,0.000,NO BLACK,NO BUNDLE,0,0,0,,,,0,1,1,1,0.845526,0.544629,975,472,0.505140,STAND LOCKED,10,18,586,342,,,,,,
292,9.733333,62.737,12.252,27,28,0,0.734121,0.666315,0.000000,0.700218,0.000000,0,0.000,0.000,NO BLACK,NO BUNDLE,0,0,0,,,,0,1,1,0,0.845526,0.544629,975,472,0.505140,STAND TARGET JUMP REJECTED,10,18,586,342,,,,,,
293,9.766667,63.275,12.542,91,42,0,0.754880,0.643263,0.000000,0.699071,0.000000,0,0.000,0.000,NO BLACK,NO BUNDLE,0,0,0,,,,0,1,1,0,0.845526,0.544629,975,472,0.505140,STAND TARGET JUMP REJECTED,10,18,586,342,,,,,,
294,9.800000,62.682,12.263,3,62,0,0.714329,0.661235,0.000000,0.687782,0.000000,0,0.000,0.000,NO BLACK,NO BUNDLE,0,0,0,,,,0,1,1,1,0.899676,0.563273,968,364,0.459535,STAND LOCKED,10,18,586,342,,,,,,
295,9.833333,62.215,12.576,15,46,0,0.723026,0.651388,0.000000,0.687207,0.000000,0,0.000,0.000,NO BLACK,NO BUNDLE,0,0,0,,,,0,1,1,1,0.899676,0.563273,968,364,0.459535,STAND LOCKED,10,18,586,342,,,,,,
296,9.866667,61.575,12.293,13,0,0,0.726233,0.000000,0.000000,0.000000,0.000000,0,0.000,0.000,NO BLACK,NO BUNDLE,0,0,0,,,,0,1,1,0,0.899676,0.563273,968,364,0.459535,STAND TARGET JUMP REJECTED,10,18,586,342,,,,,,
297,9.900000,61.590,12.617,24,4,0,0.723810,0.647195,0.000000,0.685502,0.000000,0,0.000,0.000,NO BLACK,NO BUNDLE,0,0,0,,,,0,1,1,0,0.899676,0.563273,968,364,0.459535,STAND TARGET JUMP REJECTED,10,18,586,342,,,,,,
298,9.933333,62.591,12.328,37,39,0,0.749609,0.651668,0.000000,0.700638,0.000000,0,0.000,0.000,NO BLACK,NO BUNDLE,0,0,0,,,,0,1,1,0,0.899676,0.563273,968,364,0.459535,STAND TARGET JUMP REJECTED,10,18,586,342,,,,,,
299,9.966667,62.358,11.092,11822,2685,3030,0.919954,0.806718,0.827011,0.851228,0.878164,1,188.849,29.054,VALID,CANDIDATE,1,1,0,939,300,109.000,0,1,1,0,0.899676,0.563273,968,364,0.459535,STAND TARGET JUMP REJECTED,,,,,,,,,,
300,10.000000,56.249,11.134,5,23,2,0.722850,0.656526,0.746443,0.689688,0.000000,0,0.000,0.000,NO BLACK,NO BUNDLE,0,0,0,,,,0,1,1,1,0.854827,0.562398,961,404,0.536791,STAND LOCKED,610,127,1186,451,,,,,,
301,10.033333,61.926,11.641,7,48,1,0.717451,0.669415,0.731110,0.693433,0.000000,0,0.000,0.000,NO BLACK,NO BUNDLE,0,0,0,,,,0,1,1,1,0.854827,0.562398,961,404,0.536791,STAND LOCKED,610,127,1186,451,,,,,,
302,10.066667,61.255,11.515,0,32,0,0.000000,0.650233,0.000000,0.000000,0.000000,0,0.000,0.000,NO BLACK,NO BUNDLE,0,0,0,,,,0,1,1,1,0.942145,0.608103,951,334,0.510445,STAND LOCKED,610,127,1186,451,,,,,,
303,10.100000,61.580,11.964,0,67,0,0.000000,0.709015,0.000000,0.000000,0.000000,0,0.000,0.000,NO BLACK,NO BUNDLE,0,0,0,,,,0,1,1,1,0.942145,0.608103,951,334,0.510445,STAND LOCKED,610,127,1186,451,,,,,,
304,10.133333,61.782,11.814,7,79,0,0.723511,0.699569,0.000000,0.711540,0.000000,0,0.000,0.000,NO BLACK,NO BUNDLE,0,0,0,,,,0,1,1,1,0.855071,0.553150,900,400,0.537293,STAND LOCKED,610,127,1186,451,,,,,,
305,10.166667,59.288,12.287,19,10,0,0.749671,0.657562,0.000000,0.703617,0.000000,0,0.000,0.000,NO BLACK,NO BUNDLE,0,0,0,,,,0,1,1,1,0.855071,0.553150,900,400,0.537293,STAND LOCKED,610,127,1186,451,,,,,,
306,10.200000,62.519,12.036,3,0,0,0.708450,0.000000,0.000000,0.000000,0.000000,0,0.000,0.000,NO BLACK,NO BUNDLE,0,0,0,,,,0,1,1,1,0.937877,0.600239,925,342,0.508634,STAND LOCKED,610,127,1186,451,,,,,,
307,10.233333,64.014,12.330,3,0,0,0.717106,0.000000,0.000000,0.000000,0.000000,0,0.000,0.000,NO BLACK,NO BUNDLE,0,0,0,,,,0,1,1,1,0.937877,0.600239,925,342,0.508634,STAND LOCKED,610,127,1186,451,,,,,,
308,10.266667,62.153,12.110,0,3,1,0.000000,0.637186,0.723146,0.000000,0.000000,0,0.000,0.000,NO BLACK,NO BUNDLE,0,0,0,,,,0,1,1,1,0.879167,0.640328,935,294,0.471293,STAND LOCKED,610,127,1186,451,,,,,,
309,10.300000,62.086,12.464,10,18,0,0.717498,0.662316,0.000000,0.689907,0.000000,0,0.000,0.000,NO BLACK,NO BUNDLE,0,0,0,,,,0,1,1,1,0.879167,0.640328,935,294,0.471293,STAND LOCKED,610,127,1186,451,,,,,,
310,10.333333,61.426,12.278,0,20,0,0.000000,0.664640,0.000000,0.000000,0.000000,0,0.000,0.000,NO BLACK,NO BUNDLE,0,0,0,,,,0,1,1,1,0.930916,0.633432,948,253,0.404072,STAND LOCKED,610,127,1186,451,,,,,,
311,10.366667,61.331,12.602,9,0,0,0.710284,0.000000,0.000000,0.000000,0.000000,0,0.000,0.000,NO BLACK,NO BUNDLE,0,0,0,,,,0,1,1,1,0.930916,0.633432,948,253,0.404072,STAND LOCKED,610,127,1186,451,,,,,,
312,10.400000,64.110,12.353,0,13,1,0.000000,0.654829,0.781390,0.000000,0.000000,0,0.000,0.000,NO BLACK,NO BUNDLE,0,0,0,,,,0,1,1,1,0.902441,0.605632,951,271,0.444610,STAND LOCKED,610,127,1186,451,,,,,,
313,10.433333,62.199,12.683,0,19,0,0.000000,0.658451,0.000000,0.000000,0.000000,0,0.000,0.000,NO BLACK,NO BUNDLE,0,0,0,,,,0,1,1,1,0.902441,0.605632,951,271,0.444610,STAND LOCKED,610,127,1186,451,,,,,,
314,10.466667,61.142,12.490,0,17,0,0.000000,0.635945,0.000000,0.000000,0.000000,0,0.000,0.000,NO BLACK,NO BUNDLE,0,0,0,,,,0,1,1,1,0.752156,0.563477,996,338,0.416001,STAND LOCKED,610,127,1186,451,,,,,,
315,10.500000,61.127,12.796,0,57,0,0.000000,0.711242,0.000000,0.000000,0.000000,0,0.000,0.000,NO BLACK,NO BUNDLE,0,0,0,,,,0,1,1,1,0.752156,0.563477,996,338,0.416001,STAND LOCKED,610,127,1186,451,,,,,,
316,10.533333,61.737,12.515,0,60,0,0.000000,0.719844,0.000000,0.000000,0.000000,0,0.000,0.000,NO BLACK,NO BUNDLE,0,0,0,,,,0,1,1,1,0.901170,0.573051,975,340,0.421460,STAND LOCKED,610,127,1186,451,,,,,,
317,10.566667,61.720,12.811,0,25,0,0.000000,0.667558,0.000000,0.000000,0.000000,0,0.000,0.000,NO BLACK,NO BUNDLE,0,0,0,,,,0,1,1,1,0.901170,0.573051,975,340,0.421460,STAND LOCKED,610,127,1186,451,,,,,,
318,10.600000,62.539,12.544,0,0,3,0.000000,0.000000,0.717584,0.000000,0.000000,0,0.000,0.000,NO BLACK,NO BUNDLE,0,0,0,,,,0,1,1,1,0.879167,0.627864,961,317,0.480953,STAND LOCKED,610,127,1186,451,,,,,,
319,10.633333,63.903,12.756,22,0,0,0.741646,0.000000,0.000000,0.000000,0.000000,0,0.000,0.000,NO BLACK,NO BUNDLE,0,0,0,,,,0,1,1,1,0.879167,0.627864,961,317,0.480953,STAND LOCKED,610,127,1186,451,,,,,,
320,10.666667,63.245,11.481,19140,7527,7086,0.932665,0.835235,0.865219,0.877706,0.834222,1,172.554,33.325,VALID,CANDIDATE,1,1,0,813,425,169.000,0,1,1,1,0.876667,0.737885,940,303,0.497540,STAND LOCKED,,,,,,,,,,
321,10.700000,55.892,12.145,0,17,3,0.000000,0.655778,0.713781,0.000000,0.000000,0,0.000,0.000,NO BLACK,NO BUNDLE,0,0,0,,,,0,1,1,1,0.876667,0.737885,940,303,0.497540,STAND LOCKED,567,262,1143,586,,,,,,
322,10.733333,56.943,11.869,20,209,0,0.743538,0.697962,0.000000,0.720750,0.000000,0,0.000,0.000,NO BLACK,NO BUNDLE,0,0,0,,,,0,1,1,1,0.912500,0.734242,949,294,0.507041,STAND LOCKED,567,262,1143,586,,,,,,
323,10.766667,61.945,12.256,0,139,1,0.000000,0.707566,0.734796,0.000000,0.000000,0,0.000,0.000,NO BLACK,NO BUNDLE,0,0,0,,,,0,1,1,1,0.912500,0.734242,949,294,0.507041,STAND LOCKED,567,262,1143,586,,,,,,
324,10.800000,60.333,12.114,9,199,37,0.742915,0.744404,0.776009,0.743660,0.000000,0,0.000,0.000,NO BLACK,NO BUNDLE,0,0,0,,,,0,1,1,0,0.912500,0.734242,949,294,0.507041,STAND TARGET JUMP REJECTED,567,262,1143,586,,,,,,
325,10.833333,59.070,12.577,0,175,19,0.000000,0.700105,0.782085,0.000000,0.000000,0,0.000,0.000,NO BLACK,NO BUNDLE,0,0,0,,,,0,1,1,0,0.912500,0.734242,949,294,0.507041,STAND TARGET JUMP REJECTED,567,262,1143,586,,,,,,
326,10.866667,61.235,12.363,4,80,0,0.721934,0.733134,0.000000,0.727534,0.000000,0,0.000,0.000,NO BLACK,NO BUNDLE,0,0,0,,,,0,1,1,1,0.873170,0.725527,941,288,0.488909,STAND LOCKED,567,262,1143,586,,,,,,
327,10.900000,60.035,12.731,0,25,1,0.000000,0.642222,0.753128,0.000000,0.000000,0,0.000,0.000,NO BLACK,NO BUNDLE,0,0,0,,,,0,1,1,1,0.873170,0.725527,941,288,0.488909,STAND LOCKED,567,262,1143,586,,,,,,
328,10.933333,60.209,12.530,0,18,6,0.000000,0.640867,0.733009,0.000000,0.000000,0,0.000,0.000,NO BLACK,NO BUNDLE,0,0,0,,,,0,1,1,1,0.892496,0.660188,1104,351,0.405380,STAND LOCKED,567,262,1143,586,,,,,,
329,10.966667,60.597,11.298,20434,7695,9369,0.901843,0.838656,0.893997,0.878165,0.883019,1,176.541,31.799,VALID,CANDIDATE,1,1,0,793,333,167.000,0,1,1,1,0.892496,0.660188,1104,351,0.405380,STAND LOCKED,,,,,,,,,,
330,11.000000,54.472,11.371,4,67,0,0.712474,0.704111,0.000000,0.708293,0.000000,0,0.000,0.000,NO BLACK,NO BUNDLE,0,0,0,,,,0,1,1,0,0.892496,0.660188,1104,351,0.405380,STAND TARGET JUMP REJECTED,386,151,984,488,,,,,,
331,11.033333,61.643,11.854,0,33,22,0.000000,0.659787,0.743718,0.000000,0.000000,0,0.000,0.000,NO BLACK,NO BUNDLE,0,0,0,,,,0,1,1,0,0.892496,0.660188,1104,351,0.405380,STAND TARGET JUMP REJECTED,386,151,984,488,,,,,,
332,11.066667,60.570,11.750,0,0,8,0.000000,0.000000,0.744260,0.000000,0.000000,0,0.000,0.000,NO BLACK,NO BUNDLE,0,0,0,,,,0,1,1,1,0.933106,0.644269,1201,387,0.473208,STAND LOCKED,386,151,984,488,,,,,,
333,11.100000,61.439,12.174,0,21,0,0.000000,0.668275,0.000000,0.000000,0.000000,0,0.000,0.000,NO BLACK,NO BUNDLE,0,0,0,,,,0,1,1,1,0.933106,0.644269,1201,387,0.473208,STAND LOCKED,386,151,984,488,,,,,,
334,11.133333,61.054,11.946,0,96,0,0.000000,0.692234,0.000000,0.000000,0.000000,0,0.000,0.000,NO BLACK,NO BUNDLE,0,0,0,,,,0,1,1,1,0.906874,0.614354,1132,481,0.435490,STAND LOCKED,386,151,984,488,,,,,,
335,11.166667,61.980,12.368,0,0,0,0.000000,0.000000,0.000000,0.000000,0.000000,0,0.000,0.000,NO BLACK,NO BUNDLE,0,0,0,,,,0,1,1,1,0.906874,0.614354,1132,481,0.435490,STAND LOCKED,386,151,984,488,,,,,,
336,11.200000,60.920,12.201,0,0,0,0.000000,0.000000,0.000000,0.000000,0.000000,0,0.000,0.000,NO BLACK,NO BUNDLE,0,0,0,,,,0,1,1,1,0.945000,0.635143,1056,447,0.525461,STAND LOCKED,386,151,984,488,,,,,,
337,11.233333,61.051,12.593,0,0,0,0.000000,0.000000,0.000000,0.000000,0.000000,0,0.000,0.000,NO BLACK,NO BUNDLE,0,0,0,,,,0,1,1,1,0.945000,0.635143,1056,447,0.525461,STAND LOCKED,386,151,984,488,,,,,,
338,11.266667,61.224,12.348,0,0,0,0.000000,0.000000,0.000000,0.000000,0.000000,0,0.000,0.000,NO BLACK,NO BUNDLE,0,0,0,,,,0,1,1,0,0.945000,0.635143,1056,447,0.525461,STAND TARGET JUMP REJECTED,386,151,984,488,,,,,,
339,11.300000,61.497,12.711,0,0,0,0.000000,0.000000,0.000000,0.000000,0.000000,0,0.000,0.000,NO BLACK,NO BUNDLE,0,0,0,,,,0,1,1,0,0.945000,0.635143,1056,447,0.525461,STAND TARGET JUMP REJECTED,386,151,984,488,,,,,,
340,11.333333,61.548,12.035,0,0,0,0.000000,0.000000,0.000000,0.000000,0.000000,0,0.000,0.000,NO BLACK,NO BUNDLE,0,0,0,,,,0,1,1,1,0.876374,0.622443,1140,570,0.573587,STAND LOCKED,386,151,984,488,,,,,,
341,11.366667,61.424,12.440,0,0,0,0.000000,0.000000,0.000000,0.000000,0.000000,0,0.000,0.000,NO BLACK,NO BUNDLE,0,0,0,,,,0,1,1,1,0.876374,0.622443,1140,570,0.573587,STAND LOCKED,386,151,984,488,,,,,,
342,11.400000,62.076,12.171,0,0,0,0.000000,0.000000,0.000000,0.000000,0.000000,0,0.000,0.000,NO BLACK,NO BUNDLE,0,0,0,,,,0,1,1,0,0.876374,0.622443,1140,570,0.573587,STAND TARGET JUMP REJECTED,386,151,984,488,,,,,,
343,11.433333,61.932,12.537,0,0,0,0.000000,0.000000,0.000000,0.000000,0.000000,0,0.000,0.000,NO BLACK,NO BUNDLE,0,0,0,,,,0,1,1,0,0.876374,0.622443,1140,570,0.573587,STAND TARGET JUMP REJECTED,386,151,984,488,,,,,,
344,11.466667,61.263,11.891,0,0,0,0.000000,0.000000,0.000000,0.000000,0.000000,0,0.000,0.000,NO BLACK,NO BUNDLE,0,0,0,,,,0,1,1,0,0.876374,0.622443,1140,570,0.573587,STAND TEMPORARILY LOST (2),386,151,984,488,,,,,,
345,11.500000,61.635,12.312,0,0,0,0.000000,0.000000,0.000000,0.000000,0.000000,0,0.000,0.000,NO BLACK,NO BUNDLE,0,0,0,,,,0,1,1,0,0.876374,0.622443,1140,570,0.573587,STAND TEMPORARILY LOST (2),386,151,984,488,,,,,,
346,11.533333,61.015,12.081,0,0,0,0.000000,0.000000,0.000000,0.000000,0.000000,0,0.000,0.000,NO BLACK,NO BUNDLE,0,0,0,,,,0,1,1,1,0.855275,0.588883,1068,714,0.460799,STAND LOCKED,386,151,984,488,,,,,,
347,11.566667,60.865,12.480,0,0,0,0.000000,0.000000,0.000000,0.000000,0.000000,0,0.000,0.000,NO BLACK,NO BUNDLE,0,0,0,,,,0,1,1,1,0.855275,0.588883,1068,714,0.460799,STAND LOCKED,386,151,984,488,,,,,,
348,11.600000,60.943,12.368,462,0,0,0.760908,0.000000,0.000000,0.000000,0.000000,0,0.000,0.000,NO BLACK,NO BUNDLE,0,0,0,,,,0,1,1,0,0.855275,0.588883,1068,714,0.460799,STAND TARGET JUMP REJECTED,386,151,984,488,,,,,,
349,11.633333,60.589,12.728,207,0,0,0.753792,0.000000,0.000000,0.000000,0.000000,0,0.000,0.000,NO BLACK,NO BUNDLE,0,0,0,,,,0,1,1,0,0.855275,0.588883,1068,714,0.460799,STAND TARGET JUMP REJECTED,386,151,984,488,,,,,,
350,11.666667,62.084,11.378,27715,13361,14265,0.869515,0.794676,0.908245,0.857478,0.784227,1,176.529,34.235,VALID,CANDIDATE,1,1,0,865,443,181.000,0,1,1,1,0.814971,0.616117,1027,580,0.350462,STAND LOCKED,,,,,,,,,,
351,11.700000,56.271,10.681,1016,3493,5956,0.819637,0.812054,0.839809,0.823833,0.816191,1,194.459,19.657,VALID,CANDIDATE,2,1,0,752,435,130.950,0,1,1,1,0.814971,0.616117,1027,580,0.350462,STAND LOCKED,196,133,1238,719,,,,,,
352,11.733333,56.781,10.900,0,0,11,0.000000,0.000000,0.752167,0.000000,0.000000,0,0.000,0.000,NO BLACK,NO BUNDLE,0,0,0,,,,0,1,1,1,0.959870,0.663207,984,566,0.479560,STAND LOCKED,417,258,993,582,,,,,,
353,11.766667,61.734,11.451,5,0,8,0.710445,0.000000,0.741013,0.000000,0.000000,0,0.000,0.000,NO BLACK,NO BUNDLE,0,0,0,,,,0,1,1,1,0.959870,0.663207,984,566,0.479560,STAND LOCKED,417,258,993,582,,,,,,
354,11.800000,61.253,11.416,0,22,0,0.000000,0.684424,0.000000,0.000000,0.000000,0,0.000,0.000,NO BLACK,NO BUNDLE,0,0,0,,,,0,1,1,0,0.959870,0.663207,984,566,0.479560,STAND TEMPORARILY LOST (1),417,258,993,582,,,,,,
355,11.833333,61.661,11.885,0,23,2,0.000000,0.639544,0.834379,0.000000,0.000000,0,0.000,0.000,NO BLACK,NO BUNDLE,0,0,0,,,,0,1,1,0,0.959870,0.663207,984,566,0.479560,STAND TEMPORARILY LOST (1),417,258,993,582,,,,,,
356,11.866667,63.264,11.782,0,0,8,0.000000,0.000000,0.799956,0.000000,0.000000,0,0.000,0.000,NO BLACK,NO BUNDLE,0,0,0,,,,0,1,1,1,0.820980,0.584517,1110,463,0.441913,STAND LOCKED,417,258,993,582,,,,,,
357,11.900000,67.298,12.039,3,26,2,0.710795,0.652850,0.721754,0.681823,0.000000,0,0.000,0.000,NO BLACK,NO BUNDLE,0,0,0,,,,0,1,1,1,0.820980,0.584517,1110,463,0.441913,STAND LOCKED,417,258,993,582,,,,,,
358,11.933333,61.859,11.867,2,83,3,0.718257,0.709244,0.707695,0.713750,0.000000,0,0.000,0.000,NO BLACK,NO BUNDLE,0,0,0,,,,0,1,1,0,0.820980,0.584517,1110,463,0.441913,STAND TARGET JUMP REJECTED,417,258,993,582,,,,,,
359,11.966667,65.407,10.829,21893,8835,11334,0.839265,0.849331,0.864944,0.851180,0.833827,1,181.338,29.173,VALID,CANDIDATE,1,1,0,420,415,157.000,0,1,1,0,0.820980,0.584517,1110,463,0.441913,STAND TARGET JUMP REJECTED,,,,,,,,,,
360,12.000000,56.795,10.918,14,0,0,0.730742,0.000000,0.000000,0.000000,0.000000,0,0.000,0.000,NO BLACK,NO BUNDLE,0,0,0,,,,0,1,1,1,0.922243,0.600795,1047,436,0.545157,STAND LOCKED,50,241,626,565,,,,,,
361,12.033333,58.760,11.576,0,10,0,0.000000,0.688040,0.000000,0.000000,0.000000,0,0.000,0.000,NO BLACK,NO BUNDLE,0,0,0,,,,0,1,1,1,0.922243,0.600795,1047,436,0.545157,STAND LOCKED,50,241,626,565,,,,,,
362,12.066667,58.658,11.505,6,0,0,0.719863,0.000000,0.000000,0.000000,0.000000,0,0.000,0.000,NO BLACK,NO BUNDLE,0,0,0,,,,0,1,1,1,0.916691,0.559252,1048,395,0.597728,STAND LOCKED,50,241,626,565,,,,,,
363,12.100000,62.038,11.968,0,0,3,0.000000,0.000000,0.732965,0.000000,0.000000,0,0.000,0.000,NO BLACK,NO BUNDLE,0,0,0,,,,0,1,1,1,0.916691,0.559252,1048,395,0.597728,STAND LOCKED,50,241,626,565,,,,,,
364,12.133333,61.774,11.764,0,0,0,0.000000,0.000000,0.000000,0.000000,0.000000,0,0.000,0.000,NO BLACK,NO BUNDLE,0,0,0,,,,0,1,1,1,0.903394,0.565128,975,427,0.698792,STAND LOCKED,50,241,626,565,,,,,,
365,12.166667,61.313,12.217,0,0,0,0.000000,0.000000,0.000000,0.000000,0.000000,0,0.000,0.000,NO BLACK,NO BUNDLE,0,0,0,,,,0,1,1,1,0.903394,0.565128,975,427,0.698792,STAND LOCKED,50,241,626,565,,,,,,
366,12.200000,62.666,11.902,0,0,0,0.000000,0.000000,0.000000,0.000000,0.000000,0,0.000,0.000,NO BLACK,NO BUNDLE,0,0,0,,,,0,1,1,1,0.887007,0.513808,1015,499,0.747836,STAND LOCKED,50,241,626,565,,,,,,
367,12.233333,62.954,12.265,0,0,6,0.000000,0.000000,0.745155,0.000000,0.000000,0,0.000,0.000,NO BLACK,NO BUNDLE,0,0,0,,,,0,1,1,1,0.887007,0.513808,1015,499,0.747836,STAND LOCKED,50,241,626,565,,,,,,
368,12.266667,60.951,11.958,1,0,2,0.716669,0.000000,0.746951,0.000000,0.000000,0,0.000,0.000,NO BLACK,NO BUNDLE,0,0,0,,,,0,1,1,1,0.938933,0.554114,1048,530,0.866156,STAND LOCKED,50,241,626,565,,,,,,
369,12.300000,61.128,12.368,3,0,1,0.716601,0.000000,0.752753,0.000000,0.000000,0,0.000,0.000,NO BLACK,NO BUNDLE,0,0,0,,,,0,1,1,1,0.938933,0.554114,1048,530,0.866156,STAND LOCKED,50,241,626,565,,,,,,
370,12.333333,61.460,12.053,0,20,27,0.000000,0.667228,0.828899,0.000000,0.000000,0,0.000,0.000,NO BLACK,NO BUNDLE,0,0,0,,,,0,1,1,1,0.896301,0.532090,932,544,0.907178,STAND LOCKED,50,241,626,565,,,,,,
371,12.366667,61.742,12.443,0,0,0,0.000000,0.000000,0.000000,0.000000,0.000000,0,0.000,0.000,NO BLACK,NO BUNDLE,0,0,0,,,,0,1,1,1,0.896301,0.532090,932,544,0.907178,STAND LOCKED,50,241,626,565,,,,,,
372,12.400000,60.968,12.134,0,39,0,0.000000,0.719212,0.000000,0.000000,0.000000,0,0.000,0.000,NO BLACK,NO BUNDLE,0,0,0,,,,0,1,1,1,0.905106,0.593907,918,436,0.758600,STAND LOCKED,50,241,626,565,,,,,,
373,12.433333,60.612,12.516,0,0,2,0.000000,0.000000,0.734527,0.000000,0.000000,0,0.000,0.000,NO BLACK,NO BUNDLE,0,0,0,,,,0,1,1,1,0.905106,0.593907,918,436,0.758600,STAND LOCKED,50,241,626,565,,,,,,
374,12.466667,61.054,12.186,203,14,33,0.774187,0.677116,0.827976,0.725651,0.000000,0,0.000,0.000,NO BLACK,NO BUNDLE,0,0,0,,,,0,1,1,1,0.953928,0.584799,918,489,0.866926,STAND LOCKED,50,241,626,565,,,,,,
375,12.500000,61.207,12.534,0,0,1,0.000000,0.000000,0.702847,0.000000,0.000000,0,0.000,0.000,NO BLACK,NO BUNDLE,0,0,0,,,,0,1,1,1,0.953928,0.584799,918,489,0.866926,STAND LOCKED,50,241,626,565,,,,,,
376,12.533333,60.738,12.186,0,3,3,0.000000,0.603249,0.721260,0.000000,0.000000,0,0.000,0.000,NO BLACK,NO BUNDLE,0,0,0,,,,0,1,1,1,0.846410,0.577072,944,524,0.919746,STAND LOCKED,50,241,626,565,,,,,,
377,12.566667,60.430,12.559,2,0,19,0.703967,0.000000,0.778122,0.000000,0.000000,0,0.000,0.000,NO BLACK,NO BUNDLE,0,0,0,,,,0,1,1,1,0.846410,0.577072,944,524,0.919746,STAND LOCKED,50,241,626,565,,,,,,
378,12.600000,60.682,12.213,0,1,0,0.000000,0.612843,0.000000,0.000000,0.000000,0,0.000,0.000,NO BLACK,NO BUNDLE,0,0,0,,,,0,1,1,1,0.965261,0.587053,952,536,0.945552,STAND LOCKED,50,241,626,565,,,,,,
379,12.633333,62.147,12.532,0,11,3,0.000000,0.639429,0.751067,0.000000,0.000000,0,0.000,0.000,NO BLACK,NO BUNDLE,0,0,0,,,,0,1,1,1,0.965261,0.587053,952,536,0.945552,STAND LOCKED,50,241,626,565,,,,,,
380,12.666667,62.596,11.394,19302,1930,5469,0.894493,0.751926,0.844686,0.823209,0.000000,0,0.000,0.000,GEOMETRY FAIL,NO BUNDLE,0,0,0,,,,0,1,1,1,0.938242,0.568110,963,545,0.959202,STAND LOCKED,,,,,,,,,,
381,12.700000,60.869,10.365,17009,1499,5247,0.912473,0.791875,0.869195,0.857848,0.846933,1,177.211,25.873,VALID,CANDIDATE,1,1,0,1019,313,140.000,0,1,1,1,0.938242,0.568110,963,545,0.959202,STAND LOCKED,0,0,1920,1080,,,,,,
382,12.733333,56.497,10.385,0,35,0,0.000000,0.668965,0.000000,0.000000,0.000000,0,0.000,0.000,NO BLACK,NO BUNDLE,0,0,0,,,,0,1,1,1,0.870285,0.566903,954,546,0.971456,STAND LOCKED,690,142,1266,466,,,,,,
383,12.766667,62.396,10.976,6,20,0,0.737811,0.668701,0.000000,0.703256,0.000000,0,0.000,0.000,NO BLACK,NO BUNDLE,0,0,0,,,,0,1,1,1,0.870285,0.566903,954,546,0.971456,STAND LOCKED,690,142,1266,466,,,,,,
384,12.800000,61.067,10.836,0,61,0,0.000000,0.649361,0.000000,0.000000,0.000000,0,0.000,0.000,NO BLACK,NO BUNDLE,0,0,0,,,,0,1,1,1,0.941769,0.562102,921,543,0.983081,STAND LOCKED,690,142,1266,466,,,,,,
385,12.833333,61.020,11.429,0,30,0,0.000000,0.645233,0.000000,0.000000,0.000000,0,0.000,0.000,NO BLACK,NO BUNDLE,0,0,0,,,,0,1,1,1,0.941769,0.562102,921,543,0.983081,STAND LOCKED,690,142,1266,466,,,,,,
386,12.866667,61.692,11.223,0,0,0,0.000000,0.000000,0.000000,0.000000,0.000000,0,0.000,0.000,NO BLACK,NO BUNDLE,0,0,0,,,,0,1,1,1,0.781237,0.562564,941,528,0.963868,STAND LOCKED,690,142,1266,466,,,,,,
387,12.900000,61.703,11.761,0,0,0,0.000000,0.000000,0.000000,0.000000,0.000000,0,0.000,0.000,NO BLACK,NO BUNDLE,0,0,0,,,,0,1,1,1,0.781237,0.562564,941,528,0.963868,STAND LOCKED,690,142,1266,466,,,,,,
388,12.933333,61.675,11.522,0,13,2,0.000000,0.656909,0.739207,0.000000,0.000000,0,0.000,0.000,NO BLACK,NO BUNDLE,0,0,0,,,,0,1,1,1,0.939701,0.606058,950,499,0.846241,STAND LOCKED,690,142,1266,466,,,,,,
389,12.966667,62.617,10.439,22617,4860,7747,0.930907,0.844603,0.904790,0.893433,0.840650,1,172.693,37.822,VALID,CANDIDATE,1,1,0,730,361,149.000,0,1,1,1,0.939701,0.606058,950,499,0.846241,STAND LOCKED,,,,,,,,,,
390,13.000000,55.669,10.442,0,0,4,0.000000,0.000000,0.721891,0.000000,0.000000,0,0.000,0.000,NO BLACK,NO BUNDLE,0,0,0,,,,0,1,1,1,0.894784,0.586673,954,403,0.706734,STAND LOCKED,432,190,1008,514,,,,,,
391,13.033333,57.732,11.237,0,0,0,0.000000,0.000000,0.000000,0.000000,0.000000,0,0.000,0.000,NO BLACK,NO BUNDLE,0,0,0,,,,0,1,1,1,0.894784,0.586673,954,403,0.706734,STAND LOCKED,432,190,1008,514,,,,,,
392,13.066667,58.835,11.107,0,0,0,0.000000,0.000000,0.000000,0.000000,0.000000,0,0.000,0.000,NO BLACK,NO BUNDLE,0,0,0,,,,0,1,1,1,0.847600,0.568228,1008,328,0.580808,STAND LOCKED,432,190,1008,514,,,,,,
393,13.100000,63.011,11.610,0,0,0,0.000000,0.000000,0.000000,0.000000,0.000000,0,0.000,0.000,NO BLACK,NO BUNDLE,0,0,0,,,,0,1,1,1,0.847600,0.568228,1008,328,0.580808,STAND LOCKED,432,190,1008,514,,,,,,
394,13.133333,60.664,11.470,0,0,0,0.000000,0.000000,0.000000,0.000000,0.000000,0,0.000,0.000,NO BLACK,NO BUNDLE,0,0,0,,,,0,1,1,1,0.873775,0.548975,986,441,0.515993,STAND LOCKED,432,190,1008,514,,,,,,
395,13.166667,61.740,11.899,0,0,0,0.000000,0.000000,0.000000,0.000000,0.000000,0,0.000,0.000,NO BLACK,NO BUNDLE,0,0,0,,,,0,1,1,1,0.873775,0.548975,986,441,0.515993,STAND LOCKED,432,190,1008,514,,,,,,
396,13.200000,60.811,11.738,0,0,0,0.000000,0.000000,0.000000,0.000000,0.000000,0,0.000,0.000,NO BLACK,NO BUNDLE,0,0,0,,,,0,1,1,0,0.873775,0.548975,986,441,0.515993,STAND TARGET JUMP REJECTED,432,190,1008,514,,,,,,
397,13.233333,58.359,12.279,0,0,0,0.000000,0.000000,0.000000,0.000000,0.000000,0,0.000,0.000,NO BLACK,NO BUNDLE,0,0,0,,,,0,1,1,0,0.873775,0.548975,986,441,0.515993,STAND TARGET JUMP REJECTED,432,190,1008,514,,,,,,
398,13.266667,61.900,12.033,0,0,0,0.000000,0.000000,0.000000,0.000000,0.000000,0,0.000,0.000,NO BLACK,NO BUNDLE,0,0,0,,,,0,1,1,1,0.789262,0.540140,943,512,0.400253,STAND LOCKED,432,190,1008,514,,,,,,
399,13.300000,62.271,12.421,0,0,0,0.000000,0.000000,0.000000,0.000000,0.000000,0,0.000,0.000,NO BLACK,NO BUNDLE,0,0,0,,,,0,1,1,1,0.789262,0.540140,943,512,0.400253,STAND LOCKED,432,190,1008,514,,,,,,
400,13.333333,61.157,12.252,0,0,0,0.000000,0.000000,0.000000,0.000000,0.000000,0,0.000,0.000,NO BLACK,NO BUNDLE,0,0,0,,,,0,1,1,1,0.852118,0.520006,895,460,0.449003,STAND LOCKED,432,190,1008,514,,,,,,
401,13.366667,61.505,12.597,0,0,0,0.000000,0.000000,0.000000,0.000000,0.000000,0,0.000,0.000,NO BLACK,NO BUNDLE,0,0,0,,,,0,1,1,1,0.852118,0.520006,895,460,0.449003,STAND LOCKED,432,190,1008,514,,,,,,
402,13.400000,61.613,12.267,0,0,0,0.000000,0.000000,0.000000,0.000000,0.000000,0,0.000,0.000,NO BLACK,NO BUNDLE,0,0,0,,,,0,1,1,0,0.852118,0.520006,895,460,0.449003,STAND TEMPORARILY LOST (1),432,190,1008,514,,,,,,
403,13.433333,62.342,12.543,0,0,7,0.000000,0.000000,0.718402,0.000000,0.000000,0,0.000,0.000,NO BLACK,NO BUNDLE,0,0,0,,,,0,1,1,0,0.852118,0.520006,895,460,0.449003,STAND TEMPORARILY LOST (1),432,190,1008,514,,,,,,
404,13.466667,62.567,12.276,0,0,0,0.000000,0.000000,0.000000,0.000000,0.000000,0,0.000,0.000,NO BLACK,NO BUNDLE,0,0,0,,,,0,1,1,1,0.835960,0.496931,869,400,0.466866,STAND LOCKED,432,190,1008,514,,,,,,
405,13.500000,57.089,12.786,0,0,0,0.000000,0.000000,0.000000,0.000000,0.000000,0,0.000,0.000,NO BLACK,NO BUNDLE,0,0,0,,,,0,1,1,1,0.835960,0.496931,869,400,0.466866,STAND LOCKED,432,190,1008,514,,,,,,
406,13.533333,61.419,12.504,0,0,0,0.000000,0.000000,0.000000,0.000000,0.000000,0,0.000,0.000,NO BLACK,NO BUNDLE,0,0,0,,,,0,1,1,1,0.766867,0.480107,933,350,0.517682,STAND LOCKED,432,190,1008,514,,,,,,
407,13.566667,62.125,12.813,0,0,0,0.000000,0.000000,0.000000,0.000000,0.000000,0,0.000,0.000,NO BLACK,NO BUNDLE,0,0,0,,,,0,1,1,1,0.766867,0.480107,933,350,0.517682,STAND LOCKED,432,190,1008,514,,,,,,
408,13.600000,63.078,12.518,0,0,1,0.000000,0.000000,0.734696,0.000000,0.000000,0,0.000,0.000,NO BLACK,NO BUNDLE,0,0,0,,,,0,1,1,0,0.766867,0.480107,933,350,0.517682,STAND TEMPORARILY LOST (1),432,190,1008,514,,,,,,
409,13.633333,61.520,12.857,0,0,32,0.000000,0.000000,0.846352,0.000000,0.000000,0,0.000,0.000,NO BLACK,NO BUNDLE,0,0,0,,,,0,1,1,0,0.766867,0.480107,933,350,0.517682,STAND TEMPORARILY LOST (1),432,190,1008,514,,,,,,
410,13.666667,62.170,11.447,13265,10429,4293,0.860601,0.798798,0.772713,0.810704,0.831602,1,211.839,36.524,VALID,CANDIDATE,1,1,0,976,451,151.000,0,1,1,0,0.766867,0.480107,933,350,0.517682,STAND TARGET JUMP REJECTED,,,,,,,,,,
411,13.700000,59.269,12.023,0,0,0,0.000000,0.000000,0.000000,0.000000,0.000000,0,0.000,0.000,NO BLACK,NO BUNDLE,0,0,0,,,,0,1,1,0,0.766867,0.480107,933,350,0.517682,STAND TARGET JUMP REJECTED,677,284,1253,608,,,,,,
412,13.733333,57.600,11.880,5,0,33,0.708522,0.000000,0.780979,0.000000,0.000000,0,0.000,0.000,NO BLACK,NO BUNDLE,0,0,0,,,,0,1,1,1,0.703779,0.497583,947,447,0.459068,STAND LOCKED,677,284,1253,608,,,,,,
413,13.766667,61.845,12.303,0,0,0,0.000000,0.000000,0.000000,0.000000,0.000000,0,0.000,0.000,NO BLACK,NO BUNDLE,0,0,0,,,,0,1,1,1,0.703779,0.497583,947,447,0.459068,STAND LOCKED,677,284,1253,608,,,,,,
414,13.800000,61.661,12.049,6,0,38,0.735724,0.000000,0.832450,0.000000,0.000000,0,0.000,0.000,NO BLACK,NO BUNDLE,0,0,0,,,,0,1,1,0,0.703779,0.497583,947,447,0.459068,STAND TEMPORARILY LOST (1),677,284,1253,608,,,,,,
415,13.833333,60.948,12.443,0,0,17,0.000000,0.000000,0.752191,0.000000,0.000000,0,0.000,0.000,NO BLACK,NO BUNDLE,0,0,0,,,,0,1,1,0,0.703779,0.497583,947,447,0.459068,STAND TEMPORARILY LOST (1),677,284,1253,608,,,,,,
416,13.866667,61.441,12.215,6,19,0,0.739681,0.648172,0.000000,0.693926,0.000000,0,0.000,0.000,NO BLACK,NO BUNDLE,0,0,0,,,,0,1,1,1,0.745989,0.518997,963,507,0.435238,STAND LOCKED,677,284,1253,608,,,,,,
417,13.900000,62.155,12.551,1,0,2,0.735457,0.000000,0.834511,0.000000,0.000000,0,0.000,0.000,NO BLACK,NO BUNDLE,0,0,0,,,,0,1,1,1,0.745989,0.518997,963,507,0.435238,STAND LOCKED,677,284,1253,608,,,,,,
418,13.933333,61.570,12.363,0,0,37,0.000000,0.000000,0.781173,0.000000,0.000000,0,0.000,0.000,NO BLACK,NO BUNDLE,0,0,0,,,,0,1,1,0,0.745989,0.518997,963,507,0.435238,STAND TEMPORARILY LOST (1),677,284,1253,608,,,,,,
419,13.966667,62.222,11.126,10528,5306,4639,0.853100,0.757095,0.822886,0.811027,0.795468,1,204.487,28.104,VALID,CANDIDATE,1,1,0,943,465,115.000,0,1,1,0,0.745989,0.518997,963,507,0.435238,STAND TEMPORARILY LOST (1),,,,,,,,,,
420,14.000000,55.832,11.243,0,0,0,0.000000,0.000000,0.000000,0.000000,0.000000,0,0.000,0.000,NO BLACK,NO BUNDLE,0,0,0,,,,0,1,1,1,0.795839,0.461680,861,426,0.434700,STAND LOCKED,673,297,1249,621,,,,,,
421,14.033333,63.627,11.690,12,0,5,0.726968,0.000000,0.770426,0.000000,0.000000,0,0.000,0.000,NO BLACK,NO BUNDLE,0,0,0,,,,0,1,1,1,0.795839,0.461680,861,426,0.434700,STAND LOCKED,673,297,1249,621,,,,,,
422,14.066667,62.054,11.580,0,0,0,0.000000,0.000000,0.000000,0.000000,0.000000,0,0.000,0.000,NO BLACK,NO BUNDLE,0,0,0,,,,0,1,1,1,0.666207,0.395788,804,433,0.380985,STAND LOCKED,673,297,1249,621,,,,,,
423,14.100000,62.185,12.042,0,0,0,0.000000,0.000000,0.000000,0.000000,0.000000,0,0.000,0.000,NO BLACK,NO BUNDLE,0,0,0,,,,0,1,1,1,0.666207,0.395788,804,433,0.380985,STAND LOCKED,673,297,1249,621,,,,,,
424,14.133333,61.619,11.940,0,0,0,0.000000,0.000000,0.000000,0.000000,0.000000,0,0.000,0.000,NO BLACK,NO BUNDLE,0,0,0,,,,0,1,1,0,0.666207,0.395788,804,433,0.380985,STAND TEMPORARILY LOST (1),673,297,1249,621,,,,,,
425,14.166667,62.114,12.325,3,0,0,0.735087,0.000000,0.000000,0.000000,0.000000,0,0.000,0.000,NO BLACK,NO BUNDLE,0,0,0,,,,0,1,1,0,0.666207,0.395788,804,433,0.380985,STAND TEMPORARILY LOST (1),673,297,1249,621,,,,,,
426,14.200000,62.772,12.144,0,0,0,0.000000,0.000000,0.000000,0.000000,0.000000,0,0.000,0.000,NO BLACK,NO BUNDLE,0,0,0,,,,0,1,1,0,0.666207,0.395788,804,433,0.380985,STAND TARGET JUMP REJECTED,673,297,1249,621,,,,,,
427,14.233333,63.196,12.464,0,15,22,0.000000,0.664589,0.738133,0.000000,0.000000,0,0.000,0.000,NO BLACK,NO BUNDLE,0,0,0,,,,0,1,1,0,0.666207,0.395788,804,433,0.380985,STAND TARGET JUMP REJECTED,673,297,1249,621,,,,,,
428,14.266667,61.781,11.835,10,7,19,0.721297,0.637632,0.748565,0.679464,0.000000,0,0.000,0.000,NO BLACK,NO BUNDLE,0,0,0,,,,0,1,1,0,0.666207,0.395788,804,433,0.380985,STAND TEMPORARILY LOST (3),673,297,1249,621,,,,,,
429,14.300000,62.110,12.227,0,0,53,0.000000,0.000000,0.785484,0.000000,0.000000,0,0.000,0.000,NO BLACK,NO BUNDLE,0,0,0,,,,0,1,1,0,0.666207,0.395788,804,433,0.380985,STAND TEMPORARILY LOST (3),673,297,1249,621,,,,,,
430,14.333333,61.937,12.035,4,29,127,0.716090,0.737594,0.835815,0.726842,0.000000,0,0.000,0.000,NO BLACK,NO BUNDLE,0,0,0,,,,0,1,1,1,0.798258,0.497233,997,493,0.361397,STAND LOCKED,673,297,1249,621,,,,,,
431,14.366667,62.574,12.401,0,0,0,0.000000,0.000000,0.000000,0.000000,0.000000,0,0.000,0.000,NO BLACK,NO BUNDLE,0,0,0,,,,0,1,1,1,0.798258,0.497233,997,493,0.361397,STAND LOCKED,673,297,1249,621,,,,,,
432,14.400000,61.528,12.203,0,0,0,0.000000,0.000000,0.000000,0.000000,0.000000,0,0.000,0.000,NO BLACK,NO BUNDLE,0,0,0,,,,0,1,1,0,0.798258,0.497233,997,493,0.361397,STAND TEMPORARILY LOST (1),673,297,1249,621,,,,,,
433,14.433333,60.245,12.598,0,0,0,0.000000,0.000000,0.000000,0.000000,0.000000,0,0.000,0.000,NO BLACK,NO BUNDLE,0,0,0,,,,0,1,1,0,0.798258,0.497233,997,493,0.361397,STAND TEMPORARILY LOST (1),673,297,1249,621,,,,,,
434,14.466667,61.606,12.413,122,19,287,0.764916,0.666568,0.828898,0.715742,0.000000,0,0.000,0.000,NO BLACK,NO BUNDLE,0,0,0,,,,0,1,1,1,0.850914,0.510495,1001,452,0.410129,STAND LOCKED,673,297,1249,621,,,,,,
435,14.500000,64.533,12.646,0,5,78,0.000000,0.634431,0.805543,0.000000,0.000000,0,0.000,0.000,NO BLACK,NO BUNDLE,0,0,0,,,,0,1,1,1,0.850914,0.510495,1001,452,0.410129,STAND LOCKED,673,297,1249,621,,,,,,
436,14.533333,62.380,12.444,185,45,20,0.784612,0.741472,0.812366,0.763042,0.000000,0,0.000,0.000,NO BLACK,NO BUNDLE,0,0,0,,,,0,1,1,0,0.850914,0.510495,1001,452,0.410129,STAND TEMPORARILY LOST (1),673,297,1249,621,,,,,,
437,14.566667,61.300,12.801,0,26,0,0.000000,0.736836,0.000000,0.000000,0.000000,0,0.000,0.000,NO BLACK,NO BUNDLE,0,0,0,,,,0,1,1,0,0.850914,0.510495,1001,452,0.410129,STAND TEMPORARILY LOST (1),673,297,1249,621,,,,,,
438,14.600000,62.935,12.546,0,26,0,0.000000,0.703145,0.000000,0.000000,0.000000,0,0.000,0.000,NO BLACK,NO BUNDLE,0,0,0,,,,0,1,1,1,0.825604,0.537154,950,475,0.406595,STAND LOCKED,673,297,1249,621,,,,,,
439,14.633333,61.899,12.848,85,35,8,0.763747,0.659732,0.810823,0.711739,0.000000,0,0.000,0.000,NO BLACK,NO BUNDLE,0,0,0,,,,0,1,1,1,0.825604,0.537154,950,475,0.406595,STAND LOCKED,673,297,1249,621,,,,,,
440,14.666667,62.611,11.518,7825,3802,3569,0.906468,0.776435,0.853073,0.845325,0.814946,1,206.076,35.940,VALID,CANDIDATE,1,1,0,918,447,143.000,0,1,1,0,0.825604,0.537154,950,475,0.406595,STAND TEMPORARILY LOST (1),,,,,,,,,,
441,14.700000,56.083,10.819,1275,1098,1589,0.812268,0.810592,0.825815,0.816225,0.805585,1,213.325,32.728,TARGET JUMP,CANDIDATE,1,1,0,1145,448,87.000,0,1,1,0,0.825604,0.537154,950,475,0.406595,STAND TEMPORARILY LOST (1),610,209,1440,676,,,,,,
442,14.733333,57.255,10.977,0,0,0,0.000000,0.000000,0.000000,0.000000,0.000000,0,0.000,0.000,NO BLACK,NO BUNDLE,0,0,0,,,,0,1,1,0,0.825604,0.537154,950,475,0.406595,STAND TARGET JUMP REJECTED,874,282,1450,606,,,,,,
443,14.766667,62.463,11.475,26,7,0,0.744278,0.614724,0.000000,0.679501,0.000000,0,0.000,0.000,NO BLACK,NO BUNDLE,0,0,0,,,,0,1,1,0,0.825604,0.537154,950,475,0.406595,STAND TARGET JUMP REJECTED,874,282,1450,606,,,,,,
444,14.800000,60.599,11.013,66,11,76,0.738691,0.633443,0.767951,0.686067,0.000000,0,0.000,0.000,NO BLACK,NO BUNDLE,0,0,0,,,,0,1,1,0,0.825604,0.537154,950,475,0.406595,STAND TEMPORARILY LOST (3),874,282,1450,606,,,,,,
445,14.833333,62.823,11.507,6,28,95,0.709063,0.689205,0.805738,0.699134,0.000000,0,0.000,0.000,NO BLACK,NO BUNDLE,0,0,0,,,,0,1,1,0,0.825604,0.537154,950,475,0.406595,STAND TEMPORARILY LOST (3),874,282,1450,606,,,,,,
446,14.866667,62.710,11.032,0,70,44,0.000000,0.723087,0.806268,0.000000,0.000000,0,0.000,0.000,NO BLACK,NO BUNDLE,0,0,0,,,,0,1,1,1,0.575951,0.478895,928,463,0.356116,STAND LOCKED,874,282,1450,606,,,,,,
447,14.900000,61.310,11.596,0,0,0,0.000000,0.000000,0.000000,0.000000,0.000000,0,0.000,0.000,NO BLACK,NO BUNDLE,0,0,0,,,,0,1,1,1,0.575951,0.478895,928,463,0.356116,STAND LOCKED,874,282,1450,606,,,,,,
448,14.933333,60.980,11.603,0,0,0,0.000000,0.000000,0.000000,0.000000,0.000000,0,0.000,0.000,NO BLACK,NO BUNDLE,0,0,0,,,,0,1,1,1,0.787171,0.463471,946,346,0.293678,STAND LOCKED,874,282,1450,606,,,,,,
449,14.966667,62.870,10.568,8940,4944,2488,0.875748,0.802607,0.812921,0.839177,0.000000,0,197.318,44.324,APPEARANCE FAIL,NO BUNDLE,0,0,0,,,,0,1,1,1,0.787171,0.463471,946,346,0.293678,STAND LOCKED,,,,,,,,,,
450,15.000000,62.662,10.686,6,8,47,0.742005,0.673785,0.761535,0.707895,0.000000,0,0.000,0.000,NO BLACK,NO BUNDLE,0,0,0,,,,0,1,1,0,0.787171,0.463471,946,346,0.293678,STAND TEMPORARILY LOST (1),874,282,1450,606,,,,,,
451,15.033333,62.255,11.260,0,35,0,0.000000,0.705937,0.000000,0.000000,0.000000,0,0.000,0.000,NO BLACK,NO BUNDLE,0,0,0,,,,0,1,1,0,0.787171,0.463471,946,346,0.293678,STAND TEMPORARILY LOST (1),874,282,1450,606,,,,,,
452,15.066667,61.650,11.279,0,7,19,0.000000,0.648074,0.813531,0.000000,0.000000,0,0.000,0.000,NO BLACK,NO BUNDLE,0,0,0,,,,0,1,1,1,0.751947,0.481050,895,247,0.259470,STAND LOCKED,874,282,1450,606,,,,,,
453,15.100000,63.560,11.714,0,10,0,0.000000,0.647224,0.000000,0.000000,0.000000,0,0.000,0.000,NO BLACK,NO BUNDLE,0,0,0,,,,0,1,1,1,0.751947,0.481050,895,247,0.259470,STAND LOCKED,874,282,1450,606,,,,,,
454,15.133333,61.941,11.671,0,69,0,0.000000,0.736091,0.000000,0.000000,0.000000,0,0.000,0.000,NO BLACK,NO BUNDLE,0,0,0,,,,0,1,1,0,0.751947,0.481050,895,247,0.259470,STAND TARGET JUMP REJECTED,874,282,1450,606,,,,,,
455,15.166667,61.578,12.092,49,55,44,0.737439,0.705467,0.803487,0.721453,0.000000,0,0.000,0.000,NO BLACK,NO BUNDLE,0,0,0,,,,0,1,1,0,0.751947,0.481050,895,247,0.259470,STAND TARGET JUMP REJECTED,874,282,1450,606,,,,,,
456,15.200000,62.425,11.532,8,19,0,0.733656,0.638377,0.000000,0.686016,0.000000,0,0.000,0.000,NO BLACK,NO BUNDLE,0,0,0,,,,0,1,1,1,0.821261,0.466653,842,283,0.430465,STAND LOCKED,874,282,1450,606,,,,,,
457,15.233333,62.192,11.965,5,137,0,0.713788,0.726460,0.000000,0.720124,0.000000,0,0.000,0.000,NO BLACK,NO BUNDLE,0,0,0,,,,0,1,1,1,0.821261,0.466653,842,283,0.430465,STAND LOCKED,874,282,1450,606,,,,,,
458,15.266667,61.247,11.862,2,190,0,0.713722,0.744176,0.000000,0.728949,0.000000,0,0.000,0.000,NO BLACK,NO BUNDLE,0,0,0,,,,0,1,1,0,0.821261,0.466653,842,283,0.430465,STAND TEMPORARILY LOST (1),874,282,1450,606,,,,,,
459,15.300000,62.610,12.247,239,143,0,0.768721,0.694937,0.000000,0.731829,0.000000,0,0.000,0.000,NO BLACK,NO BUNDLE,0,0,0,,,,0,1,1,0,0.821261,0.466653,842,283,0.430465,STAND TEMPORARILY LOST (1),874,282,1450,606,,,,,,
460,15.333333,62.179,12.060,42,45,0,0.745525,0.694509,0.000000,0.720017,0.000000,0,0.000,0.000,NO BLACK,NO BUNDLE,0,0,0,,,,0,1,1,1,0.837896,0.478216,900,330,0.453941,STAND LOCKED,874,282,1450,606,,,,,,
461,15.366667,58.343,12.559,0,30,0,0.000000,0.659323,0.000000,0.000000,0.000000,0,0.000,0.000,NO BLACK,NO BUNDLE,0,0,0,,,,0,1,1,1,0.837896,0.478216,900,330,0.453941,STAND LOCKED,874,282,1450,606,,,,,,
462,15.400000,62.970,11.179,10881,3200,4020,0.917637,0.803045,0.848668,0.856450,0.875571,1,203.381,32.585,VALID,CANDIDATE,1,1,0,979,563,109.000,0,1,1,0,0.837896,0.478216,900,330,0.453941,STAND TARGET JUMP REJECTED,,,,,,,,,,
463,15.433333,57.576,11.852,0,36,0,0.000000,0.707010,0.000000,0.000000,0.000000,0,0.000,0.000,NO BLACK,NO BUNDLE,0,0,0,,,,0,1,1,0,0.837896,0.478216,900,330,0.453941,STAND TARGET JUMP REJECTED,692,397,1268,721,,,,,,
464,15.466667,59.986,11.753,0,53,0,0.000000,0.786412,0.000000,0.000000,0.000000,0,0.000,0.000,NO BLACK,NO BUNDLE,0,0,0,,,,0,1,1,1,0.856562,0.495994,869,321,0.508301,STAND LOCKED,692,397,1268,721,,,,,,
465,15.500000,59.060,12.233,45,100,0,0.736529,0.754581,0.000000,0.745555,0.000000,0,0.000,0.000,NO BLACK,NO BUNDLE,0,0,0,,,,0,1,1,1,0.856562,0.495994,869,321,0.508301,STAND LOCKED,692,397,1268,721,,,,,,
466,15.533333,62.344,12.033,266,95,0,0.770649,0.737272,0.000000,0.753960,0.000000,0,0.000,0.000,NO BLACK,NO BUNDLE,0,0,0,,,,0,1,1,1,0.695816,0.414431,865,226,0.379476,STAND LOCKED,692,397,1268,721,,,,,,
467,15.566667,59.331,12.491,67,61,2,0.736386,0.736968,0.716599,0.736677,0.000000,0,0.000,0.000,NO BLACK,NO BUNDLE,0,0,0,,,,0,1,1,1,0.695816,0.414431,865,226,0.379476,STAND LOCKED,692,397,1268,721,,,,,,
468,15.600000,62.631,12.323,0,15,58,0.000000,0.644444,0.805197,0.000000,0.000000,0,0.000,0.000,NO BLACK,NO BUNDLE,0,0,0,,,,0,1,1,0,0.695816,0.414431,865,226,0.379476,STAND TEMPORARILY LOST (1),692,397,1268,721,,,,,,
469,15.633333,62.325,12.649,44,10,11,0.755515,0.649659,0.738743,0.702587,0.000000,0,0.000,0.000,NO BLACK,NO BUNDLE,0,0,0,,,,0,1,1,0,0.695816,0.414431,865,226,0.379476,STAND TEMPORARILY LOST (1),692,397,1268,721,,,,,,
470,15.666667,61.254,12.127,10,16,0,0.723175,0.688750,0.000000,0.705963,0.000000,0,0.000,0.000,NO BLACK,NO BUNDLE,0,0,0,,,,0,1,1,0,0.695816,0.414431,865,226,0.379476,STAND TARGET JUMP REJECTED,692,397,1268,721,,,,,,
471,15.700000,60.642,12.497,42,8,35,0.738762,0.634475,0.798730,0.686619,0.000000,0,0.000,0.000,NO BLACK,NO BUNDLE,0,0,0,,,,0,1,1,0,0.695816,0.414431,865,226,0.379476,STAND TARGET JUMP REJECTED,692,397,1268,721,,,,,,
472,15.733333,61.510,11.864,13,70,1,0.724427,0.747218,0.722638,0.735822,0.000000,0,0.000,0.000,NO BLACK,NO BUNDLE,0,0,0,,,,0,1,1,0,0.695816,0.414431,865,226,0.379476,STAND TEMPORARILY LOST (3),692,397,1268,721,,,,,,
473,15.766667,61.700,12.276,40,67,1,0.739894,0.739106,0.725954,0.739500,0.000000,0,0.000,0.000,NO BLACK,NO BUNDLE,0,0,0,,,,0,1,1,0,0.695816,0.414431,865,226,0.379476,STAND TEMPORARILY LOST (3),692,397,1268,721,,,,,,
474,15.800000,62.221,11.722,58,50,5,0.734204,0.685858,0.748934,0.710031,0.000000,0,0.000,0.000,NO BLACK,NO BUNDLE,0,0,0,,,,0,0,0,0,0.000000,0.000000,,,,NEED TWO DARK RAILS AND AN UPRIGHT,692,397,1268,721,,,,,,
475,15.833333,61.733,11.477,311,45,45,0.776731,0.702491,0.841093,0.739611,0.000000,0,0.000,0.000,NO BLACK,NO BUNDLE,0,0,0,,,,0,0,0,0,0.558878,0.000000,,,,WEAK STAND GEOMETRY,692,397,1268,721,,,,,,
476,15.866667,61.685,11.253,2,35,2,0.708347,0.716208,0.783248,0.712278,0.000000,0,0.000,0.000,NO BLACK,NO BUNDLE,0,0,0,,,,0,1,0,1,0.583032,0.505749,840,114,0.108333,ACQUIRING STAND 1/4,692,397,1268,721,,,,,,
477,15.900000,61.730,11.726,50,11,43,0.765279,0.647520,0.799860,0.706399,0.000000,0,0.000,0.000,NO BLACK,NO BUNDLE,0,0,0,,,,0,1,0,1,0.583032,0.505749,840,114,0.108333,ACQUIRING STAND 1/4,692,397,1268,721,,,,,,
478,15.933333,62.113,11.443,60,20,27,0.780869,0.693372,0.798201,0.737121,0.000000,0,0.000,0.000,NO BLACK,NO BUNDLE,0,0,0,,,,0,1,0,0,0.583032,0.505749,840,114,0.108333,STAND TEMPORARILY LOST (1),692,397,1268,721,,,,,,
479,15.966667,62.299,10.370,22114,12399,9067,0.887683,0.816938,0.877318,0.852310,0.000000,0,199.513,40.235,APPEARANCE FAIL,NO BUNDLE,0,0,0,,,,0,1,0,0,0.583032,0.505749,840,114,0.108333,STAND TEMPORARILY LOST (1),,,,,,,,,,
480,16.000000,62.084,10.280,162,59,67,0.773608,0.745080,0.790398,0.759344,0.000000,0,0.000,0.000,NO BLACK,NO BUNDLE,0,0,0,,,,0,1,0,0,0.583032,0.505749,840,114,0.108333,STAND TEMPORARILY LOST (2),692,397,1268,721,,,,,,
481,16.033333,58.356,11.009,268,35,102,0.773536,0.688908,0.804558,0.731222,0.000000,0,0.000,0.000,NO BLACK,NO BUNDLE,0,0,0,,,,0,1,0,0,0.583032,0.505749,840,114,0.108333,STAND TEMPORARILY LOST (2),692,397,1268,721,,,,,,
482,16.066667,61.581,10.875,56,9,105,0.727619,0.669548,0.831794,0.698584,0.000000,0,0.000,0.000,NO BLACK,NO BUNDLE,0,0,0,,,,0,1,0,0,0.583032,0.505749,840,114,0.108333,STAND TARGET JUMP REJECTED,692,397,1268,721,,,,,,
483,16.100000,63.008,9.888,18990,9009,9547,0.920428,0.832454,0.894050,0.882311,0.883983,1,210.902,31.787,VALID,CANDIDATE,1,1,0,1038,467,177.000,0,1,0,0,0.583032,0.505749,840,114,0.108333,STAND TARGET JUMP REJECTED,,,,,,,,,,
484,16.133333,56.162,9.961,78,42,187,0.761422,0.749372,0.820035,0.755397,0.000000,0,0.000,0.000,NO BLACK,NO BUNDLE,0,0,0,,,,0,0,0,0,0.000000,0.000000,,,,STAND TARGET JUMP REJECTED,770,296,1346,620,,,,,,
485,16.166667,59.894,9.981,18,0,150,0.749646,0.000000,0.818777,0.000000,0.000000,0,0.000,0.000,NO BLACK,NO BUNDLE,0,0,0,,,,0,0,0,0,0.476513,0.000000,,,,WEAK STAND GEOMETRY,770,296,1346,620,,,,,,
486,16.200000,61.245,10.007,51,0,67,0.783851,0.000000,0.786660,0.000000,0.000000,0,0.000,0.000,NO BLACK,NO BUNDLE,0,0,0,,,,0,0,0,0,0.000000,0.000000,,,,WEAK STAND GEOMETRY,770,296,1346,620,,,,,,
487,16.233333,61.721,9.991,189,2,41,0.830207,0.620177,0.780321,0.725192,0.000000,0,0.000,0.000,NO BLACK,NO BUNDLE,0,0,0,,,,0,1,0,1,0.572500,0.478693,880,88,0.103704,ACQUIRING STAND 1/4,770,296,1346,620,,,,,,
488,16.266667,61.515,9.980,239,10,135,0.796002,0.648879,0.811653,0.722440,0.000000,0,0.000,0.000,NO BLACK,NO BUNDLE,0,0,0,,,,0,1,0,0,0.572500,0.478693,880,88,0.103704,STAND TEMPORARILY LOST (1),770,296,1346,620,,,,,,
489,16.300000,62.122,10.674,105,14,296,0.780384,0.659655,0.818709,0.720020,0.000000,0,0.000,0.000,NO BLACK,NO BUNDLE,0,0,0,,,,0,1,0,0,0.572500,0.478693,880,88,0.103704,STAND TEMPORARILY LOST (1),770,296,1346,620,,,,,,
490,16.333333,61.257,10.569,6,0,108,0.736442,0.000000,0.848434,0.000000,0.000000,0,0.000,0.000,NO BLACK,NO BUNDLE,0,0,0,,,,0,1,0,0,0.572500,0.478693,880,88,0.103704,STAND TEMPORARILY LOST (2),770,296,1346,620,,,,,,
491,16.366667,62.052,11.132,206,29,112,0.757837,0.695766,0.832997,0.726802,0.000000,0,0.000,0.000,NO BLACK,NO BUNDLE,0,0,0,,,,0,1,0,0,0.572500,0.478693,880,88,0.103704,STAND TEMPORARILY LOST (2),770,296,1346,620,,,,,,
492,16.400000,61.342,10.951,136,9,124,0.777083,0.684239,0.850312,0.730661,0.000000,0,0.000,0.000,NO BLACK,NO BUNDLE,0,0,0,,,,0,1,0,0,0.572500,0.478693,880,88,0.103704,STAND TARGET JUMP REJECTED,770,296,1346,620,,,,,,
493,16.433333,61.440,11.512,146,1,141,0.758488,0.626438,0.816203,0.692463,0.000000,0,0.000,0.000,NO BLACK,NO BUNDLE,0,0,0,,,,0,1,0,0,0.572500,0.478693,880,88,0.103704,STAND TARGET JUMP REJECTED,770,296,1346,620,,,,,,
494,16.466667,61.868,11.300,2,40,36,0.710518,0.673420,0.744111,0.691969,0.000000,0,0.000,0.000,NO BLACK,NO BUNDLE,0,0,0,,,,0,0,0,0,0.000000,0.000000,,,,WEAK STAND GEOMETRY,770,296,1346,620,,,,,,
495,16.500000,61.869,11.138,0,75,28,0.000000,0.706007,0.773647,0.000000,0.000000,0,0.000,0.000,NO BLACK,NO BUNDLE,0,0,0,,,,0,0,0,0,0.557715,0.000000,,,,WEAK STAND GEOMETRY,770,296,1346,620,,,,,,
496,16.533333,61.681,11.035,61,20,128,0.758441,0.656257,0.793623,0.707349,0.000000,0,0.000,0.000,NO BLACK,NO BUNDLE,0,0,0,,,,0,0,0,0,0.000000,0.000000,,,,NEED TWO DARK RAILS AND AN UPRIGHT,770,296,1346,620,,,,,,
497,16.566667,61.450,10.932,20,4,52,0.739367,0.625080,0.849601,0.682223,0.000000,0,0.000,0.000,NO BLACK,NO BUNDLE,0,0,0,,,,0,0,0,0,0.000000,0.000000,,,,WEAK STAND GEOMETRY,770,296,1346,620,,,,,,
498,16.600000,62.122,10.864,0,6,51,0.000000,0.654372,0.786130,0.000000,0.000000,0,0.000,0.000,NO BLACK,NO BUNDLE,0,0,0,,,,0,0,0,0,0.000000,0.000000,,,,NEED TWO DARK RAILS AND AN UPRIGHT,770,296,1346,620,,,,,,
499,16.633333,61.995,10.749,2,0,50,0.729430,0.000000,0.791354,0.000000,0.000000,0,0.000,0.000,NO BLACK,NO BUNDLE,0,0,0,,,,0,1,0,1,0.732701,0.425133,906,244,0.282407,ACQUIRING STAND 1/4,770,296,1346,620,,,,,,
500,16.666667,61.181,10.654,18,78,0,0.729921,0.767386,0.000000,0.748653,0.000000,0,0.000,0.000,NO BLACK,NO BUNDLE,0,0,0,,,,0,1,0,1,0.660344,0.510504,935,154,0.204491,ACQUIRING STAND 2/4,770,296,1346,620,,,,,,
501,16.700000,61.288,11.240,15,27,136,0.727081,0.666195,0.798700,0.696638,0.000000,0,0.000,0.000,NO BLACK,NO BUNDLE,0,0,0,,,,0,1,0,1,0.660344,0.510504,935,154,0.204491,ACQUIRING STAND 2/4,770,296,1346,620,,,,,,
502,16.733333,61.060,11.060,20,30,52,0.733593,0.693576,0.775044,0.713585,0.000000,0,0.000,0.000,NO BLACK,NO BUNDLE,0,0,0,,,,0,1,0,0,0.660344,0.510504,935,154,0.204491,STAND TEMPORARILY LOST (1),770,296,1346,620,,,,,,
503,16.766667,60.800,11.603,66,70,17,0.744786,0.721914,0.766485,0.733350,0.000000,0,0.000,0.000,NO BLACK,NO BUNDLE,0,0,0,,,,0,1,0,0,0.660344,0.510504,935,154,0.204491,STAND TEMPORARILY LOST (1),770,296,1346,620,,,,,,
504,16.800000,62.681,10.478,15008,4872,6575,0.925624,0.862035,0.883688,0.890449,0.899809,1,210.115,33.483,VALID,CANDIDATE,1,1,0,900,499,133.000,0,1,0,1,0.581054,0.439439,909,110,0.163317,ACQUIRING STAND 2/4,,,,,,,,,,
505,16.833333,56.454,11.185,25,44,132,0.755120,0.720740,0.804983,0.737930,0.000000,0,0.000,0.000,NO BLACK,NO BUNDLE,0,0,0,,,,0,1,0,1,0.581054,0.439439,909,110,0.163317,ACQUIRING STAND 2/4,642,329,1218,653,,,,,,
506,16.866667,62.268,10.981,55,0,64,0.736483,0.000000,0.770551,0.000000,0.000000,0,0.000,0.000,NO BLACK,NO BUNDLE,0,0,0,,,,0,1,0,0,0.581054,0.439439,909,110,0.163317,STAND TEMPORARILY LOST (1),642,329,1218,653,,,,,,
507,16.900000,61.472,11.456,100,126,0,0.748930,0.763846,0.000000,0.756388,0.000000,0,0.000,0.000,NO BLACK,NO BUNDLE,0,0,0,,,,0,1,0,0,0.581054,0.439439,909,110,0.163317,STAND TEMPORARILY LOST (1),642,329,1218,653,,,,,,
508,16.933333,60.770,11.283,98,10,17,0.741061,0.631279,0.788738,0.686170,0.000000,0,0.000,0.000,NO BLACK,NO BUNDLE,0,0,0,,,,0,1,0,0,0.581054,0.439439,909,110,0.163317,STAND TARGET JUMP REJECTED,642,329,1218,653,,,,,,
509,16.966667,62.446,10.176,15923,6390,7165,0.913589,0.796344,0.871322,0.860418,0.860690,1,214.148,31.723,VALID,CANDIDATE,1,1,0,931,643,168.000,0,1,0,0,0.581054,0.439439,909,110,0.163317,STAND TARGET JUMP REJECTED,,,,,,,,,,
510,17.000000,56.661,10.166,16,44,0,0.717698,0.701656,0.000000,0.709677,0.000000,0,0.000,0.000,NO BLACK,NO BUNDLE,0,0,0,,,,0,1,0,0,0.581054,0.439439,909,110,0.163317,STAND TEMPORARILY LOST (3),608,480,1184,804,,,,,,
511,17.033333,58.731,10.899,147,90,2,0.742499,0.727427,0.751284,0.734963,0.000000,0,0.000,0.000,NO BLACK,NO BUNDLE,0,0,0,,,,0,1,0,0,0.581054,0.439439,909,110,0.163317,STAND TEMPORARILY LOST (3),608,480,1184,804,,,,,,
512,17.066667,62.780,10.726,6,74,0,0.722854,0.704624,0.000000,0.713739,0.000000,0,0.000,0.000,NO BLACK,NO BUNDLE,0,0,0,,,,0,0,0,0,0.000000,0.000000,,,,NEED TWO DARK RAILS AND AN UPRIGHT,608,480,1184,804,,,,,,
513,17.100000,62.351,10.633,140,0,0,0.755817,0.000000,0.000000,0.000000,0.000000,0,0.000,0.000,NO BLACK,NO BUNDLE,0,0,0,,,,0,0,0,0,0.000000,0.000000,,,,WEAK STAND GEOMETRY,608,480,1184,804,,,,,,
514,17.133333,62.088,10.526,0,0,0,0.000000,0.000000,0.000000,0.000000,0.000000,0,0.000,0.000,NO BLACK,NO BUNDLE,0,0,0,,,,0,1,0,1,0.581478,0.443129,984,727,0.153704,ACQUIRING STAND 1/4,608,480,1184,804,,,,,,
515,17.166667,62.331,11.108,14,0,1,0.719319,0.000000,0.724169,0.000000,0.000000,0,0.000,0.000,NO BLACK,NO BUNDLE,0,0,0,,,,0,1,0,1,0.581478,0.443129,984,727,0.153704,ACQUIRING STAND 1/4,608,480,1184,804,,,,,,
516,17.200000,62.236,10.913,88,24,0,0.735299,0.660557,0.000000,0.697928,0.000000,0,0.000,0.000,NO BLACK,NO BUNDLE,0,0,0,,,,0,1,0,0,0.581478,0.443129,984,727,0.153704,STAND TARGET JUMP REJECTED,608,480,1184,804,,,,,,
517,17.233333,61.811,11.462,112,32,2,0.748857,0.733690,0.765346,0.741274,0.000000,0,0.000,0.000,NO BLACK,NO BUNDLE,0,0,0,,,,0,1,0,0,0.581478,0.443129,984,727,0.153704,STAND TARGET JUMP REJECTED,608,480,1184,804,,,,,,
518,17.266667,62.039,11.208,22,1,1,0.725049,0.605927,0.726083,0.665488,0.000000,0,0.000,0.000,NO BLACK,NO BUNDLE,0,0,0,,,,0,1,0,0,0.581478,0.443129,984,727,0.153704,STAND TEMPORARILY LOST (2),608,480,1184,804,,,,,,
519,17.300000,61.662,11.710,143,0,10,0.753450,0.000000,0.764900,0.000000,0.000000,0,0.000,0.000,NO BLACK,NO BUNDLE,0,0,0,,,,0,1,0,0,0.581478,0.443129,984,727,0.153704,STAND TEMPORARILY LOST (2),608,480,1184,804,,,,,,
520,17.333333,62.385,11.398,34,18,6,0.728467,0.687111,0.759844,0.707789,0.000000,0,0.000,0.000,NO BLACK,NO BUNDLE,0,0,0,,,,0,1,0,0,0.581478,0.443129,984,727,0.153704,STAND TARGET JUMP REJECTED,608,480,1184,804,,,,,,
521,17.366667,62.717,11.843,57,0,50,0.734233,0.000000,0.797314,0.000000,0.000000,0,0.000,0.000,NO BLACK,NO BUNDLE,0,0,0,,,,0,1,0,0,0.581478,0.443129,984,727,0.153704,STAND TARGET JUMP REJECTED,608,480,1184,804,,,,,,
522,17.400000,65.084,11.478,106,0,44,0.767394,0.000000,0.775079,0.000000,0.000000,0,0.000,0.000,NO BLACK,NO BUNDLE,0,0,0,,,,0,0,0,0,0.000000,0.000000,,,,NEED TWO DARK RAILS AND AN UPRIGHT,608,480,1184,804,,,,,,
523,17.433333,61.366,11.266,40,0,28,0.749080,0.000000,0.797775,0.000000,0.000000,0,0.000,0.000,NO BLACK,NO BUNDLE,0,0,0,,,,0,0,0,0,0.000000,0.000000,,,,NEED TWO DARK RAILS AND AN UPRIGHT,608,480,1184,804,,,,,,
524,17.466667,61.321,11.071,320,0,110,0.769582,0.000000,0.833102,0.000000,0.000000,0,0.000,0.000,NO BLACK,NO BUNDLE,0,0,0,,,,0,1,0,1,0.651146,0.651063,1384,430,0.151852,ACQUIRING STAND 1/4,608,480,1184,804,,,,,,
525,17.500000,62.130,11.583,0,0,0,0.000000,0.000000,0.000000,0.000000,0.000000,0,0.000,0.000,NO BLACK,NO BUNDLE,0,0,0,,,,0,1,0,1,0.651146,0.651063,1384,430,0.151852,ACQUIRING STAND 1/4,608,480,1184,804,,,,,,
526,17.533333,61.292,11.357,0,0,0,0.000000,0.000000,0.000000,0.000000,0.000000,0,0.000,0.000,NO BLACK,NO BUNDLE,0,0,0,,,,0,1,0,0,0.651146,0.651063,1384,430,0.151852,STAND TEMPORARILY LOST (1),608,480,1184,804,,,,,,
527,17.566667,61.820,11.840,0,0,0,0.000000,0.000000,0.000000,0.000000,0.000000,0,0.000,0.000,NO BLACK,NO BUNDLE,0,0,0,,,,0,1,0,0,0.651146,0.651063,1384,430,0.151852,STAND TEMPORARILY LOST (1),608,480,1184,804,,,,,,
528,17.600000,62.160,11.555,0,0,0,0.000000,0.000000,0.000000,0.000000,0.000000,0,0.000,0.000,NO BLACK,NO BUNDLE,0,0,0,,,,0,1,0,0,0.651146,0.651063,1384,430,0.151852,STAND TEMPORARILY LOST (2),608,480,1184,804,,,,,,
529,17.633333,61.975,12.035,0,0,0,0.000000,0.000000,0.000000,0.000000,0.000000,0,0.000,0.000,NO BLACK,NO BUNDLE,0,0,0,,,,0,1,0,0,0.651146,0.651063,1384,430,0.151852,STAND TEMPORARILY LOST (2),608,480,1184,804,,,,,,
530,17.666667,65.806,10.739,26071,17305,13330,0.884305,0.784660,0.919968,0.862978,0.840577,1,214.808,34.527,VALID,CANDIDATE,1,1,0,907,350,254.000,0,1,0,0,0.651146,0.651063,1384,430,0.151852,STAND TARGET JUMP REJECTED,,,,,,,,,,
531,17.700000,57.758,11.250,1142,146,944,0.777359,0.695895,0.831881,0.736627,0.000000,0,0.000,0.000,GEOMETRY FAIL,NO BUNDLE,0,0,0,,,,0,1,0,0,0.651146,0.651063,1384,430,0.151852,STAND TARGET JUMP REJECTED,531,140,1244,541,,,,,,
532,17.733333,59.939,11.018,491,56,419,0.774772,0.667926,0.804556,0.721349,0.000000,0,0.000,0.000,NO BLACK,NO BUNDLE,0,0,0,,,,0,0,0,0,0.000000,0.000000,,,,STAND TARGET JUMP REJECTED,531,140,1244,541,,,,,,
533,17.766667,59.063,10.894,285,11,227,0.765846,0.628285,0.845370,0.697066,0.000000,0,0.000,0.000,NO BLACK,NO BUNDLE,0,0,0,,,,0,1,0,1,0.983284,0.626181,886,262,0.455556,ACQUIRING STAND 1/4,531,140,1244,541,,,,,,
534,17.800000,62.477,10.735,0,2,212,0.000000,0.606217,0.859680,0.000000,0.000000,0,0.000,0.000,NO BLACK,NO BUNDLE,0,0,0,,,,0,1,0,1,0.749340,0.544032,884,214,0.354722,ACQUIRING STAND 2/4,531,140,1244,541,,,,,,
535,17.833333,63.340,11.259,2,10,120,0.715582,0.640884,0.819781,0.678233,0.000000,0,0.000,0.000,NO BLACK,NO BUNDLE,0,0,0,,,,0,1,0,1,0.749340,0.544032,884,214,0.354722,ACQUIRING STAND 2/4,531,140,1244,541,,,,,,
536,17.866667,61.463,11.010,0,0,32,0.000000,0.000000,0.823561,0.000000,0.000000,0,0.000,0.000,NO BLACK,NO BUNDLE,0,0,0,,,,0,1,0,1,0.865279,0.559459,932,228,0.387773,ACQUIRING STAND 3/4,531,140,1244,541,,,,,,
537,17.900000,63.749,11.475,0,0,4,0.000000,0.000000,0.732168,0.000000,0.000000,0,0.000,0.000,NO BLACK,NO BUNDLE,0,0,0,,,,0,1,0,1,0.865279,0.559459,932,228,0.387773,ACQUIRING STAND 3/4,531,140,1244,541,,,,,,
538,17.933333,62.097,11.196,0,0,0,0.000000,0.000000,0.000000,0.000000,0.000000,0,0.000,0.000,NO BLACK,NO BUNDLE,0,0,0,,,,0,1,0,0,0.865279,0.559459,932,228,0.387773,STAND TEMPORARILY LOST (1),531,140,1244,541,,,,,,
539,17.966667,62.697,10.188,6142,5596,14382,0.780153,0.718619,0.869856,0.789543,0.766931,1,213.945,33.422,VALID,CANDIDATE,1,1,0,683,223,128.000,0,1,0,0,0.865279,0.559459,932,228,0.387773,STAND TEMPORARILY LOST (1),,,,,,,,,,
540,18.000000,56.077,10.267,58,0,921,0.736024,0.000000,0.861352,0.000000,0.000000,0,0.000,0.000,NO BLACK,NO BUNDLE,0,0,0,,,,0,1,0,0,0.865279,0.559459,932,228,0.387773,STAND TARGET JUMP REJECTED,3,0,1247,700,,,,,,
541,18.033333,65.023,10.780,0,0,21,0.000000,0.000000,0.737846,0.000000,0.000000,0,0.000,0.000,NO BLACK,NO BUNDLE,0,0,0,,,,0,1,0,0,0.865279,0.559459,932,228,0.387773,STAND TARGET JUMP REJECTED,3,0,1247,700,,,,,,
542,18.066667,62.690,10.621,0,0,1526,0.000000,0.000000,0.864703,0.000000,0.000000,0,0.000,0.000,NO BLACK,NO BUNDLE,0,0,0,,,,0,1,0,0,0.865279,0.559459,932,228,0.387773,STAND TARGET JUMP REJECTED,3,0,1247,700,,,,,,
543,18.100000,62.776,11.163,0,39,1350,0.000000,0.638533,0.886160,0.000000,0.000000,0,0.000,0.000,NO BLACK,NO BUNDLE,0,0,0,,,,0,1,0,0,0.865279,0.559459,932,228,0.387773,STAND TARGET JUMP REJECTED,3,0,1247,700,,,,,,
544,18.133333,63.616,10.937,0,0,331,0.000000,0.000000,0.813075,0.000000,0.000000,0,0.000,0.000,NO BLACK,NO BUNDLE,0,0,0,,,,0,0,0,0,0.000000,0.000000,,,,STAND TARGET JUMP REJECTED,3,0,1247,700,,,,,,
545,18.166667,63.789,10.757,6,15,235,0.709031,0.637287,0.831367,0.673159,0.000000,0,0.000,0.000,NO BLACK,NO BUNDLE,0,0,0,,,,0,1,0,1,0.689638,0.501000,912,94,0.159259,ACQUIRING STAND 1/4,3,0,1247,700,,,,,,
546,18.200000,61.690,10.648,25,0,149,0.728668,0.000000,0.833025,0.000000,0.000000,0,0.000,0.000,NO BLACK,NO BUNDLE,0,0,0,,,,0,1,0,1,0.702992,0.444243,937,156,0.240231,ACQUIRING STAND 2/4,3,0,1247,700,,,,,,
547,18.233333,62.447,11.201,82,0,882,0.767702,0.000000,0.803996,0.000000,0.000000,0,0.000,0.000,NO BLACK,NO BUNDLE,0,0,0,,,,0,1,0,1,0.702992,0.444243,937,156,0.240231,ACQUIRING STAND 2/4,3,0,1247,700,,,,,,
548,18.266667,61.914,10.979,79,4,331,0.737304,0.601499,0.776672,0.669402,0.000000,0,0.000,0.000,NO BLACK,NO BUNDLE,0,0,0,,,,0,1,0,0,0.702992,0.444243,937,156,0.240231,STAND TARGET JUMP REJECTED,3,0,1247,700,,,,,,
549,18.300000,65.332,11.368,61,0,83,0.721830,0.000000,0.781821,0.000000,0.000000,0,0.000,0.000,NO BLACK,NO BUNDLE,0,0,0,,,,0,1,0,0,0.702992,0.444243,937,156,0.240231,STAND TARGET JUMP REJECTED,3,0,1247,700,,,,,,
550,18.333333,62.134,11.093,35,0,0,0.733203,0.000000,0.000000,0.000000,0.000000,0,0.000,0.000,NO BLACK,NO BUNDLE,0,0,0,,,,0,1,0,1,0.892315,0.578477,909,247,0.342363,ACQUIRING STAND 1/4,3,0,1247,700,,,,,,
551,18.366667,63.137,11.534,1,2,0,0.706257,0.605273,0.000000,0.655765,0.000000,0,0.000,0.000,NO BLACK,NO BUNDLE,0,0,0,,,,0,1,0,1,0.892315,0.578477,909,247,0.342363,ACQUIRING STAND 1/4,3,0,1247,700,,,,,,
552,18.400000,63.248,11.274,0,0,16,0.000000,0.000000,0.717095,0.000000,0.000000,0,0.000,0.000,NO BLACK,NO BUNDLE,0,0,0,,,,0,1,0,0,0.892315,0.578477,909,247,0.342363,STAND TEMPORARILY LOST (1),3,0,1247,700,,,,,,
553,18.433333,62.610,11.347,635,267,718,0.780644,0.739398,0.819389,0.760021,0.000000,0,0.000,0.000,GEOMETRY FAIL,NO BUNDLE,0,0,0,,,,0,1,0,0,0.892315,0.578477,909,247,0.342363,STAND TEMPORARILY LOST (1),3,0,1247,700,,,,,,
554,18.466667,62.740,11.043,0,0,0,0.000000,0.000000,0.000000,0.000000,0.000000,0,0.000,0.000,NO BLACK,NO BUNDLE,0,0,0,,,,0,1,0,0,0.892315,0.578477,909,247,0.342363,STAND TEMPORARILY LOST (2),3,0,1247,700,,,,,,
555,18.500000,62.873,11.538,0,0,0,0.000000,0.000000,0.000000,0.000000,0.000000,0,0.000,0.000,NO BLACK,NO BUNDLE,0,0,0,,,,0,1,0,0,0.892315,0.578477,909,247,0.342363,STAND TEMPORARILY LOST (2),3,0,1247,700,,,,,,
556,18.533333,61.871,11.253,0,0,0,0.000000,0.000000,0.000000,0.000000,0.000000,0,0.000,0.000,NO BLACK,NO BUNDLE,0,0,0,,,,0,1,0,1,0.794459,0.544328,1058,215,0.341471,ACQUIRING STAND 1/4,3,0,1247,700,,,,,,
557,18.566667,65.372,11.628,0,0,0,0.000000,0.000000,0.000000,0.000000,0.000000,0,0.000,0.000,NO BLACK,NO BUNDLE,0,0,0,,,,0,1,0,1,0.794459,0.544328,1058,215,0.341471,ACQUIRING STAND 1/4,3,0,1247,700,,,,,,
558,18.600000,62.638,11.325,0,0,0,0.000000,0.000000,0.000000,0.000000,0.000000,0,0.000,0.000,NO BLACK,NO BUNDLE,0,0,0,,,,0,1,0,0,0.794459,0.544328,1058,215,0.341471,STAND TARGET JUMP REJECTED,3,0,1247,700,,,,,,
559,18.633333,63.393,11.753,0,0,0,0.000000,0.000000,0.000000,0.000000,0.000000,0,0.000,0.000,NO BLACK,NO BUNDLE,0,0,0,,,,0,1,0,0,0.794459,0.544328,1058,215,0.341471,STAND TARGET JUMP REJECTED,3,0,1247,700,,,,,,
560,18.666667,62.544,11.445,0,78,0,0.000000,0.625326,0.000000,0.000000,0.000000,0,0.000,0.000,NO BLACK,NO BUNDLE,0,0,0,,,,0,1,0,0,0.794459,0.544328,1058,215,0.341471,STAND TARGET JUMP REJECTED,,,,,,,,,,
561,18.700000,62.504,11.855,0,79,0,0.000000,0.639517,0.000000,0.000000,0.000000,0,0.000,0.000,NO BLACK,NO BUNDLE,0,0,0,,,,0,1,0,0,0.794459,0.544328,1058,215,0.341471,STAND TARGET JUMP REJECTED,0,0,1920,1080,,,,,,
562,18.733333,62.049,11.479,0,0,8,0.000000,0.000000,0.711263,0.000000,0.000000,0,0.000,0.000,NO BLACK,NO BUNDLE,0,0,0,,,,0,1,0,0,0.794459,0.544328,1058,215,0.341471,STAND TARGET JUMP REJECTED,0,0,1920,1080,,,,,,
563,18.766667,62.531,11.890,0,0,0,0.000000,0.000000,0.000000,0.000000,0.000000,0,0.000,0.000,NO BLACK,NO BUNDLE,0,0,0,,,,0,1,0,0,0.794459,0.544328,1058,215,0.341471,STAND TARGET JUMP REJECTED,0,0,1920,1080,,,,,,
564,18.800000,62.817,11.570,0,0,0,0.000000,0.000000,0.000000,0.000000,0.000000,0,0.000,0.000,NO BLACK,NO BUNDLE,0,0,0,,,,0,0,0,0,0.000000,0.000000,,,,STAND TARGET JUMP REJECTED,0,0,1920,1080,,,,,,
565,18.833333,61.203,11.294,0,0,0,0.000000,0.000000,0.000000,0.000000,0.000000,0,0.000,0.000,NO BLACK,NO BUNDLE,0,0,0,,,,0,0,0,0,0.475377,0.000000,,,,WEAK STAND GEOMETRY,0,0,1920,1080,,,,,,
566,18.866667,60.461,11.064,0,0,0,0.000000,0.000000,0.000000,0.000000,0.000000,0,0.000,0.000,NO BLACK,NO BUNDLE,0,0,0,,,,0,1,0,1,0.915062,0.610674,1102,494,0.914815,ACQUIRING STAND 1/4,0,0,1920,1080,,,,,,
567,18.900000,67.063,11.407,0,0,0,0.000000,0.000000,0.000000,0.000000,0.000000,0,0.000,0.000,NO BLACK,NO BUNDLE,0,0,0,,,,0,1,0,1,0.915062,0.610674,1102,494,0.914815,ACQUIRING STAND 1/4,0,0,1920,1080,,,,,,
568,18.933333,63.618,11.099,0,0,0,0.000000,0.000000,0.000000,0.000000,0.000000,0,0.000,0.000,NO BLACK,NO BUNDLE,0,0,0,,,,0,1,0,1,0.871727,0.536771,1022,432,0.784444,ACQUIRING STAND 2/4,0,0,1920,1080,,,,,,
569,18.966667,63.017,11.630,0,0,0,0.000000,0.000000,0.000000,0.000000,0.000000,0,0.000,0.000,NO BLACK,NO BUNDLE,0,0,0,,,,0,1,0,1,0.871727,0.536771,1022,432,0.784444,ACQUIRING STAND 2/4,,,,,,,,,,
570,19.000000,64.032,11.305,0,0,0,0.000000,0.000000,0.000000,0.000000,0.000000,0,0.000,0.000,NO BLACK,NO BUNDLE,0,0,0,,,,0,1,0,0,0.871727,0.536771,1022,432,0.784444,STAND TARGET JUMP REJECTED,0,0,1920,1080,,,,,,
571,19.033333,63.111,11.730,0,0,0,0.000000,0.000000,0.000000,0.000000,0.000000,0,0.000,0.000,NO BLACK,NO BUNDLE,0,0,0,,,,0,1,0,0,0.871727,0.536771,1022,432,0.784444,STAND TARGET JUMP REJECTED,0,0,1920,1080,,,,,,
572,19.066667,62.452,11.388,0,447,0,0.000000,0.734542,0.000000,0.000000,0.000000,0,0.000,0.000,NO BLACK,NO BUNDLE,0,0,0,,,,0,1,0,0,0.871727,0.536771,1022,432,0.784444,STAND TARGET JUMP REJECTED,0,0,1920,1080,,,,,,
573,19.100000,64.069,11.772,0,395,0,0.000000,0.705503,0.000000,0.000000,0.000000,0,0.000,0.000,NO BLACK,NO BUNDLE,0,0,0,,,,0,1,0,0,0.871727,0.536771,1022,432,0.784444,STAND TARGET JUMP REJECTED,0,0,1920,1080,,,,,,
574,19.133333,63.547,11.463,0,0,0,0.000000,0.000000,0.000000,0.000000,0.000000,0,0.000,0.000,NO BLACK,NO BUNDLE,0,0,0,,,,0,1,0,1,0.757205,0.492986,984,312,0.562815,ACQUIRING STAND 1/4,0,0,1920,1080,,,,,,
575,19.166667,64.316,11.817,0,0,0,0.000000,0.000000,0.000000,0.000000,0.000000,0,0.000,0.000,NO BLACK,NO BUNDLE,0,0,0,,,,0,1,0,1,0.757205,0.492986,984,312,0.562815,ACQUIRING STAND 1/4,0,0,1920,1080,,,,,,
576,19.200000,63.004,11.476,0,0,0,0.000000,0.000000,0.000000,0.000000,0.000000,0,0.000,0.000,NO BLACK,NO BUNDLE,0,0,0,,,,0,1,0,1,0.883111,0.530004,951,338,0.619933,ACQUIRING STAND 2/4,0,0,1920,1080,,,,,,
577,19.233333,63.658,11.867,0,0,0,0.000000,0.000000,0.000000,0.000000,0.000000,0,0.000,0.000,NO BLACK,NO BUNDLE,0,0,0,,,,0,1,0,1,0.883111,0.530004,951,338,0.619933,ACQUIRING STAND 2/4,0,0,1920,1080,,,,,,
578,19.266667,62.974,11.536,0,0,0,0.000000,0.000000,0.000000,0.000000,0.000000,0,0.000,0.000,NO BLACK,NO BUNDLE,0,0,0,,,,0,1,0,0,0.883111,0.530004,951,338,0.619933,STAND TARGET JUMP REJECTED,0,0,1920,1080,,,,,,
579,19.300000,63.321,11.936,0,0,0,0.000000,0.000000,0.000000,0.000000,0.000000,0,0.000,0.000,NO BLACK,NO BUNDLE,0,0,0,,,,0,1,0,0,0.883111,0.530004,951,338,0.619933,STAND TARGET JUMP REJECTED,0,0,1920,1080,,,,,,
580,19.333333,63.014,11.594,0,0,0,0.000000,0.000000,0.000000,0.000000,0.000000,0,0.000,0.000,NO BLACK,NO BUNDLE,0,0,0,,,,0,1,0,0,0.883111,0.530004,951,338,0.619933,STAND TEMPORARILY LOST (2),0,0,1920,1080,,,,,,
581,19.366667,62.584,11.994,0,0,0,0.000000,0.000000,0.000000,0.000000,0.000000,0,0.000,0.000,NO BLACK,NO BUNDLE,0,0,0,,,,0,1,0,0,0.883111,0.530004,951,338,0.619933,STAND TEMPORARILY LOST (2),0,0,1920,1080,,,,,,
582,19.400000,63.817,11.615,19,0,0,0.721983,0.000000,0.000000,0.000000,0.000000,0,0.000,0.000,NO BLACK,NO BUNDLE,0,0,0,,,,0,1,0,1,0.650546,0.540122,959,265,0.488785,ACQUIRING STAND 1/4,0,0,1920,1080,,,,,,
583,19.433333,63.389,11.995,0,225,0,0.000000,0.681242,0.000000,0.000000,0.000000,0,0.000,0.000,NO BLACK,NO BUNDLE,0,0,0,,,,0,1,0,1,0.650546,0.540122,959,265,0.488785,ACQUIRING STAND 1/4,0,0,1920,1080,,,,,,
584,19.466667,62.457,11.258,2805,557,1523,0.825028,0.747532,0.859977,0.786280,0.000000,0,0.000,0.000,INSUFFICIENT LASHING PATTERN,NO BUNDLE,0,0,0,,,,0,1,0,0,0.650546,0.540122,959,265,0.488785,STAND TEMPORARILY LOST (1),0,0,1920,1080,,,,,,
585,19.500000,62.512,10.851,3826,1040,1982,0.809187,0.715525,0.843148,0.762356,0.000000,0,0.000,0.000,NO VALID CONTACT,NO BUNDLE,0,0,0,,,,0,1,0,0,0.650546,0.540122,959,265,0.488785,STAND TEMPORARILY LOST (1),0,0,1920,1080,,,,,,
586,19.533333,58.860,10.149,3082,1937,2168,0.817810,0.725264,0.825161,0.771537,0.000000,0,0.000,0.000,GEOMETRY FAIL,NO BUNDLE,0,0,0,,,,0,1,0,0,0.650546,0.540122,959,265,0.488785,STAND TEMPORARILY LOST (2),0,0,1920,1080,,,,,,
587,19.566667,67.055,9.541,4387,2361,7020,0.806675,0.759945,0.869581,0.783310,0.000000,0,0.000,0.000,INSUFFICIENT LASHING PATTERN,NO BUNDLE,0,0,0,,,,0,1,0,0,0.650546,0.540122,959,265,0.488785,STAND TEMPORARILY LOST (2),0,0,1920,1080,,,,,,
588,19.600000,63.358,9.047,5339,2739,1695,0.832107,0.756609,0.814526,0.794358,0.000000,0,0.000,0.000,GEOMETRY FAIL,NO BUNDLE,0,0,0,,,,0,1,0,0,0.650546,0.540122,959,265,0.488785,STAND TEMPORARILY LOST (3),0,0,1920,1080,,,,,,
589,19.633333,61.620,8.680,5345,2122,2989,0.799588,0.728910,0.833946,0.764249,0.000000,0,0.000,0.000,INSUFFICIENT LASHING PATTERN,NO BUNDLE,0,0,0,,,,0,1,0,0,0.650546,0.540122,959,265,0.488785,STAND TEMPORARILY LOST (3),0,0,1920,1080,,,,,,
590,19.666667,63.033,8.305,3809,3656,1188,0.784025,0.742490,0.855143,0.763258,0.000000,0,0.000,0.000,GEOMETRY FAIL,NO BUNDLE,0,0,0,,,,0,0,0,0,0.000000,0.000000,,,,WEAK STAND GEOMETRY,0,0,1920,1080,,,,,,
591,19.700000,62.386,8.523,0,0,0,0.000000,0.000000,0.000000,0.000000,0.000000,0,0.000,0.000,NO BLACK,NO BUNDLE,0,0,0,,,,0,1,0,1,0.609099,0.694709,1570,414,0.196296,ACQUIRING STAND 1/4,1205,213,1920,615,,,,,,
592,19.733333,60.426,8.784,0,0,0,0.000000,0.000000,0.000000,0.000000,0.000000,0,0.000,0.000,NO BLACK,NO BUNDLE,0,0,0,,,,0,1,0,0,0.609099,0.694709,1570,414,0.196296,STAND TARGET JUMP REJECTED,1205,213,1920,615,,,,,,
593,19.766667,63.902,9.594,0,0,0,0.000000,0.000000,0.000000,0.000000,0.000000,0,0.000,0.000,NO BLACK,NO BUNDLE,0,0,0,,,,0,1,0,0,0.609099,0.694709,1570,414,0.196296,STAND TARGET JUMP REJECTED,1205,213,1920,615,,,,,,
594,19.800000,61.593,9.638,0,0,0,0.000000,0.000000,0.000000,0.000000,0.000000,0,0.000,0.000,NO BLACK,NO BUNDLE,0,0,0,,,,0,1,0,0,0.609099,0.694709,1570,414,0.196296,STAND TEMPORARILY LOST (2),1205,213,1920,615,,,,,,
595,19.833333,61.957,10.365,0,0,0,0.000000,0.000000,0.000000,0.000000,0.000000,0,0.000,0.000,NO BLACK,NO BUNDLE,0,0,0,,,,0,1,0,0,0.609099,0.694709,1570,414,0.196296,STAND TEMPORARILY LOST (2),1205,213,1920,615,,,,,,
596,19.866667,61.383,10.244,0,0,0,0.000000,0.000000,0.000000,0.000000,0.000000,0,0.000,0.000,NO BLACK,NO BUNDLE,0,0,0,,,,0,1,0,0,0.609099,0.694709,1570,414,0.196296,STAND TARGET JUMP REJECTED,1205,213,1920,615,,,,,,
597,19.900000,61.916,10.889,0,0,0,0.000000,0.000000,0.000000,0.000000,0.000000,0,0.000,0.000,NO BLACK,NO BUNDLE,0,0,0,,,,0,1,0,0,0.609099,0.694709,1570,414,0.196296,STAND TARGET JUMP REJECTED,1205,213,1920,615,,,,,,
598,19.933333,59.700,10.737,0,0,0,0.000000,0.000000,0.000000,0.000000,0.000000,0,0.000,0.000,NO BLACK,NO BUNDLE,0,0,0,,,,0,0,0,0,0.000000,0.000000,,,,STAND TARGET JUMP REJECTED,1205,213,1920,615,,,,,,
599,19.966667,63.108,9.829,5430,5848,8034,0.785078,0.792488,0.824232,0.788783,0.000000,0,0.000,0.000,GEOMETRY FAIL,NO BUNDLE,0,0,0,,,,0,0,0,0,0.000000,0.000000,,,,NEED TWO DARK RAILS AND AN UPRIGHT,,,,,,,,,,
600,20.000000,59.405,9.156,2280,4310,6854,0.792061,0.775141,0.854155,0.783601,0.000000,0,0.000,0.000,COMPONENTS TOO FAR,NO BUNDLE,0,0,0,,,,0,1,0,1,0.911080,0.575678,870,302,0.537037,ACQUIRING STAND 1/4,0,0,1920,1080,,,,,,
601,20.033333,62.860,8.767,1447,3469,2707,0.803396,0.823863,0.772326,0.799862,0.816556,1,204.409,32.818,VALID,CANDIDATE,1,1,0,412,650,79.000,0,1,0,1,0.911080,0.575678,870,302,0.537037,ACQUIRING STAND 1/4,0,0,1920,1080,,,,,,
602,20.066667,56.944,8.962,0,0,0,0.000000,0.000000,0.000000,0.000000,0.000000,0,0.000,0.000,NO BLACK,NO BUNDLE,0,0,0,,,,0,1,0,0,0.911080,0.575678,870,302,0.537037,STAND TEMPORARILY LOST (1),138,474,714,798,,,,,,
603,20.100000,56.829,9.934,0,0,0,0.000000,0.000000,0.000000,0.000000,0.000000,0,0.000,0.000,NO BLACK,NO BUNDLE,0,0,0,,,,0,1,0,0,0.911080,0.575678,870,302,0.537037,STAND TEMPORARILY LOST (1),138,474,714,798,,,,,,
604,20.133333,58.651,9.906,0,0,0,0.000000,0.000000,0.000000,0.000000,0.000000,0,0.000,0.000,NO BLACK,NO BUNDLE,0,0,0,,,,0,1,0,0,0.911080,0.575678,870,302,0.537037,STAND TEMPORARILY LOST (2),138,474,714,798,,,,,,
605,20.166667,62.620,10.592,0,0,0,0.000000,0.000000,0.000000,0.000000,0.000000,0,0.000,0.000,NO BLACK,NO BUNDLE,0,0,0,,,,0,1,0,0,0.911080,0.575678,870,302,0.537037,STAND TEMPORARILY LOST (2),138,474,714,798,,,,,,
606,20.200000,62.063,10.453,0,0,0,0.000000,0.000000,0.000000,0.000000,0.000000,0,0.000,0.000,NO BLACK,NO BUNDLE,0,0,0,,,,0,1,0,0,0.911080,0.575678,870,302,0.537037,STAND TARGET JUMP REJECTED,138,474,714,798,,,,,,
607,20.233333,61.769,11.077,0,0,0,0.000000,0.000000,0.000000,0.000000,0.000000,0,0.000,0.000,NO BLACK,NO BUNDLE,0,0,0,,,,0,1,0,0,0.911080,0.575678,870,302,0.537037,STAND TARGET JUMP REJECTED,138,474,714,798,,,,,,
608,20.266667,63.015,10.871,0,0,0,0.000000,0.000000,0.000000,0.000000,0.000000,0,0.000,0.000,NO BLACK,NO BUNDLE,0,0,0,,,,0,1,0,1,0.772601,0.467033,910,337,0.610370,ACQUIRING STAND 1/4,138,474,714,798,,,,,,
609,20.300000,62.209,11.425,0,0,0,0.000000,0.000000,0.000000,0.000000,0.000000,0,0.000,0.000,NO BLACK,NO BUNDLE,0,0,0,,,,0,1,0,1,0.772601,0.467033,910,337,0.610370,ACQUIRING STAND 1/4,138,474,714,798,,,,,,
610,20.333333,60.890,11.244,0,0,0,0.000000,0.000000,0.000000,0.000000,0.000000,0,0.000,0.000,NO BLACK,NO BUNDLE,0,0,0,,,,0,1,0,1,0.817035,0.519559,917,356,0.564435,ACQUIRING STAND 2/4,138,474,714,798,,,,,,
611,20.366667,61.684,11.748,0,0,0,0.000000,0.000000,0.000000,0.000000,0.000000,0,0.000,0.000,NO BLACK,NO BUNDLE,0,0,0,,,,0,1,0,1,0.817035,0.519559,917,356,0.564435,ACQUIRING STAND 2/4,138,474,714,798,,,,,,
612,20.400000,61.483,11.446,0,0,0,0.000000,0.000000,0.000000,0.000000,0.000000,0,0.000,0.000,NO BLACK,NO BUNDLE,0,0,0,,,,0,1,0,1,0.878333,0.599105,967,309,0.521866,ACQUIRING STAND 3/4,138,474,714,798,,,,,,
613,20.433333,61.834,11.946,0,0,0,0.000000,0.000000,0.000000,0.000000,0.000000,0,0.000,0.000,NO BLACK,NO BUNDLE,0,0,0,,,,0,1,0,1,0.878333,0.599105,967,309,0.521866,ACQUIRING STAND 3/4,138,474,714,798,,,,,,
614,20.466667,61.588,11.623,0,0,0,0.000000,0.000000,0.000000,0.000000,0.000000,0,0.000,0.000,NO BLACK,NO BUNDLE,0,0,0,,,,0,1,0,0,0.878333,0.599105,967,309,0.521866,STAND TARGET JUMP REJECTED,138,474,714,798,,,,,,
615,20.500000,64.672,11.974,0,0,0,0.000000,0.000000,0.000000,0.000000,0.000000,0,0.000,0.000,NO BLACK,NO BUNDLE,0,0,0,,,,0,1,0,0,0.878333,0.599105,967,309,0.521866,STAND TARGET JUMP REJECTED,138,474,714,798,,,,,,
616,20.533333,61.378,11.667,0,0,0,0.000000,0.000000,0.000000,0.000000,0.000000,0,0.000,0.000,NO BLACK,NO BUNDLE,0,0,0,,,,0,1,0,1,0.808754,0.559523,983,475,0.477247,ACQUIRING STAND 1/4,138,474,714,798,,,,,,
617,20.566667,61.964,12.113,0,0,0,0.000000,0.000000,0.000000,0.000000,0.000000,0,0.000,0.000,NO BLACK,NO BUNDLE,0,0,0,,,,0,1,0,1,0.808754,0.559523,983,475,0.477247,ACQUIRING STAND 1/4,138,474,714,798,,,,,,
618,20.600000,61.894,11.786,0,0,0,0.000000,0.000000,0.000000,0.000000,0.000000,0,0.000,0.000,NO BLACK,NO BUNDLE,0,0,0,,,,0,1,0,1,0.903333,0.616917,987,344,0.446983,ACQUIRING STAND 2/4,138,474,714,798,,,,,,
619,20.633333,64.526,12.136,0,0,0,0.000000,0.000000,0.000000,0.000000,0.000000,0,0.000,0.000,NO BLACK,NO BUNDLE,0,0,0,,,,0,1,0,1,0.903333,0.616917,987,344,0.446983,ACQUIRING STAND 2/4,138,474,714,798,,,,,,
620,20.666667,61.722,11.786,0,0,0,0.000000,0.000000,0.000000,0.000000,0.000000,0,0.000,0.000,NO BLACK,NO BUNDLE,0,0,0,,,,0,1,0,0,0.903333,0.616917,987,344,0.446983,STAND TARGET JUMP REJECTED,138,474,714,798,,,,,,
621,20.700000,62.480,12.201,0,0,0,0.000000,0.000000,0.000000,0.000000,0.000000,0,0.000,0.000,NO BLACK,NO BUNDLE,0,0,0,,,,0,1,0,0,0.903333,0.616917,987,344,0.446983,STAND TARGET JUMP REJECTED,138,474,714,798,,,,,,
622,20.733333,62.751,11.242,2819,3426,3725,0.770600,0.763524,0.811254,0.767062,0.000000,0,0.000,0.000,GEOMETRY FAIL,NO BUNDLE,0,0,0,,,,0,1,0,1,0.811927,0.563786,971,403,0.543365,ACQUIRING STAND 1/4,,,,,,,,,,
623,20.766667,62.918,10.490,3032,4629,9332,0.771012,0.825416,0.817029,0.804485,0.761409,1,212.912,27.862,VALID,CANDIDATE,1,1,0,573,831,183.000,0,1,0,1,0.811927,0.563786,971,403,0.543365,ACQUIRING STAND 1/4,0,0,1920,1080,,,,,,
624,20.800000,58.855,10.424,0,0,0,0.000000,0.000000,0.000000,0.000000,0.000000,0,0.000,0.000,NO BLACK,NO BUNDLE,0,0,0,,,,0,1,0,0,0.811927,0.563786,971,403,0.543365,STAND TARGET JUMP REJECTED,322,672,898,996,,,,,,
625,20.833333,62.507,10.942,0,0,0,0.000000,0.000000,0.000000,0.000000,0.000000,0,0.000,0.000,NO BLACK,NO BUNDLE,0,0,0,,,,0,1,0,0,0.811927,0.563786,971,403,0.543365,STAND TARGET JUMP REJECTED,322,672,898,996,,,,,,
626,20.866667,61.216,10.810,0,0,0,0.000000,0.000000,0.000000,0.000000,0.000000,0,0.000,0.000,NO BLACK,NO BUNDLE,0,0,0,,,,0,1,0,1,0.839506,0.572079,1118,558,0.444144,ACQUIRING STAND 1/4,322,672,898,996,,,,,,
627,20.900000,62.145,11.367,0,0,0,0.000000,0.000000,0.000000,0.000000,0.000000,0,0.000,0.000,NO BLACK,NO BUNDLE,0,0,0,,,,0,1,0,1,0.839506,0.572079,1118,558,0.444144,ACQUIRING STAND 1/4,322,672,898,996,,,,,,
628,20.933333,61.413,11.114,0,0,0,0.000000,0.000000,0.000000,0.000000,0.000000,0,0.000,0.000,NO BLACK,NO BUNDLE,0,0,0,,,,0,1,0,1,0.811157,0.506276,1022,474,0.609309,ACQUIRING STAND 2/4,322,672,898,996,,,,,,
629,20.966667,64.378,10.257,24423,3459,12367,0.883134,0.736980,0.852044,0.810057,0.000000,0,0.000,0.000,INSUFFICIENT LASHING PATTERN,NO BUNDLE,0,0,0,,,,0,1,0,1,0.811157,0.506276,1022,474,0.609309,ACQUIRING STAND 2/4,,,,,,,,,,
630,21.000000,61.991,10.353,0,0,0,0.000000,0.000000,0.000000,0.000000,0.000000,0,0.000,0.000,NO BLACK,NO BUNDLE,0,0,0,,,,0,1,0,0,0.811157,0.506276,1022,474,0.609309,STAND TEMPORARILY LOST (1),322,672,898,996,,,,,,
631,21.033333,62.530,10.974,0,0,0,0.000000,0.000000,0.000000,0.000000,0.000000,0,0.000,0.000,NO BLACK,NO BUNDLE,0,0,0,,,,0,1,0,0,0.811157,0.506276,1022,474,0.609309,STAND TEMPORARILY LOST (1),322,672,898,996,,,,,,
632,21.066667,62.483,10.945,98,0,0,0.797907,0.000000,0.000000,0.000000,0.000000,0,0.000,0.000,NO BLACK,NO BUNDLE,0,0,0,,,,0,1,0,1,0.648777,0.514941,1130,330,0.486041,ACQUIRING STAND 2/4,322,672,898,996,,,,,,
633,21.100000,62.481,11.493,0,0,0,0.000000,0.000000,0.000000,0.000000,0.000000,0,0.000,0.000,NO BLACK,NO BUNDLE,0,0,0,,,,0,1,0,1,0.648777,0.514941,1130,330,0.486041,ACQUIRING STAND 2/4,322,672,898,996,,,,,,
634,21.133333,61.808,11.428,0,0,0,0.000000,0.000000,0.000000,0.000000,0.000000,0,0.000,0.000,NO BLACK,NO BUNDLE,0,0,0,,,,0,1,0,1,0.847499,0.506828,966,314,0.516126,ACQUIRING STAND 3/4,322,672,898,996,,,,,,
635,21.166667,65.616,11.772,0,0,0,0.000000,0.000000,0.000000,0.000000,0.000000,0,0.000,0.000,NO BLACK,NO BUNDLE,0,0,0,,,,0,1,0,1,0.847499,0.506828,966,314,0.516126,ACQUIRING STAND 3/4,322,672,898,996,,,,,,
636,21.200000,62.323,11.592,0,0,0,0.000000,0.000000,0.000000,0.000000,0.000000,0,0.000,0.000,NO BLACK,NO BUNDLE,0,0,0,,,,0,1,0,0,0.847499,0.506828,966,314,0.516126,STAND TEMPORARILY LOST (1),322,672,898,996,,,,,,
637,21.233333,62.340,12.035,0,0,0,0.000000,0.000000,0.000000,0.000000,0.000000,0,0.000,0.000,NO BLACK,NO BUNDLE,0,0,0,,,,0,1,0,0,0.847499,0.506828,966,314,0.516126,STAND TEMPORARILY LOST (1),322,672,898,996,,,,,,
638,21.266667,62.895,11.811,0,0,0,0.000000,0.000000,0.000000,0.000000,0.000000,0,0.000,0.000,NO BLACK,NO BUNDLE,0,0,0,,,,0,1,0,0,0.847499,0.506828,966,314,0.516126,STAND TARGET JUMP REJECTED,322,672,898,996,,,,,,
639,21.300000,62.624,12.192,0,0,0,0.000000,0.000000,0.000000,0.000000,0.000000,0,0.000,0.000,NO BLACK,NO BUNDLE,0,0,0,,,,0,1,0,0,0.847499,0.506828,966,314,0.516126,STAND TARGET JUMP REJECTED,322,672,898,996,,,,,,
640,21.333333,62.170,11.977,0,0,0,0.000000,0.000000,0.000000,0.000000,0.000000,0,0.000,0.000,NO BLACK,NO BUNDLE,0,0,0,,,,0,1,0,0,0.847499,0.506828,966,314,0.516126,STAND TARGET JUMP REJECTED,322,672,898,996,,,,,,
641,21.366667,62.090,12.360,0,0,0,0.000000,0.000000,0.000000,0.000000,0.000000,0,0.000,0.000,NO BLACK,NO BUNDLE,0,0,0,,,,0,1,0,0,0.847499,0.506828,966,314,0.516126,STAND TARGET JUMP REJECTED,322,672,898,996,,,,,,
642,21.400000,62.267,12.152,0,0,0,0.000000,0.000000,0.000000,0.000000,0.000000,0,0.000,0.000,NO BLACK,NO BUNDLE,0,0,0,,,,0,0,0,0,0.000000,0.000000,,,,WEAK STAND GEOMETRY,322,672,898,996,,,,,,
643,21.433333,61.461,11.980,0,0,0,0.000000,0.000000,0.000000,0.000000,0.000000,0,0.000,0.000,NO BLACK,NO BUNDLE,0,0,0,,,,0,1,0,1,0.923333,0.651395,958,292,0.459259,ACQUIRING STAND 1/4,322,672,898,996,,,,,,
644,21.466667,62.075,11.782,17001,68,768,0.861148,0.683159,0.793924,0.772153,0.000000,0,0.000,0.000,NO LASHING,NO BUNDLE,0,0,0,,,,0,1,0,0,0.923333,0.651395,958,292,0.459259,STAND TEMPORARILY LOST (1),,,,,,,,,,
645,21.500000,63.911,11.504,10964,280,752,0.828770,0.760657,0.796447,0.794713,0.000000,0,0.000,0.000,GEOMETRY FAIL,NO BUNDLE,0,0,0,,,,0,1,0,0,0.923333,0.651395,958,292,0.459259,STAND TEMPORARILY LOST (1),0,0,1920,1080,,,,,,
646,21.533333,59.718,11.023,10339,688,382,0.838702,0.711680,0.775034,0.775191,0.000000,0,0.000,0.000,COMPONENTS TOO FAR,NO BUNDLE,0,0,0,,,,0,1,0,1,0.897615,0.614590,888,314,0.536157,ACQUIRING STAND 1/4,0,0,1920,1080,,,,,,
647,21.566667,60.493,10.883,12116,1324,1228,0.851215,0.729950,0.815997,0.790583,0.000000,0,0.000,0.000,GEOMETRY FAIL,NO BUNDLE,0,0,0,,,,0,1,0,1,0.897615,0.614590,888,314,0.536157,ACQUIRING STAND 1/4,0,0,1920,1080,,,,,,
648,21.600000,63.853,10.427,8812,832,721,0.826961,0.709239,0.796073,0.768100,0.000000,0,0.000,0.000,COMPONENTS TOO FAR,NO BUNDLE,0,0,0,,,,0,1,0,1,0.947771,0.686608,980,497,0.679234,ACQUIRING STAND 2/4,0,0,1920,1080,,,,,,
649,21.633333,62.185,10.246,10023,1859,2952,0.849248,0.744869,0.809251,0.797059,0.000000,0,0.000,0.000,GEOMETRY FAIL,NO BUNDLE,0,0,0,,,,0,1,0,1,0.947771,0.686608,980,497,0.679234,ACQUIRING STAND 2/4,0,0,1920,1080,,,,,,
650,21.666667,62.090,9.929,6469,655,677,0.817229,0.757409,0.794086,0.787319,0.000000,0,0.000,0.000,GEOMETRY FAIL,NO BUNDLE,0,0,0,,,,0,1,0,0,0.947771,0.686608,980,497,0.679234,STAND TARGET JUMP REJECTED,0,0,1920,1080,,,,,,
651,21.700000,61.782,9.797,7403,230,1352,0.812343,0.753743,0.797119,0.783043,0.000000,0,0.000,0.000,COMPONENTS TOO FAR,NO BUNDLE,0,0,0,,,,0,1,0,0,0.947771,0.686608,980,497,0.679234,STAND TARGET JUMP REJECTED,0,0,1920,1080,,,,,,
652,21.733333,61.994,9.594,7481,353,1427,0.851907,0.695533,0.815443,0.773720,0.000000,0,0.000,0.000,GEOMETRY FAIL,NO BUNDLE,0,0,0,,,,0,1,0,0,0.947771,0.686608,980,497,0.679234,STAND TARGET JUMP REJECTED,0,0,1920,1080,,,,,,
653,21.766667,61.892,9.562,8235,2028,1417,0.839806,0.758102,0.801571,0.798954,0.000000,0,0.000,0.000,GEOMETRY FAIL,NO BUNDLE,0,0,0,,,,0,1,0,0,0.947771,0.686608,980,497,0.679234,STAND TARGET JUMP REJECTED,0,0,1920,1080,,,,,,
654,21.800000,61.353,9.273,9798,1101,934,0.844821,0.713057,0.798857,0.778939,0.000000,0,0.000,0.000,GEOMETRY FAIL,NO BUNDLE,0,0,0,,,,0,1,0,1,0.817455,0.654089,1023,698,0.523618,ACQUIRING STAND 1/4,0,0,1920,1080,,,,,,
655,21.833333,58.139,9.381,7726,1466,1396,0.838051,0.726895,0.802489,0.782473,0.000000,0,0.000,0.000,GEOMETRY FAIL,NO BUNDLE,0,0,0,,,,0,1,0,1,0.817455,0.654089,1023,698,0.523618,ACQUIRING STAND 1/4,0,0,1920,1080,,,,,,
656,21.866667,60.736,9.188,11921,2474,778,0.821812,0.752092,0.790847,0.786952,0.000000,0,0.000,0.000,GEOMETRY FAIL,NO BUNDLE,0,0,0,,,,0,1,0,0,0.817455,0.654089,1023,698,0.523618,STAND TEMPORARILY LOST (1),0,0,1920,1080,,,,,,
657,21.900000,62.982,9.145,8570,494,2449,0.850006,0.726996,0.823186,0.788501,0.000000,0,0.000,0.000,GEOMETRY FAIL,NO BUNDLE,0,0,0,,,,0,1,0,0,0.817455,0.654089,1023,698,0.523618,STAND TEMPORARILY LOST (1),0,0,1920,1080,,,,,,
658,21.933333,62.100,9.006,4624,816,797,0.852586,0.726032,0.806203,0.789309,0.000000,0,0.000,0.000,NO VALID CONTACT,NO BUNDLE,0,0,0,,,,0,1,0,0,0.817455,0.654089,1023,698,0.523618,STAND TEMPORARILY LOST (2),0,0,1920,1080,,,,,,
659,21.966667,63.675,8.835,4301,1149,622,0.844912,0.777230,0.789654,0.811071,0.000000,0,0.000,0.000,COMPONENTS TOO FAR,NO BUNDLE,0,0,0,,,,0,1,0,0,0.817455,0.654089,1023,698,0.523618,STAND TEMPORARILY LOST (2),,,,,,,,,,
660,22.000000,58.260,8.259,7727,1116,3576,0.862002,0.710944,0.832072,0.786473,0.000000,0,0.000,0.000,INSUFFICIENT LASHING PATTERN,NO BUNDLE,0,0,0,,,,0,1,0,1,0.867813,0.636934,903,536,0.480073,ACQUIRING STAND 1/4,0,0,1920,1080,,,,,,
661,22.033333,63.905,7.524,7608,3579,4166,0.910244,0.822317,0.848565,0.860375,0.806742,1,213.230,24.219,VALID,CANDIDATE,1,1,0,993,394,120.000,0,1,0,1,0.867813,0.636934,903,536,0.480073,ACQUIRING STAND 1/4,0,0,1920,1080,,,,,,
662,22.066667,52.993,8.022,97,18,5,0.728256,0.643191,0.724948,0.685724,0.000000,0,0.000,0.000,NO BLACK,NO BUNDLE,0,0,0,,,,0,1,0,0,0.867813,0.636934,903,536,0.480073,STAND TARGET JUMP REJECTED,718,228,1294,552,,,,,,
663,22.100000,62.960,8.937,161,102,76,0.784220,0.713848,0.771711,0.749034,0.000000,0,0.000,0.000,NO BLACK,NO BUNDLE,0,0,0,,,,0,1,0,0,0.867813,0.636934,903,536,0.480073,STAND TARGET JUMP REJECTED,718,228,1294,552,,,,,,
664,22.133333,62.617,9.200,10,25,62,0.721464,0.694540,0.782492,0.708002,0.000000,0,0.000,0.000,NO BLACK,NO BUNDLE,0,0,0,,,,0,1,0,0,0.867813,0.636934,903,536,0.480073,STAND TARGET JUMP REJECTED,718,228,1294,552,,,,,,
665,22.166667,62.112,9.978,107,128,9,0.761463,0.677485,0.731795,0.719474,0.000000,0,0.000,0.000,NO BLACK,NO BUNDLE,0,0,0,,,,0,1,0,0,0.867813,0.636934,903,536,0.480073,STAND TARGET JUMP REJECTED,718,228,1294,552,,,,,,
666,22.200000,62.010,9.972,0,0,0,0.000000,0.000000,0.000000,0.000000,0.000000,0,0.000,0.000,NO BLACK,NO BUNDLE,0,0,0,,,,0,1,0,0,0.867813,0.636934,903,536,0.480073,STAND TEMPORARILY LOST (3),718,228,1294,552,,,,,,
667,22.233333,57.923,10.792,422,0,0,0.800645,0.000000,0.000000,0.000000,0.000000,0,0.000,0.000,NO BLACK,NO BUNDLE,0,0,0,,,,0,1,0,0,0.867813,0.636934,903,536,0.480073,STAND TEMPORARILY LOST (3),718,228,1294,552,,,,,,
668,22.266667,61.906,10.674,0,0,0,0.000000,0.000000,0.000000,0.000000,0.000000,0,0.000,0.000,NO BLACK,NO BUNDLE,0,0,0,,,,0,0,0,0,0.000000,0.000000,,,,STAND TARGET JUMP REJECTED,718,228,1294,552,,,,,,
669,22.300000,61.429,10.567,0,0,0,0.000000,0.000000,0.000000,0.000000,0.000000,0,0.000,0.000,NO BLACK,NO BUNDLE,0,0,0,,,,0,1,0,1,0.725856,0.512482,1084,140,0.251852,ACQUIRING STAND 1/4,718,228,1294,552,,,,,,
670,22.333333,62.430,10.438,0,0,0,0.000000,0.000000,0.000000,0.000000,0.000000,0,0.000,0.000,NO BLACK,NO BUNDLE,0,0,0,,,,0,1,0,0,0.725856,0.512482,1084,140,0.251852,STAND TARGET JUMP REJECTED,718,228,1294,552,,,,,,
671,22.366667,62.184,11.055,0,0,0,0.000000,0.000000,0.000000,0.000000,0.000000,0,0.000,0.000,NO BLACK,NO BUNDLE,0,0,0,,,,0,1,0,0,0.725856,0.512482,1084,140,0.251852,STAND TARGET JUMP REJECTED,718,228,1294,552,,,,,,
672,22.400000,62.771,10.895,0,0,0,0.000000,0.000000,0.000000,0.000000,0.000000,0,0.000,0.000,NO BLACK,NO BUNDLE,0,0,0,,,,0,1,0,0,0.725856,0.512482,1084,140,0.251852,STAND TEMPORARILY LOST (2),718,228,1294,552,,,,,,
673,22.433333,62.541,11.441,0,0,0,0.000000,0.000000,0.000000,0.000000,0.000000,0,0.000,0.000,NO BLACK,NO BUNDLE,0,0,0,,,,0,1,0,0,0.725856,0.512482,1084,140,0.251852,STAND TEMPORARILY LOST (2),718,228,1294,552,,,,,,
674,22.466667,61.907,11.306,11,42,156,0.734417,0.671879,0.770478,0.703148,0.000000,0,0.000,0.000,NO BLACK,NO BUNDLE,0,0,0,,,,0,1,0,0,0.725856,0.512482,1084,140,0.251852,STAND TEMPORARILY LOST (3),718,228,1294,552,,,,,,
675,22.500000,62.511,11.763,285,100,5,0.786866,0.710782,0.727023,0.748824,0.000000,0,0.000,0.000,NO BLACK,NO BUNDLE,0,0,0,,,,0,1,0,0,0.725856,0.512482,1084,140,0.251852,STAND TEMPORARILY LOST (3),718,228,1294,552,,,,,,
676,22.533333,61.537,11.466,0,0,0,0.000000,0.000000,0.000000,0.000000,0.000000,0,0.000,0.000,NO BLACK,NO BUNDLE,0,0,0,,,,0,1,0,1,0.809738,0.530791,938,219,0.370000,ACQUIRING STAND 1/4,718,228,1294,552,,,,,,
677,22.566667,62.458,11.905,0,0,0,0.000000,0.000000,0.000000,0.000000,0.000000,0,0.000,0.000,NO BLACK,NO BUNDLE,0,0,0,,,,0,1,0,1,0.809738,0.530791,938,219,0.370000,ACQUIRING STAND 1/4,718,228,1294,552,,,,,,
678,22.600000,62.501,11.610,0,0,0,0.000000,0.000000,0.000000,0.000000,0.000000,0,0.000,0.000,NO BLACK,NO BUNDLE,0,0,0,,,,0,1,0,0,0.809738,0.530791,938,219,0.370000,STAND TEMPORARILY LOST (1),718,228,1294,552,,,,,,
679,22.633333,64.227,11.921,0,9,0,0.000000,0.660411,0.000000,0.000000,0.000000,0,0.000,0.000,NO BLACK,NO BUNDLE,0,0,0,,,,0,1,0,0,0.809738,0.530791,938,219,0.370000,STAND TEMPORARILY LOST (1),718,228,1294,552,,,,,,
680,22.666667,60.882,11.668,109,32,495,0.755899,0.656842,0.826380,0.706370,0.000000,0,0.000,0.000,NO BLACK,NO BUNDLE,0,0,0,,,,0,1,0,0,0.809738,0.530791,938,219,0.370000,STAND TEMPORARILY LOST (2),718,228,1294,552,,,,,,
681,22.700000,58.323,12.121,1453,8,38,0.830831,0.686762,0.786263,0.758796,0.000000,0,0.000,0.000,NO LASHING,NO BUNDLE,0,0,0,,,,0,1,0,0,0.809738,0.530791,938,219,0.370000,STAND TEMPORARILY LOST (2),718,228,1294,552,,,,,,
682,22.733333,64.369,10.888,17421,7848,8195,0.925508,0.831812,0.888177,0.881832,0.910641,1,211.398,32.740,VALID,CANDIDATE,1,1,0,839,428,168.000,0,1,0,0,0.809738,0.530791,938,219,0.370000,STAND TEMPORARILY LOST (3),,,,,,,,,,
683,22.766667,54.856,11.641,407,38,1457,0.800097,0.713858,0.855084,0.756978,0.000000,0,0.000,0.000,NO BLACK,NO BUNDLE,0,0,0,,,,0,1,0,0,0.809738,0.530791,938,219,0.370000,STAND TEMPORARILY LOST (3),582,251,1180,588,,,,,,
684,22.800000,59.482,11.438,280,49,400,0.797438,0.710572,0.876817,0.754005,0.000000,0,0.000,0.000,NO BLACK,NO BUNDLE,0,0,0,,,,0,1,0,1,0.816782,0.540708,945,221,0.334046,ACQUIRING STAND 1/4,582,251,1180,588,,,,,,
685,22.833333,57.856,11.929,53,25,214,0.773867,0.662484,0.855108,0.718175,0.000000,0,0.000,0.000,NO BLACK,NO BUNDLE,0,0,0,,,,0,1,0,1,0.816782,0.540708,945,221,0.334046,ACQUIRING STAND 1/4,582,251,1180,588,,,,,,
686,22.866667,61.851,11.678,105,0,113,0.766013,0.000000,0.887141,0.000000,0.000000,0,0.000,0.000,NO BLACK,NO BUNDLE,0,0,0,,,,0,1,0,0,0.816782,0.540708,945,221,0.334046,STAND TEMPORARILY LOST (1),582,251,1180,588,,,,,,
687,22.900000,59.306,12.195,25,0,186,0.741629,0.000000,0.880461,0.000000,0.000000,0,0.000,0.000,NO BLACK,NO BUNDLE,0,0,0,,,,0,1,0,0,0.816782,0.540708,945,221,0.334046,STAND TEMPORARILY LOST (1),582,251,1180,588,,,,,,
688,22.933333,62.297,11.894,0,0,116,0.000000,0.000000,0.851556,0.000000,0.000000,0,0.000,0.000,NO BLACK,NO BUNDLE,0,0,0,,,,0,1,0,1,0.782586,0.530282,864,274,0.396802,ACQUIRING STAND 1/4,582,251,1180,588,,,,,,
689,22.966667,62.701,10.634,25848,10969,12513,0.824152,0.788030,0.906827,0.839669,0.828125,1,207.519,39.945,VALID,CANDIDATE,1,1,0,930,428,258.000,0,1,0,1,0.782586,0.530282,864,274,0.396802,ACQUIRING STAND 1/4,,,,,,,,,,
690,23.000000,55.751,10.528,33,0,78,0.794361,0.000000,0.882466,0.000000,0.000000,0,0.000,0.000,NO BLACK,NO BUNDLE,0,0,0,,,,0,1,0,1,0.618279,0.487797,949,439,0.372080,ACQUIRING STAND 2/4,694,256,1270,580,,,,,,
691,23.033333,59.236,11.168,0,0,30,0.000000,0.000000,0.875359,0.000000,0.000000,0,0.000,0.000,NO BLACK,NO BUNDLE,0,0,0,,,,0,1,0,1,0.618279,0.487797,949,439,0.372080,ACQUIRING STAND 2/4,694,256,1270,580,,,,,,
692,23.066667,61.344,10.976,0,0,25,0.000000,0.000000,0.864914,0.000000,0.000000,0,0.000,0.000,NO BLACK,NO BUNDLE,0,0,0,,,,0,1,0,1,0.711540,0.488700,935,467,0.360954,ACQUIRING STAND 3/4,694,256,1270,580,,,,,,
693,23.100000,63.150,11.481,0,0,35,0.000000,0.000000,0.802188,0.000000,0.000000,0,0.000,0.000,NO BLACK,NO BUNDLE,0,0,0,,,,0,1,0,1,0.711540,0.488700,935,467,0.360954,ACQUIRING STAND 3/4,694,256,1270,580,,,,,,
694,23.133333,61.822,11.206,0,0,13,0.000000,0.000000,0.790093,0.000000,0.000000,0,0.000,0.000,NO BLACK,NO BUNDLE,0,0,0,,,,0,1,0,0,0.711540,0.488700,935,467,0.360954,STAND TEMPORARILY LOST (1),694,256,1270,580,,,,,,
695,23.166667,62.320,11.691,12,0,13,0.730670,0.000000,0.788319,0.000000,0.000000,0,0.000,0.000,NO BLACK,NO BUNDLE,0,0,0,,,,0,1,0,0,0.711540,0.488700,935,467,0.360954,STAND TEMPORARILY LOST (1),694,256,1270,580,,,,,,
696,23.200000,61.659,11.348,0,0,0,0.000000,0.000000,0.000000,0.000000,0.000000,0,0.000,0.000,NO BLACK,NO BUNDLE,0,0,0,,,,0,1,0,0,0.711540,0.488700,935,467,0.360954,STAND TARGET JUMP REJECTED,694,256,1270,580,,,,,,
697,23.233333,62.278,11.843,0,0,0,0.000000,0.000000,0.000000,0.000000,0.000000,0,0.000,0.000,NO BLACK,NO BUNDLE,0,0,0,,,,0,1,0,0,0.711540,0.488700,935,467,0.360954,STAND TARGET JUMP REJECTED,694,256,1270,580,,,,,,
698,23.266667,61.667,11.517,0,0,0,0.000000,0.000000,0.000000,0.000000,0.000000,0,0.000,0.000,NO BLACK,NO BUNDLE,0,0,0,,,,0,1,0,1,0.727751,0.534840,875,580,0.329466,ACQUIRING STAND 1/4,694,256,1270,580,,,,,,
699,23.300000,62.143,11.908,0,0,0,0.000000,0.000000,0.000000,0.000000,0.000000,0,0.000,0.000,NO BLACK,NO BUNDLE,0,0,0,,,,0,1,0,1,0.727751,0.534840,875,580,0.329466,ACQUIRING STAND 1/4,694,256,1270,580,,,,,,
700,23.333333,62.847,11.543,0,0,0,0.000000,0.000000,0.000000,0.000000,0.000000,0,0.000,0.000,NO BLACK,NO BUNDLE,0,0,0,,,,0,1,0,0,0.727751,0.534840,875,580,0.329466,STAND TARGET JUMP REJECTED,694,256,1270,580,,,,,,
701,23.366667,62.246,11.988,0,0,0,0.000000,0.000000,0.000000,0.000000,0.000000,0,0.000,0.000,NO BLACK,NO BUNDLE,0,0,0,,,,0,1,0,0,0.727751,0.534840,875,580,0.329466,STAND TARGET JUMP REJECTED,694,256,1270,580,,,,,,
702,23.400000,61.756,11.657,0,0,0,0.000000,0.000000,0.000000,0.000000,0.000000,0,0.000,0.000,NO BLACK,NO BUNDLE,0,0,0,,,,0,1,0,0,0.727751,0.534840,875,580,0.329466,STAND TEMPORARILY LOST (2),694,256,1270,580,,,,,,
703,23.433333,62.651,12.076,0,0,0,0.000000,0.000000,0.000000,0.000000,0.000000,0,0.000,0.000,NO BLACK,NO BUNDLE,0,0,0,,,,0,1,0,0,0.727751,0.534840,875,580,0.329466,STAND TEMPORARILY LOST (2),694,256,1270,580,,,,,,
704,23.466667,62.197,11.718,0,0,0,0.000000,0.000000,0.000000,0.000000,0.000000,0,0.000,0.000,NO BLACK,NO BUNDLE,0,0,0,,,,0,1,0,0,0.727751,0.534840,875,580,0.329466,STAND TEMPORARILY LOST (3),694,256,1270,580,,,,,,
705,23.500000,61.682,12.183,0,0,0,0.000000,0.000000,0.000000,0.000000,0.000000,0,0.000,0.000,NO BLACK,NO BUNDLE,0,0,0,,,,0,1,0,0,0.727751,0.534840,875,580,0.329466,STAND TEMPORARILY LOST (3),694,256,1270,580,,,,,,
706,23.533333,62.029,11.772,0,0,0,0.000000,0.000000,0.000000,0.000000,0.000000,0,0.000,0.000,NO BLACK,NO BUNDLE,0,0,0,,,,0,0,0,0,0.000000,0.000000,,,,STAND TARGET JUMP REJECTED,694,256,1270,580,,,,,,
707,23.566667,61.399,11.463,0,0,0,0.000000,0.000000,0.000000,0.000000,0.000000,0,0.000,0.000,NO BLACK,NO BUNDLE,0,0,0,,,,0,0,0,0,0.000000,0.000000,,,,WEAK STAND GEOMETRY,694,256,1270,580,,,,,,
708,23.600000,61.807,11.213,0,0,0,0.000000,0.000000,0.000000,0.000000,0.000000,0,0.000,0.000,NO BLACK,NO BUNDLE,0,0,0,,,,0,0,0,0,0.000000,0.000000,,,,NEED TWO DARK RAILS AND AN UPRIGHT,694,256,1270,580,,,,,,
709,23.633333,62.827,11.046,0,0,3,0.000000,0.000000,0.736711,0.000000,0.000000,0,0.000,0.000,NO BLACK,NO BUNDLE,0,0,0,,,,0,0,0,0,0.000000,0.000000,,,,WEAK STAND GEOMETRY,694,256,1270,580,,,,,,
710,23.666667,62.826,9.833,26219,12936,17458,0.860758,0.782805,0.902945,0.848836,0.845056,1,205.927,32.718,VALID,CANDIDATE,1,1,0,1029,476,408.000,0,0,0,0,0.488848,0.000000,,,,WEAK STAND GEOMETRY,,,,,,,,,,
711,23.700000,55.595,9.865,194,0,327,0.798093,0.000000,0.856561,0.000000,0.000000,0,0.000,0.000,NO BLACK,NO BUNDLE,0,0,0,,,,0,0,0,0,0.000000,0.000000,,,,WEAK STAND GEOMETRY,651,215,1510,698,,,,,,
712,23.733333,58.306,9.887,91,0,362,0.773932,0.000000,0.851422,0.000000,0.000000,0,0.000,0.000,NO BLACK,NO BUNDLE,0,0,0,,,,0,1,0,1,0.860022,0.589586,1016,286,0.477778,ACQUIRING STAND 1/4,651,215,1510,698,,,,,,
713,23.766667,62.529,10.577,100,0,251,0.762990,0.000000,0.816945,0.000000,0.000000,0,0.000,0.000,NO BLACK,NO BUNDLE,0,0,0,,,,0,1,0,1,0.860022,0.589586,1016,286,0.477778,ACQUIRING STAND 1/4,651,215,1510,698,,,,,,
714,23.800000,62.031,10.463,68,0,379,0.755002,0.000000,0.849895,0.000000,0.000000,0,0.000,0.000,NO BLACK,NO BUNDLE,0,0,0,,,,0,1,0,1,0.731658,0.506299,1076,312,0.392222,ACQUIRING STAND 2/4,651,215,1510,698,,,,,,
715,23.833333,62.161,11.043,212,25,948,0.826073,0.667720,0.825896,0.746896,0.000000,0,0.000,0.000,NO BLACK,NO BUNDLE,0,0,0,,,,0,1,0,1,0.731658,0.506299,1076,312,0.392222,ACQUIRING STAND 2/4,651,215,1510,698,,,,,,
716,23.866667,62.913,10.828,173,0,574,0.813928,0.000000,0.799730,0.000000,0.000000,0,0.000,0.000,NO BLACK,NO BUNDLE,0,0,0,,,,0,1,0,1,0.940944,0.581817,952,305,0.477981,ACQUIRING STAND 3/4,651,215,1510,698,,,,,,
717,23.900000,62.082,11.379,47,5,191,0.797499,0.618257,0.819524,0.707878,0.000000,0,0.000,0.000,NO BLACK,NO BUNDLE,0,0,0,,,,0,1,0,1,0.940944,0.581817,952,305,0.477981,ACQUIRING STAND 3/4,651,215,1510,698,,,,,,
718,23.933333,61.529,11.144,0,0,130,0.000000,0.000000,0.777535,0.000000,0.000000,0,0.000,0.000,NO BLACK,NO BUNDLE,0,0,0,,,,0,1,0,0,0.940944,0.581817,952,305,0.477981,STAND TEMPORARILY LOST (1),651,215,1510,698,,,,,,
719,23.966667,63.923,10.059,17322,6750,21170,0.797340,0.797097,0.899750,0.831396,0.772401,1,214.765,34.412,VALID,CANDIDATE,1,1,0,1058,209,254.000,0,1,0,0,0.940944,0.581817,952,305,0.477981,STAND TEMPORARILY LOST (1),,,,,,,,,,
720,24.000000,58.156,9.401,2608,2751,11184,0.807522,0.747887,0.864115,0.777704,0.000000,0,0.000,0.000,GEOMETRY FAIL,NO BUNDLE,0,0,0,,,,0,1,0,1,0.798808,0.617498,960,282,0.366342,ACQUIRING STAND 3/4,6,0,1657,928,,,,,,
721,24.033333,63.060,9.392,2311,540,7114,0.777722,0.719999,0.855359,0.748861,0.000000,0,0.000,0.000,COMPONENTS TOO FAR,NO BUNDLE,0,0,0,,,,0,1,0,1,0.798808,0.617498,960,282,0.366342,ACQUIRING STAND 3/4,6,0,1657,928,,,,,,
722,24.066667,61.986,8.528,8031,5028,7568,0.837683,0.744420,0.844000,0.808701,0.793469,1,217.365,30.342,VALID,CANDIDATE,1,1,0,806,455,135.000,0,1,1,1,0.639249,0.494900,973,348,0.301335,STAND LOCKED,6,0,1657,928,,,,,,
723,24.100000,57.123,9.528,0,0,11,0.000000,0.000000,0.764218,0.000000,0.000000,0,0.000,0.000,NO BLACK,NO BUNDLE,0,0,0,,,,0,1,1,1,0.639249,0.494900,973,348,0.301335,STAND LOCKED,502,283,1078,607,,,,,,
724,24.133333,68.339,9.663,0,0,0,0.000000,0.000000,0.000000,0.000000,0.000000,0,0.000,0.000,NO BLACK,NO BUNDLE,0,0,0,,,,0,1,1,1,0.764167,0.641667,1199,434,0.293471,STAND LOCKED,502,283,1078,607,,,,,,
725,24.166667,66.069,10.222,0,0,0,0.000000,0.000000,0.000000,0.000000,0.000000,0,0.000,0.000,NO BLACK,NO BUNDLE,0,0,0,,,,0,1,1,1,0.764167,0.641667,1199,434,0.293471,STAND LOCKED,502,283,1078,607,,,,,,
726,24.200000,61.731,10.307,0,0,0,0.000000,0.000000,0.000000,0.000000,0.000000,0,0.000,0.000,NO BLACK,NO BUNDLE,0,0,0,,,,0,1,1,1,0.851134,0.665429,1403,347,0.240025,STAND LOCKED,502,283,1078,607,,,,,,
727,24.233333,62.203,10.938,0,0,0,0.000000,0.000000,0.000000,0.000000,0.000000,0,0.000,0.000,NO BLACK,NO BUNDLE,0,0,0,,,,0,1,1,1,0.851134,0.665429,1403,347,0.240025,STAND LOCKED,502,283,1078,607,,,,,,
728,24.266667,61.294,10.792,0,0,0,0.000000,0.000000,0.000000,0.000000,0.000000,0,0.000,0.000,NO BLACK,NO BUNDLE,0,0,0,,,,0,1,1,1,0.862332,0.634059,1506,328,0.358058,STAND LOCKED,502,283,1078,607,,,,,,
729,24.300000,61.886,11.362,0,0,0,0.000000,0.000000,0.000000,0.000000,0.000000,0,0.000,0.000,NO BLACK,NO BUNDLE,0,0,0,,,,0,1,1,1,0.862332,0.634059,1506,328,0.358058,STAND LOCKED,502,283,1078,607,,,,,,
730,24.333333,61.659,11.002,0,0,0,0.000000,0.000000,0.000000,0.000000,0.000000,0,0.000,0.000,NO BLACK,NO BUNDLE,0,0,0,,,,0,1,1,1,0.830789,0.658435,1442,270,0.256357,STAND LOCKED,502,283,1078,607,,,,,,
731,24.366667,63.375,11.500,0,0,0,0.000000,0.000000,0.000000,0.000000,0.000000,0,0.000,0.000,NO BLACK,NO BUNDLE,0,0,0,,,,0,1,1,1,0.830789,0.658435,1442,270,0.256357,STAND LOCKED,502,283,1078,607,,,,,,
732,24.400000,61.399,11.242,0,0,0,0.000000,0.000000,0.000000,0.000000,0.000000,0,0.000,0.000,NO BLACK,NO BUNDLE,0,0,0,,,,0,1,1,1,0.781224,0.529098,1295,316,0.319574,STAND LOCKED,502,283,1078,607,,,,,,
733,24.433333,61.821,11.723,31,0,179,0.735560,0.000000,0.907050,0.000000,0.000000,0,0.000,0.000,NO BLACK,NO BUNDLE,0,0,0,,,,0,1,1,1,0.781224,0.529098,1295,316,0.319574,STAND LOCKED,502,283,1078,607,,,,,,
734,24.466667,62.584,11.458,0,0,0,0.000000,0.000000,0.000000,0.000000,0.000000,0,0.000,0.000,NO BLACK,NO BUNDLE,0,0,0,,,,0,1,1,0,0.781224,0.529098,1295,316,0.319574,STAND TARGET JUMP REJECTED,502,283,1078,607,,,,,,
735,24.500000,62.681,11.900,234,0,248,0.802097,0.000000,0.890026,0.000000,0.000000,0,0.000,0.000,NO BLACK,NO BUNDLE,0,0,0,,,,0,1,1,0,0.781224,0.529098,1295,316,0.319574,STAND TARGET JUMP REJECTED,502,283,1078,607,,,,,,
736,24.533333,62.075,11.279,0,0,23,0.000000,0.000000,0.796226,0.000000,0.000000,0,0.000,0.000,NO BLACK,NO BUNDLE,0,0,0,,,,0,1,1,0,0.781224,0.529098,1295,316,0.319574,STAND TARGET JUMP REJECTED,502,283,1078,607,,,,,,
737,24.566667,61.717,11.776,71,0,284,0.786775,0.000000,0.888713,0.000000,0.000000,0,0.000,0.000,NO BLACK,NO BUNDLE,0,0,0,,,,0,1,1,0,0.781224,0.529098,1295,316,0.319574,STAND TARGET JUMP REJECTED,502,283,1078,607,,,,,,
738,24.600000,61.637,11.491,0,0,83,0.000000,0.000000,0.861630,0.000000,0.000000,0,0.000,0.000,NO BLACK,NO BUNDLE,0,0,0,,,,0,1,1,1,0.859923,0.588804,1212,234,0.232419,STAND LOCKED,502,283,1078,607,,,,,,
739,24.633333,62.405,11.934,0,0,83,0.000000,0.000000,0.844839,0.000000,0.000000,0,0.000,0.000,NO BLACK,NO BUNDLE,0,0,0,,,,0,1,1,1,0.859923,0.588804,1212,234,0.232419,STAND LOCKED,502,283,1078,607,,,,,,
740,24.666667,62.968,11.718,261,0,184,0.787636,0.000000,0.890555,0.000000,0.000000,0,0.000,0.000,NO BLACK,NO BUNDLE,0,0,0,,,,0,1,1,0,0.859923,0.588804,1212,234,0.232419,STAND TEMPORARILY LOST (1),502,283,1078,607,,,,,,
741,24.700000,62.490,12.127,0,0,234,0.000000,0.000000,0.910135,0.000000,0.000000,0,0.000,0.000,NO BLACK,NO BUNDLE,0,0,0,,,,0,1,1,0,0.859923,0.588804,1212,234,0.232419,STAND TEMPORARILY LOST (1),502,283,1078,607,,,,,,
742,24.733333,62.101,11.907,0,0,0,0.000000,0.000000,0.000000,0.000000,0.000000,0,0.000,0.000,NO BLACK,NO BUNDLE,0,0,0,,,,0,1,1,1,0.895172,0.664861,1215,240,0.230885,STAND LOCKED,502,283,1078,607,,,,,,
743,24.766667,63.866,10.644,18784,5026,8209,0.891501,0.792001,0.898100,0.860534,0.787193,1,211.328,36.994,VALID,CANDIDATE,1,1,0,975,224,224.000,0,1,1,1,0.895172,0.664861,1215,240,0.230885,STAND LOCKED,,,,,,,,,,
744,24.800000,52.972,10.731,0,0,70,0.000000,0.000000,0.796203,0.000000,0.000000,0,0.000,0.000,NO BLACK,NO BUNDLE,0,0,0,,,,0,1,1,1,0.910833,0.661813,1215,180,0.234269,STAND LOCKED,706,52,1282,376,,,,,,
745,24.833333,62.583,11.281,0,0,41,0.000000,0.000000,0.842099,0.000000,0.000000,0,0.000,0.000,NO BLACK,NO BUNDLE,0,0,0,,,,0,1,1,1,0.910833,0.661813,1215,180,0.234269,STAND LOCKED,706,52,1282,376,,,,,,
746,24.866667,61.445,11.212,0,0,7,0.000000,0.000000,0.757219,0.000000,0.000000,0,0.000,0.000,NO BLACK,NO BUNDLE,0,0,0,,,,0,1,1,0,0.910833,0.661813,1215,180,0.234269,STAND TARGET JUMP REJECTED,706,52,1282,376,,,,,,
747,24.900000,61.967,11.700,0,0,8,0.000000,0.000000,0.734281,0.000000,0.000000,0,0.000,0.000,NO BLACK,NO BUNDLE,0,0,0,,,,0,1,1,0,0.910833,0.661813,1215,180,0.234269,STAND TARGET JUMP REJECTED,706,52,1282,376,,,,,,
748,24.933333,62.122,11.160,0,0,46,0.000000,0.000000,0.804983,0.000000,0.000000,0,0.000,0.000,NO BLACK,NO BUNDLE,0,0,0,,,,0,1,1,0,0.910833,0.661813,1215,180,0.234269,STAND TEMPORARILY LOST (2),706,52,1282,376,,,,,,
749,24.966667,62.860,9.952,25698,7111,10850,0.879450,0.812515,0.884123,0.858696,0.835082,1,211.365,34.723,VALID,CANDIDATE,1,1,0,1003,296,146.000,0,1,1,0,0.910833,0.661813,1215,180,0.234269,STAND TEMPORARILY LOST (2),,,,,,,,,,
750,25.000000,61.373,9.571,0,0,0,0.000000,0.000000,0.000000,0.000000,0.000000,0,0.000,0.000,NO BLACK,NO BUNDLE,0,0,0,,,,0,1,1,1,0.701404,0.613454,1161,161,0.225606,STAND LOCKED,662,138,1238,462,,,,,,
751,25.033333,56.688,10.479,0,0,179,0.000000,0.000000,0.879734,0.000000,0.000000,0,0.000,0.000,NO BLACK,NO BUNDLE,0,0,0,,,,0,1,1,1,0.701404,0.613454,1161,161,0.225606,STAND LOCKED,662,138,1238,462,,,,,,
752,25.066667,61.547,10.749,0,0,0,0.000000,0.000000,0.000000,0.000000,0.000000,0,0.000,0.000,NO BLACK,NO BUNDLE,0,0,0,,,,0,1,1,0,0.701404,0.613454,1161,161,0.225606,STAND TEMPORARILY LOST (1),662,138,1238,462,,,,,,
753,25.100000,62.165,11.317,0,0,0,0.000000,0.000000,0.000000,0.000000,0.000000,0,0.000,0.000,NO BLACK,NO BUNDLE,0,0,0,,,,0,1,1,0,0.701404,0.613454,1161,161,0.225606,STAND TEMPORARILY LOST (1),662,138,1238,462,,,,,,
754,25.133333,61.185,10.865,0,0,0,0.000000,0.000000,0.000000,0.000000,0.000000,0,0.000,0.000,NO BLACK,NO BUNDLE,0,0,0,,,,0,1,1,1,0.640504,0.521204,1049,144,0.233930,STAND LOCKED,662,138,1238,462,,,,,,
755,25.166667,61.850,11.409,48,0,0,0.800713,0.000000,0.000000,0.000000,0.000000,0,0.000,0.000,NO BLACK,NO BUNDLE,0,0,0,,,,0,1,1,1,0.640504,0.521204,1049,144,0.233930,STAND LOCKED,662,138,1238,462,,,,,,
756,25.200000,65.136,11.384,0,0,0,0.000000,0.000000,0.000000,0.000000,0.000000,0,0.000,0.000,NO BLACK,NO BUNDLE,0,0,0,,,,0,1,1,0,0.640504,0.521204,1049,144,0.233930,STAND TEMPORARILY LOST (1),662,138,1238,462,,,,,,
757,25.233333,62.047,11.850,0,0,0,0.000000,0.000000,0.000000,0.000000,0.000000,0,0.000,0.000,NO BLACK,NO BUNDLE,0,0,0,,,,0,1,1,0,0.640504,0.521204,1049,144,0.233930,STAND TEMPORARILY LOST (1),662,138,1238,462,,,,,,
758,25.266667,62.824,11.658,0,0,0,0.000000,0.000000,0.000000,0.000000,0.000000,0,0.000,0.000,NO BLACK,NO BUNDLE,0,0,0,,,,0,1,1,0,0.640504,0.521204,1049,144,0.233930,STAND TEMPORARILY LOST (2),662,138,1238,462,,,,,,
759,25.300000,62.987,12.061,0,0,0,0.000000,0.000000,0.000000,0.000000,0.000000,0,0.000,0.000,NO BLACK,NO BUNDLE,0,0,0,,,,0,1,1,0,0.640504,0.521204,1049,144,0.233930,STAND TEMPORARILY LOST (2),662,138,1238,462,,,,,,
760,25.333333,62.442,11.632,0,0,0,0.000000,0.000000,0.000000,0.000000,0.000000,0,0.000,0.000,NO BLACK,NO BUNDLE,0,0,0,,,,0,1,1,1,0.616795,0.486780,887,241,0.230546,STAND LOCKED,662,138,1238,462,,,,,,
761,25.366667,64.374,11.983,0,0,0,0.000000,0.000000,0.000000,0.000000,0.000000,0,0.000,0.000,NO BLACK,NO BUNDLE,0,0,0,,,,0,1,1,1,0.616795,0.486780,887,241,0.230546,STAND LOCKED,662,138,1238,462,,,,,,
762,25.400000,62.259,11.952,0,0,0,0.000000,0.000000,0.000000,0.000000,0.000000,0,0.000,0.000,NO BLACK,NO BUNDLE,0,0,0,,,,0,1,1,1,0.701717,0.499197,814,259,0.203561,STAND LOCKED,662,138,1238,462,,,,,,
763,25.433333,64.387,12.274,0,0,0,0.000000,0.000000,0.000000,0.000000,0.000000,0,0.000,0.000,NO BLACK,NO BUNDLE,0,0,0,,,,0,1,1,1,0.701717,0.499197,814,259,0.203561,STAND LOCKED,662,138,1238,462,,,,,,
764,25.466667,61.785,12.245,0,0,0,0.000000,0.000000,0.000000,0.000000,0.000000,0,0.000,0.000,NO BLACK,NO BUNDLE,0,0,0,,,,0,1,1,0,0.701717,0.499197,814,259,0.203561,STAND TEMPORARILY LOST (1),662,138,1238,462,,,,,,
765,25.500000,62.298,12.603,0,0,0,0.000000,0.000000,0.000000,0.000000,0.000000,0,0.000,0.000,NO BLACK,NO BUNDLE,0,0,0,,,,0,1,1,0,0.701717,0.499197,814,259,0.203561,STAND TEMPORARILY LOST (1),662,138,1238,462,,,,,,
766,25.533333,63.160,12.267,0,0,0,0.000000,0.000000,0.000000,0.000000,0.000000,0,0.000,0.000,NO BLACK,NO BUNDLE,0,0,0,,,,0,1,1,0,0.701717,0.499197,814,259,0.203561,STAND TEMPORARILY LOST (2),662,138,1238,462,,,,,,
767,25.566667,63.503,12.557,0,1,0,0.000000,0.602165,0.000000,0.000000,0.000000,0,0.000,0.000,NO BLACK,NO BUNDLE,0,0,0,,,,0,1,1,0,0.701717,0.499197,814,259,0.203561,STAND TEMPORARILY LOST (2),662,138,1238,462,,,,,,
768,25.600000,61.768,12.183,0,0,0,0.000000,0.000000,0.000000,0.000000,0.000000,0,0.000,0.000,NO BLACK,NO BUNDLE,0,0,0,,,,0,1,1,1,0.782671,0.609954,1003,166,0.179195,STAND LOCKED,662,138,1238,462,,,,,,
769,25.633333,63.842,12.496,0,0,0,0.000000,0.000000,0.000000,0.000000,0.000000,0,0.000,0.000,NO BLACK,NO BUNDLE,0,0,0,,,,0,1,1,1,0.782671,0.609954,1003,166,0.179195,STAND LOCKED,662,138,1238,462,,,,,,
770,25.666667,63.657,12.524,0,0,0,0.000000,0.000000,0.000000,0.000000,0.000000,0,0.000,0.000,NO BLACK,NO BUNDLE,0,0,0,,,,0,1,1,0,0.782671,0.609954,1003,166,0.179195,STAND TEMPORARILY LOST (1),,,,,,,,,,
771,25.700000,59.851,12.867,0,0,7,0.000000,0.000000,0.714740,0.000000,0.000000,0,0.000,0.000,NO BLACK,NO BUNDLE,0,0,0,,,,0,1,1,0,0.782671,0.609954,1003,166,0.179195,STAND TEMPORARILY LOST (1),0,0,1920,1080,,,,,,
772,25.733333,64.100,12.249,0,0,20,0.000000,0.000000,0.745710,0.000000,0.000000,0,0.000,0.000,NO BLACK,NO BUNDLE,0,0,0,,,,0,1,1,0,0.782671,0.609954,1003,166,0.179195,STAND TEMPORARILY LOST (2),0,0,1920,1080,,,,,,
773,25.766667,61.110,12.598,0,0,50,0.000000,0.000000,0.798428,0.000000,0.000000,0,0.000,0.000,NO BLACK,NO BUNDLE,0,0,0,,,,0,1,1,0,0.782671,0.609954,1003,166,0.179195,STAND TEMPORARILY LOST (2),0,0,1920,1080,,,,,,
774,25.800000,62.872,12.047,0,0,15,0.000000,0.000000,0.714427,0.000000,0.000000,0,0.000,0.000,NO BLACK,NO BUNDLE,0,0,0,,,,0,1,1,1,0.768777,0.687674,1044,115,0.150915,STAND LOCKED,0,0,1920,1080,,,,,,
775,25.833333,69.032,12.193,0,0,89,0.000000,0.000000,0.796213,0.000000,0.000000,0,0.000,0.000,NO BLACK,NO BUNDLE,0,0,0,,,,0,1,1,1,0.768777,0.687674,1044,115,0.150915,STAND LOCKED,0,0,1920,1080,,,,,,
776,25.866667,62.849,12.263,0,0,54,0.000000,0.000000,0.790483,0.000000,0.000000,0,0.000,0.000,NO BLACK,NO BUNDLE,0,0,0,,,,0,1,1,0,0.768777,0.687674,1044,115,0.150915,STAND TEMPORARILY LOST (1),0,0,1920,1080,,,,,,
777,25.900000,58.774,12.677,0,0,79,0.000000,0.000000,0.766029,0.000000,0.000000,0,0.000,0.000,NO BLACK,NO BUNDLE,0,0,0,,,,0,1,1,0,0.768777,0.687674,1044,115,0.150915,STAND TEMPORARILY LOST (1),0,0,1920,1080,,,,,,
778,25.933333,62.829,12.115,0,0,106,0.000000,0.000000,0.771051,0.000000,0.000000,0,0.000,0.000,NO BLACK,NO BUNDLE,0,0,0,,,,0,1,1,0,0.768777,0.687674,1044,115,0.150915,STAND TEMPORARILY LOST (2),0,0,1920,1080,,,,,,
779,25.966667,59.829,12.561,0,0,29,0.000000,0.000000,0.779671,0.000000,0.000000,0,0.000,0.000,NO BLACK,NO BUNDLE,0,0,0,,,,0,1,1,0,0.768777,0.687674,1044,115,0.150915,STAND TEMPORARILY LOST (2),,,,,,,,,,
780,26.000000,61.987,12.042,0,0,29,0.000000,0.000000,0.781834,0.000000,0.000000,0,0.000,0.000,NO BLACK,NO BUNDLE,0,0,0,,,,0,1,1,1,0.672067,0.680871,1011,90,0.139208,STAND LOCKED,0,0,1920,1080,,,,,,
781,26.033333,60.521,12.447,0,0,24,0.000000,0.000000,0.762477,0.000000,0.000000,0,0.000,0.000,NO BLACK,NO BUNDLE,0,0,0,,,,0,1,1,1,0.672067,0.680871,1011,90,0.139208,STAND LOCKED,0,0,1920,1080,,,,,,
782,26.066667,63.318,12.468,0,0,39,0.000000,0.000000,0.775564,0.000000,0.000000,0,0.000,0.000,NO BLACK,NO BUNDLE,0,0,0,,,,0,1,1,0,0.672067,0.680871,1011,90,0.139208,STAND TEMPORARILY LOST (1),0,0,1920,1080,,,,,,
783,26.100000,59.382,12.805,0,0,148,0.000000,0.000000,0.816509,0.000000,0.000000,0,0.000,0.000,NO BLACK,NO BUNDLE,0,0,0,,,,0,1,1,0,0.672067,0.680871,1011,90,0.139208,STAND TEMPORARILY LOST (1),0,0,1920,1080,,,,,,
784,26.133333,63.423,12.224,0,0,110,0.000000,0.000000,0.825459,0.000000,0.000000,0,0.000,0.000,NO BLACK,NO BUNDLE,0,0,0,,,,0,1,1,0,0.672067,0.680871,1011,90,0.139208,STAND TEMPORARILY LOST (2),0,0,1920,1080,,,,,,
785,26.166667,60.244,12.605,0,0,207,0.000000,0.000000,0.814860,0.000000,0.000000,0,0.000,0.000,NO BLACK,NO BUNDLE,0,0,0,,,,0,1,1,0,0.672067,0.680871,1011,90,0.139208,STAND TEMPORARILY LOST (2),0,0,1920,1080,,,,,,
786,26.200000,62.946,12.088,0,0,183,0.000000,0.000000,0.810140,0.000000,0.000000,0,0.000,0.000,NO BLACK,NO BUNDLE,0,0,0,,,,0,1,1,0,0.672067,0.680871,1011,90,0.139208,STAND TEMPORARILY LOST (3),0,0,1920,1080,,,,,,
787,26.233333,60.441,12.473,0,0,127,0.000000,0.000000,0.791502,0.000000,0.000000,0,0.000,0.000,NO BLACK,NO BUNDLE,0,0,0,,,,0,1,1,0,0.672067,0.680871,1011,90,0.139208,STAND TEMPORARILY LOST (3),0,0,1920,1080,,,,,,
788,26.266667,63.002,11.983,0,0,163,0.000000,0.000000,0.810384,0.000000,0.000000,0,0.000,0.000,NO BLACK,NO BUNDLE,0,0,0,,,,0,0,0,0,0.000000,0.000000,,,,WEAK STAND GEOMETRY,0,0,1920,1080,,,,,,
789,26.300000,60.231,11.697,0,0,131,0.000000,0.000000,0.812661,0.000000,0.000000,0,0.000,0.000,NO BLACK,NO BUNDLE,0,0,0,,,,0,0,0,0,0.000000,0.000000,,,,WEAK STAND GEOMETRY,0,0,1920,1080,,,,,,
790,26.333333,62.253,11.437,0,0,98,0.000000,0.000000,0.799471,0.000000,0.000000,0,0.000,0.000,NO BLACK,NO BUNDLE,0,0,0,,,,0,0,0,0,0.000000,0.000000,,,,NEED TWO DARK RAILS AND AN UPRIGHT,0,0,1920,1080,,,,,,
791,26.366667,59.936,11.276,0,0,147,0.000000,0.000000,0.804236,0.000000,0.000000,0,0.000,0.000,NO BLACK,NO BUNDLE,0,0,0,,,,0,0,0,0,0.000000,0.000000,,,,NEED TWO DARK RAILS AND AN UPRIGHT,0,0,1920,1080,,,,,,
792,26.400000,62.578,11.068,0,0,49,0.000000,0.000000,0.783666,0.000000,0.000000,0,0.000,0.000,NO BLACK,NO BUNDLE,0,0,0,,,,0,0,0,0,0.000000,0.000000,,,,WEAK STAND GEOMETRY,0,0,1920,1080,,,,,,
793,26.433333,59.089,10.957,0,0,64,0.000000,0.000000,0.797028,0.000000,0.000000,0,0.000,0.000,NO BLACK,NO BUNDLE,0,0,0,,,,0,1,0,1,0.716014,0.666479,1068,78,0.121296,ACQUIRING STAND 1/4,0,0,1920,1080,,,,,,
794,26.466667,62.606,10.799,0,0,77,0.000000,0.000000,0.813144,0.000000,0.000000,0,0.000,0.000,NO BLACK,NO BUNDLE,0,0,0,,,,0,1,0,1,0.683313,0.652832,932,76,0.125880,ACQUIRING STAND 2/4,0,0,1920,1080,,,,,,
795,26.500000,58.789,11.432,0,0,70,0.000000,0.000000,0.814440,0.000000,0.000000,0,0.000,0.000,NO BLACK,NO BUNDLE,0,0,0,,,,0,1,0,1,0.683313,0.652832,932,76,0.125880,ACQUIRING STAND 2/4,0,0,1920,1080,,,,,,
796,26.533333,62.662,11.177,0,0,220,0.000000,0.000000,0.811048,0.000000,0.000000,0,0.000,0.000,NO BLACK,NO BUNDLE,0,0,0,,,,0,1,0,0,0.683313,0.652832,932,76,0.125880,STAND TEMPORARILY LOST (1),0,0,1920,1080,,,,,,
797,26.566667,59.683,11.712,0,0,236,0.000000,0.000000,0.823481,0.000000,0.000000,0,0.000,0.000,NO BLACK,NO BUNDLE,0,0,0,,,,0,1,0,0,0.683313,0.652832,932,76,0.125880,STAND TEMPORARILY LOST (1),0,0,1920,1080,,,,,,
798,26.600000,63.778,11.435,0,0,95,0.000000,0.000000,0.784944,0.000000,0.000000,0,0.000,0.000,NO BLACK,NO BUNDLE,0,0,0,,,,0,1,0,0,0.683313,0.652832,932,76,0.125880,STAND TEMPORARILY LOST (2),0,0,1920,1080,,,,,,
799,26.633333,60.426,11.931,0,0,90,0.000000,0.000000,0.785615,0.000000,0.000000,0,0.000,0.000,NO BLACK,NO BUNDLE,0,0,0,,,,0,1,0,0,0.683313,0.652832,932,76,0.125880,STAND TEMPORARILY LOST (2),0,0,1920,1080,,,,,,
800,26.666667,63.383,11.616,0,0,70,0.000000,0.000000,0.811192,0.000000,0.000000,0,0.000,0.000,NO BLACK,NO BUNDLE,0,0,0,,,,0,1,0,0,0.683313,0.652832,932,76,0.125880,STAND TEMPORARILY LOST (3),0,0,1920,1080,,,,,,
801,26.700000,59.317,12.091,0,0,50,0.000000,0.000000,0.777912,0.000000,0.000000,0,0.000,0.000,NO BLACK,NO BUNDLE,0,0,0,,,,0,1,0,0,0.683313,0.652832,932,76,0.125880,STAND TEMPORARILY LOST (3),0,0,1920,1080,,,,,,
802,26.733333,65.355,11.725,0,0,47,0.000000,0.000000,0.782392,0.000000,0.000000,0,0.000,0.000,NO BLACK,NO BUNDLE,0,0,0,,,,0,0,0,0,0.000000,0.000000,,,,NEED TWO DARK RAILS AND AN UPRIGHT,0,0,1920,1080,,,,,,
803,26.766667,59.781,11.514,0,0,54,0.000000,0.000000,0.797051,0.000000,0.000000,0,0.000,0.000,NO BLACK,NO BUNDLE,0,0,0,,,,0,0,0,0,0.000000,0.000000,,,,NEED TWO DARK RAILS AND AN UPRIGHT,0,0,1920,1080,,,,,,
804,26.800000,62.303,11.279,0,0,92,0.000000,0.000000,0.772123,0.000000,0.000000,0,0.000,0.000,NO BLACK,NO BUNDLE,0,0,0,,,,0,0,0,0,0.000000,0.000000,,,,WEAK STAND GEOMETRY,0,0,1920,1080,,,,,,
805,26.833333,58.802,11.150,0,0,63,0.000000,0.000000,0.795399,0.000000,0.000000,0,0.000,0.000,NO BLACK,NO BUNDLE,0,0,0,,,,0,0,0,0,0.000000,0.000000,,,,WEAK STAND GEOMETRY,0,0,1920,1080,,,,,,
