frame,timestamp,inference_ms,processing_fps,black_pixels,lashing_pixels,messenger_pixels,black_confidence,lashing_confidence,messenger_confidence,bundle_confidence,contact_confidence,bundle_valid,messenger_intensity_mean,messenger_intensity_std,validation_reason,target_state,consecutive_valid_frames,target_found,target_locked,target_x,target_y,target_proximity,stale_frames,stand_found,stand_locked,stand_fresh,stand_confidence,stand_black_support,stand_x,stand_y,stand_proximity,stand_reason,pidnet_roi_x1,pidnet_roi_y1,pidnet_roi_x2,pidnet_roi_y2,mission_state,mission_reason,command_forward,command_right,command_down,command_yaw_rate
0,0.000000,313.229,2.909,0,0,0,0.000000,0.000000,0.000000,0.000000,0.000000,0,0.000,0.000,NO BLACK,NO BUNDLE,0,0,0,,,,0,0,0,0,0.000000,0.000000,,,,WEAK STAND GEOMETRY,,,,,,,,,,
1,0.033333,68.802,4.056,0,0,0,0.000000,0.000000,0.000000,0.000000,0.000000,0,0.000,0.000,NO BLACK,NO BUNDLE,0,0,0,,,,0,0,0,0,0.000000,0.000000,,,,WEAK STAND GEOMETRY,,,,,,,,,,
2,0.066667,68.106,5.047,0,0,0,0.000000,0.000000,0.000000,0.000000,0.000000,0,0.000,0.000,NO BLACK,NO BUNDLE,0,0,0,,,,0,0,0,0,0.000000,0.000000,,,,WEAK STAND GEOMETRY,,,,,,,,,,
3,0.100000,67.365,5.915,0,0,0,0.000000,0.000000,0.000000,0.000000,0.000000,0,0.000,0.000,NO BLACK,NO BUNDLE,0,0,0,,,,0,0,0,0,0.000000,0.000000,,,,WEAK STAND GEOMETRY,,,,,,,,,,
4,0.133333,67.885,6.662,0,0,0,0.000000,0.000000,0.000000,0.000000,0.000000,0,0.000,0.000,NO BLACK,NO BUNDLE,0,0,0,,,,0,0,0,0,0.000000,0.000000,,,,WEAK STAND GEOMETRY,,,,,,,,,,
5,0.166667,68.893,7.276,0,0,0,0.000000,0.000000,0.000000,0.000000,0.000000,0,0.000,0.000,NO BLACK,NO BUNDLE,0,0,0,,,,0,0,0,0,0.000000,0.000000,,,,NEED TWO DARK RAILS AND AN UPRIGHT,,,,,,,,,,
6,0.200000,67.895,7.763,0,0,0,0.000000,0.000000,0.000000,0.000000,0.000000,0,0.000,0.000,NO BLACK,NO BUNDLE,0,0,0,,,,0,0,0,0,0.000000,0.000000,,,,WEAK STAND GEOMETRY,,,,,,,,,,
7,0.233333,68.868,8.204,0,0,0,0.000000,0.000000,0.000000,0.000000,0.000000,0,0.000,0.000,NO BLACK,NO BUNDLE,0,0,0,,,,0,0,0,0,0.000000,0.000000,,,,WEAK STAND GEOMETRY,,,,,,,,,,
8,0.266667,68.955,8.566,0,0,0,0.000000,0.000000,0.000000,0.000000,0.000000,0,0.000,0.000,NO BLACK,NO BUNDLE,0,0,0,,,,0,0,0,0,0.000000,0.000000,,,,WEAK STAND GEOMETRY,,,,,,,,,,
9,0.300000,67.903,8.888,0,0,0,0.000000,0.000000,0.000000,0.000000,0.000000,0,0.000,0.000,NO BLACK,NO BUNDLE,0,0,0,,,,0,0,0,0,0.000000,0.000000,,,,WEAK STAND GEOMETRY,,,,,,,,,,
10,0.333333,68.569,9.157,0,0,0,0.000000,0.000000,0.000000,0.000000,0.000000,0,0.000,0.000,NO BLACK,NO BUNDLE,0,0,0,,,,0,0,0,0,0.000000,0.000000,,,,WEAK STAND GEOMETRY,,,,,,,,,,
11,0.366667,69.515,9.387,0,0,0,0.000000,0.000000,0.000000,0.000000,0.000000,0,0.000,0.000,NO BLACK,NO BUNDLE,0,0,0,,,,0,0,0,0,0.000000,0.000000,,,,WEAK STAND GEOMETRY,,,,,,,,,,
12,0.400000,71.303,9.538,0,0,0,0.000000,0.000000,0.000000,0.000000,0.000000,0,0.000,0.000,NO BLACK,NO BUNDLE,0,0,0,,,,0,0,0,0,0.000000,0.000000,,,,WEAK STAND GEOMETRY,,,,,,,,,,
13,0.433333,71.390,9.682,0,0,0,0.000000,0.000000,0.000000,0.000000,0.000000,0,0.000,0.000,NO BLACK,NO BUNDLE,0,0,0,,,,0,0,0,0,0.000000,0.000000,,,,NEED TWO DARK RAILS AND AN UPRIGHT,,,,,,,,,,
14,0.466667,71.289,9.779,0,0,0,0.000000,0.000000,0.000000,0.000000,0.000000,0,0.000,0.000,NO BLACK,NO BUNDLE,0,0,0,,,,0,0,0,0,0.000000,0.000000,,,,WEAK STAND GEOMETRY,,,,,,,,,,
15,0.500000,68.891,9.933,0,0,0,0.000000,0.000000,0.000000,0.000000,0.000000,0,0.000,0.000,NO BLACK,NO BUNDLE,0,0,0,,,,0,0,0,0,0.000000,0.000000,,,,WEAK STAND GEOMETRY,,,,,,,,,,
16,0.533333,69.052,10.030,0,0,0,0.000000,0.000000,0.000000,0.000000,0.000000,0,0.000,0.000,NO BLACK,NO BUNDLE,0,0,0,,,,0,0,0,0,0.000000,0.000000,,,,WEAK STAND GEOMETRY,,,,,,,,,,
17,0.566667,67.535,10.116,0,0,0,0.000000,0.000000,0.000000,0.000000,0.000000,0,0.000,0.000,NO BLACK,NO BUNDLE,0,0,0,,,,0,0,0,0,0.000000,0.000000,,,,WEAK STAND GEOMETRY,,,,,,,,,,
18,0.600000,70.212,10.168,0,0,0,0.000000,0.000000,0.000000,0.000000,0.000000,0,0.000,0.000,NO BLACK,NO BUNDLE,0,0,0,,,,0,0,0,0,0.000000,0.000000,,,,WEAK STAND GEOMETRY,,,,,,,,,,
19,0.633333,70.976,10.208,0,0,0,0.000000,0.000000,0.000000,0.000000,0.000000,0,0.000,0.000,NO BLACK,NO BUNDLE,0,0,0,,,,0,0,0,0,0.000000,0.000000,,,,WEAK STAND GEOMETRY,,,,,,,,,,
20,0.666667,71.265,10.230,0,0,0,0.000000,0.000000,0.000000,0.000000,0.000000,0,0.000,0.000,NO BLACK,NO BUNDLE,0,0,0,,,,0,0,0,0,0.000000,0.000000,,,,WEAK STAND GEOMETRY,,,,,,,,,,
21,0.700000,71.264,10.266,0,0,0,0.000000,0.000000,0.000000,0.000000,0.000000,0,0.000,0.000,NO BLACK,NO BUNDLE,0,0,0,,,,0,0,0,0,0.000000,0.000000,,,,WEAK STAND GEOMETRY,,,,,,,,,,
22,0.733333,69.848,10.295,0,0,0,0.000000,0.000000,0.000000,0.000000,0.000000,0,0.000,0.000,NO BLACK,NO BUNDLE,0,0,0,,,,0,0,0,0,0.000000,0.000000,,,,WEAK STAND GEOMETRY,,,,,,,,,,
23,0.766667,66.834,10.362,0,0,0,0.000000,0.000000,0.000000,0.000000,0.000000,0,0.000,0.000,NO BLACK,NO BUNDLE,0,0,0,,,,0,0,0,0,0.000000,0.000000,,,,NEED TWO DARK RAILS AND AN UPRIGHT,,,,,,,,,,
24,0.800000,73.920,10.298,0,0,0,0.000000,0.000000,0.000000,0.000000,0.000000,0,0.000,0.000,NO BLACK,NO BUNDLE,0,0,0,,,,0,0,0,0,0.000000,0.000000,,,,WEAK STAND GEOMETRY,,,,,,,,,,
25,0.833333,69.279,10.345,0,0,0,0.000000,0.000000,0.000000,0.000000,0.000000,0,0.000,0.000,NO BLACK,NO BUNDLE,0,0,0,,,,0,0,0,0,0.000000,0.000000,,,,NEED TWO DARK RAILS AND AN UPRIGHT,,,,,,,,,,
26,0.866667,68.817,10.386,0,0,0,0.000000,0.000000,0.000000,0.000000,0.000000,0,0.000,0.000,NO BLACK,NO BUNDLE,0,0,0,,,,0,0,0,0,0.000000,0.000000,,,,WEAK STAND GEOMETRY,,,,,,,,,,
27,0.900000,67.870,10.451,0,0,0,0.000000,0.000000,0.000000,0.000000,0.000000,0,0.000,0.000,NO BLACK,NO BUNDLE,0,0,0,,,,0,0,0,0,0.000000,0.000000,,,,WEAK STAND GEOMETRY,,,,,,,,,,
28,0.933333,69.452,10.460,0,0,0,0.000000,0.000000,0.000000,0.000000,0.000000,0,0.000,0.000,NO BLACK,NO BUNDLE,0,0,0,,,,0,0,0,0,0.000000,0.000000,,,,WEAK STAND GEOMETRY,,,,,,,,,,
29,0.966667,67.192,10.490,0,0,0,0.000000,0.000000,0.000000,0.000000,0.000000,0,0.000,0.000,NO BLACK,NO BUNDLE,0,0,0,,,,0,1,0,1,0.714604,0.714404,588,46,0.118056,ACQUIRING STAND 1/4,,,,,,,,,,
30,1.000000,67.234,10.553,0,0,0,0.000000,0.000000,0.000000,0.000000,0.000000,0,0.000,0.000,NO BLACK,NO BUNDLE,0,0,0,,,,0,1,0,0,0.714604,0.714404,588,46,0.118056,STAND TEMPORARILY LOST (1),,,,,,,,,,
31,1.033333,69.449,11.057,0,0,0,0.000000,0.000000,0.000000,0.000000,0.000000,0,0.000,0.000,NO BLACK,NO BUNDLE,0,0,0,,,,0,1,0,0,0.714604,0.714404,588,46,0.118056,STAND TEMPORARILY LOST (1),,,,,,,,,,
32,1.066667,68.071,11.013,0,0,0,0.000000,0.000000,0.000000,0.000000,0.000000,0,0.000,0.000,NO BLACK,NO BUNDLE,0,0,0,,,,0,1,0,0,0.714604,0.714404,588,46,0.118056,STAND TEMPORARILY LOST (2),,,,,,,,,,
33,1.100000,70.368,11.409,0,0,0,0.000000,0.000000,0.000000,0.000000,0.000000,0,0.000,0.000,NO BLACK,NO BUNDLE,0,0,0,,,,0,1,0,0,0.714604,0.714404,588,46,0.118056,STAND TEMPORARILY LOST (2),,,,,,,,,,
34,1.133333,68.172,11.300,0,0,0,0.000000,0.000000,0.000000,0.000000,0.000000,0,0.000,0.000,NO BLACK,NO BUNDLE,0,0,0,,,,0,1,0,0,0.714604,0.714404,588,46,0.118056,STAND TEMPORARILY LOST (3),,,,,,,,,,
35,1.166667,73.194,11.571,0,0,0,0.000000,0.000000,0.000000,0.000000,0.000000,0,0.000,0.000,NO BLACK,NO BUNDLE,0,0,0,,,,0,1,0,0,0.714604,0.714404,588,46,0.118056,STAND TEMPORARILY LOST (3),,,,,,,,,,
36,1.200000,66.583,11.483,0,0,0,0.000000,0.000000,0.000000,0.000000,0.000000,0,0.000,0.000,NO BLACK,NO BUNDLE,0,0,0,,,,0,0,0,0,0.000000,0.000000,,,,WEAK STAND GEOMETRY,,,,,,,,,,
37,1.233333,69.578,11.332,0,0,0,0.000000,0.000000,0.000000,0.000000,0.000000,0,0.000,0.000,NO BLACK,NO BUNDLE,0,0,0,,,,0,0,0,0,0.000000,0.000000,,,,WEAK STAND GEOMETRY,,,,,,,,,,
38,1.266667,65.708,11.292,0,0,0,0.000000,0.000000,0.000000,0.000000,0.000000,0,0.000,0.000,NO BLACK,NO BUNDLE,0,0,0,,,,0,0,0,0,0.000000,0.000000,,,,WEAK STAND GEOMETRY,,,,,,,,,,
39,1.300000,68.431,11.212,0,0,0,0.000000,0.000000,0.000000,0.000000,0.000000,0,0.000,0.000,NO BLACK,NO BUNDLE,0,0,0,,,,0,0,0,0,0.000000,0.000000,,,,NEED TWO DARK RAILS AND AN UPRIGHT,,,,,,,,,,
40,1.333333,69.009,11.134,0,0,0,0.000000,0.000000,0.000000,0.000000,0.000000,0,0.000,0.000,NO BLACK,NO BUNDLE,0,0,0,,,,0,0,0,0,0.000000,0.000000,,,,WEAK STAND GEOMETRY,,,,,,,,,,
41,1.366667,68.038,11.120,0,0,0,0.000000,0.000000,0.000000,0.000000,0.000000,0,0.000,0.000,NO BLACK,NO BUNDLE,0,0,0,,,,0,0,0,0,0.000000,0.000000,,,,WEAK STAND GEOMETRY,,,,,,,,,,
42,1.400000,67.027,11.118,0,0,0,0.000000,0.000000,0.000000,0.000000,0.000000,0,0.000,0.000,NO BLACK,NO BUNDLE,0,0,0,,,,0,0,0,0,0.000000,0.000000,,,,WEAK STAND GEOMETRY,,,,,,,,,,
43,1.433333,67.739,11.053,0,0,0,0.000000,0.000000,0.000000,0.000000,0.000000,0,0.000,0.000,NO BLACK,NO BUNDLE,0,0,0,,,,0,0,0,0,0.000000,0.000000,,,,WEAK STAND GEOMETRY,,,,,,,,,,
44,1.466667,68.757,10.959,0,0,0,0.000000,0.000000,0.000000,0.000000,0.000000,0,0.000,0.000,NO BLACK,NO BUNDLE,0,0,0,,,,0,0,0,0,0.000000,0.000000,,,,WEAK STAND GEOMETRY,,,,,,,,,,
45,1.500000,67.220,10.964,0,0,0,0.000000,0.000000,0.000000,0.000000,0.000000,0,0.000,0.000,NO BLACK,NO BUNDLE,0,0,0,,,,0,0,0,0,0.000000,0.000000,,,,NEED TWO DARK RAILS AND AN UPRIGHT,,,,,,,,,,
46,1.533333,68.789,10.915,0,0,0,0.000000,0.000000,0.000000,0.000000,0.000000,0,0.000,0.000,NO BLACK,NO BUNDLE,0,0,0,,,,0,0,0,0,0.000000,0.000000,,,,WEAK STAND GEOMETRY,,,,,,,,,,
47,1.566667,66.769,10.906,0,0,0,0.000000,0.000000,0.000000,0.000000,0.000000,0,0.000,0.000,NO BLACK,NO BUNDLE,0,0,0,,,,0,0,0,0,0.000000,0.000000,,,,NEED TWO DARK RAILS AND AN UPRIGHT,,,,,,,,,,
48,1.600000,69.386,10.875,0,0,0,0.000000,0.000000,0.000000,0.000000,0.000000,0,0.000,0.000,NO BLACK,NO BUNDLE,0,0,0,,,,0,0,0,0,0.000000,0.000000,,,,NEED TWO DARK RAILS AND AN UPRIGHT,,,,,,,,,,
49,1.633333,68.991,10.862,0,0,0,0.000000,0.000000,0.000000,0.000000,0.000000,0,0.000,0.000,NO BLACK,NO BUNDLE,0,0,0,,,,0,0,0,0,0.000000,0.000000,,,,NEED TWO DARK RAILS AND AN UPRIGHT,,,,,,,,,,
50,1.666667,70.545,10.860,0,0,0,0.000000,0.000000,0.000000,0.000000,0.000000,0,0.000,0.000,NO BLACK,NO BUNDLE,0,0,0,,,,0,0,0,0,0.000000,0.000000,,,,WEAK STAND GEOMETRY,,,,,,,,,,
51,1.700000,69.472,10.820,0,0,0,0.000000,0.000000,0.000000,0.000000,0.000000,0,0.000,0.000,NO BLACK,NO BUNDLE,0,0,0,,,,0,0,0,0,0.000000,0.000000,,,,NEED TWO DARK RAILS AND AN UPRIGHT,,,,,,,,,,
52,1.733333,66.028,10.907,0,0,0,0.000000,0.000000,0.000000,0.000000,0.000000,0,0.000,0.000,NO BLACK,NO BUNDLE,0,0,0,,,,0,0,0,0,0.000000,0.000000,,,,NEED TWO DARK RAILS AND AN UPRIGHT,,,,,,,,,,
53,1.766667,71.462,10.862,0,0,0,0.000000,0.000000,0.000000,0.000000,0.000000,0,0.000,0.000,NO BLACK,NO BUNDLE,0,0,0,,,,0,0,0,0,0.000000,0.000000,,,,NEED TWO DARK RAILS AND AN UPRIGHT,,,,,,,,,,
54,1.800000,69.072,10.877,0,0,0,0.000000,0.000000,0.000000,0.000000,0.000000,0,0.000,0.000,NO BLACK,NO BUNDLE,0,0,0,,,,0,0,0,0,0.000000,0.000000,,,,NEED TWO DARK RAILS AND AN UPRIGHT,,,,,,,,,,
55,1.833333,70.534,10.854,0,0,0,0.000000,0.000000,0.000000,0.000000,0.000000,0,0.000,0.000,NO BLACK,NO BUNDLE,0,0,0,,,,0,0,0,0,0.000000,0.000000,,,,NEED TWO DARK RAILS AND AN UPRIGHT,,,,,,,,,,
56,1.866667,66.402,10.978,0,0,0,0.000000,0.000000,0.000000,0.000000,0.000000,0,0.000,0.000,NO BLACK,NO BUNDLE,0,0,0,,,,0,0,0,0,0.000000,0.000000,,,,NEED TWO DARK RAILS AND AN UPRIGHT,,,,,,,,,,
57,1.900000,67.463,11.040,0,0,0,0.000000,0.000000,0.000000,0.000000,0.000000,0,0.000,0.000,NO BLACK,NO BUNDLE,0,0,0,,,,0,0,0,0,0.000000,0.000000,,,,NEED TWO DARK RAILS AND AN UPRIGHT,,,,,,,,,,
58,1.933333,67.752,11.040,0,0,0,0.000000,0.000000,0.000000,0.000000,0.000000,0,0.000,0.000,NO BLACK,NO BUNDLE,0,0,0,,,,0,0,0,0,0.000000,0.000000,,,,NEED TWO DARK RAILS AND AN UPRIGHT,,,,,,,,,,
59,1.966667,67.122,11.006,0,0,0,0.000000,0.000000,0.000000,0.000000,0.000000,0,0.000,0.000,NO BLACK,NO BUNDLE,0,0,0,,,,0,0,0,0,0.000000,0.000000,,,,NEED TWO DARK RAILS AND AN UPRIGHT,,,,,,,,,,
60,2.000000,67.494,10.961,0,0,0,0.000000,0.000000,0.000000,0.000000,0.000000,0,0.000,0.000,NO BLACK,NO BUNDLE,0,0,0,,,,0,0,0,0,0.000000,0.000000,,,,NEED TWO DARK RAILS AND AN UPRIGHT,,,,,,,,,,
61,2.033333,68.002,10.755,0,0,0,0.000000,0.000000,0.000000,0.000000,0.000000,0,0.000,0.000,NO BLACK,NO BUNDLE,0,0,0,,,,0,0,0,0,0.000000,0.000000,,,,NEED TWO DARK RAILS AND AN UPRIGHT,,,,,,,,,,
62,2.066667,69.256,10.677,0,0,0,0.000000,0.000000,0.000000,0.000000,0.000000,0,0.000,0.000,NO BLACK,NO BUNDLE,0,0,0,,,,0,0,0,0,0.000000,0.000000,,,,NEED TWO DARK RAILS AND AN UPRIGHT,,,,,,,,,,
63,2.100000,68.805,10.522,0,0,0,0.000000,0.000000,0.000000,0.000000,0.000000,0,0.000,0.000,NO BLACK,NO BUNDLE,0,0,0,,,,0,0,0,0,0.000000,0.000000,,,,WEAK STAND GEOMETRY,,,,,,,,,,
64,2.133333,69.410,10.385,0,0,0,0.000000,0.000000,0.000000,0.000000,0.000000,0,0.000,0.000,NO BLACK,NO BUNDLE,0,0,0,,,,0,0,0,0,0.000000,0.000000,,,,NEED TWO DARK RAILS AND AN UPRIGHT,,,,,,,,,,
65,2.166667,69.268,10.254,0,0,0,0.000000,0.000000,0.000000,0.000000,0.000000,0,0.000,0.000,NO BLACK,NO BUNDLE,0,0,0,,,,0,0,0,0,0.000000,0.000000,,,,NEED TWO DARK RAILS AND AN UPRIGHT,,,,,,,,,,
66,2.200000,66.400,10.206,0,0,0,0.000000,0.000000,0.000000,0.000000,0.000000,0,0.000,0.000,NO BLACK,NO BUNDLE,0,0,0,,,,0,1,0,1,0.711132,0.841003,730,52,0.144444,ACQUIRING STAND 1/4,,,,,,,,,,
67,2.233333,67.965,10.795,0,0,0,0.000000,0.000000,0.000000,0.000000,0.000000,0,0.000,0.000,NO BLACK,NO BUNDLE,0,0,0,,,,0,1,0,1,0.711132,0.841003,730,52,0.144444,ACQUIRING STAND 1/4,,,,,,,,,,
68,2.266667,67.777,10.594,0,0,0,0.000000,0.000000,0.000000,0.000000,0.000000,0,0.000,0.000,NO BLACK,NO BUNDLE,0,0,0,,,,0,1,0,1,0.773315,0.806428,682,54,0.150556,ACQUIRING STAND 2/4,,,,,,,,,,
69,2.300000,69.113,11.086,0,0,0,0.000000,0.000000,0.000000,0.000000,0.000000,0,0.000,0.000,NO BLACK,NO BUNDLE,0,0,0,,,,0,1,0,1,0.773315,0.806428,682,54,0.150556,ACQUIRING STAND 2/4,,,,,,,,,,
70,2.333333,67.248,10.835,44,0,0,0.729475,0.000000,0.000000,0.000000,0.000000,0,0.000,0.000,NO BLACK,NO BUNDLE,0,0,0,,,,0,1,0,1,0.783246,0.838323,724,60,0.166292,ACQUIRING STAND 3/4,,,,,,,,,,
71,2.366667,70.076,11.261,57,0,0,0.749319,0.000000,0.000000,0.000000,0.000000,0,0.000,0.000,NO BLACK,NO BUNDLE,0,0,0,,,,0,1,0,1,0.783246,0.838323,724,60,0.166292,ACQUIRING STAND 3/4,,,,,,,,,,
72,2.400000,68.985,11.095,420,0,0,0.817139,0.000000,0.000000,0.000000,0.000000,0,0.000,0.000,NO LASHING,NO BUNDLE,0,0,0,,,,0,1,1,1,0.856439,0.765252,674,85,0.206220,STAND LOCKED,,,,,,,,,,
73,2.433333,68.238,11.500,238,0,0,0.810008,0.000000,0.000000,0.000000,0.000000,0,0.000,0.000,NO BLACK,NO BUNDLE,0,0,0,,,,0,1,1,1,0.856439,0.765252,674,85,0.206220,STAND LOCKED,,,,,,,,,,
74,2.466667,66.932,11.525,312,0,0,0.816463,0.000000,0.000000,0.000000,0.000000,0,0.000,0.000,NO LASHING,NO BUNDLE,0,0,0,,,,0,1,1,0,0.856439,0.765252,674,85,0.206220,STAND TEMPORARILY LOST (1),,,,,,,,,,
75,2.500000,68.058,11.918,31,0,0,0.725174,0.000000,0.000000,0.000000,0.000000,0,0.000,0.000,NO BLACK,NO BUNDLE,0,0,0,,,,0,1,1,0,0.856439,0.765252,674,85,0.206220,STAND TEMPORARILY LOST (1),,,,,,,,,,
76,2.533333,65.648,11.517,0,0,0,0.000000,0.000000,0.000000,0.000000,0.000000,0,0.000,0.000,NO BLACK,NO BUNDLE,0,0,0,,,,0,1,1,1,0.814003,0.783889,649,124,0.303632,STAND LOCKED,,,,,,,,,,
77,2.566667,72.344,11.749,0,0,0,0.000000,0.000000,0.000000,0.000000,0.000000,0,0.000,0.000,NO BLACK,NO BUNDLE,0,0,0,,,,0,1,1,1,0.814003,0.783889,649,124,0.303632,STAND LOCKED,,,,,,,,,,
78,2.600000,71.808,11.482,0,0,0,0.000000,0.000000,0.000000,0.000000,0.000000,0,0.000,0.000,NO BLACK,NO BUNDLE,0,0,0,,,,0,1,1,0,0.814003,0.783889,649,124,0.303632,STAND TARGET JUMP REJECTED,,,,,,,,,,
79,2.633333,70.276,11.807,123,0,0,0.778714,0.000000,0.000000,0.000000,0.000000,0,0.000,0.000,NO BLACK,NO BUNDLE,0,0,0,,,,0,1,1,0,0.814003,0.783889,649,124,0.303632,STAND TARGET JUMP REJECTED,,,,,,,,,,
80,2.666667,69.181,11.303,0,0,27,0.000000,0.000000,0.732258,0.000000,0.000000,0,0.000,0.000,NO BLACK,NO BUNDLE,0,0,0,,,,0,1,1,1,0.934676,0.813915,643,185,0.417746,STAND LOCKED,,,,,,,,,,
81,2.700000,70.692,11.626,0,0,60,0.000000,0.000000,0.856279,0.000000,0.000000,0,0.000,0.000,NO BLACK,NO BUNDLE,0,0,0,,,,0,1,1,1,0.934676,0.813915,643,185,0.417746,STAND LOCKED,,,,,,,,,,
82,2.733333,68.016,11.494,10,40,0,0.726016,0.642053,0.000000,0.684034,0.000000,0,0.000,0.000,NO BLACK,NO BUNDLE,0,0,0,,,,0,1,1,1,0.887500,0.832414,572,176,0.389652,STAND LOCKED,,,,,,,,,,
83,2.766667,66.606,11.878,0,0,111,0.000000,0.000000,0.757726,0.000000,0.000000,0,0.000,0.000,NO BLACK,NO BUNDLE,0,0,0,,,,0,1,1,1,0.887500,0.832414,572,176,0.389652,STAND LOCKED,,,,,,,,,,
84,2.800000,68.420,11.744,23,2,174,0.737180,0.618376,0.759592,0.677778,0.000000,0,0.000,0.000,NO BLACK,NO BUNDLE,0,0,0,,,,0,1,1,1,1.000000,0.825868,518,223,0.407566,STAND LOCKED,,,,,,,,,,
85,2.833333,70.674,12.025,25,11,28,0.739877,0.616954,0.765003,0.678415,0.000000,0,0.000,0.000,NO BLACK,NO BUNDLE,0,0,0,,,,0,1,1,1,1.000000,0.825868,518,223,0.407566,STAND LOCKED,,,,,,,,,,
86,2.866667,68.684,11.831,103,0,144,0.791968,0.000000,0.781019,0.000000,0.000000,0,0.000,0.000,NO BLACK,NO BUNDLE,0,0,0,,,,0,1,1,0,1.000000,0.825868,518,223,0.407566,STAND TARGET JUMP REJECTED,,,,,,,,,,
87,2.900000,71.845,12.070,16,0,19,0.733676,0.000000,0.719735,0.000000,0.000000,0,0.000,0.000,NO BLACK,NO BUNDLE,0,0,0,,,,0,1,1,0,1.000000,0.825868,518,223,0.407566,STAND TARGET JUMP REJECTED,,,,,,,,,,
88,2.933333,70.732,11.850,82,15,79,0.787751,0.631896,0.759458,0.709824,0.000000,0,0.000,0.000,NO BLACK,NO BUNDLE,0,0,0,,,,0,1,1,0,1.000000,0.825868,518,223,0.407566,STAND TARGET JUMP REJECTED,,,,,,,,,,
89,2.966667,68.679,12.161,42,0,261,0.742793,0.000000,0.770469,0.000000,0.000000,0,0.000,0.000,NO BLACK,NO BUNDLE,0,0,0,,,,0,1,1,0,1.000000,0.825868,518,223,0.407566,STAND TARGET JUMP REJECTED,,,,,,,,,,
90,3.000000,68.485,11.618,9,116,142,0.717480,0.717933,0.769724,0.717707,0.000000,0,0.000,0.000,NO BLACK,NO BUNDLE,0,0,0,,,,0,1,1,1,0.945000,0.838883,511,202,0.458405,STAND LOCKED,,,,,,,,,,
91,3.033333,67.871,11.983,0,0,46,0.000000,0.000000,0.765706,0.000000,0.000000,0,0.000,0.000,NO BLACK,NO BUNDLE,0,0,0,,,,0,1,1,1,0.945000,0.838883,511,202,0.458405,STAND LOCKED,,,,,,,,,,
92,3.066667,67.515,11.728,0,3,84,0.000000,0.620459,0.797596,0.000000,0.000000,0,0.000,0.000,NO BLACK,NO BUNDLE,0,0,0,,,,0,1,1,0,0.945000,0.838883,511,202,0.458405,STAND TEMPORARILY LOST (1),,,,,,,,,,
93,3.100000,68.129,12.057,246,37,85,0.741248,0.626415,0.795606,0.683832,0.000000,0,0.000,0.000,NO BLACK,NO BUNDLE,0,0,0,,,,0,1,1,0,0.945000,0.838883,511,202,0.458405,STAND TEMPORARILY LOST (1),,,,,,,,,,
94,3.133333,65.490,11.793,393,45,53,0.746235,0.633718,0.790761,0.689977,0.000000,0,0.000,0.000,NO LASHING,NO BUNDLE,0,0,0,,,,0,1,1,1,0.774406,0.905454,535,198,0.496560,STAND LOCKED,,,,,,,,,,
95,3.166667,67.609,12.151,735,7,110,0.774874,0.615781,0.810324,0.695327,0.000000,0,0.000,0.000,NO LASHING,NO BUNDLE,0,0,0,,,,0,1,1,1,0.774406,0.905454,535,198,0.496560,STAND LOCKED,,,,,,,,,,
96,3.200000,67.597,11.836,1079,9,151,0.790902,0.636266,0.805862,0.713584,0.000000,0,0.000,0.000,NO LASHING,NO BUNDLE,0,0,0,,,,0,1,1,1,0.968336,0.946269,554,204,0.525952,STAND LOCKED,,,,,,,,,,
97,3.233333,67.644,12.181,1361,16,82,0.802743,0.652292,0.796555,0.727517,0.000000,0,0.000,0.000,NO LASHING,NO BUNDLE,0,0,0,,,,0,1,1,1,0.968336,0.946269,554,204,0.525952,STAND LOCKED,,,,,,,,,,
98,3.266667,65.772,11.929,1487,35,126,0.809549,0.668951,0.805385,0.739250,0.000000,0,0.000,0.000,NO LASHING,NO BUNDLE,0,0,0,,,,0,1,1,0,0.968336,0.946269,554,204,0.525952,STAND TARGET JUMP REJECTED,,,,,,,,,,
99,3.300000,67.784,12.253,973,8,66,0.788225,0.634034,0.790281,0.711129,0.000000,0,0.000,0.000,NO LASHING,NO BUNDLE,0,0,0,,,,0,1,1,0,0.968336,0.946269,554,204,0.525952,STAND TARGET JUMP REJECTED,,,,,,,,,,
100,3.333333,70.739,11.891,611,0,43,0.773472,0.000000,0.760780,0.000000,0.000000,0,0.000,0.000,NO LASHING,NO BUNDLE,0,0,0,,,,0,1,1,0,0.968336,0.946269,554,204,0.525952,STAND TARGET JUMP REJECTED,,,,,,,,,,
101,3.366667,71.396,12.122,609,0,148,0.794419,0.000000,0.801898,0.000000,0.000000,0,0.000,0.000,NO LASHING,NO BUNDLE,0,0,0,,,,0,1,1,0,0.968336,0.946269,554,204,0.525952,STAND TARGET JUMP REJECTED,,,,,,,,,,
102,3.400000,68.227,11.841,609,0,94,0.766357,0.000000,0.785431,0.000000,0.000000,0,0.000,0.000,NO LASHING,NO BUNDLE,0,0,0,,,,0,1,1,1,0.945000,0.864426,687,228,0.589595,STAND LOCKED,,,,,,,,,,
103,3.433333,68.380,12.175,1026,0,128,0.795465,0.000000,0.803014,0.000000,0.000000,0,0.000,0.000,NO LASHING,NO BUNDLE,0,0,0,,,,0,1,1,1,0.945000,0.864426,687,228,0.589595,STAND LOCKED,,,,,,,,,,
104,3.466667,69.945,11.866,700,0,90,0.779616,0.000000,0.820776,0.000000,0.000000,0,0.000,0.000,NO LASHING,NO BUNDLE,0,0,0,,,,0,1,1,1,1.000000,0.847109,673,217,0.571637,STAND LOCKED,,,,,,,,,,
105,3.500000,70.435,12.132,754,0,143,0.802255,0.000000,0.839779,0.000000,0.000000,0,0.000,0.000,NO LASHING,NO BUNDLE,0,0,0,,,,0,1,1,1,1.000000,0.847109,673,217,0.571637,STAND LOCKED,,,,,,,,,,
106,3.533333,67.253,11.843,750,0,103,0.786385,0.000000,0.802319,0.000000,0.000000,0,0.000,0.000,NO LASHING,NO BUNDLE,0,0,0,,,,0,1,1,1,0.967629,0.918810,575,240,0.652167,STAND LOCKED,,,,,,,,,,
107,3.566667,69.383,12.092,676,0,107,0.786828,0.000000,0.788634,0.000000,0.000000,0,0.000,0.000,NO LASHING,NO BUNDLE,0,0,0,,,,0,1,1,1,0.967629,0.918810,575,240,0.652167,STAND LOCKED,,,,,,,,,,
108,3.600000,68.838,11.790,736,13,119,0.793171,0.611093,0.792211,0.702132,0.000000,0,0.000,0.000,NO LASHING,NO BUNDLE,0,0,0,,,,0,1,1,1,1.000000,0.879036,544,238,0.654031,STAND LOCKED,,,,,,,,,,
109,3.633333,72.489,12.010,537,0,163,0.798470,0.000000,0.818826,0.000000,0.000000,0,0.000,0.000,NO LASHING,NO BUNDLE,0,0,0,,,,0,1,1,1,1.000000,0.879036,544,238,0.654031,STAND LOCKED,,,,,,,,,,
110,3.666667,69.664,11.654,523,0,205,0.784068,0.000000,0.820657,0.000000,0.000000,0,0.000,0.000,NO LASHING,NO BUNDLE,0,0,0,,,,0,1,1,1,0.945000,0.861125,531,212,0.570842,STAND LOCKED,,,,,,,,,,
111,3.700000,68.836,11.959,517,0,173,0.808067,0.000000,0.826861,0.000000,0.000000,0,0.000,0.000,NO LASHING,NO BUNDLE,0,0,0,,,,0,1,1,1,0.945000,0.861125,531,212,0.570842,STAND LOCKED,,,,,,,,,,
112,3.733333,68.628,11.650,360,0,95,0.777167,0.000000,0.756138,0.000000,0.000000,0,0.000,0.000,NO LASHING,NO BUNDLE,0,0,0,,,,0,1,1,1,1.000000,0.895577,510,215,0.590698,STAND LOCKED,,,,,,,,,,
113,3.766667,71.785,11.908,622,0,183,0.800633,0.000000,0.818319,0.000000,0.000000,0,0.000,0.000,NO LASHING,NO BUNDLE,0,0,0,,,,0,1,1,1,1.000000,0.895577,510,215,0.590698,STAND LOCKED,,,,,,,,,,
114,3.800000,69.066,11.611,424,0,71,0.792428,0.000000,0.779201,0.000000,0.000000,0,0.000,0.000,NO LASHING,NO BUNDLE,0,0,0,,,,0,1,1,1,1.000000,0.825565,555,243,0.669911,STAND LOCKED,,,,,,,,,,
115,3.833333,70.937,11.905,512,0,54,0.802435,0.000000,0.772988,0.000000,0.000000,0,0.000,0.000,NO LASHING,NO BUNDLE,0,0,0,,,,0,1,1,1,1.000000,0.825565,555,243,0.669911,STAND LOCKED,,,,,,,,,,
116,3.866667,67.563,11.639,477,11,55,0.812956,0.633204,0.747245,0.723080,0.000000,0,0.000,0.000,NO LASHING,NO BUNDLE,0,0,0,,,,0,1,1,1,1.000000,0.831290,536,263,0.729238,STAND LOCKED,,,,,,,,,,
117,3.900000,67.527,11.982,1336,4,197,0.796828,0.625204,0.809861,0.711016,0.000000,0,0.000,0.000,NO LASHING,NO BUNDLE,0,0,0,,,,0,1,1,1,1.000000,0.831290,536,263,0.729238,STAND LOCKED,,,,,,,,,,
118,3.933333,68.219,11.736,1103,0,108,0.802043,0.000000,0.788232,0.000000,0.000000,0,0.000,0.000,NO LASHING,NO BUNDLE,0,0,0,,,,0,1,1,1,1.000000,0.828721,550,227,0.624546,STAND LOCKED,,,,,,,,,,
119,3.966667,69.132,12.042,536,0,146,0.788006,0.000000,0.803096,0.000000,0.000000,0,0.000,0.000,NO LASHING,NO BUNDLE,0,0,0,,,,0,1,1,1,1.000000,0.828721,550,227,0.624546,STAND LOCKED,,,,,,,,,,
120,4.000000,69.067,11.795,909,0,22,0.798948,0.000000,0.748544,0.000000,0.000000,0,0.000,0.000,NO LASHING,NO BUNDLE,0,0,0,,,,0,1,1,1,0.946667,0.807917,504,261,0.701185,STAND LOCKED,,,,,,,,,,
121,4.033333,70.066,12.075,1213,20,71,0.799628,0.646695,0.752289,0.723162,0.000000,0,0.000,0.000,NO LASHING,NO BUNDLE,0,0,0,,,,0,1,1,1,0.946667,0.807917,504,261,0.701185,STAND LOCKED,,,,,,,,,,
122,4.066667,68.290,11.788,988,0,86,0.767983,0.000000,0.766214,0.000000,0.000000,0,0.000,0.000,NO LASHING,NO BUNDLE,0,0,0,,,,0,1,1,0,0.946667,0.807917,504,261,0.701185,STAND TARGET JUMP REJECTED,,,,,,,,,,
123,4.100000,69.072,12.082,1098,8,33,0.786535,0.630708,0.734602,0.708621,0.000000,0,0.000,0.000,NO LASHING,NO BUNDLE,0,0,0,,,,0,1,1,0,0.946667,0.807917,504,261,0.701185,STAND TARGET JUMP REJECTED,,,,,,,,,,
124,4.133333,69.404,11.639,1123,86,40,0.780121,0.706243,0.788124,0.743182,0.000000,0,0.000,0.000,NO VALID CONTACT,NO BUNDLE,0,0,0,,,,0,1,1,1,0.904645,0.906289,556,223,0.608866,STAND LOCKED,,,,,,,,,,
125,4.166667,71.714,11.653,877,79,112,0.755063,0.646128,0.785915,0.700595,0.000000,0,0.000,0.000,GEOMETRY FAIL,NO BUNDLE,0,0,0,,,,0,1,1,1,0.904645,0.906289,556,223,0.608866,STAND LOCKED,,,,,,,,,,
126,4.200000,69.742,11.382,959,38,4,0.780893,0.671348,0.720488,0.726120,0.000000,0,0.000,0.000,NO LASHING,NO BUNDLE,0,0,0,,,,0,1,1,0,0.904645,0.906289,556,223,0.608866,STAND TARGET JUMP REJECTED,,,,,,,,,,
127,4.233333,74.339,11.566,1702,0,0,0.795037,0.000000,0.000000,0.000000,0.000000,0,0.000,0.000,NO LASHING,NO BUNDLE,0,0,0,,,,0,1,1,0,0.904645,0.906289,556,223,0.608866,STAND TARGET JUMP REJECTED,,,,,,,,,,
128,4.266667,71.028,11.288,1946,0,0,0.826191,0.000000,0.000000,0.000000,0.000000,0,0.000,0.000,NO LASHING,NO BUNDLE,0,0,0,,,,0,1,1,1,0.920769,0.867200,456,252,0.677323,STAND LOCKED,,,,,,,,,,
129,4.300000,69.300,11.676,558,0,0,0.759131,0.000000,0.000000,0.000000,0.000000,0,0.000,0.000,NO LASHING,NO BUNDLE,0,0,0,,,,0,1,1,1,0.920769,0.867200,456,252,0.677323,STAND LOCKED,,,,,,,,,,
130,4.333333,69.776,11.317,1015,0,0,0.822293,0.000000,0.000000,0.000000,0.000000,0,0.000,0.000,NO LASHING,NO BUNDLE,0,0,0,,,,0,1,1,0,0.920769,0.867200,456,252,0.677323,STAND TARGET JUMP REJECTED,,,,,,,,,,
131,4.366667,71.044,11.612,549,0,0,0.793169,0.000000,0.000000,0.000000,0.000000,0,0.000,0.000,NO LASHING,NO BUNDLE,0,0,0,,,,0,1,1,0,0.920769,0.867200,456,252,0.677323,STAND TARGET JUMP REJECTED,,,,,,,,,,
132,4.400000,71.274,11.279,0,0,0,0.000000,0.000000,0.000000,0.000000,0.000000,0,0.000,0.000,NO BLACK,NO BUNDLE,0,0,0,,,,0,1,1,1,1.000000,0.834931,474,254,0.694379,STAND LOCKED,,,,,,,,,,
133,4.433333,71.640,11.572,0,0,0,0.000000,0.000000,0.000000,0.000000,0.000000,0,0.000,0.000,NO BLACK,NO BUNDLE,0,0,0,,,,0,1,1,1,1.000000,0.834931,474,254,0.694379,STAND LOCKED,,,,,,,,,,
134,4.466667,70.208,11.395,0,0,0,0.000000,0.000000,0.000000,0.000000,0.000000,0,0.000,0.000,NO BLACK,NO BUNDLE,0,0,0,,,,0,1,1,1,1.000000,0.836364,499,251,0.690595,STAND LOCKED,,,,,,,,,,
135,4.500000,70.526,11.734,0,0,0,0.000000,0.000000,0.000000,0.000000,0.000000,0,0.000,0.000,NO BLACK,NO BUNDLE,0,0,0,,,,0,1,1,1,1.000000,0.836364,499,251,0.690595,STAND LOCKED,,,,,,,,,,
136,4.533333,66.075,11.664,0,0,0,0.000000,0.000000,0.000000,0.000000,0.000000,0,0.000,0.000,NO BLACK,NO BUNDLE,0,0,0,,,,0,1,1,0,1.000000,0.836364,499,251,0.690595,STAND TARGET JUMP REJECTED,,,,,,,,,,
137,4.566667,69.905,11.953,0,0,0,0.000000,0.000000,0.000000,0.000000,0.000000,0,0.000,0.000,NO BLACK,NO BUNDLE,0,0,0,,,,0,1,1,0,1.000000,0.836364,499,251,0.690595,STAND TARGET JUMP REJECTED,,,,,,,,,,
138,4.600000,70.328,11.664,0,0,0,0.000000,0.000000,0.000000,0.000000,0.000000,0,0.000,0.000,NO BLACK,NO BUNDLE,0,0,0,,,,0,1,1,1,0.928040,0.796722,481,181,0.489518,STAND LOCKED,,,,,,,,,,
139,4.633333,76.690,11.798,0,0,0,0.000000,0.000000,0.000000,0.000000,0.000000,0,0.000,0.000,NO BLACK,NO BUNDLE,0,0,0,,,,0,1,1,1,0.928040,0.796722,481,181,0.489518,STAND LOCKED,,,,,,,,,,
140,4.666667,70.951,11.635,0,0,0,0.000000,0.000000,0.000000,0.000000,0.000000,0,0.000,0.000,NO BLACK,NO BUNDLE,0,0,0,,,,0,1,1,1,1.000000,0.790937,518,189,0.515908,STAND LOCKED,,,,,,,,,,
141,4.700000,70.814,11.915,0,0,0,0.000000,0.000000,0.000000,0.000000,0.000000,0,0.000,0.000,NO BLACK,NO BUNDLE,0,0,0,,,,0,1,1,1,1.000000,0.790937,518,189,0.515908,STAND LOCKED,,,,,,,,,,
142,4.733333,68.808,11.778,0,0,0,0.000000,0.000000,0.000000,0.000000,0.000000,0,0.000,0.000,NO BLACK,NO BUNDLE,0,0,0,,,,0,1,1,1,0.966667,0.806354,505,229,0.445284,STAND LOCKED,,,,,,,,,,
143,4.766667,74.082,11.959,0,0,0,0.000000,0.000000,0.000000,0.000000,0.000000,0,0.000,0.000,NO BLACK,NO BUNDLE,0,0,0,,,,0,1,1,1,0.966667,0.806354,505,229,0.445284,STAND LOCKED,,,,,,,,,,
144,4.800000,67.714,11.859,0,0,0,0.000000,0.000000,0.000000,0.000000,0.000000,0,0.000,0.000,NO BLACK,NO BUNDLE,0,0,0,,,,0,1,1,1,0.976667,0.838187,524,212,0.504405,STAND LOCKED,,,,,,,,,,
145,4.833333,69.674,12.153,0,0,0,0.000000,0.000000,0.000000,0.000000,0.000000,0,0.000,0.000,NO BLACK,NO BUNDLE,0,0,0,,,,0,1,1,1,0.976667,0.838187,524,212,0.504405,STAND LOCKED,,,,,,,,,,
146,4.866667,70.470,11.974,0,0,0,0.000000,0.000000,0.000000,0.000000,0.000000,0,0.000,0.000,NO BLACK,NO BUNDLE,0,0,0,,,,0,1,1,1,0.961346,0.746482,483,164,0.417191,STAND LOCKED,,,,,,,,,,
147,4.900000,71.714,12.167,0,0,0,0.000000,0.000000,0.000000,0.000000,0.000000,0,0.000,0.000,NO BLACK,NO BUNDLE,0,0,0,,,,0,1,1,1,0.961346,0.746482,483,164,0.417191,STAND LOCKED,,,,,,,,,,
148,4.933333,68.097,12.052,0,0,0,0.000000,0.000000,0.000000,0.000000,0.000000,0,0.000,0.000,NO BLACK,NO BUNDLE,0,0,0,,,,0,1,1,1,0.948333,0.767207,522,183,0.478778,STAND LOCKED,,,,,,,,,,
149,4.966667,78.035,12.098,0,0,0,0.000000,0.000000,0.000000,0.000000,0.000000,0,0.000,0.000,NO BLACK,NO BUNDLE,0,0,0,,,,0,1,1,1,0.948333,0.767207,522,183,0.478778,STAND LOCKED,,,,,,,,,,
150,5.000000,68.557,12.044,0,0,0,0.000000,0.000000,0.000000,0.000000,0.000000,0,0.000,0.000,NO BLACK,NO BUNDLE,0,0,0,,,,0,1,1,1,0.942683,0.684110,516,202,0.547742,STAND LOCKED,,,,,,,,,,
151,5.033333,69.533,12.283,0,0,0,0.000000,0.000000,0.000000,0.000000,0.000000,0,0.000,0.000,NO BLACK,NO BUNDLE,0,0,0,,,,0,1,1,1,0.942683,0.684110,516,202,0.547742,STAND LOCKED,,,,,,,,,,
152,5.066667,68.758,12.120,0,0,0,0.000000,0.000000,0.000000,0.000000,0.000000,0,0.000,0.000,NO BLACK,NO BUNDLE,0,0,0,,,,0,1,1,1,1.000000,0.752129,464,199,0.545928,STAND LOCKED,,,,,,,,,,
153,5.100000,70.529,12.360,0,0,0,0.000000,0.000000,0.000000,0.000000,0.000000,0,0.000,0.000,NO BLACK,NO BUNDLE,0,0,0,,,,0,1,1,1,1.000000,0.752129,464,199,0.545928,STAND LOCKED,,,,,,,,,,
154,5.133333,70.200,12.122,0,0,0,0.000000,0.000000,0.000000,0.000000,0.000000,0,0.000,0.000,NO BLACK,NO BUNDLE,0,0,0,,,,0,1,1,1,0.945833,0.858190,494,196,0.541293,STAND LOCKED,,,,,,,,,,
155,5.166667,69.611,12.381,0,0,0,0.000000,0.000000,0.000000,0.000000,0.000000,0,0.000,0.000,NO BLACK,NO BUNDLE,0,0,0,,,,0,1,1,1,0.945833,0.858190,494,196,0.541293,STAND LOCKED,,,,,,,,,,
156,5.200000,68.026,12.203,0,0,0,0.000000,0.000000,0.000000,0.000000,0.000000,0,0.000,0.000,NO BLACK,NO BUNDLE,0,0,0,,,,0,1,1,1,1.000000,0.826985,501,194,0.538443,STAND LOCKED,,,,,,,,,,
157,5.233333,68.376,12.499,0,0,0,0.000000,0.000000,0.000000,0.000000,0.000000,0,0.000,0.000,NO BLACK,NO BUNDLE,0,0,0,,,,0,1,1,1,1.000000,0.826985,501,194,0.538443,STAND LOCKED,,,,,,,,,,
158,5.266667,68.872,12.349,0,0,0,0.000000,0.000000,0.000000,0.000000,0.000000,0,0.000,0.000,NO BLACK,NO BUNDLE,0,0,0,,,,0,1,1,1,0.933333,0.854579,517,192,0.532577,STAND LOCKED,,,,,,,,,,
159,5.300000,69.367,12.549,0,0,0,0.000000,0.000000,0.000000,0.000000,0.000000,0,0.000,0.000,NO BLACK,NO BUNDLE,0,0,0,,,,0,1,1,1,0.933333,0.854579,517,192,0.532577,STAND LOCKED,,,,,,,,,,
160,5.333333,68.491,12.338,0,0,0,0.000000,0.000000,0.000000,0.000000,0.000000,0,0.000,0.000,NO BLACK,NO BUNDLE,0,0,0,,,,0,1,1,1,0.982778,0.821919,520,188,0.516187,STAND LOCKED,,,,,,,,,,
161,5.366667,71.370,12.478,0,0,0,0.000000,0.000000,0.000000,0.000000,0.000000,0,0.000,0.000,NO BLACK,NO BUNDLE,0,0,0,,,,0,1,1,1,0.982778,0.821919,520,188,0.516187,STAND LOCKED,,,,,,,,,,
162,5.400000,69.199,12.313,0,0,0,0.000000,0.000000,0.000000,0.000000,0.000000,0,0.000,0.000,NO BLACK,NO BUNDLE,0,0,0,,,,0,1,1,1,1.000000,0.794923,526,189,0.521034,STAND LOCKED,,,,,,,,,,
163,5.433333,73.516,12.420,0,0,0,0.000000,0.000000,0.000000,0.000000,0.000000,0,0.000,0.000,NO BLACK,NO BUNDLE,0,0,0,,,,0,1,1,1,1.000000,0.794923,526,189,0.521034,STAND LOCKED,,,,,,,,,,
164,5.466667,67.730,12.181,0,0,0,0.000000,0.000000,0.000000,0.000000,0.000000,0,0.000,0.000,NO BLACK,NO BUNDLE,0,0,0,,,,0,1,1,1,0.967500,0.857344,534,196,0.539257,STAND LOCKED,,,,,,,,,,
165,5.500000,76.376,12.197,0,0,0,0.000000,0.000000,0.000000,0.000000,0.000000,0,0.000,0.000,NO BLACK,NO BUNDLE,0,0,0,,,,0,1,1,1,0.967500,0.857344,534,196,0.539257,STAND LOCKED,,,,,,,,,,
166,5.533333,68.770,12.063,0,0,0,0.000000,0.000000,0.000000,0.000000,0.000000,0,0.000,0.000,NO BLACK,NO BUNDLE,0,0,0,,,,0,1,1,1,1.000000,0.769756,525,205,0.565791,STAND LOCKED,,,,,,,,,,
167,5.566667,72.246,12.240,0,0,0,0.000000,0.000000,0.000000,0.000000,0.000000,0,0.000,0.000,NO BLACK,NO BUNDLE,0,0,0,,,,0,1,1,1,1.000000,0.769756,525,205,0.565791,STAND LOCKED,,,,,,,,,,
168,5.600000,67.555,12.121,0,0,0,0.000000,0.000000,0.000000,0.000000,0.000000,0,0.000,0.000,NO BLACK,NO BUNDLE,0,0,0,,,,0,1,1,1,1.000000,0.734041,532,201,0.550995,STAND LOCKED,,,,,,,,,,
169,5.633333,69.040,12.392,0,0,0,0.000000,0.000000,0.000000,0.000000,0.000000,0,0.000,0.000,NO BLACK,NO BUNDLE,0,0,0,,,,0,1,1,1,1.000000,0.734041,532,201,0.550995,STAND LOCKED,,,,,,,,,,
170,5.666667,68.857,12.196,0,0,0,0.000000,0.000000,0.000000,0.000000,0.000000,0,0.000,0.000,NO BLACK,NO BUNDLE,0,0,0,,,,0,1,1,1,1.000000,0.729215,473,209,0.566489,STAND LOCKED,,,,,,,,,,
171,5.700000,71.362,12.360,0,0,0,0.000000,0.000000,0.000000,0.000000,0.000000,0,0.000,0.000,NO BLACK,NO BUNDLE,0,0,0,,,,0,1,1,1,1.000000,0.729215,473,209,0.566489,STAND LOCKED,,,,,,,,,,
172,5.733333,70.179,12.131,0,0,0,0.000000,0.000000,0.000000,0.000000,0.000000,0,0.000,0.000,NO BLACK,NO BUNDLE,0,0,0,,,,0,1,1,1,1.000000,0.719005,540,211,0.577281,STAND LOCKED,,,,,,,,,,
173,5.766667,69.838,12.386,0,0,0,0.000000,0.000000,0.000000,0.000000,0.000000,0,0.000,0.000,NO BLACK,NO BUNDLE,0,0,0,,,,0,1,1,1,1.000000,0.719005,540,211,0.577281,STAND LOCKED,,,,,,,,,,
174,5.800000,70.670,12.154,0,0,0,0.000000,0.000000,0.000000,0.000000,0.000000,0,0.000,0.000,NO BLACK,NO BUNDLE,0,0,0,,,,0,1,1,1,0.945000,0.751150,570,197,0.537068,STAND LOCKED,,,,,,,,,,
175,5.833333,69.636,12.416,0,0,0,0.000000,0.000000,0.000000,0.000000,0.000000,0,0.000,0.000,NO BLACK,NO BUNDLE,0,0,0,,,,0,1,1,1,0.945000,0.751150,570,197,0.537068,STAND LOCKED,,,,,,,,,,
176,5.866667,69.750,12.204,0,0,0,0.000000,0.000000,0.000000,0.000000,0.000000,0,0.000,0.000,NO BLACK,NO BUNDLE,0,0,0,,,,0,1,1,1,1.000000,0.755266,528,210,0.577028,STAND LOCKED,,,,,,,,,,
177,5.900000,66.928,12.515,0,0,0,0.000000,0.000000,0.000000,0.000000,0.000000,0,0.000,0.000,NO BLACK,NO BUNDLE,0,0,0,,,,0,1,1,1,1.000000,0.755266,528,210,0.577028,STAND LOCKED,,,,,,,,,,
178,5.933333,70.874,12.272,0,0,0,0.000000,0.000000,0.000000,0.000000,0.000000,0,0.000,0.000,NO BLACK,NO BUNDLE,0,0,0,,,,0,1,1,0,1.000000,0.755266,528,210,0.577028,STAND TARGET JUMP REJECTED,,,,,,,,,,
179,5.966667,69.702,12.497,0,0,0,0.000000,0.000000,0.000000,0.000000,0.000000,0,0.000,0.000,NO BLACK,NO BUNDLE,0,0,0,,,,0,1,1,0,1.000000,0.755266,528,210,0.577028,STAND TARGET JUMP REJECTED,,,,,,,,,,
180,6.000000,71.443,12.099,0,0,0,0.000000,0.000000,0.000000,0.000000,0.000000,0,0.000,0.000,NO BLACK,NO BUNDLE,0,0,0,,,,0,1,1,1,0.935833,0.808928,555,238,0.461329,STAND LOCKED,,,,,,,,,,
181,6.033333,72.167,12.275,0,0,0,0.000000,0.000000,0.000000,0.000000,0.000000,0,0.000,0.000,NO BLACK,NO BUNDLE,0,0,0,,,,0,1,1,1,0.935833,0.808928,555,238,0.461329,STAND LOCKED,,,,,,,,,,
182,6.066667,71.655,12.055,0,0,0,0.000000,0.000000,0.000000,0.000000,0.000000,0,0.000,0.000,NO BLACK,NO BUNDLE,0,0,0,,,,0,1,1,1,0.953846,0.796709,562,173,0.389404,STAND LOCKED,,,,,,,,,,
183,6.100000,70.683,12.198,0,0,0,0.000000,0.000000,0.000000,0.000000,0.000000,0,0.000,0.000,NO BLACK,NO BUNDLE,0,0,0,,,,0,1,1,1,0.953846,0.796709,562,173,0.389404,STAND LOCKED,,,,,,,,,,
184,6.133333,69.556,12.046,0,0,0,0.000000,0.000000,0.000000,0.000000,0.000000,0,0.000,0.000,NO BLACK,NO BUNDLE,0,0,0,,,,0,1,1,0,0.953846,0.796709,562,173,0.389404,STAND TARGET JUMP REJECTED,,,,,,,,,,
185,6.166667,70.236,12.265,0,0,0,0.000000,0.000000,0.000000,0.000000,0.000000,0,0.000,0.000,NO BLACK,NO BUNDLE,0,0,0,,,,0,1,1,0,0.953846,0.796709,562,173,0.389404,STAND TARGET JUMP REJECTED,,,,,,,,,,
186,6.200000,70.049,11.784,0,0,0,0.000000,0.000000,0.000000,0.000000,0.000000,0,0.000,0.000,NO BLACK,NO BUNDLE,0,0,0,,,,0,1,1,0,0.953846,0.796709,562,173,0.389404,STAND TEMPORARILY LOST (2),,,,,,,,,,
187,6.233333,70.202,12.079,0,0,0,0.000000,0.000000,0.000000,0.000000,0.000000,0,0.000,0.000,NO BLACK,NO BUNDLE,0,0,0,,,,0,1,1,0,0.953846,0.796709,562,173,0.389404,STAND TEMPORARILY LOST (2),,,,,,,,,,
188,6.266667,70.497,11.886,0,0,0,0.000000,0.000000,0.000000,0.000000,0.000000,0,0.000,0.000,NO BLACK,NO BUNDLE,0,0,0,,,,0,1,1,1,1.000000,0.769908,566,188,0.460162,STAND LOCKED,,,,,,,,,,
189,6.300000,70.925,12.149,0,0,0,0.000000,0.000000,0.000000,0.000000,0.000000,0,0.000,0.000,NO BLACK,NO BUNDLE,0,0,0,,,,0,1,1,1,1.000000,0.769908,566,188,0.460162,STAND LOCKED,,,,,,,,,,
190,6.333333,70.178,11.939,0,0,0,0.000000,0.000000,0.000000,0.000000,0.000000,0,0.000,0.000,NO BLACK,NO BUNDLE,0,0,0,,,,0,1,1,1,0.948270,0.813955,573,220,0.412559,STAND LOCKED,,,,,,,,,,
191,6.366667,70.313,12.211,0,0,0,0.000000,0.000000,0.000000,0.000000,0.000000,0,0.000,0.000,NO BLACK,NO BUNDLE,0,0,0,,,,0,1,1,1,0.948270,0.813955,573,220,0.412559,STAND LOCKED,,,,,,,,,,
192,6.400000,70.128,11.991,0,0,0,0.000000,0.000000,0.000000,0.000000,0.000000,0,0.000,0.000,NO BLACK,NO BUNDLE,0,0,0,,,,0,1,1,1,0.945000,0.835959,612,229,0.520999,STAND LOCKED,,,,,,,,,,
193,6.433333,70.126,12.259,0,0,0,0.000000,0.000000,0.000000,0.000000,0.000000,0,0.000,0.000,NO BLACK,NO BUNDLE,0,0,0,,,,0,1,1,1,0.945000,0.835959,612,229,0.520999,STAND LOCKED,,,,,,,,,,
194,6.466667,70.332,12.037,0,0,0,0.000000,0.000000,0.000000,0.000000,0.000000,0,0.000,0.000,NO BLACK,NO BUNDLE,0,0,0,,,,0,1,1,1,0.965675,0.819302,634,172,0.421602,STAND LOCKED,,,,,,,,,,
195,6.500000,67.412,12.379,0,0,0,0.000000,0.000000,0.000000,0.000000,0.000000,0,0.000,0.000,NO BLACK,NO BUNDLE,0,0,0,,,,0,1,1,1,0.965675,0.819302,634,172,0.421602,STAND LOCKED,,,,,,,,,,
196,6.533333,72.410,12.137,0,0,0,0.000000,0.000000,0.000000,0.000000,0.000000,0,0.000,0.000,NO BLACK,NO BUNDLE,0,0,0,,,,0,1,1,1,1.000000,0.775948,592,152,0.397499,STAND LOCKED,,,,,,,,,,
197,6.566667,70.718,12.325,0,0,0,0.000000,0.000000,0.000000,0.000000,0.000000,0,0.000,0.000,NO BLACK,NO BUNDLE,0,0,0,,,,0,1,1,1,1.000000,0.775948,592,152,0.397499,STAND LOCKED,,,,,,,,,,
198,6.600000,70.379,12.115,0,0,0,0.000000,0.000000,0.000000,0.000000,0.000000,0,0.000,0.000,NO BLACK,NO BUNDLE,0,0,0,,,,0,1,1,0,1.000000,0.775948,592,152,0.397499,STAND TARGET JUMP REJECTED,,,,,,,,,,
199,6.633333,71.320,12.288,0,0,0,0.000000,0.000000,0.000000,0.000000,0.000000,0,0.000,0.000,NO BLACK,NO BUNDLE,0,0,0,,,,0,1,1,0,1.000000,0.775948,592,152,0.397499,STAND TARGET JUMP REJECTED,,,,,,,,,,
200,6.666667,70.475,11.639,71,0,0,0.719906,0.000000,0.000000,0.000000,0.000000,0,0.000,0.000,NO BLACK,NO BUNDLE,0,0,0,,,,0,1,1,0,1.000000,0.775948,592,152,0.397499,STAND TARGET JUMP REJECTED,,,,,,,,,,
201,6.700000,68.167,11.997,640,0,0,0.802848,0.000000,0.000000,0.000000,0.000000,0,0.000,0.000,NO LASHING,NO BUNDLE,0,0,0,,,,0,1,1,0,1.000000,0.775948,592,152,0.397499,STAND TARGET JUMP REJECTED,,,,,,,,,,
202,6.733333,67.846,11.850,217,0,0,0.792013,0.000000,0.000000,0.000000,0.000000,0,0.000,0.000,NO BLACK,NO BUNDLE,0,0,0,,,,0,1,1,1,0.945000,0.758527,615,133,0.357624,STAND LOCKED,,,,,,,,,,
203,6.766667,71.773,12.082,252,0,0,0.735360,0.000000,0.000000,0.000000,0.000000,0,0.000,0.000,NO LASHING,NO BUNDLE,0,0,0,,,,0,1,1,1,0.945000,0.758527,615,133,0.357624,STAND LOCKED,,,,,,,,,,
204,6.800000,67.903,11.933,552,0,0,0.779816,0.000000,0.000000,0.000000,0.000000,0,0.000,0.000,NO LASHING,NO BUNDLE,0,0,0,,,,0,1,1,0,0.945000,0.758527,615,133,0.357624,STAND TEMPORARILY LOST (1),,,,,,,,,,
205,6.833333,69.143,12.205,1030,0,0,0.778539,0.000000,0.000000,0.000000,0.000000,0,0.000,0.000,NO LASHING,NO BUNDLE,0,0,0,,,,0,1,1,0,0.945000,0.758527,615,133,0.357624,STAND TEMPORARILY LOST (1),,,,,,,,,,
206,6.866667,64.299,11.744,672,0,0,0.775120,0.000000,0.000000,0.000000,0.000000,0,0.000,0.000,NO LASHING,NO BUNDLE,0,0,0,,,,0,1,1,1,1.000000,0.827414,668,179,0.490931,STAND LOCKED,,,,,,,,,,
207,6.900000,67.730,12.062,489,0,0,0.785090,0.000000,0.000000,0.000000,0.000000,0,0.000,0.000,NO LASHING,NO BUNDLE,0,0,0,,,,0,1,1,1,1.000000,0.827414,668,179,0.490931,STAND LOCKED,,,,,,,,,,
208,6.933333,68.047,11.868,390,0,0,0.772244,0.000000,0.000000,0.000000,0.000000,0,0.000,0.000,NO LASHING,NO BUNDLE,0,0,0,,,,0,1,1,0,1.000000,0.827414,668,179,0.490931,STAND TARGET JUMP REJECTED,,,,,,,,,,
209,6.966667,69.643,12.159,363,0,0,0.749652,0.000000,0.000000,0.000000,0.000000,0,0.000,0.000,NO LASHING,NO BUNDLE,0,0,0,,,,0,1,1,0,1.000000,0.827414,668,179,0.490931,STAND TARGET JUMP REJECTED,,,,,,,,,,
210,7.000000,72.731,11.872,499,23,0,0.766085,0.621921,0.000000,0.694003,0.000000,0,0.000,0.000,NO LASHING,NO BUNDLE,0,0,0,,,,0,1,1,1,0.938612,0.779150,699,232,0.427169,STAND LOCKED,,,,,,,,,,
211,7.033333,68.678,12.179,291,0,0,0.742143,0.000000,0.000000,0.000000,0.000000,0,0.000,0.000,NO LASHING,NO BUNDLE,0,0,0,,,,0,1,1,1,0.938612,0.779150,699,232,0.427169,STAND LOCKED,,,,,,,,,,
212,7.066667,69.392,11.930,484,49,0,0.746015,0.656188,0.000000,0.701102,0.000000,0,0.000,0.000,NO LASHING,NO BUNDLE,0,0,0,,,,0,1,1,1,0.797195,0.800517,620,272,0.468754,STAND LOCKED,,,,,,,,,,
213,7.100000,69.235,12.149,18,2,0,0.709989,0.606170,0.000000,0.658079,0.000000,0,0.000,0.000,NO BLACK,NO BUNDLE,0,0,0,,,,0,1,1,1,0.797195,0.800517,620,272,0.468754,STAND LOCKED,,,,,,,,,,
214,7.133333,80.092,11.650,865,33,12,0.787603,0.634472,0.731731,0.711038,0.000000,0,0.000,0.000,NO LASHING,NO BUNDLE,0,0,0,,,,0,1,1,0,0.797195,0.800517,620,272,0.468754,STAND TEMPORARILY LOST (1),,,,,,,,,,
215,7.166667,70.491,11.927,165,0,9,0.763480,0.000000,0.735602,0.000000,0.000000,0,0.000,0.000,NO BLACK,NO BUNDLE,0,0,0,,,,0,1,1,0,0.797195,0.800517,620,272,0.468754,STAND TEMPORARILY LOST (1),,,,,,,,,,
216,7.200000,69.812,11.669,180,0,99,0.755671,0.000000,0.815145,0.000000,0.000000,0,0.000,0.000,NO BLACK,NO BUNDLE,0,0,0,,,,0,1,1,1,0.825765,0.893864,601,252,0.367536,STAND LOCKED,,,,,,,,,,
217,7.233333,69.878,11.926,513,53,0,0.759265,0.689706,0.000000,0.724485,0.000000,0,0.000,0.000,NO LASHING,NO BUNDLE,0,0,0,,,,0,1,1,1,0.825765,0.893864,601,252,0.367536,STAND LOCKED,,,,,,,,,,
218,7.266667,72.398,11.618,153,0,0,0.739838,0.000000,0.000000,0.000000,0.000000,0,0.000,0.000,NO BLACK,NO BUNDLE,0,0,0,,,,0,1,1,1,0.799119,0.893099,610,248,0.286086,STAND LOCKED,,,,,,,,,,
219,7.300000,90.252,11.478,86,5,0,0.737732,0.603736,0.000000,0.670734,0.000000,0,0.000,0.000,NO BLACK,NO BUNDLE,0,0,0,,,,0,1,1,1,0.799119,0.893099,610,248,0.286086,STAND LOCKED,,,,,,,,,,
220,7.333333,68.985,11.213,403,0,9,0.749266,0.000000,0.742749,0.000000,0.000000,0,0.000,0.000,NO LASHING,NO BUNDLE,0,0,0,,,,0,1,1,1,0.945000,0.810837,626,280,0.293739,STAND LOCKED,,,,,,,,,,
221,7.366667,73.039,11.508,467,0,18,0.753031,0.000000,0.734432,0.000000,0.000000,0,0.000,0.000,NO LASHING,NO BUNDLE,0,0,0,,,,0,1,1,1,0.945000,0.810837,626,280,0.293739,STAND LOCKED,,,,,,,,,,
222,7.400000,71.380,11.349,436,0,0,0.768030,0.000000,0.000000,0.000000,0.000000,0,0.000,0.000,NO LASHING,NO BUNDLE,0,0,0,,,,0,1,1,0,0.945000,0.810837,626,280,0.293739,STAND TEMPORARILY LOST (1),,,,,,,,,,
223,7.433333,71.009,11.609,41,0,0,0.721721,0.000000,0.000000,0.000000,0.000000,0,0.000,0.000,NO BLACK,NO BUNDLE,0,0,0,,,,0,1,1,0,0.945000,0.810837,626,280,0.293739,STAND TEMPORARILY LOST (1),,,,,,,,,,
224,7.466667,71.989,11.417,104,0,3,0.739447,0.000000,0.704725,0.000000,0.000000,0,0.000,0.000,NO BLACK,NO BUNDLE,0,0,0,,,,0,1,1,1,0.817041,0.914877,576,218,0.263571,STAND LOCKED,,,,,,,,,,
225,7.500000,73.036,11.627,14,0,35,0.721846,0.000000,0.781126,0.000000,0.000000,0,0.000,0.000,NO BLACK,NO BUNDLE,0,0,0,,,,0,1,1,1,0.817041,0.914877,576,218,0.263571,STAND LOCKED,,,,,,,,,,
226,7.533333,71.366,11.229,40,73,13,0.722057,0.718215,0.728747,0.720136,0.000000,0,0.000,0.000,NO BLACK,NO BUNDLE,0,0,0,,,,0,1,1,1,0.936923,0.961694,554,184,0.322565,STAND LOCKED,,,,,,,,,,
227,7.566667,69.472,11.605,94,19,0,0.742603,0.634455,0.000000,0.688529,0.000000,0,0.000,0.000,NO BLACK,NO BUNDLE,0,0,0,,,,0,1,1,1,0.936923,0.961694,554,184,0.322565,STAND LOCKED,,,,,,,,,,
228,7.600000,72.204,11.270,189,0,0,0.754461,0.000000,0.000000,0.000000,0.000000,0,0.000,0.000,NO BLACK,NO BUNDLE,0,0,0,,,,0,1,1,1,0.991923,0.982762,560,180,0.336891,STAND LOCKED,,,,,,,,,,
229,7.633333,69.829,11.636,1,26,5,0.705880,0.655493,0.705517,0.680687,0.000000,0,0.000,0.000,NO BLACK,NO BUNDLE,0,0,0,,,,0,1,1,1,0.991923,0.982762,560,180,0.336891,STAND LOCKED,,,,,,,,,,
230,7.666667,66.583,11.404,102,11,1,0.738444,0.617924,0.703901,0.678184,0.000000,0,0.000,0.000,NO BLACK,NO BUNDLE,0,0,0,,,,0,1,1,0,0.991923,0.982762,560,180,0.336891,STAND TEMPORARILY LOST (1),,,,,,,,,,
231,7.700000,70.744,11.719,0,0,2,0.000000,0.000000,0.726027,0.000000,0.000000,0,0.000,0.000,NO BLACK,NO BUNDLE,0,0,0,,,,0,1,1,0,0.991923,0.982762,560,180,0.336891,STAND TEMPORARILY LOST (1),,,,,,,,,,
232,7.733333,70.581,11.358,83,13,39,0.738977,0.629081,0.749073,0.684029,0.000000,0,0.000,0.000,NO BLACK,NO BUNDLE,0,0,0,,,,0,1,1,1,0.945000,0.876923,630,191,0.454865,STAND LOCKED,,,,,,,,,,
233,7.766667,69.484,11.718,31,21,28,0.737277,0.624073,0.793080,0.680675,0.000000,0,0.000,0.000,NO BLACK,NO BUNDLE,0,0,0,,,,0,1,1,1,0.945000,0.876923,630,191,0.454865,STAND LOCKED,,,,,,,,,,
234,7.800000,66.190,11.427,3,2,57,0.701823,0.601268,0.789999,0.651545,0.000000,0,0.000,0.000,NO BLACK,NO BUNDLE,0,0,0,,,,0,1,1,1,0.876403,0.834800,662,275,0.370453,STAND LOCKED,,,,,,,,,,
235,7.833333,69.616,11.790,0,26,43,0.000000,0.636369,0.800647,0.000000,0.000000,0,0.000,0.000,NO BLACK,NO BUNDLE,0,0,0,,,,0,1,1,1,0.876403,0.834800,662,275,0.370453,STAND LOCKED,,,,,,,,,,
236,7.866667,68.208,11.499,0,40,17,0.000000,0.640966,0.757908,0.000000,0.000000,0,0.000,0.000,NO BLACK,NO BUNDLE,0,0,0,,,,0,1,1,1,0.804889,0.862966,740,314,0.408857,STAND LOCKED,,,,,,,,,,
237,7.900000,68.757,11.844,0,134,36,0.000000,0.678294,0.790525,0.000000,0.000000,0,0.000,0.000,NO BLACK,NO BUNDLE,0,0,0,,,,0,1,1,1,0.804889,0.862966,740,314,0.408857,STAND LOCKED,,,,,,,,,,
238,7.933333,71.015,11.430,0,60,33,0.000000,0.630797,0.799997,0.000000,0.000000,0,0.000,0.000,NO BLACK,NO BUNDLE,0,0,0,,,,0,1,1,1,0.873974,0.769803,792,320,0.490305,STAND LOCKED,,,,,,,,,,
239,7.966667,70.695,11.735,0,193,7,0.000000,0.706387,0.789578,0.000000,0.000000,0,0.000,0.000,NO BLACK,NO BUNDLE,0,0,0,,,,0,1,1,1,0.873974,0.769803,792,320,0.490305,STAND LOCKED,,,,,,,,,,
240,8.000000,67.304,11.389,0,109,21,0.000000,0.663198,0.788503,0.000000,0.000000,0,0.000,0.000,NO BLACK,NO BUNDLE,0,0,0,,,,0,1,1,1,0.947570,0.759949,791,314,0.575082,STAND LOCKED,,,,,,,,,,
241,8.033333,71.263,11.675,0,259,47,0.000000,0.688400,0.807620,0.000000,0.000000,0,0.000,0.000,NO BLACK,NO BUNDLE,0,0,0,,,,0,1,1,1,0.947570,0.759949,791,314,0.575082,STAND LOCKED,,,,,,,,,,
242,8.066667,66.909,11.392,0,241,23,0.000000,0.682023,0.744803,0.000000,0.000000,0,0.000,0.000,NO BLACK,NO BUNDLE,0,0,0,,,,0,1,1,1,0.921667,0.736156,748,278,0.558231,STAND LOCKED,,,,,,,,,,
243,8.100000,69.916,11.721,0,330,37,0.000000,0.720988,0.790590,0.000000,0.000000,0,0.000,0.000,NO BLACK,NO BUNDLE,0,0,0,,,,0,1,1,1,0.921667,0.736156,748,278,0.558231,STAND LOCKED,,,,,,,,,,
244,8.133333,68.067,11.424,0,213,39,0.000000,0.664098,0.766613,0.000000,0.000000,0,0.000,0.000,NO BLACK,NO BUNDLE,0,0,0,,,,0,1,1,1,0.817980,0.718504,609,297,0.591135,STAND LOCKED,,,,,,,,,,
245,8.166667,69.062,11.788,4,182,27,0.704705,0.673299,0.777042,0.689002,0.000000,0,0.000,0.000,NO BLACK,NO BUNDLE,0,0,0,,,,0,1,1,1,0.817980,0.718504,609,297,0.591135,STAND LOCKED,,,,,,,,,,
246,8.200000,70.785,11.375,77,167,39,0.777509,0.665486,0.775703,0.721498,0.000000,0,0.000,0.000,NO BLACK,NO BUNDLE,0,0,0,,,,0,1,1,0,0.817980,0.718504,609,297,0.591135,STAND TARGET JUMP REJECTED,,,,,,,,,,
247,8.233333,67.655,11.767,0,242,18,0.000000,0.655945,0.785328,0.000000,0.000000,0,0.000,0.000,NO BLACK,NO BUNDLE,0,0,0,,,,0,1,1,0,0.817980,0.718504,609,297,0.591135,STAND TARGET JUMP REJECTED,,,,,,,,,,
248,8.266667,71.355,11.355,0,267,16,0.000000,0.661496,0.748034,0.000000,0.000000,0,0.000,0.000,NO BLACK,NO BUNDLE,0,0,0,,,,0,1,1,1,0.933598,0.748378,608,255,0.462330,STAND LOCKED,,,,,,,,,,
249,8.300000,70.218,11.710,23,227,23,0.742428,0.655150,0.804989,0.698789,0.000000,0,0.000,0.000,NO BLACK,NO BUNDLE,0,0,0,,,,0,1,1,1,0.933598,0.748378,608,255,0.462330,STAND LOCKED,,,,,,,,,,
250,8.333333,66.752,11.410,0,130,37,0.000000,0.652895,0.792326,0.000000,0.000000,0,0.000,0.000,NO BLACK,NO BUNDLE,0,0,0,,,,0,1,1,1,0.937381,0.850934,621,215,0.374576,STAND LOCKED,,,,,,,,,,
251,8.366667,70.175,11.720,0,150,25,0.000000,0.675118,0.814544,0.000000,0.000000,0,0.000,0.000,NO BLACK,NO BUNDLE,0,0,0,,,,0,1,1,1,0.937381,0.850934,621,215,0.374576,STAND LOCKED,,,,,,,,,,
252,8.400000,70.837,11.373,0,240,46,0.000000,0.659595,0.778700,0.000000,0.000000,0,0.000,0.000,NO BLACK,NO BUNDLE,0,0,0,,,,0,1,1,1,0.945000,0.874886,627,171,0.353420,STAND LOCKED,,,,,,,,,,
253,8.433333,90.369,11.262,0,168,37,0.000000,0.673880,0.827935,0.000000,0.000000,0,0.000,0.000,NO BLACK,NO BUNDLE,0,0,0,,,,0,1,1,1,0.945000,0.874886,627,171,0.353420,STAND LOCKED,,,,,,,,,,
254,8.466667,70.479,11.055,0,340,32,0.000000,0.686779,0.780510,0.000000,0.000000,0,0.000,0.000,NO BLACK,NO BUNDLE,0,0,0,,,,0,1,1,1,0.945000,0.886878,631,167,0.409595,STAND LOCKED,,,,,,,,,,
255,8.500000,71.891,11.403,3,154,43,0.711001,0.649524,0.778493,0.680262,0.000000,0,0.000,0.000,NO BLACK,NO BUNDLE,0,0,0,,,,0,1,1,1,0.945000,0.886878,631,167,0.409595,STAND LOCKED,,,,,,,,,,
256,8.533333,72.847,11.133,3,111,34,0.721910,0.660276,0.762062,0.691093,0.000000,0,0.000,0.000,NO BLACK,NO BUNDLE,0,0,0,,,,0,1,1,1,0.945000,0.916634,652,208,0.334040,STAND LOCKED,,,,,,,,,,
257,8.566667,75.137,11.358,1,158,21,0.702354,0.644400,0.771127,0.673377,0.000000,0,0.000,0.000,NO BLACK,NO BUNDLE,0,0,0,,,,0,1,1,1,0.945000,0.916634,652,208,0.334040,STAND LOCKED,,,,,,,,,,
258,8.600000,69.208,11.134,0,110,17,0.000000,0.637411,0.731665,0.000000,0.000000,0,0.000,0.000,NO BLACK,NO BUNDLE,0,0,0,,,,0,1,1,1,1.000000,0.911699,663,226,0.390179,STAND LOCKED,,,,,,,,,,
259,8.633333,72.556,11.388,0,65,6,0.000000,0.640363,0.709378,0.000000,0.000000,0,0.000,0.000,NO BLACK,NO BUNDLE,0,0,0,,,,0,1,1,1,1.000000,0.911699,663,226,0.390179,STAND LOCKED,,,,,,,,,,
260,8.666667,70.725,11.089,0,142,35,0.000000,0.668666,0.776764,0.000000,0.000000,0,0.000,0.000,NO BLACK,NO BUNDLE,0,0,0,,,,0,1,1,1,0.945000,0.800080,676,236,0.442178,STAND LOCKED,,,,,,,,,,
261,8.700000,72.978,11.378,0,23,5,0.000000,0.649840,0.756696,0.000000,0.000000,0,0.000,0.000,NO BLACK,NO BUNDLE,0,0,0,,,,0,1,1,1,0.945000,0.800080,676,236,0.442178,STAND LOCKED,,,,,,,,,,
262,8.733333,68.387,11.099,0,66,30,0.000000,0.663039,0.781915,0.000000,0.000000,0,0.000,0.000,NO BLACK,NO BUNDLE,0,0,0,,,,0,1,1,1,1.000000,0.724111,651,239,0.567938,STAND LOCKED,,,,,,,,,,
263,8.766667,71.806,11.401,0,38,18,0.000000,0.631911,0.809215,0.000000,0.000000,0,0.000,0.000,NO BLACK,NO BUNDLE,0,0,0,,,,0,1,1,1,1.000000,0.724111,651,239,0.567938,STAND LOCKED,,,,,,,,,,
264,8.800000,68.831,11.121,0,120,36,0.000000,0.684010,0.798136,0.000000,0.000000,0,0.000,0.000,NO BLACK,NO BUNDLE,0,0,0,,,,0,1,1,1,1.000000,0.764821,637,256,0.662725,STAND LOCKED,,,,,,,,,,
265,8.833333,70.475,11.476,0,76,51,0.000000,0.633895,0.783819,0.000000,0.000000,0,0.000,0.000,NO BLACK,NO BUNDLE,0,0,0,,,,0,1,1,1,1.000000,0.764821,637,256,0.662725,STAND LOCKED,,,,,,,,,,
266,8.866667,70.920,11.160,0,15,11,0.000000,0.628778,0.752500,0.000000,0.000000,0,0.000,0.000,NO BLACK,NO BUNDLE,0,0,0,,,,0,1,1,1,0.934295,0.756462,603,293,0.646560,STAND LOCKED,,,,,,,,,,
267,8.900000,70.341,11.517,0,0,21,0.000000,0.000000,0.831885,0.000000,0.000000,0,0.000,0.000,NO BLACK,NO BUNDLE,0,0,0,,,,0,1,1,1,0.934295,0.756462,603,293,0.646560,STAND LOCKED,,,,,,,,,,
268,8.933333,70.411,11.185,5,34,21,0.713603,0.637974,0.793358,0.675789,0.000000,0,0.000,0.000,NO BLACK,NO BUNDLE,0,0,0,,,,0,1,1,1,0.873709,0.821926,572,259,0.494146,STAND LOCKED,,,,,,,,,,
269,8.966667,69.023,11.570,0,67,56,0.000000,0.668890,0.755220,0.000000,0.000000,0,0.000,0.000,NO BLACK,NO BUNDLE,0,0,0,,,,0,1,1,1,0.873709,0.821926,572,259,0.494146,STAND LOCKED,,,,,,,,,,
270,9.000000,70.026,11.299,68,71,70,0.751288,0.650295,0.792631,0.700791,0.000000,0,0.000,0.000,NO BLACK,NO BUNDLE,0,0,0,,,,0,1,1,1,1.000000,0.808091,573,223,0.511116,STAND LOCKED,,,,,,,,,,
271,9.033333,70.575,11.641,63,29,37,0.756976,0.638289,0.769766,0.697632,0.000000,0,0.000,0.000,NO BLACK,NO BUNDLE,0,0,0,,,,0,1,1,1,1.000000,0.808091,573,223,0.511116,STAND LOCKED,,,,,,,,,,
272,9.066667,70.354,11.348,269,36,22,0.780560,0.634423,0.751698,0.707492,0.000000,0,0.000,0.000,NO LASHING,NO BUNDLE,0,0,0,,,,0,1,1,1,0.874582,0.824029,531,206,0.364447,STAND LOCKED,,,,,,,,,,
273,9.100000,70.025,11.702,64,35,5,0.723239,0.659025,0.720361,0.691132,0.000000,0,0.000,0.000,NO BLACK,NO BUNDLE,0,0,0,,,,0,1,1,1,0.874582,0.824029,531,206,0.364447,STAND LOCKED,,,,,,,,,,
274,9.133333,69.799,11.477,70,75,0,0.739323,0.644071,0.000000,0.691697,0.000000,0,0.000,0.000,NO BLACK,NO BUNDLE,0,0,0,,,,0,1,1,1,0.854060,0.917480,659,157,0.336640,STAND LOCKED,,,,,,,,,,
275,9.166667,71.704,11.769,2,10,15,0.722242,0.621598,0.731330,0.671920,0.000000,0,0.000,0.000,NO BLACK,NO BUNDLE,0,0,0,,,,0,1,1,1,0.854060,0.917480,659,157,0.336640,STAND LOCKED,,,,,,,,,,
276,9.200000,70.628,11.566,90,54,25,0.718374,0.644346,0.747748,0.681360,0.000000,0,0.000,0.000,NO BLACK,NO BUNDLE,0,0,0,,,,0,1,1,1,0.926538,0.947917,647,175,0.433363,STAND LOCKED,,,,,,,,,,
277,9.233333,70.860,11.865,103,27,18,0.734288,0.650941,0.779841,0.692615,0.000000,0,0.000,0.000,NO BLACK,NO BUNDLE,0,0,0,,,,0,1,1,1,0.926538,0.947917,647,175,0.433363,STAND LOCKED,,,,,,,,,,
278,9.266667,70.150,11.568,281,4,0,0.750568,0.629271,0.000000,0.689919,0.000000,0,0.000,0.000,NO LASHING,NO BUNDLE,0,0,0,,,,0,1,1,1,0.945000,0.867201,686,209,0.434111,STAND LOCKED,,,,,,,,,,
279,9.300000,68.876,11.916,145,0,19,0.740616,0.000000,0.768308,0.000000,0.000000,0,0.000,0.000,NO BLACK,NO BUNDLE,0,0,0,,,,0,1,1,1,0.945000,0.867201,686,209,0.434111,STAND LOCKED,,,,,,,,,,
280,9.333333,69.661,11.679,84,8,29,0.726053,0.615142,0.785646,0.670597,0.000000,0,0.000,0.000,NO BLACK,NO BUNDLE,0,0,0,,,,0,1,1,0,0.945000,0.867201,686,209,0.434111,STAND TEMPORARILY LOST (1),,,,,,,,,,
281,9.366667,69.894,11.993,129,3,8,0.730475,0.605787,0.718459,0.668131,0.000000,0,0.000,0.000,NO BLACK,NO BUNDLE,0,0,0,,,,0,1,1,0,0.945000,0.867201,686,209,0.434111,STAND TEMPORARILY LOST (1),,,,,,,,,,
282,9.400000,64.869,11.809,29,111,0,0.734836,0.649541,0.000000,0.692189,0.000000,0,0.000,0.000,NO BLACK,NO BUNDLE,0,0,0,,,,0,1,1,1,0.952151,0.908351,612,212,0.506253,STAND LOCKED,,,,,,,,,,
283,9.433333,68.837,12.091,0,37,1,0.000000,0.638946,0.700519,0.000000,0.000000,0,0.000,0.000,NO BLACK,NO BUNDLE,0,0,0,,,,0,1,1,1,0.952151,0.908351,612,212,0.506253,STAND LOCKED,,,,,,,,,,
284,9.466667,73.104,11.697,0,138,20,0.000000,0.668695,0.762069,0.000000,0.000000,0,0.000,0.000,NO BLACK,NO BUNDLE,0,0,0,,,,0,1,1,1,0.988993,0.876152,562,288,0.446286,STAND LOCKED,,,,,,,,,,
285,9.500000,68.138,12.046,0,67,0,0.000000,0.645877,0.000000,0.000000,0.000000,0,0.000,0.000,NO BLACK,NO BUNDLE,0,0,0,,,,0,1,1,1,0.988993,0.876152,562,288,0.446286,STAND LOCKED,,,,,,,,,,
286,9.533333,67.602,11.741,70,1,0,0.736361,0.602067,0.000000,0.669214,0.000000,0,0.000,0.000,NO BLACK,NO BUNDLE,0,0,0,,,,0,1,1,1,1.000000,0.808679,532,334,0.465898,STAND LOCKED,,,,,,,,,,
287,9.566667,69.956,12.045,0,6,0,0.000000,0.614442,0.000000,0.000000,0.000000,0,0.000,0.000,NO BLACK,NO BUNDLE,0,0,0,,,,0,1,1,1,1.000000,0.808679,532,334,0.465898,STAND LOCKED,,,,,,,,,,
288,9.600000,69.090,11.697,0,155,4,0.000000,0.695257,0.736997,0.000000,0.000000,0,0.000,0.000,NO BLACK,NO BUNDLE,0,0,0,,,,0,1,1,1,0.945000,0.880386,541,280,0.440349,STAND LOCKED,,,,,,,,,,
289,9.633333,68.517,12.023,0,105,0,0.000000,0.652487,0.000000,0.000000,0.000000,0,0.000,0.000,NO BLACK,NO BUNDLE,0,0,0,,,,0,1,1,1,0.945000,0.880386,541,280,0.440349,STAND LOCKED,,,,,,,,,,
290,9.666667,69.011,11.700,81,114,31,0.744918,0.659848,0.774519,0.702383,0.000000,0,0.000,0.000,NO BLACK,NO BUNDLE,0,0,0,,,,0,1,1,1,0.945000,0.831345,519,290,0.563296,STAND LOCKED,,,,,,,,,,
291,9.700000,69.366,11.997,106,60,12,0.745160,0.640522,0.757364,0.692841,0.000000,0,0.000,0.000,NO BLACK,NO BUNDLE,0,0,0,,,,0,1,1,1,0.945000,0.831345,519,290,0.563296,STAND LOCKED,,,,,,,,,,
292,9.733333,68.837,11.628,132,15,33,0.761358,0.627327,0.766684,0.694342,0.000000,0,0.000,0.000,NO BLACK,NO BUNDLE,0,0,0,,,,0,1,1,1,1.000000,0.832438,529,287,0.678205,STAND LOCKED,,,,,,,,,,
293,9.766667,70.066,11.940,79,65,0,0.756875,0.642717,0.000000,0.699796,0.000000,0,0.000,0.000,NO BLACK,NO BUNDLE,0,0,0,,,,0,1,1,1,1.000000,0.832438,529,287,0.678205,STAND LOCKED,,,,,,,,,,
294,9.800000,69.322,11.565,39,78,30,0.722053,0.651669,0.807708,0.686861,0.000000,0,0.000,0.000,NO BLACK,NO BUNDLE,0,0,0,,,,0,1,1,1,0.945000,0.881765,533,253,0.633665,STAND LOCKED,,,,,,,,,,
295,9.833333,68.060,11.932,23,40,0,0.721832,0.638382,0.000000,0.680107,0.000000,0,0.000,0.000,NO BLACK,NO BUNDLE,0,0,0,,,,0,1,1,1,0.945000,0.881765,533,253,0.633665,STAND LOCKED,,,,,,,,,,
296,9.866667,68.661,11.541,303,183,2,0.749770,0.673868,0.703720,0.711819,0.000000,0,0.000,0.000,GEOMETRY FAIL,NO BUNDLE,0,0,0,,,,0,1,1,1,0.764560,0.784381,634,344,0.547927,STAND LOCKED,,,,,,,,,,
297,9.900000,68.288,11.913,14,250,14,0.720253,0.696396,0.742200,0.708325,0.000000,0,0.000,0.000,NO BLACK,NO BUNDLE,0,0,0,,,,0,1,1,1,0.764560,0.784381,634,344,0.547927,STAND LOCKED,,,,,,,,,,
298,9.933333,65.895,11.651,82,75,0,0.732998,0.634074,0.000000,0.683536,0.000000,0,0.000,0.000,NO BLACK,NO BUNDLE,0,0,0,,,,0,1,1,0,0.764560,0.784381,634,344,0.547927,STAND TEMPORARILY LOST (1),,,,,,,,,,
299,9.966667,67.478,12.035,76,230,0,0.725208,0.652546,0.000000,0.688877,0.000000,0,0.000,0.000,NO BLACK,NO BUNDLE,0,0,0,,,,0,1,1,0,0.764560,0.784381,634,344,0.547927,STAND TEMPORARILY LOST (1),,,,,,,,,,
300,10.000000,69.700,11.641,197,192,0,0.746256,0.651434,0.000000,0.698845,0.000000,0,0.000,0.000,NO BLACK,NO BUNDLE,0,0,0,,,,0,1,1,1,0.939523,0.826301,600,300,0.442123,STAND LOCKED,,,,,,,,,,
301,10.033333,70.754,11.941,0,18,30,0.000000,0.623590,0.791635,0.000000,0.000000,0,0.000,0.000,NO BLACK,NO BUNDLE,0,0,0,,,,0,1,1,1,0.939523,0.826301,600,300,0.442123,STAND LOCKED,,,,,,,,,,
302,10.066667,70.688,11.577,6,143,0,0.702351,0.664516,0.000000,0.683434,0.000000,0,0.000,0.000,NO BLACK,NO BUNDLE,0,0,0,,,,0,1,1,0,0.939523,0.826301,600,300,0.442123,STAND TARGET JUMP REJECTED,,,,,,,,,,
303,10.100000,69.836,11.875,11,94,0,0.720351,0.647374,0.000000,0.683863,0.000000,0,0.000,0.000,NO BLACK,NO BUNDLE,0,0,0,,,,0,1,1,0,0.939523,0.826301,600,300,0.442123,STAND TARGET JUMP REJECTED,,,,,,,,,,
304,10.133333,70.604,11.522,0,0,0,0.000000,0.000000,0.000000,0.000000,0.000000,0,0.000,0.000,NO BLACK,NO BUNDLE,0,0,0,,,,0,1,1,1,0.865584,0.805986,608,332,0.354025,STAND LOCKED,,,,,,,,,,
305,10.166667,71.203,11.810,0,22,0,0.000000,0.625426,0.000000,0.000000,0.000000,0,0.000,0.000,NO BLACK,NO BUNDLE,0,0,0,,,,0,1,1,1,0.865584,0.805986,608,332,0.354025,STAND LOCKED,,,,,,,,,,
306,10.200000,65.732,11.633,0,46,0,0.000000,0.658280,0.000000,0.000000,0.000000,0,0.000,0.000,NO BLACK,NO BUNDLE,0,0,0,,,,0,1,1,1,1.000000,0.827278,659,359,0.411394,STAND LOCKED,,,,,,,,,,
307,10.233333,69.120,11.946,33,46,0,0.722498,0.641799,0.000000,0.682149,0.000000,0,0.000,0.000,NO BLACK,NO BUNDLE,0,0,0,,,,0,1,1,1,1.000000,0.827278,659,359,0.411394,STAND LOCKED,,,,,,,,,,
308,10.266667,69.952,11.677,20,85,0,0.710971,0.659126,0.000000,0.685048,0.000000,0,0.000,0.000,NO BLACK,NO BUNDLE,0,0,0,,,,0,1,1,1,0.903156,0.886521,647,316,0.309641,STAND LOCKED,,,,,,,,,,
309,10.300000,72.708,11.913,12,18,0,0.708310,0.633135,0.000000,0.670722,0.000000,0,0.000,0.000,NO BLACK,NO BUNDLE,0,0,0,,,,0,1,1,1,0.903156,0.886521,647,316,0.309641,STAND LOCKED,,,,,,,,,,
310,10.333333,71.209,11.674,1,124,0,0.701108,0.688633,0.000000,0.694871,0.000000,0,0.000,0.000,NO BLACK,NO BUNDLE,0,0,0,,,,0,1,1,0,0.903156,0.886521,647,316,0.309641,STAND TEMPORARILY LOST (1),,,,,,,,,,
311,10.366667,70.380,11.952,0,92,0,0.000000,0.645557,0.000000,0.000000,0.000000,0,0.000,0.000,NO BLACK,NO BUNDLE,0,0,0,,,,0,1,1,0,0.903156,0.886521,647,316,0.309641,STAND TEMPORARILY LOST (1),,,,,,,,,,
312,10.400000,66.215,11.315,0,110,2,0.000000,0.679336,0.710675,0.000000,0.000000,0,0.000,0.000,NO BLACK,NO BUNDLE,0,0,0,,,,0,1,1,1,0.816858,0.803019,791,364,0.402116,STAND LOCKED,,,,,,,,,,
313,10.433333,69.859,11.672,0,23,0,0.000000,0.632334,0.000000,0.000000,0.000000,0,0.000,0.000,NO BLACK,NO BUNDLE,0,0,0,,,,0,1,1,1,0.816858,0.803019,791,364,0.402116,STAND LOCKED,,,,,,,,,,
314,10.466667,70.818,11.380,83,0,1,0.758273,0.000000,0.702024,0.000000,0.000000,0,0.000,0.000,NO BLACK,NO BUNDLE,0,0,0,,,,0,1,1,1,0.882562,0.809166,781,375,0.323036,STAND LOCKED,,,,,,,,,,
315,10.500000,66.113,11.845,26,102,0,0.739590,0.658085,0.000000,0.698838,0.000000,0,0.000,0.000,NO BLACK,NO BUNDLE,0,0,0,,,,0,1,1,1,0.882562,0.809166,781,375,0.323036,STAND LOCKED,,,,,,,,,,
316,10.533333,70.285,11.618,118,58,0,0.734536,0.631307,0.000000,0.682922,0.000000,0,0.000,0.000,NO BLACK,NO BUNDLE,0,0,0,,,,0,1,1,1,0.958270,0.752599,708,377,0.434116,STAND LOCKED,,,,,,,,,,
317,10.566667,74.307,11.782,0,29,0,0.000000,0.626505,0.000000,0.000000,0.000000,0,0.000,0.000,NO BLACK,NO BUNDLE,0,0,0,,,,0,1,1,1,0.958270,0.752599,708,377,0.434116,STAND LOCKED,,,,,,,,,,
318,10.600000,69.898,11.540,0,233,0,0.000000,0.655830,0.000000,0.000000,0.000000,0,0.000,0.000,NO BLACK,NO BUNDLE,0,0,0,,,,0,1,1,1,0.856410,0.733466,751,391,0.455838,STAND LOCKED,,,,,,,,,,
319,10.633333,70.668,11.815,0,66,0,0.000000,0.657626,0.000000,0.000000,0.000000,0,0.000,0.000,NO BLACK,NO BUNDLE,0,0,0,,,,0,1,1,1,0.856410,0.733466,751,391,0.455838,STAND LOCKED,,,,,,,,,,
320,10.666667,71.165,11.602,0,308,0,0.000000,0.688816,0.000000,0.000000,0.000000,0,0.000,0.000,NO BLACK,NO BUNDLE,0,0,0,,,,0,1,1,1,0.789440,0.727065,638,403,0.459502,STAND LOCKED,,,,,,,,,,
321,10.700000,70.187,11.887,0,124,0,0.000000,0.666194,0.000000,0.000000,0.000000,0,0.000,0.000,NO BLACK,NO BUNDLE,0,0,0,,,,0,1,1,1,0.789440,0.727065,638,403,0.459502,STAND LOCKED,,,,,,,,,,
322,10.733333,69.019,11.626,15,66,0,0.713107,0.653451,0.000000,0.683279,0.000000,0,0.000,0.000,NO BLACK,NO BUNDLE,0,0,0,,,,0,1,1,0,0.789440,0.727065,638,403,0.459502,STAND TEMPORARILY LOST (1),,,,,,,,,,
323,10.766667,71.973,11.896,24,0,0,0.721468,0.000000,0.000000,0.000000,0.000000,0,0.000,0.000,NO BLACK,NO BUNDLE,0,0,0,,,,0,1,1,0,0.789440,0.727065,638,403,0.459502,STAND TEMPORARILY LOST (1),,,,,,,,,,
324,10.800000,67.216,11.652,225,0,0,0.743725,0.000000,0.000000,0.000000,0.000000,0,0.000,0.000,NO BLACK,NO BUNDLE,0,0,0,,,,0,1,1,1,0.772600,0.767644,630,388,0.325943,STAND LOCKED,,,,,,,,,,
325,10.833333,70.491,11.908,329,34,0,0.758991,0.637062,0.000000,0.698026,0.000000,0,0.000,0.000,NO LASHING,NO BUNDLE,0,0,0,,,,0,1,1,1,0.772600,0.767644,630,388,0.325943,STAND LOCKED,,,,,,,,,,
326,10.866667,69.262,11.713,80,5,0,0.748258,0.606290,0.000000,0.677274,0.000000,0,0.000,0.000,NO BLACK,NO BUNDLE,0,0,0,,,,0,1,1,1,0.905833,0.722824,578,404,0.433896,STAND LOCKED,,,,,,,,,,
327,10.900000,66.360,12.102,73,0,10,0.731046,0.000000,0.710518,0.000000,0.000000,0,0.000,0.000,NO BLACK,NO BUNDLE,0,0,0,,,,0,1,1,1,0.905833,0.722824,578,404,0.433896,STAND LOCKED,,,,,,,,,,
328,10.933333,69.246,11.817,192,0,0,0.745424,0.000000,0.000000,0.000000,0.000000,0,0.000,0.000,NO BLACK,NO BUNDLE,0,0,0,,,,0,1,1,1,0.945000,0.729060,599,418,0.464906,STAND LOCKED,,,,,,,,,,
329,10.966667,68.706,12.141,46,2,0,0.723511,0.625695,0.000000,0.674603,0.000000,0,0.000,0.000,NO BLACK,NO BUNDLE,0,0,0,,,,0,1,1,1,0.945000,0.729060,599,418,0.464906,STAND LOCKED,,,,,,,,,,
330,11.000000,68.083,11.944,340,0,0,0.772715,0.000000,0.000000,0.000000,0.000000,0,0.000,0.000,NO LASHING,NO BUNDLE,0,0,0,,,,0,1,1,1,0.945000,0.753406,581,350,0.407819,STAND LOCKED,,,,,,,,,,
331,11.033333,67.702,12.269,739,0,0,0.776483,0.000000,0.000000,0.000000,0.000000,0,0.000,0.000,NO LASHING,NO BUNDLE,0,0,0,,,,0,1,1,1,0.945000,0.753406,581,350,0.407819,STAND LOCKED,,,,,,,,,,
332,11.066667,68.123,12.050,268,0,0,0.786801,0.000000,0.000000,0.000000,0.000000,0,0.000,0.000,NO LASHING,NO BUNDLE,0,0,0,,,,0,1,1,1,0.848277,0.775691,457,394,0.434074,STAND LOCKED,,,,,,,,,,
333,11.100000,68.828,12.331,717,0,0,0.754381,0.000000,0.000000,0.000000,0.000000,0,0.000,0.000,NO LASHING,NO BUNDLE,0,0,0,,,,0,1,1,1,0.848277,0.775691,457,394,0.434074,STAND LOCKED,,,,,,,,,,
334,11.133333,67.686,12.052,0,0,0,0.000000,0.000000,0.000000,0.000000,0.000000,0,0.000,0.000,NO BLACK,NO BUNDLE,0,0,0,,,,0,1,1,0,0.848277,0.775691,457,394,0.434074,STAND TARGET JUMP REJECTED,,,,,,,,,,
335,11.166667,68.432,12.335,499,0,0,0.776858,0.000000,0.000000,0.000000,0.000000,0,0.000,0.000,NO LASHING,NO BUNDLE,0,0,0,,,,0,1,1,0,0.848277,0.775691,457,394,0.434074,STAND TARGET JUMP REJECTED,,,,,,,,,,
336,11.200000,72.322,11.657,352,0,0,0.757690,0.000000,0.000000,0.000000,0.000000,0,0.000,0.000,NO LASHING,NO BUNDLE,0,0,0,,,,0,1,1,0,0.848277,0.775691,457,394,0.434074,STAND TARGET JUMP REJECTED,,,,,,,,,,
337,11.233333,70.303,11.962,172,0,0,0.794972,0.000000,0.000000,0.000000,0.000000,0,0.000,0.000,NO BLACK,NO BUNDLE,0,0,0,,,,0,1,1,0,0.848277,0.775691,457,394,0.434074,STAND TARGET JUMP REJECTED,,,,,,,,,,
338,11.266667,67.689,11.736,15,0,0,0.710909,0.000000,0.000000,0.000000,0.000000,0,0.000,0.000,NO BLACK,NO BUNDLE,0,0,0,,,,0,1,1,1,0.911457,0.726347,509,377,0.335889,STAND LOCKED,,,,,,,,,,
339,11.300000,68.249,12.068,0,0,0,0.000000,0.000000,0.000000,0.000000,0.000000,0,0.000,0.000,NO BLACK,NO BUNDLE,0,0,0,,,,0,1,1,1,0.911457,0.726347,509,377,0.335889,STAND LOCKED,,,,,,,,,,
340,11.333333,70.382,11.859,256,0,0,0.766439,0.000000,0.000000,0.000000,0.000000,0,0.000,0.000,NO LASHING,NO BUNDLE,0,0,0,,,,0,1,1,1,0.945000,0.747722,545,401,0.419275,STAND LOCKED,,,,,,,,,,
341,11.366667,69.689,12.147,70,0,0,0.725168,0.000000,0.000000,0.000000,0.000000,0,0.000,0.000,NO BLACK,NO BUNDLE,0,0,0,,,,0,1,1,1,0.945000,0.747722,545,401,0.419275,STAND LOCKED,,,,,,,,,,
342,11.400000,70.051,11.938,485,0,0,0.760146,0.000000,0.000000,0.000000,0.000000,0,0.000,0.000,NO LASHING,NO BUNDLE,0,0,0,,,,0,1,1,1,0.851042,0.774208,511,429,0.480479,STAND LOCKED,,,,,,,,,,
343,11.433333,68.871,12.247,414,0,0,0.752242,0.000000,0.000000,0.000000,0.000000,0,0.000,0.000,NO LASHING,NO BUNDLE,0,0,0,,,,0,1,1,1,0.851042,0.774208,511,429,0.480479,STAND LOCKED,,,,,,,,,,
344,11.466667,71.283,11.949,198,0,0,0.730867,0.000000,0.000000,0.000000,0.000000,0,0.000,0.000,NO BLACK,NO BUNDLE,0,0,0,,,,0,1,1,1,0.959879,0.756244,563,443,0.525591,STAND LOCKED,,,,,,,,,,
345,11.500000,72.329,12.151,498,0,0,0.767246,0.000000,0.000000,0.000000,0.000000,0,0.000,0.000,NO LASHING,NO BUNDLE,0,0,0,,,,0,1,1,1,0.959879,0.756244,563,443,0.525591,STAND LOCKED,,,,,,,,,,
346,11.533333,71.210,11.881,66,0,0,0.724233,0.000000,0.000000,0.000000,0.000000,0,0.000,0.000,NO BLACK,NO BUNDLE,0,0,0,,,,0,1,1,1,1.000000,0.743729,555,426,0.629919,STAND LOCKED,,,,,,,,,,
347,11.566667,68.896,12.182,167,0,0,0.743136,0.000000,0.000000,0.000000,0.000000,0,0.000,0.000,NO BLACK,NO BUNDLE,0,0,0,,,,0,1,1,1,1.000000,0.743729,555,426,0.629919,STAND LOCKED,,,,,,,,,,
348,11.600000,70.132,11.835,313,0,0,0.741762,0.000000,0.000000,0.000000,0.000000,0,0.000,0.000,NO LASHING,NO BUNDLE,0,0,0,,,,0,1,1,1,0.897179,0.713985,520,451,0.615755,STAND LOCKED,,,,,,,,,,
349,11.633333,71.680,12.063,202,0,0,0.749412,0.000000,0.000000,0.000000,0.000000,0,0.000,0.000,NO BLACK,NO BUNDLE,0,0,0,,,,0,1,1,1,0.897179,0.713985,520,451,0.615755,STAND LOCKED,,,,,,,,,,
350,11.666667,68.544,11.720,196,0,0,0.734687,0.000000,0.000000,0.000000,0.000000,0,0.000,0.000,NO BLACK,NO BUNDLE,0,0,0,,,,0,1,1,1,0.945000,0.809821,495,368,0.548270,STAND LOCKED,,,,,,,,,,
351,11.700000,70.026,12.015,371,0,0,0.767385,0.000000,0.000000,0.000000,0.000000,0,0.000,0.000,NO LASHING,NO BUNDLE,0,0,0,,,,0,1,1,1,0.945000,0.809821,495,368,0.548270,STAND LOCKED,,,,,,,,,,
352,11.733333,67.317,11.680,396,0,0,0.781105,0.000000,0.000000,0.000000,0.000000,0,0.000,0.000,NO LASHING,NO BUNDLE,0,0,0,,,,0,1,1,1,0.944887,0.725057,573,421,0.548458,STAND LOCKED,,,,,,,,,,
353,11.766667,69.169,11.987,180,0,0,0.749633,0.000000,0.000000,0.000000,0.000000,0,0.000,0.000,NO BLACK,NO BUNDLE,0,0,0,,,,0,1,1,1,0.944887,0.725057,573,421,0.548458,STAND LOCKED,,,,,,,,,,
354,11.800000,68.381,11.709,52,0,0,0.724023,0.000000,0.000000,0.000000,0.000000,0,0.000,0.000,NO BLACK,NO BUNDLE,0,0,0,,,,0,1,1,1,0.932392,0.860173,510,324,0.433959,STAND LOCKED,,,,,,,,,,
355,11.833333,70.943,11.986,293,0,0,0.751781,0.000000,0.000000,0.000000,0.000000,0,0.000,0.000,NO LASHING,NO BUNDLE,0,0,0,,,,0,1,1,1,0.932392,0.860173,510,324,0.433959,STAND LOCKED,,,,,,,,,,
356,11.866667,69.364,11.624,0,117,0,0.000000,0.669358,0.000000,0.000000,0.000000,0,0.000,0.000,NO BLACK,NO BUNDLE,0,0,0,,,,0,1,1,1,0.992381,0.869423,441,315,0.538268,STAND LOCKED,,,,,,,,,,
357,11.900000,67.890,11.998,24,245,0,0.714309,0.664012,0.000000,0.689160,0.000000,0,0.000,0.000,NO BLACK,NO BUNDLE,0,0,0,,,,0,1,1,1,0.992381,0.869423,441,315,0.538268,STAND LOCKED,,,,,,,,,,
358,11.933333,70.379,11.555,0,0,0,0.000000,0.000000,0.000000,0.000000,0.000000,0,0.000,0.000,NO BLACK,NO BUNDLE,0,0,0,,,,0,1,1,1,0.945000,0.898246,390,281,0.598193,STAND LOCKED,,,,,,,,,,
359,11.966667,70.362,11.867,0,0,0,0.000000,0.000000,0.000000,0.000000,0.000000,0,0.000,0.000,NO BLACK,NO BUNDLE,0,0,0,,,,0,1,1,1,0.945000,0.898246,390,281,0.598193,STAND LOCKED,,,,,,,,,,
360,12.000000,66.961,11.319,0,0,0,0.000000,0.000000,0.000000,0.000000,0.000000,0,0.000,0.000,NO BLACK,NO BUNDLE,0,0,0,,,,0,1,1,1,1.000000,0.900515,360,274,0.677867,STAND LOCKED,,,,,,,,,,
361,12.033333,69.948,11.684,0,0,0,0.000000,0.000000,0.000000,0.000000,0.000000,0,0.000,0.000,NO BLACK,NO BUNDLE,0,0,0,,,,0,1,1,1,1.000000,0.900515,360,274,0.677867,STAND LOCKED,,,,,,,,,,
362,12.066667,67.769,11.166,0,0,0,0.000000,0.000000,0.000000,0.000000,0.000000,0,0.000,0.000,NO BLACK,NO BUNDLE,0,0,0,,,,0,1,1,1,1.000000,0.906985,347,255,0.672471,STAND LOCKED,,,,,,,,,,
363,12.100000,68.941,11.587,0,0,0,0.000000,0.000000,0.000000,0.000000,0.000000,0,0.000,0.000,NO BLACK,NO BUNDLE,0,0,0,,,,0,1,1,1,1.000000,0.906985,347,255,0.672471,STAND LOCKED,,,,,,,,,,
364,12.133333,68.573,11.030,0,0,0,0.000000,0.000000,0.000000,0.000000,0.000000,0,0.000,0.000,NO BLACK,NO BUNDLE,0,0,0,,,,0,1,1,1,1.000000,0.905125,342,267,0.724279,STAND LOCKED,,,,,,,,,,
365,12.166667,73.381,11.350,0,0,0,0.000000,0.000000,0.000000,0.000000,0.000000,0,0.000,0.000,NO BLACK,NO BUNDLE,0,0,0,,,,0,1,1,1,1.000000,0.905125,342,267,0.724279,STAND LOCKED,,,,,,,,,,
366,12.200000,68.013,10.831,0,0,0,0.000000,0.000000,0.000000,0.000000,0.000000,0,0.000,0.000,NO BLACK,NO BUNDLE,0,0,0,,,,0,1,1,1,1.000000,0.882740,346,252,0.691064,STAND LOCKED,,,,,,,,,,
367,12.233333,69.942,11.261,0,0,0,0.000000,0.000000,0.000000,0.000000,0.000000,0,0.000,0.000,NO BLACK,NO BUNDLE,0,0,0,,,,0,1,1,1,1.000000,0.882740,346,252,0.691064,STAND LOCKED,,,,,,,,,,
368,12.266667,69.549,10.756,0,0,0,0.000000,0.000000,0.000000,0.000000,0.000000,0,0.000,0.000,NO BLACK,NO BUNDLE,0,0,0,,,,0,1,1,1,1.000000,0.883936,361,264,0.730354,STAND LOCKED,,,,,,,,,,
369,12.300000,68.227,11.261,0,0,0,0.000000,0.000000,0.000000,0.000000,0.000000,0,0.000,0.000,NO BLACK,NO BUNDLE,0,0,0,,,,0,1,1,1,1.000000,0.883936,361,264,0.730354,STAND LOCKED,,,,,,,,,,
370,12.333333,70.348,10.750,0,0,0,0.000000,0.000000,0.000000,0.000000,0.000000,0,0.000,0.000,NO BLACK,NO BUNDLE,0,0,0,,,,0,1,1,1,1.000000,0.824818,365,279,0.774770,STAND LOCKED,,,,,,,,,,
371,12.366667,69.817,11.194,0,0,0,0.000000,0.000000,0.000000,0.000000,0.000000,0,0.000,0.000,NO BLACK,NO BUNDLE,0,0,0,,,,0,1,1,1,1.000000,0.824818,365,279,0.774770,STAND LOCKED,,,,,,,,,,
372,12.400000,68.442,10.740,0,0,0,0.000000,0.000000,0.000000,0.000000,0.000000,0,0.000,0.000,NO BLACK,NO BUNDLE,0,0,0,,,,0,1,1,1,0.945000,0.837512,374,269,0.747397,STAND LOCKED,,,,,,,,,,
373,12.433333,68.703,11.214,0,0,0,0.000000,0.000000,0.000000,0.000000,0.000000,0,0.000,0.000,NO BLACK,NO BUNDLE,0,0,0,,,,0,1,1,1,0.945000,0.837512,374,269,0.747397,STAND LOCKED,,,,,,,,,,
374,12.466667,68.459,10.749,0,0,0,0.000000,0.000000,0.000000,0.000000,0.000000,0,0.000,0.000,NO BLACK,NO BUNDLE,0,0,0,,,,0,1,1,1,1.000000,0.864939,356,265,0.737370,STAND LOCKED,,,,,,,,,,
375,12.500000,69.379,11.199,26,0,0,0.726684,0.000000,0.000000,0.000000,0.000000,0,0.000,0.000,NO BLACK,NO BUNDLE,0,0,0,,,,0,1,1,1,1.000000,0.864939,356,265,0.737370,STAND LOCKED,,,,,,,,,,
376,12.533333,71.524,10.676,19,0,2,0.717480,0.000000,0.706263,0.000000,0.000000,0,0.000,0.000,NO BLACK,NO BUNDLE,0,0,0,,,,0,1,1,1,1.000000,0.886985,409,240,0.665636,STAND LOCKED,,,,,,,,,,
377,12.566667,71.535,11.093,100,184,3,0.746732,0.704698,0.703649,0.725715,0.000000,0,0.000,0.000,NO BLACK,NO BUNDLE,0,0,0,,,,0,1,1,1,1.000000,0.886985,409,240,0.665636,STAND LOCKED,,,,,,,,,,
378,12.600000,69.142,10.664,0,75,0,0.000000,0.686250,0.000000,0.000000,0.000000,0,0.000,0.000,NO BLACK,NO BUNDLE,0,0,0,,,,0,1,1,1,1.000000,0.874721,488,249,0.623425,STAND LOCKED,,,,,,,,,,
379,12.633333,69.479,11.152,0,0,0,0.000000,0.000000,0.000000,0.000000,0.000000,0,0.000,0.000,NO BLACK,NO BUNDLE,0,0,0,,,,0,1,1,1,1.000000,0.874721,488,249,0.623425,STAND LOCKED,,,,,,,,,,
380,12.666667,69.666,10.727,0,0,0,0.000000,0.000000,0.000000,0.000000,0.000000,0,0.000,0.000,NO BLACK,NO BUNDLE,0,0,0,,,,0,1,1,0,1.000000,0.874721,488,249,0.623425,STAND TARGET JUMP REJECTED,,,,,,,,,,
381,12.700000,71.111,11.140,0,0,0,0.000000,0.000000,0.000000,0.000000,0.000000,0,0.000,0.000,NO BLACK,NO BUNDLE,0,0,0,,,,0,1,1,0,1.000000,0.874721,488,249,0.623425,STAND TARGET JUMP REJECTED,,,,,,,,,,
382,12.733333,71.167,10.699,0,0,0,0.000000,0.000000,0.000000,0.000000,0.000000,0,0.000,0.000,NO BLACK,NO BUNDLE,0,0,0,,,,0,1,1,1,0.948027,0.780261,466,199,0.512000,STAND LOCKED,,,,,,,,,,
383,12.766667,70.620,11.141,0,0,0,0.000000,0.000000,0.000000,0.000000,0.000000,0,0.000,0.000,NO BLACK,NO BUNDLE,0,0,0,,,,0,1,1,1,0.948027,0.780261,466,199,0.512000,STAND LOCKED,,,,,,,,,,
384,12.800000,68.154,10.766,0,0,0,0.000000,0.000000,0.000000,0.000000,0.000000,0,0.000,0.000,NO BLACK,NO BUNDLE,0,0,0,,,,0,1,1,1,1.000000,0.773841,501,219,0.575678,STAND LOCKED,,,,,,,,,,
385,12.833333,70.370,11.202,85,0,0,0.743708,0.000000,0.000000,0.000000,0.000000,0,0.000,0.000,NO BLACK,NO BUNDLE,0,0,0,,,,0,1,1,1,1.000000,0.773841,501,219,0.575678,STAND LOCKED,,,,,,,,,,
386,12.866667,71.714,10.783,73,0,0,0.817806,0.000000,0.000000,0.000000,0.000000,0,0.000,0.000,NO BLACK,NO BUNDLE,0,0,0,,,,0,1,1,1,1.000000,0.767164,542,216,0.583708,STAND LOCKED,,,,,,,,,,
387,12.900000,72.152,11.168,9,0,0,0.739923,0.000000,0.000000,0.000000,0.000000,0,0.000,0.000,NO BLACK,NO BUNDLE,0,0,0,,,,0,1,1,1,1.000000,0.767164,542,216,0.583708,STAND LOCKED,,,,,,,,,,
388,12.933333,67.711,10.847,0,0,0,0.000000,0.000000,0.000000,0.000000,0.000000,0,0.000,0.000,NO BLACK,NO BUNDLE,0,0,0,,,,0,1,1,1,0.973333,0.828173,656,239,0.630099,STAND LOCKED,,,,,,,,,,
389,12.966667,68.733,11.308,51,0,0,0.724307,0.000000,0.000000,0.000000,0.000000,0,0.000,0.000,NO BLACK,NO BUNDLE,0,0,0,,,,0,1,1,1,0.973333,0.828173,656,239,0.630099,STAND LOCKED,,,,,,,,,,
390,13.000000,68.762,10.992,247,0,0,0.737726,0.000000,0.000000,0.000000,0.000000,0,0.000,0.000,NO BLACK,NO BUNDLE,0,0,0,,,,0,1,1,0,0.973333,0.828173,656,239,0.630099,STAND TARGET JUMP REJECTED,,,,,,,,,,
391,13.033333,67.813,11.474,319,0,0,0.756237,0.000000,0.000000,0.000000,0.000000,0,0.000,0.000,NO LASHING,NO BUNDLE,0,0,0,,,,0,1,1,0,0.973333,0.828173,656,239,0.630099,STAND TARGET JUMP REJECTED,,,,,,,,,,
392,13.066667,67.455,11.196,452,0,0,0.749013,0.000000,0.000000,0.000000,0.000000,0,0.000,0.000,NO LASHING,NO BUNDLE,0,0,0,,,,0,1,1,1,0.776218,0.826781,737,339,0.526461,STAND LOCKED,,,,,,,,,,
393,13.100000,71.387,11.544,412,0,0,0.750472,0.000000,0.000000,0.000000,0.000000,0,0.000,0.000,NO LASHING,NO BUNDLE,0,0,0,,,,0,1,1,1,0.776218,0.826781,737,339,0.526461,STAND LOCKED,,,,,,,,,,
394,13.133333,70.709,11.185,209,21,4,0.739991,0.637933,0.718126,0.688962,0.000000,0,0.000,0.000,NO BLACK,NO BUNDLE,0,0,0,,,,0,1,1,1,0.788461,0.740375,648,276,0.446213,STAND LOCKED,,,,,,,,,,
395,13.166667,69.347,11.578,159,18,5,0.787728,0.655369,0.713335,0.721548,0.000000,0,0.000,0.000,NO BLACK,NO BUNDLE,0,0,0,,,,0,1,1,1,0.788461,0.740375,648,276,0.446213,STAND LOCKED,,,,,,,,,,
396,13.200000,70.804,11.284,210,74,17,0.736803,0.645002,0.730663,0.690902,0.000000,0,0.000,0.000,NO BLACK,NO BUNDLE,0,0,0,,,,0,1,1,1,1.000000,0.798208,647,232,0.466629,STAND LOCKED,,,,,,,,,,
397,13.233333,71.092,11.582,91,64,6,0.725520,0.665231,0.734433,0.695376,0.000000,0,0.000,0.000,NO BLACK,NO BUNDLE,0,0,0,,,,0,1,1,1,1.000000,0.798208,647,232,0.466629,STAND LOCKED,,,,,,,,,,
398,13.266667,69.361,11.317,57,239,0,0.739090,0.661679,0.000000,0.700385,0.000000,0,0.000,0.000,NO BLACK,NO BUNDLE,0,0,0,,,,0,1,1,0,1.000000,0.798208,647,232,0.466629,STAND TARGET JUMP REJECTED,,,,,,,,,,
399,13.300000,72.104,11.626,100,225,0,0.734667,0.655316,0.000000,0.694991,0.000000,0,0.000,0.000,NO BLACK,NO BUNDLE,0,0,0,,,,0,1,1,0,1.000000,0.798208,647,232,0.466629,STAND TARGET JUMP REJECTED,,,,,,,,,,
400,13.333333,72.530,11.254,3,34,0,0.723891,0.631420,0.000000,0.677655,0.000000,0,0.000,0.000,NO BLACK,NO BUNDLE,0,0,0,,,,0,1,1,1,1.000000,0.830837,641,222,0.493386,STAND LOCKED,,,,,,,,,,
401,13.366667,71.141,11.598,0,0,0,0.000000,0.000000,0.000000,0.000000,0.000000,0,0.000,0.000,NO BLACK,NO BUNDLE,0,0,0,,,,0,1,1,1,1.000000,0.830837,641,222,0.493386,STAND LOCKED,,,,,,,,,,
402,13.400000,66.883,11.335,0,31,0,0.000000,0.650526,0.000000,0.000000,0.000000,0,0.000,0.000,NO BLACK,NO BUNDLE,0,0,0,,,,0,1,1,1,0.945000,0.783128,648,234,0.455774,STAND LOCKED,,,,,,,,,,
403,13.433333,69.895,11.697,0,62,0,0.000000,0.624552,0.000000,0.000000,0.000000,0,0.000,0.000,NO BLACK,NO BUNDLE,0,0,0,,,,0,1,1,1,0.945000,0.783128,648,234,0.455774,STAND LOCKED,,,,,,,,,,
404,13.466667,68.042,11.470,0,61,0,0.000000,0.653359,0.000000,0.000000,0.000000,0,0.000,0.000,NO BLACK,NO BUNDLE,0,0,0,,,,0,1,1,1,0.860312,0.857713,598,204,0.455654,STAND LOCKED,,,,,,,,,,
405,13.500000,69.511,11.817,0,75,0,0.000000,0.662397,0.000000,0.000000,0.000000,0,0.000,0.000,NO BLACK,NO BUNDLE,0,0,0,,,,0,1,1,1,0.860312,0.857713,598,204,0.455654,STAND LOCKED,,,,,,,,,,
406,13.533333,70.521,11.556,3,135,0,0.724213,0.670396,0.000000,0.697305,0.000000,0,0.000,0.000,NO BLACK,NO BUNDLE,0,0,0,,,,0,1,1,0,0.860312,0.857713,598,204,0.455654,STAND TEMPORARILY LOST (1),,,,,,,,,,
407,13.566667,68.677,11.920,0,35,0,0.000000,0.641420,0.000000,0.000000,0.000000,0,0.000,0.000,NO BLACK,NO BUNDLE,0,0,0,,,,0,1,1,0,0.860312,0.857713,598,204,0.455654,STAND TEMPORARILY LOST (1),,,,,,,,,,
408,13.600000,69.964,11.621,0,54,0,0.000000,0.647464,0.000000,0.000000,0.000000,0,0.000,0.000,NO BLACK,NO BUNDLE,0,0,0,,,,0,1,1,1,0.945000,0.850672,563,197,0.460947,STAND LOCKED,,,,,,,,,,
409,13.633333,67.820,12.002,0,11,0,0.000000,0.620278,0.000000,0.000000,0.000000,0,0.000,0.000,NO BLACK,NO BUNDLE,0,0,0,,,,0,1,1,1,0.945000,0.850672,563,197,0.460947,STAND LOCKED,,,,,,,,,,
410,13.666667,68.043,11.743,0,47,0,0.000000,0.657043,0.000000,0.000000,0.000000,0,0.000,0.000,NO BLACK,NO BUNDLE,0,0,0,,,,0,1,1,1,0.945000,0.882062,558,184,0.472496,STAND LOCKED,,,,,,,,,,
411,13.700000,70.867,11.999,0,17,0,0.000000,0.625824,0.000000,0.000000,0.000000,0,0.000,0.000,NO BLACK,NO BUNDLE,0,0,0,,,,0,1,1,1,0.945000,0.882062,558,184,0.472496,STAND LOCKED,,,,,,,,,,
412,13.733333,69.334,11.689,0,18,0,0.000000,0.634154,0.000000,0.000000,0.000000,0,0.000,0.000,NO BLACK,NO BUNDLE,0,0,0,,,,0,1,1,1,1.000000,0.874839,565,208,0.505956,STAND LOCKED,,,,,,,,,,
413,13.766667,68.977,12.027,0,0,0,0.000000,0.000000,0.000000,0.000000,0.000000,0,0.000,0.000,NO BLACK,NO BUNDLE,0,0,0,,,,0,1,1,1,1.000000,0.874839,565,208,0.505956,STAND LOCKED,,,,,,,,,,
414,13.800000,66.302,11.710,0,19,0,0.000000,0.624200,0.000000,0.000000,0.000000,0,0.000,0.000,NO BLACK,NO BUNDLE,0,0,0,,,,0,1,1,1,0.951394,0.880685,626,229,0.596639,STAND LOCKED,,,,,,,,,,
415,13.833333,69.173,12.038,0,10,0,0.000000,0.617700,0.000000,0.000000,0.000000,0,0.000,0.000,NO BLACK,NO BUNDLE,0,0,0,,,,0,1,1,1,0.951394,0.880685,626,229,0.596639,STAND LOCKED,,,,,,,,,,
416,13.866667,67.218,11.670,0,97,1,0.000000,0.622279,0.708207,0.000000,0.000000,0,0.000,0.000,NO BLACK,NO BUNDLE,0,0,0,,,,0,1,1,1,0.948654,0.857710,692,254,0.687862,STAND LOCKED,,,,,,,,,,
417,13.900000,67.923,12.026,0,100,7,0.000000,0.641156,0.722066,0.000000,0.000000,0,0.000,0.000,NO BLACK,NO BUNDLE,0,0,0,,,,0,1,1,1,0.948654,0.857710,692,254,0.687862,STAND LOCKED,,,,,,,,,,
418,13.933333,68.905,11.593,0,70,2,0.000000,0.633568,0.707928,0.000000,0.000000,0,0.000,0.000,NO BLACK,NO BUNDLE,0,0,0,,,,0,1,1,1,0.939964,0.803912,674,235,0.512733,STAND LOCKED,,,,,,,,,,
419,13.966667,67.243,11.988,32,124,0,0.732260,0.652706,0.000000,0.692483,0.000000,0,0.000,0.000,NO BLACK,NO BUNDLE,0,0,0,,,,0,1,1,1,0.939964,0.803912,674,235,0.512733,STAND LOCKED,,,,,,,,,,
420,14.000000,66.809,11.638,13,0,0,0.705997,0.000000,0.000000,0.000000,0.000000,0,0.000,0.000,NO BLACK,NO BUNDLE,0,0,0,,,,0,1,1,1,0.945000,0.822799,632,199,0.491216,STAND LOCKED,,,,,,,,,,
421,14.033333,66.493,12.035,0,16,0,0.000000,0.626876,0.000000,0.000000,0.000000,0,0.000,0.000,NO BLACK,NO BUNDLE,0,0,0,,,,0,1,1,1,0.945000,0.822799,632,199,0.491216,STAND LOCKED,,,,,,,,,,
422,14.066667,69.150,11.685,0,0,0,0.000000,0.000000,0.000000,0.000000,0.000000,0,0.000,0.000,NO BLACK,NO BUNDLE,0,0,0,,,,0,1,1,1,0.945000,0.778589,647,204,0.418894,STAND LOCKED,,,,,,,,,,
423,14.100000,71.644,11.939,12,29,0,0.719253,0.648850,0.000000,0.684051,0.000000,0,0.000,0.000,NO BLACK,NO BUNDLE,0,0,0,,,,0,1,1,1,0.945000,0.778589,647,204,0.418894,STAND LOCKED,,,,,,,,,,
424,14.133333,68.280,11.644,0,0,0,0.000000,0.000000,0.000000,0.000000,0.000000,0,0.000,0.000,NO BLACK,NO BUNDLE,0,0,0,,,,0,1,1,1,0.890000,0.815257,629,161,0.369544,STAND LOCKED,,,,,,,,,,
425,14.166667,69.055,11.967,0,0,0,0.000000,0.000000,0.000000,0.000000,0.000000,0,0.000,0.000,NO BLACK,NO BUNDLE,0,0,0,,,,0,1,1,1,0.890000,0.815257,629,161,0.369544,STAND LOCKED,,,,,,,,,,
426,14.200000,67.462,11.727,0,0,0,0.000000,0.000000,0.000000,0.000000,0.000000,0,0.000,0.000,NO BLACK,NO BUNDLE,0,0,0,,,,0,1,1,1,0.945000,0.860399,599,175,0.380184,STAND LOCKED,,,,,,,,,,
427,14.233333,67.003,12.108,0,0,0,0.000000,0.000000,0.000000,0.000000,0.000000,0,0.000,0.000,NO BLACK,NO BUNDLE,0,0,0,,,,0,1,1,1,0.945000,0.860399,599,175,0.380184,STAND LOCKED,,,,,,,,,,
428,14.266667,67.409,11.875,0,5,0,0.000000,0.608464,0.000000,0.000000,0.000000,0,0.000,0.000,NO BLACK,NO BUNDLE,0,0,0,,,,0,1,1,1,1.000000,0.885979,552,166,0.413235,STAND LOCKED,,,,,,,,,,
429,14.300000,70.567,12.143,0,0,0,0.000000,0.000000,0.000000,0.000000,0.000000,0,0.000,0.000,NO BLACK,NO BUNDLE,0,0,0,,,,0,1,1,1,1.000000,0.885979,552,166,0.413235,STAND LOCKED,,,,,,,,,,
430,14.333333,68.112,11.860,0,0,0,0.000000,0.000000,0.000000,0.000000,0.000000,0,0.000,0.000,NO BLACK,NO BUNDLE,0,0,0,,,,0,1,1,1,0.945000,0.895809,551,174,0.431928,STAND LOCKED,,,,,,,,,,
431,14.366667,72.264,12.086,0,0,0,0.000000,0.000000,0.000000,0.000000,0.000000,0,0.000,0.000,NO BLACK,NO BUNDLE,0,0,0,,,,0,1,1,1,0.945000,0.895809,551,174,0.431928,STAND LOCKED,,,,,,,,,,
432,14.400000,68.864,11.799,0,0,0,0.000000,0.000000,0.000000,0.000000,0.000000,0,0.000,0.000,NO BLACK,NO BUNDLE,0,0,0,,,,0,1,1,0,0.945000,0.895809,551,174,0.431928,STAND TEMPORARILY LOST (1),,,,,,,,,,
433,14.433333,67.509,12.144,0,67,0,0.000000,0.667374,0.000000,0.000000,0.000000,0,0.000,0.000,NO BLACK,NO BUNDLE,0,0,0,,,,0,1,1,0,0.945000,0.895809,551,174,0.431928,STAND TEMPORARILY LOST (1),,,,,,,,,,
434,14.466667,70.658,11.798,0,148,0,0.000000,0.671806,0.000000,0.000000,0.000000,0,0.000,0.000,NO BLACK,NO BUNDLE,0,0,0,,,,0,1,1,1,0.938801,0.856111,539,176,0.326520,STAND LOCKED,,,,,,,,,,
435,14.500000,67.809,12.130,0,46,0,0.000000,0.632453,0.000000,0.000000,0.000000,0,0.000,0.000,NO BLACK,NO BUNDLE,0,0,0,,,,0,1,1,1,0.938801,0.856111,539,176,0.326520,STAND LOCKED,,,,,,,,,,
436,14.533333,70.255,11.813,0,15,0,0.000000,0.640082,0.000000,0.000000,0.000000,0,0.000,0.000,NO BLACK,NO BUNDLE,0,0,0,,,,0,1,1,1,0.889250,0.844802,559,156,0.347073,STAND LOCKED,,,,,,,,,,
437,14.566667,71.051,12.073,0,43,0,0.000000,0.651833,0.000000,0.000000,0.000000,0,0.000,0.000,NO BLACK,NO BUNDLE,0,0,0,,,,0,1,1,1,0.889250,0.844802,559,156,0.347073,STAND LOCKED,,,,,,,,,,
438,14.600000,71.112,11.757,0,69,0,0.000000,0.635408,0.000000,0.000000,0.000000,0,0.000,0.000,NO BLACK,NO BUNDLE,0,0,0,,,,0,1,1,1,0.884167,0.876401,556,220,0.303613,STAND LOCKED,,,,,,,,,,
439,14.633333,71.657,11.977,0,112,0,0.000000,0.636060,0.000000,0.000000,0.000000,0,0.000,0.000,NO BLACK,NO BUNDLE,0,0,0,,,,0,1,1,1,0.884167,0.876401,556,220,0.303613,STAND LOCKED,,,,,,,,,,
440,14.666667,69.977,11.694,0,129,0,0.000000,0.661234,0.000000,0.000000,0.000000,0,0.000,0.000,NO BLACK,NO BUNDLE,0,0,0,,,,0,1,1,0,0.884167,0.876401,556,220,0.303613,STAND TEMPORARILY LOST (1),,,,,,,,,,
441,14.700000,71.186,11.973,5,17,0,0.713551,0.621261,0.000000,0.667406,0.000000,0,0.000,0.000,NO BLACK,NO BUNDLE,0,0,0,,,,0,1,1,0,0.884167,0.876401,556,220,0.303613,STAND TEMPORARILY LOST (1),,,,,,,,,,
442,14.733333,68.867,11.615,259,92,0,0.759474,0.653076,0.000000,0.706275,0.000000,0,0.000,0.000,COMPONENTS TOO FAR,NO BUNDLE,0,0,0,,,,0,1,1,1,0.945000,0.816250,540,206,0.407807,STAND LOCKED,,,,,,,,,,
443,14.766667,67.750,11.979,197,6,0,0.760862,0.607946,0.000000,0.684404,0.000000,0,0.000,0.000,NO BLACK,NO BUNDLE,0,0,0,,,,0,1,1,1,0.945000,0.816250,540,206,0.407807,STAND LOCKED,,,,,,,,,,
444,14.800000,68.945,11.690,209,0,0,0.739049,0.000000,0.000000,0.000000,0.000000,0,0.000,0.000,NO BLACK,NO BUNDLE,0,0,0,,,,0,1,1,0,0.945000,0.816250,540,206,0.407807,STAND TEMPORARILY LOST (1),,,,,,,,,,
445,14.833333,66.188,12.101,88,0,0,0.746525,0.000000,0.000000,0.000000,0.000000,0,0.000,0.000,NO BLACK,NO BUNDLE,0,0,0,,,,0,1,1,0,0.945000,0.816250,540,206,0.407807,STAND TEMPORARILY LOST (1),,,,,,,,,,
446,14.866667,69.823,11.451,0,0,0,0.000000,0.000000,0.000000,0.000000,0.000000,0,0.000,0.000,NO BLACK,NO BUNDLE,0,0,0,,,,0,1,1,0,0.945000,0.816250,540,206,0.407807,STAND TEMPORARILY LOST (2),,,,,,,,,,
447,14.900000,68.762,11.808,11,0,0,0.707034,0.000000,0.000000,0.000000,0.000000,0,0.000,0.000,NO BLACK,NO BUNDLE,0,0,0,,,,0,1,1,0,0.945000,0.816250,540,206,0.407807,STAND TEMPORARILY LOST (2),,,,,,,,,,
448,14.933333,69.091,11.542,2,0,0,0.708166,0.000000,0.000000,0.000000,0.000000,0,0.000,0.000,NO BLACK,NO BUNDLE,0,0,0,,,,0,1,1,1,0.675102,0.727153,527,274,0.367610,STAND LOCKED,,,,,,,,,,
449,14.966667,72.298,11.808,150,0,0,0.747856,0.000000,0.000000,0.000000,0.000000,0,0.000,0.000,NO BLACK,NO BUNDLE,0,0,0,,,,0,1,1,1,0.675102,0.727153,527,274,0.367610,STAND LOCKED,,,,,,,,,,
450,15.000000,67.486,11.547,55,8,0,0.728940,0.629140,0.000000,0.679040,0.000000,0,0.000,0.000,NO BLACK,NO BUNDLE,0,0,0,,,,0,1,1,1,0.945000,0.774632,531,247,0.428966,STAND LOCKED,,,,,,,,,,
451,15.033333,69.349,11.897,54,0,0,0.735691,0.000000,0.000000,0.000000,0.000000,0,0.000,0.000,NO BLACK,NO BUNDLE,0,0,0,,,,0,1,1,1,0.945000,0.774632,531,247,0.428966,STAND LOCKED,,,,,,,,,,
452,15.066667,69.619,11.536,9,0,0,0.716172,0.000000,0.000000,0.000000,0.000000,0,0.000,0.000,NO BLACK,NO BUNDLE,0,0,0,,,,0,1,1,0,0.945000,0.774632,531,247,0.428966,STAND TEMPORARILY LOST (1),,,,,,,,,,
453,15.100000,71.027,11.818,347,0,0,0.765103,0.000000,0.000000,0.000000,0.000000,0,0.000,0.000,NO LASHING,NO BUNDLE,0,0,0,,,,0,1,1,0,0.945000,0.774632,531,247,0.428966,STAND TEMPORARILY LOST (1),,,,,,,,,,
454,15.133333,67.344,11.483,31,0,0,0.726425,0.000000,0.000000,0.000000,0.000000,0,0.000,0.000,NO BLACK,NO BUNDLE,0,0,0,,,,0,1,1,1,0.927117,0.869443,548,275,0.337410,STAND LOCKED,,,,,,,,,,
455,15.166667,68.176,11.883,31,0,0,0.723355,0.000000,0.000000,0.000000,0.000000,0,0.000,0.000,NO BLACK,NO BUNDLE,0,0,0,,,,0,1,1,1,0.927117,0.869443,548,275,0.337410,STAND LOCKED,,,,,,,,,,
456,15.200000,67.531,11.633,211,0,0,0.754208,0.000000,0.000000,0.000000,0.000000,0,0.000,0.000,NO BLACK,NO BUNDLE,0,0,0,,,,0,1,1,1,0.869403,0.857888,562,271,0.251140,STAND LOCKED,,,,,,,,,,
457,15.233333,70.504,11.933,181,0,0,0.741358,0.000000,0.000000,0.000000,0.000000,0,0.000,0.000,NO BLACK,NO BUNDLE,0,0,0,,,,0,1,1,1,0.869403,0.857888,562,271,0.251140,STAND LOCKED,,,,,,,,,,
458,15.266667,67.393,11.714,373,0,0,0.745822,0.000000,0.000000,0.000000,0.000000,0,0.000,0.000,NO LASHING,NO BUNDLE,0,0,0,,,,0,1,1,1,0.945000,0.826669,566,258,0.344471,STAND LOCKED,,,,,,,,,,
459,15.300000,70.938,11.997,181,0,0,0.731704,0.000000,0.000000,0.000000,0.000000,0,0.000,0.000,NO BLACK,NO BUNDLE,0,0,0,,,,0,1,1,1,0.945000,0.826669,566,258,0.344471,STAND LOCKED,,,,,,,,,,
460,15.333333,68.383,11.692,76,0,0,0.713862,0.000000,0.000000,0.000000,0.000000,0,0.000,0.000,NO BLACK,NO BUNDLE,0,0,0,,,,0,1,1,1,1.000000,0.858732,573,277,0.311609,STAND LOCKED,,,,,,,,,,
461,15.366667,69.943,11.971,325,0,0,0.759770,0.000000,0.000000,0.000000,0.000000,0,0.000,0.000,NO LASHING,NO BUNDLE,0,0,0,,,,0,1,1,1,1.000000,0.858732,573,277,0.311609,STAND LOCKED,,,,,,,,,,
462,15.400000,67.550,11.677,368,0,0,0.746392,0.000000,0.000000,0.000000,0.000000,0,0.000,0.000,NO LASHING,NO BUNDLE,0,0,0,,,,0,1,1,1,0.945000,0.897552,585,251,0.394599,STAND LOCKED,,,,,,,,,,
463,15.433333,72.775,11.882,7,0,0,0.714688,0.000000,0.000000,0.000000,0.000000,0,0.000,0.000,NO BLACK,NO BUNDLE,0,0,0,,,,0,1,1,1,0.945000,0.897552,585,251,0.394599,STAND LOCKED,,,,,,,,,,
464,15.466667,69.603,11.455,248,0,0,0.738127,0.000000,0.000000,0.000000,0.000000,0,0.000,0.000,NO BLACK,NO BUNDLE,0,0,0,,,,0,1,1,1,1.000000,0.829876,630,308,0.381528,STAND LOCKED,,,,,,,,,,
465,15.500000,66.699,11.891,379,0,0,0.747515,0.000000,0.000000,0.000000,0.000000,0,0.000,0.000,NO LASHING,NO BUNDLE,0,0,0,,,,0,1,1,1,1.000000,0.829876,630,308,0.381528,STAND LOCKED,,,,,,,,,,
466,15.533333,68.933,11.597,73,0,0,0.746688,0.000000,0.000000,0.000000,0.000000,0,0.000,0.000,NO BLACK,NO BUNDLE,0,0,0,,,,0,1,1,1,0.917691,0.859215,600,296,0.312243,STAND LOCKED,,,,,,,,,,
467,15.566667,70.436,11.856,0,0,0,0.000000,0.000000,0.000000,0.000000,0.000000,0,0.000,0.000,NO BLACK,NO BUNDLE,0,0,0,,,,0,1,1,1,0.917691,0.859215,600,296,0.312243,STAND LOCKED,,,,,,,,,,
468,15.600000,68.274,11.625,395,0,0,0.762764,0.000000,0.000000,0.000000,0.000000,0,0.000,0.000,NO LASHING,NO BUNDLE,0,0,0,,,,0,1,1,1,0.779673,0.843841,743,340,0.271898,STAND LOCKED,,,,,,,,,,
469,15.633333,70.849,11.918,258,0,0,0.757516,0.000000,0.000000,0.000000,0.000000,0,0.000,0.000,NO LASHING,NO BUNDLE,0,0,0,,,,0,1,1,1,0.779673,0.843841,743,340,0.271898,STAND LOCKED,,,,,,,,,,
470,15.666667,68.431,11.689,558,1,0,0.762425,0.602774,0.000000,0.682600,0.000000,0,0.000,0.000,NO LASHING,NO BUNDLE,0,0,0,,,,0,1,1,1,0.995000,0.835457,698,359,0.369854,STAND LOCKED,,,,,,,,,,
471,15.700000,68.834,12.022,521,0,0,0.752955,0.000000,0.000000,0.000000,0.000000,0,0.000,0.000,NO LASHING,NO BUNDLE,0,0,0,,,,0,1,1,1,0.995000,0.835457,698,359,0.369854,STAND LOCKED,,,,,,,,,,
472,15.733333,68.425,11.786,131,0,0,0.732585,0.000000,0.000000,0.000000,0.000000,0,0.000,0.000,NO BLACK,NO BUNDLE,0,0,0,,,,0,1,1,1,0.927334,0.860199,657,323,0.302407,STAND LOCKED,,,,,,,,,,
473,15.766667,71.121,12.035,195,0,0,0.727419,0.000000,0.000000,0.000000,0.000000,0,0.000,0.000,NO BLACK,NO BUNDLE,0,0,0,,,,0,1,1,1,0.927334,0.860199,657,323,0.302407,STAND LOCKED,,,,,,,,,,
474,15.800000,68.523,11.747,108,0,0,0.749830,0.000000,0.000000,0.000000,0.000000,0,0.000,0.000,NO BLACK,NO BUNDLE,0,0,0,,,,0,1,1,1,0.884013,0.843122,625,312,0.259833,STAND LOCKED,,,,,,,,,,
475,15.833333,70.155,12.024,416,0,0,0.761762,0.000000,0.000000,0.000000,0.000000,0,0.000,0.000,NO LASHING,NO BUNDLE,0,0,0,,,,0,1,1,1,0.884013,0.843122,625,312,0.259833,STAND LOCKED,,,,,,,,,,
476,15.866667,68.220,11.777,240,0,0,0.738092,0.000000,0.000000,0.000000,0.000000,0,0.000,0.000,NO BLACK,NO BUNDLE,0,0,0,,,,0,1,1,1,0.945000,0.859658,686,284,0.299494,STAND LOCKED,,,,,,,,,,
477,15.900000,69.818,12.072,301,0,0,0.756697,0.000000,0.000000,0.000000,0.000000,0,0.000,0.000,NO LASHING,NO BUNDLE,0,0,0,,,,0,1,1,1,0.945000,0.859658,686,284,0.299494,STAND LOCKED,,,,,,,,,,
478,15.933333,69.387,11.792,236,0,0,0.755144,0.000000,0.000000,0.000000,0.000000,0,0.000,0.000,NO BLACK,NO BUNDLE,0,0,0,,,,0,1,1,0,0.945000,0.859658,686,284,0.299494,STAND TEMPORARILY LOST (1),,,,,,,,,,
479,15.966667,68.858,12.089,208,0,0,0.732845,0.000000,0.000000,0.000000,0.000000,0,0.000,0.000,NO BLACK,NO BUNDLE,0,0,0,,,,0,1,1,0,0.945000,0.859658,686,284,0.299494,STAND TEMPORARILY LOST (1),,,,,,,,,,
480,16.000000,70.519,11.371,627,0,0,0.770053,0.000000,0.000000,0.000000,0.000000,0,0.000,0.000,NO LASHING,NO BUNDLE,0,0,0,,,,0,1,1,1,1.000000,0.861805,660,255,0.457134,STAND LOCKED,,,,,,,,,,
481,16.033333,68.171,11.775,306,0,0,0.768716,0.000000,0.000000,0.000000,0.000000,0,0.000,0.000,NO LASHING,NO BUNDLE,0,0,0,,,,0,1,1,1,1.000000,0.861805,660,255,0.457134,STAND LOCKED,,,,,,,,,,
482,16.066667,68.414,11.411,390,0,0,0.753853,0.000000,0.000000,0.000000,0.000000,0,0.000,0.000,NO LASHING,NO BUNDLE,0,0,0,,,,0,1,1,1,1.000000,0.838524,648,242,0.528071,STAND LOCKED,,,,,,,,,,
483,16.100000,72.445,11.680,364,0,0,0.767904,0.000000,0.000000,0.000000,0.000000,0,0.000,0.000,NO LASHING,NO BUNDLE,0,0,0,,,,0,1,1,1,1.000000,0.838524,648,242,0.528071,STAND LOCKED,,,,,,,,,,
484,16.133333,67.918,11.348,61,0,0,0.730483,0.000000,0.000000,0.000000,0.000000,0,0.000,0.000,NO BLACK,NO BUNDLE,0,0,0,,,,0,1,1,1,0.993333,0.915539,688,233,0.565340,STAND LOCKED,,,,,,,,,,
485,16.166667,68.770,11.718,25,0,0,0.727355,0.000000,0.000000,0.000000,0.000000,0,0.000,0.000,NO BLACK,NO BUNDLE,0,0,0,,,,0,1,1,1,0.993333,0.915539,688,233,0.565340,STAND LOCKED,,,,,,,,,,
486,16.200000,71.694,11.334,230,0,0,0.741800,0.000000,0.000000,0.000000,0.000000,0,0.000,0.000,NO BLACK,NO BUNDLE,0,0,0,,,,0,1,1,1,1.000000,0.853028,658,254,0.657737,STAND LOCKED,,,,,,,,,,
487,16.233333,67.600,11.744,119,0,0,0.729382,0.000000,0.000000,0.000000,0.000000,0,0.000,0.000,NO BLACK,NO BUNDLE,0,0,0,,,,0,1,1,1,1.000000,0.853028,658,254,0.657737,STAND LOCKED,,,,,,,,,,
488,16.266667,68.125,11.423,161,0,0,0.736876,0.000000,0.000000,0.000000,0.000000,0,0.000,0.000,NO BLACK,NO BUNDLE,0,0,0,,,,0,1,1,1,0.968862,0.793889,766,290,0.731398,STAND LOCKED,,,,,,,,,,
489,16.300000,70.133,11.753,220,0,0,0.760637,0.000000,0.000000,0.000000,0.000000,0,0.000,0.000,NO BLACK,NO BUNDLE,0,0,0,,,,0,1,1,1,0.968862,0.793889,766,290,0.731398,STAND LOCKED,,,,,,,,,,
490,16.333333,68.741,11.389,103,0,0,0.742608,0.000000,0.000000,0.000000,0.000000,0,0.000,0.000,NO BLACK,NO BUNDLE,0,0,0,,,,0,1,1,1,0.945000,0.850204,729,237,0.617879,STAND LOCKED,,,,,,,,,,
491,16.366667,68.187,11.789,157,0,0,0.760488,0.000000,0.000000,0.000000,0.000000,0,0.000,0.000,NO BLACK,NO BUNDLE,0,0,0,,,,0,1,1,1,0.945000,0.850204,729,237,0.617879,STAND LOCKED,,,,,,,,,,
492,16.400000,67.391,11.495,480,0,38,0.778642,0.000000,0.754684,0.000000,0.000000,0,0.000,0.000,NO LASHING,NO BUNDLE,0,0,0,,,,0,1,1,1,0.945000,0.868581,689,230,0.513323,STAND LOCKED,,,,,,,,,,
493,16.433333,71.601,11.774,152,0,0,0.752873,0.000000,0.000000,0.000000,0.000000,0,0.000,0.000,NO BLACK,NO BUNDLE,0,0,0,,,,0,1,1,1,0.945000,0.868581,689,230,0.513323,STAND LOCKED,,,,,,,,,,
494,16.466667,68.430,11.467,275,0,151,0.788294,0.000000,0.823725,0.000000,0.000000,0,0.000,0.000,NO LASHING,NO BUNDLE,0,0,0,,,,0,1,1,1,0.945000,0.846816,683,233,0.453287,STAND LOCKED,,,,,,,,,,
495,16.500000,71.289,11.734,513,0,66,0.774025,0.000000,0.814188,0.000000,0.000000,0,0.000,0.000,NO LASHING,NO BUNDLE,0,0,0,,,,0,1,1,1,0.945000,0.846816,683,233,0.453287,STAND LOCKED,,,,,,,,,,
496,16.533333,66.661,11.465,419,0,23,0.785135,0.000000,0.745689,0.000000,0.000000,0,0.000,0.000,NO LASHING,NO BUNDLE,0,0,0,,,,0,1,1,1,0.987924,0.777753,658,207,0.469049,STAND LOCKED,,,,,,,,,,
497,16.566667,67.456,11.877,730,0,92,0.775958,0.000000,0.774876,0.000000,0.000000,0,0.000,0.000,NO LASHING,NO BUNDLE,0,0,0,,,,0,1,1,1,0.987924,0.777753,658,207,0.469049,STAND LOCKED,,,,,,,,,,
498,16.600000,66.530,11.636,509,0,137,0.761038,0.000000,0.787213,0.000000,0.000000,0,0.000,0.000,NO LASHING,NO BUNDLE,0,0,0,,,,0,1,1,1,0.945000,0.769362,649,187,0.434891,STAND LOCKED,,,,,,,,,,
499,16.633333,68.261,11.996,582,0,86,0.772275,0.000000,0.752001,0.000000,0.000000,0,0.000,0.000,NO LASHING,NO BUNDLE,0,0,0,,,,0,1,1,1,0.945000,0.769362,649,187,0.434891,STAND LOCKED,,,,,,,,,,
500,16.666667,69.861,11.684,156,0,152,0.733514,0.000000,0.807943,0.000000,0.000000,0,0.000,0.000,NO BLACK,NO BUNDLE,0,0,0,,,,0,1,1,1,0.739061,0.843578,729,240,0.311812,STAND LOCKED,,,,,,,,,,
501,16.700000,67.550,12.013,178,0,164,0.748987,0.000000,0.786213,0.000000,0.000000,0,0.000,0.000,NO BLACK,NO BUNDLE,0,0,0,,,,0,1,1,1,0.739061,0.843578,729,240,0.311812,STAND LOCKED,,,,,,,,,,
502,16.733333,68.866,11.739,287,0,165,0.749814,0.000000,0.804009,0.000000,0.000000,0,0.000,0.000,NO LASHING,NO BUNDLE,0,0,0,,,,0,1,1,1,0.945000,0.800597,685,217,0.398510,STAND LOCKED,,,,,,,,,,
503,16.766667,68.291,12.071,221,0,201,0.764031,0.000000,0.769968,0.000000,0.000000,0,0.000,0.000,NO BLACK,NO BUNDLE,0,0,0,,,,0,1,1,1,0.945000,0.800597,685,217,0.398510,STAND LOCKED,,,,,,,,,,
504,16.800000,68.979,11.767,754,12,84,0.756943,0.616243,0.782367,0.686593,0.000000,0,0.000,0.000,NO LASHING,NO BUNDLE,0,0,0,,,,0,1,1,1,0.945000,0.750069,665,197,0.449746,STAND LOCKED,,,,,,,,,,
505,16.833333,71.284,12.013,494,9,106,0.759762,0.638642,0.797439,0.699202,0.000000,0,0.000,0.000,NO LASHING,NO BUNDLE,0,0,0,,,,0,1,1,1,0.945000,0.750069,665,197,0.449746,STAND LOCKED,,,,,,,,,,
506,16.866667,67.890,11.751,541,22,6,0.750339,0.624973,0.711801,0.687656,0.000000,0,0.000,0.000,NO LASHING,NO BUNDLE,0,0,0,,,,0,1,1,0,0.945000,0.750069,665,197,0.449746,STAND TARGET JUMP REJECTED,,,,,,,,,,
507,16.900000,68.528,12.083,572,21,84,0.759984,0.623471,0.839907,0.691727,0.000000,0,0.000,0.000,NO LASHING,NO BUNDLE,0,0,0,,,,0,1,1,0,0.945000,0.750069,665,197,0.449746,STAND TARGET JUMP REJECTED,,,,,,,,,,
508,16.933333,67.872,11.765,141,0,149,0.734763,0.000000,0.810155,0.000000,0.000000,0,0.000,0.000,NO BLACK,NO BUNDLE,0,0,0,,,,0,1,1,1,1.000000,0.747663,665,170,0.422386,STAND LOCKED,,,,,,,,,,
509,16.966667,69.013,12.086,135,0,114,0.739768,0.000000,0.762955,0.000000,0.000000,0,0.000,0.000,NO BLACK,NO BUNDLE,0,0,0,,,,0,1,1,1,1.000000,0.747663,665,170,0.422386,STAND LOCKED,,,,,,,,,,
510,17.000000,69.928,11.799,352,0,33,0.778404,0.000000,0.780189,0.000000,0.000000,0,0.000,0.000,NO LASHING,NO BUNDLE,0,0,0,,,,0,1,1,1,0.945000,0.728574,651,181,0.469657,STAND LOCKED,,,,,,,,,,
511,17.033333,70.276,12.060,457,0,172,0.768511,0.000000,0.799928,0.000000,0.000000,0,0.000,0.000,NO LASHING,NO BUNDLE,0,0,0,,,,0,1,1,1,0.945000,0.728574,651,181,0.469657,STAND LOCKED,,,,,,,,,,
512,17.066667,69.637,11.749,424,4,111,0.766316,0.613366,0.808065,0.689841,0.000000,0,0.000,0.000,NO LASHING,NO BUNDLE,0,0,0,,,,0,1,1,1,0.945000,0.736893,683,179,0.477943,STAND LOCKED,,,,,,,,,,
513,17.100000,68.609,12.084,433,26,87,0.759089,0.652092,0.752951,0.705590,0.000000,0,0.000,0.000,NO LASHING,NO BUNDLE,0,0,0,,,,0,1,1,1,0.945000,0.736893,683,179,0.477943,STAND LOCKED,,,,,,,,,,
514,17.133333,66.603,11.820,836,0,20,0.792690,0.000000,0.752856,0.000000,0.000000,0,0.000,0.000,NO LASHING,NO BUNDLE,0,0,0,,,,0,1,1,1,0.945000,0.742046,686,184,0.490074,STAND LOCKED,,,,,,,,,,
515,17.166667,68.109,12.143,126,0,116,0.732652,0.000000,0.768747,0.000000,0.000000,0,0.000,0.000,NO BLACK,NO BUNDLE,0,0,0,,,,0,1,1,1,0.945000,0.742046,686,184,0.490074,STAND LOCKED,,,,,,,,,,
516,17.200000,67.872,11.786,303,1,7,0.767864,0.600998,0.721531,0.684431,0.000000,0,0.000,0.000,NO LASHING,NO BUNDLE,0,0,0,,,,0,1,1,1,0.945000,0.806667,704,184,0.484839,STAND LOCKED,,,,,,,,,,
517,17.233333,69.168,12.083,264,8,0,0.756043,0.638694,0.000000,0.697368,0.000000,0,0.000,0.000,NO LASHING,NO BUNDLE,0,0,0,,,,0,1,1,1,0.945000,0.806667,704,184,0.484839,STAND LOCKED,,,,,,,,,,
518,17.266667,66.022,11.825,17,0,0,0.719482,0.000000,0.000000,0.000000,0.000000,0,0.000,0.000,NO BLACK,NO BUNDLE,0,0,0,,,,0,1,1,1,0.833863,0.837003,770,244,0.380886,STAND LOCKED,,,,,,,,,,
519,17.300000,70.394,12.102,0,1,0,0.000000,0.608626,0.000000,0.000000,0.000000,0,0.000,0.000,NO BLACK,NO BUNDLE,0,0,0,,,,0,1,1,1,0.833863,0.837003,770,244,0.380886,STAND LOCKED,,,,,,,,,,
520,17.333333,72.613,11.667,105,1,0,0.744098,0.601757,0.000000,0.672927,0.000000,0,0.000,0.000,NO BLACK,NO BUNDLE,0,0,0,,,,0,1,1,1,1.000000,0.847110,729,225,0.470843,STAND LOCKED,,,,,,,,,,
521,17.366667,71.669,11.903,55,0,0,0.753556,0.000000,0.000000,0.000000,0.000000,0,0.000,0.000,NO BLACK,NO BUNDLE,0,0,0,,,,0,1,1,1,1.000000,0.847110,729,225,0.470843,STAND LOCKED,,,,,,,,,,
522,17.400000,67.831,11.580,27,0,0,0.721163,0.000000,0.000000,0.000000,0.000000,0,0.000,0.000,NO BLACK,NO BUNDLE,0,0,0,,,,0,1,1,1,0.884972,0.834277,717,315,0.370768,STAND LOCKED,,,,,,,,,,
523,17.433333,70.345,11.893,303,0,0,0.776259,0.000000,0.000000,0.000000,0.000000,0,0.000,0.000,NO LASHING,NO BUNDLE,0,0,0,,,,0,1,1,1,0.884972,0.834277,717,315,0.370768,STAND LOCKED,,,,,,,,,,
524,17.466667,67.818,11.653,230,0,0,0.762627,0.000000,0.000000,0.000000,0.000000,0,0.000,0.000,NO BLACK,NO BUNDLE,0,0,0,,,,0,1,1,1,0.877500,0.776768,782,364,0.385318,STAND LOCKED,,,,,,,,,,
525,17.500000,69.588,11.986,176,0,0,0.757427,0.000000,0.000000,0.000000,0.000000,0,0.000,0.000,NO BLACK,NO BUNDLE,0,0,0,,,,0,1,1,1,0.877500,0.776768,782,364,0.385318,STAND LOCKED,,,,,,,,,,
526,17.533333,68.949,11.695,21,0,0,0.714880,0.000000,0.000000,0.000000,0.000000,0,0.000,0.000,NO BLACK,NO BUNDLE,0,0,0,,,,0,1,1,1,0.855348,0.799177,837,414,0.378115,STAND LOCKED,,,,,,,,,,
527,17.566667,67.719,12.058,300,0,0,0.786968,0.000000,0.000000,0.000000,0.000000,0,0.000,0.000,NO LASHING,NO BUNDLE,0,0,0,,,,0,1,1,1,0.855348,0.799177,837,414,0.378115,STAND LOCKED,,,,,,,,,,
528,17.600000,67.263,11.783,108,0,0,0.743111,0.000000,0.000000,0.000000,0.000000,0,0.000,0.000,NO BLACK,NO BUNDLE,0,0,0,,,,0,1,1,1,0.945833,0.786266,847,408,0.494805,STAND LOCKED,,,,,,,,,,
529,17.633333,68.884,12.054,567,0,0,0.760725,0.000000,0.000000,0.000000,0.000000,0,0.000,0.000,NO LASHING,NO BUNDLE,0,0,0,,,,0,1,1,1,0.945833,0.786266,847,408,0.494805,STAND LOCKED,,,,,,,,,,
530,17.666667,68.428,11.716,414,0,0,0.773658,0.000000,0.000000,0.000000,0.000000,0,0.000,0.000,NO LASHING,NO BUNDLE,0,0,0,,,,0,1,1,1,0.876492,0.846613,852,352,0.416690,STAND LOCKED,,,,,,,,,,
531,17.700000,68.225,12.056,166,3,0,0.743441,0.611601,0.000000,0.677521,0.000000,0,0.000,0.000,NO BLACK,NO BUNDLE,0,0,0,,,,0,1,1,1,0.876492,0.846613,852,352,0.416690,STAND LOCKED,,,,,,,,,,
532,17.733333,69.446,11.726,0,0,0,0.000000,0.000000,0.000000,0.000000,0.000000,0,0.000,0.000,NO BLACK,NO BUNDLE,0,0,0,,,,0,1,1,1,0.914799,0.920346,811,282,0.376191,STAND LOCKED,,,,,,,,,,
533,17.766667,68.580,12.076,4,0,0,0.720261,0.000000,0.000000,0.000000,0.000000,0,0.000,0.000,NO BLACK,NO BUNDLE,0,0,0,,,,0,1,1,1,0.914799,0.920346,811,282,0.376191,STAND LOCKED,,,,,,,,,,
534,17.800000,67.552,11.718,2,0,0,0.712815,0.000000,0.000000,0.000000,0.000000,0,0.000,0.000,NO BLACK,NO BUNDLE,0,0,0,,,,0,1,1,1,1.000000,0.852273,799,250,0.434355,STAND LOCKED,,,,,,,,,,
535,17.833333,68.553,12.065,2,0,0,0.703993,0.000000,0.000000,0.000000,0.000000,0,0.000,0.000,NO BLACK,NO BUNDLE,0,0,0,,,,0,1,1,1,1.000000,0.852273,799,250,0.434355,STAND LOCKED,,,,,,,,,,
536,17.866667,66.552,11.670,27,0,0,0.732130,0.000000,0.000000,0.000000,0.000000,0,0.000,0.000,NO BLACK,NO BUNDLE,0,0,0,,,,0,1,1,1,1.000000,0.907296,771,257,0.486502,STAND LOCKED,,,,,,,,,,
537,17.900000,67.760,12.009,3,0,0,0.717417,0.000000,0.000000,0.000000,0.000000,0,0.000,0.000,NO BLACK,NO BUNDLE,0,0,0,,,,0,1,1,1,1.000000,0.907296,771,257,0.486502,STAND LOCKED,,,,,,,,,,
538,17.933333,68.471,11.593,0,0,7,0.000000,0.000000,0.744104,0.000000,0.000000,0,0.000,0.000,NO BLACK,NO BUNDLE,0,0,0,,,,0,1,1,1,0.982525,0.894182,750,298,0.454967,STAND LOCKED,,,,,,,,,,
539,17.966667,67.012,12.008,0,0,2,0.000000,0.000000,0.739638,0.000000,0.000000,0,0.000,0.000,NO BLACK,NO BUNDLE,0,0,0,,,,0,1,1,1,0.982525,0.894182,750,298,0.454967,STAND LOCKED,,,,,,,,,,
540,18.000000,68.835,11.633,0,0,0,0.000000,0.000000,0.000000,0.000000,0.000000,0,0.000,0.000,NO BLACK,NO BUNDLE,0,0,0,,,,0,1,1,1,0.908856,0.887968,712,284,0.347583,STAND LOCKED,,,,,,,,,,
541,18.033333,70.075,11.937,0,0,0,0.000000,0.000000,0.000000,0.000000,0.000000,0,0.000,0.000,NO BLACK,NO BUNDLE,0,0,0,,,,0,1,1,1,0.908856,0.887968,712,284,0.347583,STAND LOCKED,,,,,,,,,,
542,18.066667,67.838,11.630,14,0,0,0.711719,0.000000,0.000000,0.000000,0.000000,0,0.000,0.000,NO BLACK,NO BUNDLE,0,0,0,,,,0,1,1,1,1.000000,0.861073,709,284,0.500926,STAND LOCKED,,,,,,,,,,
543,18.100000,68.200,11.953,0,0,0,0.000000,0.000000,0.000000,0.000000,0.000000,0,0.000,0.000,NO BLACK,NO BUNDLE,0,0,0,,,,0,1,1,1,1.000000,0.861073,709,284,0.500926,STAND LOCKED,,,,,,,,,,
544,18.133333,71.241,11.559,27,0,0,0.718050,0.000000,0.000000,0.000000,0.000000,0,0.000,0.000,NO BLACK,NO BUNDLE,0,0,0,,,,0,1,1,1,0.909577,0.878977,672,265,0.365972,STAND LOCKED,,,,,,,,,,
545,18.166667,68.179,11.925,0,0,0,0.000000,0.000000,0.000000,0.000000,0.000000,0,0.000,0.000,NO BLACK,NO BUNDLE,0,0,0,,,,0,1,1,1,0.909577,0.878977,672,265,0.365972,STAND LOCKED,,,,,,,,,,
546,18.200000,66.898,11.595,87,0,0,0.760968,0.000000,0.000000,0.000000,0.000000,0,0.000,0.000,NO BLACK,NO BUNDLE,0,0,0,,,,0,1,1,1,1.000000,0.885128,696,245,0.373993,STAND LOCKED,,,,,,,,,,
547,18.233333,69.004,11.950,17,0,0,0.720470,0.000000,0.000000,0.000000,0.000000,0,0.000,0.000,NO BLACK,NO BUNDLE,0,0,0,,,,0,1,1,1,1.000000,0.885128,696,245,0.373993,STAND LOCKED,,,,,,,,,,
548,18.266667,69.864,11.577,8,0,0,0.705679,0.000000,0.000000,0.000000,0.000000,0,0.000,0.000,NO BLACK,NO BUNDLE,0,0,0,,,,0,1,1,1,0.785136,0.874210,663,247,0.295102,STAND LOCKED,,,,,,,,,,
549,18.300000,70.285,11.888,0,0,0,0.000000,0.000000,0.000000,0.000000,0.000000,0,0.000,0.000,NO BLACK,NO BUNDLE,0,0,0,,,,0,1,1,1,0.785136,0.874210,663,247,0.295102,STAND LOCKED,,,,,,,,,,
550,18.333333,67.498,11.621,2,0,0,0.710873,0.000000,0.000000,0.000000,0.000000,0,0.000,0.000,NO BLACK,NO BUNDLE,0,0,0,,,,0,1,1,1,1.000000,0.816294,650,251,0.385643,STAND LOCKED,,,,,,,,,,
551,18.366667,69.387,11.906,76,0,0,0.719524,0.000000,0.000000,0.000000,0.000000,0,0.000,0.000,NO BLACK,NO BUNDLE,0,0,0,,,,0,1,1,1,1.000000,0.816294,650,251,0.385643,STAND LOCKED,,,,,,,,,,
552,18.400000,67.640,11.591,0,0,0,0.000000,0.000000,0.000000,0.000000,0.000000,0,0.000,0.000,NO BLACK,NO BUNDLE,0,0,0,,,,0,1,1,1,1.000000,0.843055,680,241,0.444720,STAND LOCKED,,,,,,,,,,
553,18.433333,68.815,11.946,163,0,0,0.752064,0.000000,0.000000,0.000000,0.000000,0,0.000,0.000,NO BLACK,NO BUNDLE,0,0,0,,,,0,1,1,1,1.000000,0.843055,680,241,0.444720,STAND LOCKED,,,,,,,,,,
554,18.466667,67.795,11.575,169,0,0,0.768869,0.000000,0.000000,0.000000,0.000000,0,0.000,0.000,NO BLACK,NO BUNDLE,0,0,0,,,,0,1,1,1,0.945000,0.765754,624,237,0.550749,STAND LOCKED,,,,,,,,,,
555,18.500000,73.597,11.788,42,0,0,0.717881,0.000000,0.000000,0.000000,0.000000,0,0.000,0.000,NO BLACK,NO BUNDLE,0,0,0,,,,0,1,1,1,0.945000,0.765754,624,237,0.550749,STAND LOCKED,,,,,,,,,,
556,18.533333,65.332,11.494,11,0,0,0.718179,0.000000,0.000000,0.000000,0.000000,0,0.000,0.000,NO BLACK,NO BUNDLE,0,0,0,,,,0,1,1,1,0.806226,0.802593,608,207,0.391448,STAND LOCKED,,,,,,,,,,
557,18.566667,68.118,11.839,126,0,0,0.745629,0.000000,0.000000,0.000000,0.000000,0,0.000,0.000,NO BLACK,NO BUNDLE,0,0,0,,,,0,1,1,1,0.806226,0.802593,608,207,0.391448,STAND LOCKED,,,,,,,,,,
558,18.600000,72.382,11.514,47,0,0,0.723942,0.000000,0.000000,0.000000,0.000000,0,0.000,0.000,NO BLACK,NO BUNDLE,0,0,0,,,,0,1,1,1,0.945000,0.848471,592,234,0.440457,STAND LOCKED,,,,,,,,,,
559,18.633333,71.174,11.823,0,0,0,0.000000,0.000000,0.000000,0.000000,0.000000,0,0.000,0.000,NO BLACK,NO BUNDLE,0,0,0,,,,0,1,1,1,0.945000,0.848471,592,234,0.440457,STAND LOCKED,,,,,,,,,,
560,18.666667,67.759,11.586,5,0,0,0.718815,0.000000,0.000000,0.000000,0.000000,0,0.000,0.000,NO BLACK,NO BUNDLE,0,0,0,,,,0,1,1,0,0.945000,0.848471,592,234,0.440457,STAND TARGET JUMP REJECTED,,,,,,,,,,
561,18.700000,67.073,11.942,49,0,0,0.734502,0.000000,0.000000,0.000000,0.000000,0,0.000,0.000,NO BLACK,NO BUNDLE,0,0,0,,,,0,1,1,0,0.945000,0.848471,592,234,0.440457,STAND TARGET JUMP REJECTED,,,,,,,,,,
562,18.733333,68.371,11.673,162,0,0,0.745655,0.000000,0.000000,0.000000,0.000000,0,0.000,0.000,NO BLACK,NO BUNDLE,0,0,0,,,,0,1,1,0,0.945000,0.848471,592,234,0.440457,STAND TARGET JUMP REJECTED,,,,,,,,,,
563,18.766667,68.737,12.016,12,0,0,0.712119,0.000000,0.000000,0.000000,0.000000,0,0.000,0.000,NO BLACK,NO BUNDLE,0,0,0,,,,0,1,1,0,0.945000,0.848471,592,234,0.440457,STAND TARGET JUMP REJECTED,,,,,,,,,,
564,18.800000,68.866,11.751,67,0,0,0.727902,0.000000,0.000000,0.000000,0.000000,0,0.000,0.000,NO BLACK,NO BUNDLE,0,0,0,,,,0,1,1,1,0.904615,0.884486,601,240,0.570984,STAND LOCKED,,,,,,,,,,
565,18.833333,68.655,12.096,79,0,0,0.725929,0.000000,0.000000,0.000000,0.000000,0,0.000,0.000,NO BLACK,NO BUNDLE,0,0,0,,,,0,1,1,1,0.904615,0.884486,601,240,0.570984,STAND LOCKED,,,,,,,,,,
566,18.866667,66.474,11.817,31,0,0,0.715226,0.000000,0.000000,0.000000,0.000000,0,0.000,0.000,NO BLACK,NO BUNDLE,0,0,0,,,,0,1,1,0,0.904615,0.884486,601,240,0.570984,STAND TARGET JUMP REJECTED,,,,,,,,,,
567,18.900000,71.926,12.055,92,0,0,0.725116,0.000000,0.000000,0.000000,0.000000,0,0.000,0.000,NO BLACK,NO BUNDLE,0,0,0,,,,0,1,1,0,0.904615,0.884486,601,240,0.570984,STAND TARGET JUMP REJECTED,,,,,,,,,,
568,18.933333,66.988,11.725,39,0,0,0.715424,0.000000,0.000000,0.000000,0.000000,0,0.000,0.000,NO BLACK,NO BUNDLE,0,0,0,,,,0,1,1,1,0.886899,0.920979,517,264,0.449443,STAND LOCKED,,,,,,,,,,
569,18.966667,68.609,12.069,0,0,0,0.000000,0.000000,0.000000,0.000000,0.000000,0,0.000,0.000,NO BLACK,NO BUNDLE,0,0,0,,,,0,1,1,1,0.886899,0.920979,517,264,0.449443,STAND LOCKED,,,,,,,,,,
570,19.000000,68.628,11.694,12,0,0,0.711986,0.000000,0.000000,0.000000,0.000000,0,0.000,0.000,NO BLACK,NO BUNDLE,0,0,0,,,,0,1,1,1,0.945000,0.942412,524,209,0.451277,STAND LOCKED,,,,,,,,,,
571,19.033333,72.133,11.943,3,0,0,0.703850,0.000000,0.000000,0.000000,0.000000,0,0.000,0.000,NO BLACK,NO BUNDLE,0,0,0,,,,0,1,1,1,0.945000,0.942412,524,209,0.451277,STAND LOCKED,,,,,,,,,,
572,19.066667,70.516,11.529,0,0,0,0.000000,0.000000,0.000000,0.000000,0.000000,0,0.000,0.000,NO BLACK,NO BUNDLE,0,0,0,,,,0,1,1,1,0.939002,0.816448,588,296,0.334464,STAND LOCKED,,,,,,,,,,
573,19.100000,69.700,11.880,0,0,0,0.000000,0.000000,0.000000,0.000000,0.000000,0,0.000,0.000,NO BLACK,NO BUNDLE,0,0,0,,,,0,1,1,1,0.939002,0.816448,588,296,0.334464,STAND LOCKED,,,,,,,,,,
574,19.133333,68.532,11.678,0,0,0,0.000000,0.000000,0.000000,0.000000,0.000000,0,0.000,0.000,NO BLACK,NO BUNDLE,0,0,0,,,,0,1,1,1,0.790803,0.898321,593,271,0.312453,STAND LOCKED,,,,,,,,,,
575,19.166667,70.584,11.976,0,0,0,0.000000,0.000000,0.000000,0.000000,0.000000,0,0.000,0.000,NO BLACK,NO BUNDLE,0,0,0,,,,0,1,1,1,0.790803,0.898321,593,271,0.312453,STAND LOCKED,,,,,,,,,,
576,19.200000,69.619,11.633,0,0,0,0.000000,0.000000,0.000000,0.000000,0.000000,0,0.000,0.000,NO BLACK,NO BUNDLE,0,0,0,,,,0,1,1,1,0.945000,0.916545,540,230,0.346090,STAND LOCKED,,,,,,,,,,
577,19.233333,69.038,11.941,0,0,0,0.000000,0.000000,0.000000,0.000000,0.000000,0,0.000,0.000,NO BLACK,NO BUNDLE,0,0,0,,,,0,1,1,1,0.945000,0.916545,540,230,0.346090,STAND LOCKED,,,,,,,,,,
578,19.266667,69.375,11.590,0,0,0,0.000000,0.000000,0.000000,0.000000,0.000000,0,0.000,0.000,NO BLACK,NO BUNDLE,0,0,0,,,,0,1,1,1,0.830489,0.950066,589,163,0.301643,STAND LOCKED,,,,,,,,,,
579,19.300000,69.846,11.919,0,0,0,0.000000,0.000000,0.000000,0.000000,0.000000,0,0.000,0.000,NO BLACK,NO BUNDLE,0,0,0,,,,0,1,1,1,0.830489,0.950066,589,163,0.301643,STAND LOCKED,,,,,,,,,,
580,19.333333,71.269,11.608,0,0,0,0.000000,0.000000,0.000000,0.000000,0.000000,0,0.000,0.000,NO BLACK,NO BUNDLE,0,0,0,,,,0,1,1,1,0.813560,0.962522,622,216,0.302267,STAND LOCKED,,,,,,,,,,
581,19.366667,71.117,11.898,0,0,0,0.000000,0.000000,0.000000,0.000000,0.000000,0,0.000,0.000,NO BLACK,NO BUNDLE,0,0,0,,,,0,1,1,1,0.813560,0.962522,622,216,0.302267,STAND LOCKED,,,,,,,,,,
582,19.400000,68.246,11.560,0,0,0,0.000000,0.000000,0.000000,0.000000,0.000000,0,0.000,0.000,NO BLACK,NO BUNDLE,0,0,0,,,,0,1,1,0,0.813560,0.962522,622,216,0.302267,STAND TARGET JUMP REJECTED,,,,,,,,,,
583,19.433333,66.488,12.004,0,0,0,0.000000,0.000000,0.000000,0.000000,0.000000,0,0.000,0.000,NO BLACK,NO BUNDLE,0,0,0,,,,0,1,1,0,0.813560,0.962522,622,216,0.302267,STAND TARGET JUMP REJECTED,,,,,,,,,,
584,19.466667,67.913,11.632,0,0,0,0.000000,0.000000,0.000000,0.000000,0.000000,0,0.000,0.000,NO BLACK,NO BUNDLE,0,0,0,,,,0,1,1,1,0.945000,0.978887,676,215,0.454562,STAND LOCKED,,,,,,,,,,
585,19.500000,65.840,12.069,0,0,0,0.000000,0.000000,0.000000,0.000000,0.000000,0,0.000,0.000,NO BLACK,NO BUNDLE,0,0,0,,,,0,1,1,1,0.945000,0.978887,676,215,0.454562,STAND LOCKED,,,,,,,,,,
586,19.533333,67.303,11.656,0,0,0,0.000000,0.000000,0.000000,0.000000,0.000000,0,0.000,0.000,NO BLACK,NO BUNDLE,0,0,0,,,,0,1,1,0,0.945000,0.978887,676,215,0.454562,STAND TEMPORARILY LOST (1),,,,,,,,,,
587,19.566667,68.709,11.994,0,0,0,0.000000,0.000000,0.000000,0.000000,0.000000,0,0.000,0.000,NO BLACK,NO BUNDLE,0,0,0,,,,0,1,1,0,0.945000,0.978887,676,215,0.454562,STAND TEMPORARILY LOST (1),,,,,,,,,,
588,19.600000,68.129,11.579,0,0,0,0.000000,0.000000,0.000000,0.000000,0.000000,0,0.000,0.000,NO BLACK,NO BUNDLE,0,0,0,,,,0,1,1,1,0.938077,0.968257,729,219,0.542192,STAND LOCKED,,,,,,,,,,
589,19.633333,70.291,11.902,0,0,0,0.000000,0.000000,0.000000,0.000000,0.000000,0,0.000,0.000,NO BLACK,NO BUNDLE,0,0,0,,,,0,1,1,1,0.938077,0.968257,729,219,0.542192,STAND LOCKED,,,,,,,,,,
590,19.666667,69.276,11.379,0,0,0,0.000000,0.000000,0.000000,0.000000,0.000000,0,0.000,0.000,NO BLACK,NO BUNDLE,0,0,0,,,,0,1,1,1,1.000000,0.963108,745,242,0.632042,STAND LOCKED,,,,,,,,,,
591,19.700000,73.395,11.647,0,0,0,0.000000,0.000000,0.000000,0.000000,0.000000,0,0.000,0.000,NO BLACK,NO BUNDLE,0,0,0,,,,0,1,1,1,1.000000,0.963108,745,242,0.632042,STAND LOCKED,,,,,,,,,,
592,19.733333,66.720,11.270,0,0,0,0.000000,0.000000,0.000000,0.000000,0.000000,0,0.000,0.000,NO BLACK,NO BUNDLE,0,0,0,,,,0,1,1,1,0.945000,0.870524,731,270,0.725947,STAND LOCKED,,,,,,,,,,
593,19.766667,70.964,11.620,0,0,0,0.000000,0.000000,0.000000,0.000000,0.000000,0,0.000,0.000,NO BLACK,NO BUNDLE,0,0,0,,,,0,1,1,1,0.945000,0.870524,731,270,0.725947,STAND LOCKED,,,,,,,,,,
594,19.800000,71.041,11.220,0,0,0,0.000000,0.000000,0.000000,0.000000,0.000000,0,0.000,0.000,NO BLACK,NO BUNDLE,0,0,0,,,,0,1,1,1,0.945000,0.797052,691,304,0.825495,STAND LOCKED,,,,,,,,,,
595,19.833333,69.610,11.608,0,0,0,0.000000,0.000000,0.000000,0.000000,0.000000,0,0.000,0.000,NO BLACK,NO BUNDLE,0,0,0,,,,0,1,1,1,0.945000,0.797052,691,304,0.825495,STAND LOCKED,,,,,,,,,,
596,19.866667,71.133,11.292,172,0,0,0.750853,0.000000,0.000000,0.000000,0.000000,0,0.000,0.000,NO BLACK,NO BUNDLE,0,0,0,,,,0,1,1,1,0.912115,0.778276,793,327,0.695362,STAND LOCKED,,,,,,,,,,
597,19.900000,70.992,11.599,991,11,7,0.756640,0.623975,0.737342,0.690308,0.000000,0,0.000,0.000,NO LASHING,NO BUNDLE,0,0,0,,,,0,1,1,1,0.912115,0.778276,793,327,0.695362,STAND LOCKED,,,,,,,,,,
598,19.933333,70.756,11.163,598,90,14,0.741214,0.644643,0.733526,0.692928,0.000000,0,0.000,0.000,GEOMETRY FAIL,NO BUNDLE,0,0,0,,,,0,1,1,1,0.945000,0.836665,799,309,0.674232,STAND LOCKED,,,,,,,,,,
599,19.966667,68.433,11.594,0,0,1,0.000000,0.000000,0.701344,0.000000,0.000000,0,0.000,0.000,NO BLACK,NO BUNDLE,0,0,0,,,,0,1,1,1,0.945000,0.836665,799,309,0.674232,STAND LOCKED,,,,,,,,,,
600,20.000000,68.663,11.175,513,104,9,0.756546,0.653120,0.733091,0.704833,0.000000,0,0.000,0.000,NO VALID CONTACT,NO BUNDLE,0,0,0,,,,0,1,1,0,0.945000,0.836665,799,309,0.674232,STAND TARGET JUMP REJECTED,,,,,,,,,,
601,20.033333,69.245,11.536,242,0,0,0.808520,0.000000,0.000000,0.000000,0.000000,0,0.000,0.000,NO BLACK,NO BUNDLE,0,0,0,,,,0,1,1,0,0.945000,0.836665,799,309,0.674232,STAND TARGET JUMP REJECTED,,,,,,,,,,
602,20.066667,71.589,11.108,360,0,0,0.848042,0.000000,0.000000,0.000000,0.000000,0,0.000,0.000,NO LASHING,NO BUNDLE,0,0,0,,,,0,1,1,0,0.945000,0.836665,799,309,0.674232,STAND TARGET JUMP REJECTED,,,,,,,,,,
603,20.100000,69.417,11.511,8,0,0,0.734131,0.000000,0.000000,0.000000,0.000000,0,0.000,0.000,NO BLACK,NO BUNDLE,0,0,0,,,,0,1,1,0,0.945000,0.836665,799,309,0.674232,STAND TARGET JUMP REJECTED,,,,,,,,,,
604,20.133333,69.307,10.908,0,0,0,0.000000,0.000000,0.000000,0.000000,0.000000,0,0.000,0.000,NO BLACK,NO BUNDLE,0,0,0,,,,0,1,1,0,0.945000,0.836665,799,309,0.674232,STAND TARGET JUMP REJECTED,,,,,,,,,,
605,20.166667,68.107,11.378,12,0,0,0.742828,0.000000,0.000000,0.000000,0.000000,0,0.000,0.000,NO BLACK,NO BUNDLE,0,0,0,,,,0,1,1,0,0.945000,0.836665,799,309,0.674232,STAND TARGET JUMP REJECTED,,,,,,,,,,
606,20.200000,66.650,10.700,0,0,0,0.000000,0.000000,0.000000,0.000000,0.000000,0,0.000,0.000,NO BLACK,NO BUNDLE,0,0,0,,,,0,0,0,0,0.000000,0.000000,,,,WEAK STAND GEOMETRY,,,,,,,,,,
607,20.233333,70.188,10.212,249,0,0,0.794617,0.000000,0.000000,0.000000,0.000000,0,0.000,0.000,NO BLACK,NO BUNDLE,0,0,0,,,,0,0,0,0,0.000000,0.000000,,,,WEAK STAND GEOMETRY,,,,,,,,,,
608,20.266667,68.949,10.086,540,0,0,0.813777,0.000000,0.000000,0.000000,0.000000,0,0.000,0.000,NO LASHING,NO BUNDLE,0,0,0,,,,0,1,0,1,0.817074,0.711160,607,92,0.247222,ACQUIRING STAND 1/4,,,,,,,,,,
609,20.300000,68.658,10.615,132,0,0,0.754597,0.000000,0.000000,0.000000,0.000000,0,0.000,0.000,NO BLACK,NO BUNDLE,0,0,0,,,,0,1,0,1,0.817074,0.711160,607,92,0.247222,ACQUIRING STAND 1/4,,,,,,,,,,
610,20.333333,72.138,10.344,355,0,0,0.788319,0.000000,0.000000,0.000000,0.000000,0,0.000,0.000,NO LASHING,NO BUNDLE,0,0,0,,,,0,1,0,0,0.817074,0.711160,607,92,0.247222,STAND TEMPORARILY LOST (1),,,,,,,,,,
611,20.366667,72.042,10.777,213,0,0,0.807443,0.000000,0.000000,0.000000,0.000000,0,0.000,0.000,NO BLACK,NO BUNDLE,0,0,0,,,,0,1,0,0,0.817074,0.711160,607,92,0.247222,STAND TEMPORARILY LOST (1),,,,,,,,,,
612,20.400000,70.816,10.432,252,0,0,0.806352,0.000000,0.000000,0.000000,0.000000,0,0.000,0.000,NO LASHING,NO BUNDLE,0,0,0,,,,0,1,0,0,0.817074,0.711160,607,92,0.247222,STAND TEMPORARILY LOST (2),,,,,,,,,,
613,20.433333,65.574,11.048,2,0,67,0.702643,0.000000,0.839858,0.000000,0.000000,0,0.000,0.000,NO BLACK,NO BUNDLE,0,0,0,,,,0,1,0,0,0.817074,0.711160,607,92,0.247222,STAND TEMPORARILY LOST (2),,,,,,,,,,
614,20.466667,67.590,10.650,0,0,42,0.000000,0.000000,0.769757,0.000000,0.000000,0,0.000,0.000,NO BLACK,NO BUNDLE,0,0,0,,,,0,1,0,0,0.817074,0.711160,607,92,0.247222,STAND TEMPORARILY LOST (3),,,,,,,,,,
615,20.500000,68.368,11.161,0,0,0,0.000000,0.000000,0.000000,0.000000,0.000000,0,0.000,0.000,NO BLACK,NO BUNDLE,0,0,0,,,,0,1,0,0,0.817074,0.711160,607,92,0.247222,STAND TEMPORARILY LOST (3),,,,,,,,,,
616,20.533333,69.128,10.744,0,0,0,0.000000,0.000000,0.000000,0.000000,0.000000,0,0.000,0.000,NO BLACK,NO BUNDLE,0,0,0,,,,0,0,0,0,0.000000,0.000000,,,,NEED TWO DARK RAILS AND AN UPRIGHT,,,,,,,,,,
617,20.566667,70.873,10.331,0,0,0,0.000000,0.000000,0.000000,0.000000,0.000000,0,0.000,0.000,NO BLACK,NO BUNDLE,0,0,0,,,,0,0,0,0,0.000000,0.000000,,,,NEED TWO DARK RAILS AND AN UPRIGHT,,,,,,,,,,
618,20.600000,70.049,9.963,10,0,0,0.703306,0.000000,0.000000,0.000000,0.000000,0,0.000,0.000,NO BLACK,NO BUNDLE,0,0,0,,,,0,0,0,0,0.000000,0.000000,,,,NEED TWO DARK RAILS AND AN UPRIGHT,,,,,,,,,,
619,20.633333,69.262,9.682,0,0,0,0.000000,0.000000,0.000000,0.000000,0.000000,0,0.000,0.000,NO BLACK,NO BUNDLE,0,0,0,,,,0,0,0,0,0.000000,0.000000,,,,NEED TWO DARK RAILS AND AN UPRIGHT,,,,,,,,,,
620,20.666667,67.810,9.421,0,0,0,0.000000,0.000000,0.000000,0.000000,0.000000,0,0.000,0.000,NO BLACK,NO BUNDLE,0,0,0,,,,0,0,0,0,0.000000,0.000000,,,,NEED TWO DARK RAILS AND AN UPRIGHT,,,,,,,,,,
621,20.700000,69.322,9.229,0,0,0,0.000000,0.000000,0.000000,0.000000,0.000000,0,0.000,0.000,NO BLACK,NO BUNDLE,0,0,0,,,,0,0,0,0,0.000000,0.000000,,,,NEED TWO DARK RAILS AND AN UPRIGHT,,,,,,,,,,
622,20.733333,69.753,9.045,0,0,0,0.000000,0.000000,0.000000,0.000000,0.000000,0,0.000,0.000,NO BLACK,NO BUNDLE,0,0,0,,,,0,0,0,0,0.000000,0.000000,,,,NEED TWO DARK RAILS AND AN UPRIGHT,,,,,,,,,,
623,20.766667,68.070,8.901,0,0,0,0.000000,0.000000,0.000000,0.000000,0.000000,0,0.000,0.000,NO BLACK,NO BUNDLE,0,0,0,,,,0,0,0,0,0.000000,0.000000,,,,NEED TWO DARK RAILS AND AN UPRIGHT,,,,,,,,,,
624,20.800000,69.072,8.773,0,0,0,0.000000,0.000000,0.000000,0.000000,0.000000,0,0.000,0.000,NO BLACK,NO BUNDLE,0,0,0,,,,0,0,0,0,0.000000,0.000000,,,,NEED TWO DARK RAILS AND AN UPRIGHT,,,,,,,,,,
625,20.833333,71.577,8.646,0,0,0,0.000000,0.000000,0.000000,0.000000,0.000000,0,0.000,0.000,NO BLACK,NO BUNDLE,0,0,0,,,,0,0,0,0,0.000000,0.000000,,,,NEED TWO DARK RAILS AND AN UPRIGHT,,,,,,,,,,
626,20.866667,70.039,8.531,0,0,0,0.000000,0.000000,0.000000,0.000000,0.000000,0,0.000,0.000,NO BLACK,NO BUNDLE,0,0,0,,,,0,0,0,0,0.000000,0.000000,,,,NEED TWO DARK RAILS AND AN UPRIGHT,,,,,,,,,,
627,20.900000,68.504,8.454,0,0,0,0.000000,0.000000,0.000000,0.000000,0.000000,0,0.000,0.000,NO BLACK,NO BUNDLE,0,0,0,,,,0,0,0,0,0.000000,0.000000,,,,NEED TWO DARK RAILS AND AN UPRIGHT,,,,,,,,,,
628,20.933333,71.410,8.371,0,0,0,0.000000,0.000000,0.000000,0.000000,0.000000,0,0.000,0.000,NO BLACK,NO BUNDLE,0,0,0,,,,0,0,0,0,0.000000,0.000000,,,,NEED TWO DARK RAILS AND AN UPRIGHT,,,,,,,,,,
629,20.966667,68.956,8.301,0,0,0,0.000000,0.000000,0.000000,0.000000,0.000000,0,0.000,0.000,NO BLACK,NO BUNDLE,0,0,0,,,,0,0,0,0,0.000000,0.000000,,,,NEED TWO DARK RAILS AND AN UPRIGHT,,,,,,,,,,
630,21.000000,69.703,8.271,0,0,0,0.000000,0.000000,0.000000,0.000000,0.000000,0,0.000,0.000,NO BLACK,NO BUNDLE,0,0,0,,,,0,1,0,1,0.702222,0.840773,638,44,0.120833,ACQUIRING STAND 1/4,,,,,,,,,,
631,21.033333,70.636,9.051,0,0,0,0.000000,0.000000,0.000000,0.000000,0.000000,0,0.000,0.000,NO BLACK,NO BUNDLE,0,0,0,,,,0,1,0,1,0.702222,0.840773,638,44,0.120833,ACQUIRING STAND 1/4,,,,,,,,,,
632,21.066667,68.436,8.891,0,0,0,0.000000,0.000000,0.000000,0.000000,0.000000,0,0.000,0.000,NO BLACK,NO BUNDLE,0,0,0,,,,0,1,0,0,0.702222,0.840773,638,44,0.120833,STAND TEMPORARILY LOST (1),,,,,,,,,,
633,21.100000,68.982,9.656,0,0,0,0.000000,0.000000,0.000000,0.000000,0.000000,0,0.000,0.000,NO BLACK,NO BUNDLE,0,0,0,,,,0,1,0,0,0.702222,0.840773,638,44,0.120833,STAND TEMPORARILY LOST (1),,,,,,,,,,
634,21.133333,66.816,9.380,0,0,0,0.000000,0.000000,0.000000,0.000000,0.000000,0,0.000,0.000,NO BLACK,NO BUNDLE,0,0,0,,,,0,1,0,0,0.702222,0.840773,638,44,0.120833,STAND TEMPORARILY LOST (2),,,,,,,,,,
635,21.166667,73.323,9.952,0,0,0,0.000000,0.000000,0.000000,0.000000,0.000000,0,0.000,0.000,NO BLACK,NO BUNDLE,0,0,0,,,,0,1,0,0,0.702222,0.840773,638,44,0.120833,STAND TEMPORARILY LOST (2),,,,,,,,,,
636,21.200000,68.335,9.649,0,0,0,0.000000,0.000000,0.000000,0.000000,0.000000,0,0.000,0.000,NO BLACK,NO BUNDLE,0,0,0,,,,0,1,0,0,0.702222,0.840773,638,44,0.120833,STAND TEMPORARILY LOST (3),,,,,,,,,,
637,21.233333,70.474,10.222,0,0,0,0.000000,0.000000,0.000000,0.000000,0.000000,0,0.000,0.000,NO BLACK,NO BUNDLE,0,0,0,,,,0,1,0,0,0.702222,0.840773,638,44,0.120833,STAND TEMPORARILY LOST (3),,,,,,,,,,
638,21.266667,68.579,9.903,0,0,0,0.000000,0.000000,0.000000,0.000000,0.000000,0,0.000,0.000,NO BLACK,NO BUNDLE,0,0,0,,,,0,0,0,0,0.000000,0.000000,,,,NEED TWO DARK RAILS AND AN UPRIGHT,,,,,,,,,,
639,21.300000,72.056,9.555,0,0,0,0.000000,0.000000,0.000000,0.000000,0.000000,0,0.000,0.000,NO BLACK,NO BUNDLE,0,0,0,,,,0,0,0,0,0.000000,0.000000,,,,NEED TWO DARK RAILS AND AN UPRIGHT,,,,,,,,,,
640,21.333333,70.612,9.301,0,0,0,0.000000,0.000000,0.000000,0.000000,0.000000,0,0.000,0.000,NO BLACK,NO BUNDLE,0,0,0,,,,0,0,0,0,0.000000,0.000000,,,,NEED TWO DARK RAILS AND AN UPRIGHT,,,,,,,,,,
641,21.366667,69.394,9.113,0,0,0,0.000000,0.000000,0.000000,0.000000,0.000000,0,0.000,0.000,NO BLACK,NO BUNDLE,0,0,0,,,,0,0,0,0,0.000000,0.000000,,,,NEED TWO DARK RAILS AND AN UPRIGHT,,,,,,,,,,
642,21.400000,76.084,8.875,0,0,0,0.000000,0.000000,0.000000,0.000000,0.000000,0,0.000,0.000,NO BLACK,NO BUNDLE,0,0,0,,,,0,0,0,0,0.000000,0.000000,,,,NEED TWO DARK RAILS AND AN UPRIGHT,,,,,,,,,,
643,21.433333,68.551,8.744,0,0,0,0.000000,0.000000,0.000000,0.000000,0.000000,0,0.000,0.000,NO BLACK,NO BUNDLE,0,0,0,,,,0,0,0,0,0.000000,0.000000,,,,NEED TWO DARK RAILS AND AN UPRIGHT,,,,,,,,,,
644,21.466667,68.634,8.630,0,0,0,0.000000,0.000000,0.000000,0.000000,0.000000,0,0.000,0.000,NO BLACK,NO BUNDLE,0,0,0,,,,0,1,0,1,0.705938,0.830069,570,48,0.109722,ACQUIRING STAND 1/4,,,,,,,,,,
645,21.500000,67.841,9.455,0,0,0,0.000000,0.000000,0.000000,0.000000,0.000000,0,0.000,0.000,NO BLACK,NO BUNDLE,0,0,0,,,,0,1,0,1,0.705938,0.830069,570,48,0.109722,ACQUIRING STAND 1/4,,,,,,,,,,
646,21.533333,70.844,9.212,0,0,0,0.000000,0.000000,0.000000,0.000000,0.000000,0,0.000,0.000,NO BLACK,NO BUNDLE,0,0,0,,,,0,1,0,0,0.705938,0.830069,570,48,0.109722,STAND TEMPORARILY LOST (1),,,,,,,,,,
647,21.566667,70.177,9.866,0,0,0,0.000000,0.000000,0.000000,0.000000,0.000000,0,0.000,0.000,NO BLACK,NO BUNDLE,0,0,0,,,,0,1,0,0,0.705938,0.830069,570,48,0.109722,STAND TEMPORARILY LOST (1),,,,,,,,,,
648,21.600000,68.773,9.573,0,0,0,0.000000,0.000000,0.000000,0.000000,0.000000,0,0.000,0.000,NO BLACK,NO BUNDLE,0,0,0,,,,0,1,0,1,0.760878,0.837274,568,52,0.130347,ACQUIRING STAND 1/4,,,,,,,,,,
649,21.633333,71.662,10.157,0,0,0,0.000000,0.000000,0.000000,0.000000,0.000000,0,0.000,0.000,NO BLACK,NO BUNDLE,0,0,0,,,,0,1,0,1,0.760878,0.837274,568,52,0.130347,ACQUIRING STAND 1/4,,,,,,,,,,
650,21.666667,70.710,9.794,0,0,0,0.000000,0.000000,0.000000,0.000000,0.000000,0,0.000,0.000,NO BLACK,NO BUNDLE,0,0,0,,,,0,1,0,0,0.760878,0.837274,568,52,0.130347,STAND TEMPORARILY LOST (1),,,,,,,,,,
651,21.700000,69.826,10.394,0,0,0,0.000000,0.000000,0.000000,0.000000,0.000000,0,0.000,0.000,NO BLACK,NO BUNDLE,0,0,0,,,,0,1,0,0,0.760878,0.837274,568,52,0.130347,STAND TEMPORARILY LOST (1),,,,,,,,,,
652,21.733333,69.184,10.044,0,0,0,0.000000,0.000000,0.000000,0.000000,0.000000,0,0.000,0.000,NO BLACK,NO BUNDLE,0,0,0,,,,0,1,0,0,0.760878,0.837274,568,52,0.130347,STAND TEMPORARILY LOST (2),,,,,,,,,,
653,21.766667,70.337,10.589,0,0,0,0.000000,0.000000,0.000000,0.000000,0.000000,0,0.000,0.000,NO BLACK,NO BUNDLE,0,0,0,,,,0,1,0,0,0.760878,0.837274,568,52,0.130347,STAND TEMPORARILY LOST (2),,,,,,,,,,
654,21.800000,68.073,10.198,0,0,0,0.000000,0.000000,0.000000,0.000000,0.000000,0,0.000,0.000,NO BLACK,NO BUNDLE,0,0,0,,,,0,1,0,0,0.760878,0.837274,568,52,0.130347,STAND TEMPORARILY LOST (3),,,,,,,,,,
655,21.833333,68.461,10.779,0,0,0,0.000000,0.000000,0.000000,0.000000,0.000000,0,0.000,0.000,NO BLACK,NO BUNDLE,0,0,0,,,,0,1,0,0,0.760878,0.837274,568,52,0.130347,STAND TEMPORARILY LOST (3),,,,,,,,,,
656,21.866667,70.959,10.326,0,0,0,0.000000,0.000000,0.000000,0.000000,0.000000,0,0.000,0.000,NO BLACK,NO BUNDLE,0,0,0,,,,0,1,0,1,0.655274,0.753501,582,49,0.124351,ACQUIRING STAND 1/4,,,,,,,,,,
657,21.900000,73.982,10.731,0,0,0,0.000000,0.000000,0.000000,0.000000,0.000000,0,0.000,0.000,NO BLACK,NO BUNDLE,0,0,0,,,,0,1,0,1,0.655274,0.753501,582,49,0.124351,ACQUIRING STAND 1/4,,,,,,,,,,
658,21.933333,70.253,10.299,0,0,0,0.000000,0.000000,0.000000,0.000000,0.000000,0,0.000,0.000,NO BLACK,NO BUNDLE,0,0,0,,,,0,1,0,0,0.655274,0.753501,582,49,0.124351,STAND TEMPORARILY LOST (1),,,,,,,,,,
