frame,timestamp,inference_ms,processing_fps,black_pixels,lashing_pixels,messenger_pixels,black_confidence,lashing_confidence,messenger_confidence,bundle_confidence,contact_confidence,bundle_valid,messenger_intensity_mean,messenger_intensity_std,validation_reason,target_state,consecutive_valid_frames,target_found,target_locked,target_x,target_y,target_proximity,stale_frames,stand_found,stand_locked,stand_fresh,stand_confidence,stand_black_support,stand_x,stand_y,stand_proximity,stand_reason,pidnet_roi_x1,pidnet_roi_y1,pidnet_roi_x2,pidnet_roi_y2,mission_state,mission_reason,command_forward,command_right,command_down,command_yaw_rate
0,0.000000,313.059,2.712,26,0,0,0.725884,0.000000,0.000000,0.000000,0.000000,0,0.000,0.000,NO BLACK,NO BUNDLE,0,0,0,,,,0,0,0,0,0.000000,0.000000,,,,NEED TWO DARK RAILS AND AN UPRIGHT,,,,,,,,,,
1,0.033333,71.817,3.603,282,0,0,0.769530,0.000000,0.000000,0.000000,0.000000,0,0.000,0.000,NO BLACK,NO BUNDLE,0,0,0,,,,0,1,0,1,0.701628,0.723229,908,80,0.110185,ACQUIRING STAND 1/4,0,0,1920,1080,,,,,,
2,0.066667,71.652,4.409,388,0,0,0.777807,0.000000,0.000000,0.000000,0.000000,0,0.000,0.000,NO BLACK,NO BUNDLE,0,0,0,,,,0,1,0,0,0.701628,0.723229,908,80,0.110185,STAND TEMPORARILY LOST (1),0,0,1920,1080,,,,,,
3,0.100000,73.710,5.441,535,0,0,0.794261,0.000000,0.000000,0.000000,0.000000,0,0.000,0.000,NO BLACK,NO BUNDLE,0,0,0,,,,0,1,0,0,0.701628,0.723229,908,80,0.110185,STAND TEMPORARILY LOST (1),0,0,1920,1080,,,,,,
4,0.133333,71.839,6.003,540,0,0,0.796745,0.000000,0.000000,0.000000,0.000000,0,0.000,0.000,NO BLACK,NO BUNDLE,0,0,0,,,,0,1,0,0,0.701628,0.723229,908,80,0.110185,STAND TEMPORARILY LOST (2),0,0,1920,1080,,,,,,
5,0.166667,68.515,7.008,538,0,0,0.791486,0.000000,0.000000,0.000000,0.000000,0,0.000,0.000,NO BLACK,NO BUNDLE,0,0,0,,,,0,1,0,0,0.701628,0.723229,908,80,0.110185,STAND TEMPORARILY LOST (2),0,0,1920,1080,,,,,,
6,0.200000,72.144,7.263,520,0,0,0.791269,0.000000,0.000000,0.000000,0.000000,0,0.000,0.000,NO BLACK,NO BUNDLE,0,0,0,,,,0,1,0,0,0.701628,0.723229,908,80,0.110185,STAND TEMPORARILY LOST (3),0,0,1920,1080,,,,,,
7,0.233333,73.818,7.985,561,0,0,0.799795,0.000000,0.000000,0.000000,0.000000,0,0.000,0.000,NO BLACK,NO BUNDLE,0,0,0,,,,0,1,0,0,0.701628,0.723229,908,80,0.110185,STAND TEMPORARILY LOST (3),0,0,1920,1080,,,,,,
8,0.266667,73.195,8.142,486,0,0,0.787716,0.000000,0.000000,0.000000,0.000000,0,0.000,0.000,NO BLACK,NO BUNDLE,0,0,0,,,,0,0,0,0,0.000000,0.000000,,,,NEED TWO DARK RAILS AND AN UPRIGHT,0,0,1920,1080,,,,,,
9,0.300000,69.295,8.357,417,0,0,0.780306,0.000000,0.000000,0.000000,0.000000,0,0.000,0.000,NO BLACK,NO BUNDLE,0,0,0,,,,0,1,0,1,0.711150,0.706436,742,72,0.133333,ACQUIRING STAND 1/4,0,0,1920,1080,,,,,,
10,0.333333,71.741,8.466,355,0,0,0.773969,0.000000,0.000000,0.000000,0.000000,0,0.000,0.000,NO BLACK,NO BUNDLE,0,0,0,,,,0,1,0,0,0.711150,0.706436,742,72,0.133333,STAND TEMPORARILY LOST (1),0,0,1920,1080,,,,,,
11,0.366667,70.327,9.072,389,0,0,0.778169,0.000000,0.000000,0.000000,0.000000,0,0.000,0.000,NO BLACK,NO BUNDLE,0,0,0,,,,0,1,0,0,0.711150,0.706436,742,72,0.133333,STAND TEMPORARILY LOST (1),0,0,1920,1080,,,,,,
12,0.400000,70.642,9.099,620,0,0,0.800098,0.000000,0.000000,0.000000,0.000000,0,0.000,0.000,NO LASHING,NO BUNDLE,0,0,0,,,,0,1,0,0,0.711150,0.706436,742,72,0.133333,STAND TEMPORARILY LOST (2),0,0,1920,1080,,,,,,
13,0.433333,69.340,9.609,704,0,0,0.804552,0.000000,0.000000,0.000000,0.000000,0,0.000,0.000,NO LASHING,NO BUNDLE,0,0,0,,,,0,1,0,0,0.711150,0.706436,742,72,0.133333,STAND TEMPORARILY LOST (2),0,0,1920,1080,,,,,,
14,0.466667,71.946,9.485,713,0,0,0.804709,0.000000,0.000000,0.000000,0.000000,0,0.000,0.000,NO LASHING,NO BUNDLE,0,0,0,,,,0,1,0,0,0.711150,0.706436,742,72,0.133333,STAND TEMPORARILY LOST (3),0,0,1920,1080,,,,,,
15,0.500000,70.936,9.912,700,0,0,0.805276,0.000000,0.000000,0.000000,0.000000,0,0.000,0.000,NO LASHING,NO BUNDLE,0,0,0,,,,0,1,0,0,0.711150,0.706436,742,72,0.133333,STAND TEMPORARILY LOST (3),0,0,1920,1080,,,,,,
16,0.533333,70.772,9.805,751,0,0,0.807105,0.000000,0.000000,0.000000,0.000000,0,0.000,0.000,NO LASHING,NO BUNDLE,0,0,0,,,,0,0,0,0,0.000000,0.000000,,,,NEED TWO DARK RAILS AND AN UPRIGHT,0,0,1920,1080,,,,,,
17,0.566667,68.675,9.713,661,0,0,0.801879,0.000000,0.000000,0.000000,0.000000,0,0.000,0.000,NO LASHING,NO BUNDLE,0,0,0,,,,0,1,0,1,0.691790,0.755479,740,78,0.106481,ACQUIRING STAND 1/4,0,0,1920,1080,,,,,,
18,0.600000,72.399,9.586,686,0,0,0.803575,0.000000,0.000000,0.000000,0.000000,0,0.000,0.000,NO LASHING,NO BUNDLE,0,0,0,,,,0,1,0,0,0.691790,0.755479,740,78,0.106481,STAND TEMPORARILY LOST (1),0,0,1920,1080,,,,,,
19,0.633333,71.979,9.937,692,0,0,0.801634,0.000000,0.000000,0.000000,0.000000,0,0.000,0.000,NO LASHING,NO BUNDLE,0,0,0,,,,0,1,0,0,0.691790,0.755479,740,78,0.106481,STAND TEMPORARILY LOST (1),0,0,1920,1080,,,,,,
20,0.666667,74.048,9.797,671,0,0,0.799979,0.000000,0.000000,0.000000,0.000000,0,0.000,0.000,NO LASHING,NO BUNDLE,0,0,0,,,,0,1,0,0,0.691790,0.755479,740,78,0.106481,STAND TEMPORARILY LOST (2),0,0,1920,1080,,,,,,
21,0.700000,71.890,10.181,626,0,0,0.797799,0.000000,0.000000,0.000000,0.000000,0,0.000,0.000,NO LASHING,NO BUNDLE,0,0,0,,,,0,1,0,0,0.691790,0.755479,740,78,0.106481,STAND TEMPORARILY LOST (2),0,0,1920,1080,,,,,,
22,0.733333,71.655,10.035,518,0,0,0.791536,0.000000,0.000000,0.000000,0.000000,0,0.000,0.000,NO BLACK,NO BUNDLE,0,0,0,,,,0,1,0,0,0.691790,0.755479,740,78,0.106481,STAND TEMPORARILY LOST (3),0,0,1920,1080,,,,,,
23,0.766667,67.772,10.420,542,0,0,0.792222,0.000000,0.000000,0.000000,0.000000,0,0.000,0.000,NO BLACK,NO BUNDLE,0,0,0,,,,0,1,0,0,0.691790,0.755479,740,78,0.106481,STAND TEMPORARILY LOST (3),0,0,1920,1080,,,,,,
24,0.800000,69.719,10.284,628,0,0,0.797147,0.000000,0.000000,0.000000,0.000000,0,0.000,0.000,NO LASHING,NO BUNDLE,0,0,0,,,,0,0,0,0,0.000000,0.000000,,,,NEED TWO DARK RAILS AND AN UPRIGHT,0,0,1920,1080,,,,,,
25,0.833333,67.168,10.175,693,0,0,0.797682,0.000000,0.000000,0.000000,0.000000,0,0.000,0.000,NO LASHING,NO BUNDLE,0,0,0,,,,0,0,0,0,0.000000,0.000000,,,,NEED TWO DARK RAILS AND AN UPRIGHT,0,0,1920,1080,,,,,,
26,0.866667,67.808,10.087,734,0,0,0.799638,0.000000,0.000000,0.000000,0.000000,0,0.000,0.000,NO LASHING,NO BUNDLE,0,0,0,,,,0,0,0,0,0.000000,0.000000,,,,NEED TWO DARK RAILS AND AN UPRIGHT,0,0,1920,1080,,,,,,
27,0.900000,67.387,10.031,816,0,0,0.799707,0.000000,0.000000,0.000000,0.000000,0,0.000,0.000,NO LASHING,NO BUNDLE,0,0,0,,,,0,0,0,0,0.000000,0.000000,,,,NEED TWO DARK RAILS AND AN UPRIGHT,0,0,1920,1080,,,,,,
28,0.933333,70.539,9.876,827,0,0,0.803540,0.000000,0.000000,0.000000,0.000000,0,0.000,0.000,NO LASHING,NO BUNDLE,0,0,0,,,,0,0,0,0,0.000000,0.000000,,,,NEED TWO DARK RAILS AND AN UPRIGHT,0,0,1920,1080,,,,,,
29,0.966667,74.911,9.754,737,0,0,0.803214,0.000000,0.000000,0.000000,0.000000,0,0.000,0.000,NO LASHING,NO BUNDLE,0,0,0,,,,0,0,0,0,0.000000,0.000000,,,,NEED TWO DARK RAILS AND AN UPRIGHT,,,,,,,,,,
30,1.000000,70.452,9.616,827,0,0,0.804092,0.000000,0.000000,0.000000,0.000000,0,0.000,0.000,NO LASHING,NO BUNDLE,0,0,0,,,,0,1,0,1,0.705885,0.653299,932,76,0.118519,ACQUIRING STAND 1/4,0,0,1920,1080,,,,,,
31,1.033333,70.791,10.034,677,0,0,0.800969,0.000000,0.000000,0.000000,0.000000,0,0.000,0.000,NO LASHING,NO BUNDLE,0,0,0,,,,0,1,0,1,0.705885,0.653299,932,76,0.118519,ACQUIRING STAND 1/4,0,0,1920,1080,,,,,,
32,1.066667,71.861,9.859,651,0,0,0.800236,0.000000,0.000000,0.000000,0.000000,0,0.000,0.000,NO LASHING,NO BUNDLE,0,0,0,,,,0,1,0,0,0.705885,0.653299,932,76,0.118519,STAND TEMPORARILY LOST (1),0,0,1920,1080,,,,,,
33,1.100000,71.790,10.185,651,0,0,0.802057,0.000000,0.000000,0.000000,0.000000,0,0.000,0.000,NO LASHING,NO BUNDLE,0,0,0,,,,0,1,0,0,0.705885,0.653299,932,76,0.118519,STAND TEMPORARILY LOST (1),0,0,1920,1080,,,,,,
34,1.133333,68.057,10.077,711,0,0,0.808322,0.000000,0.000000,0.000000,0.000000,0,0.000,0.000,NO LASHING,NO BUNDLE,0,0,0,,,,0,1,0,0,0.705885,0.653299,932,76,0.118519,STAND TEMPORARILY LOST (2),0,0,1920,1080,,,,,,
35,1.166667,70.167,10.395,657,0,0,0.801222,0.000000,0.000000,0.000000,0.000000,0,0.000,0.000,NO LASHING,NO BUNDLE,0,0,0,,,,0,1,0,0,0.705885,0.653299,932,76,0.118519,STAND TEMPORARILY LOST (2),0,0,1920,1080,,,,,,
36,1.200000,71.708,10.229,524,0,0,0.792969,0.000000,0.000000,0.000000,0.000000,0,0.000,0.000,NO BLACK,NO BUNDLE,0,0,0,,,,0,1,0,0,0.705885,0.653299,932,76,0.118519,STAND TEMPORARILY LOST (3),0,0,1920,1080,,,,,,
37,1.233333,72.621,10.504,779,0,0,0.810126,0.000000,0.000000,0.000000,0.000000,0,0.000,0.000,NO LASHING,NO BUNDLE,0,0,0,,,,0,1,0,0,0.705885,0.653299,932,76,0.118519,STAND TEMPORARILY LOST (3),0,0,1920,1080,,,,,,
38,1.266667,69.851,10.318,648,0,0,0.802019,0.000000,0.000000,0.000000,0.000000,0,0.000,0.000,NO LASHING,NO BUNDLE,0,0,0,,,,0,0,0,0,0.000000,0.000000,,,,NEED TWO DARK RAILS AND AN UPRIGHT,0,0,1920,1080,,,,,,
39,1.300000,69.612,10.145,542,0,0,0.795428,0.000000,0.000000,0.000000,0.000000,0,0.000,0.000,NO BLACK,NO BUNDLE,0,0,0,,,,0,0,0,0,0.000000,0.000000,,,,NEED TWO DARK RAILS AND AN UPRIGHT,0,0,1920,1080,,,,,,
40,1.333333,69.213,10.060,567,0,0,0.800775,0.000000,0.000000,0.000000,0.000000,0,0.000,0.000,NO LASHING,NO BUNDLE,0,0,0,,,,0,0,0,0,0.000000,0.000000,,,,NEED TWO DARK RAILS AND AN UPRIGHT,0,0,1920,1080,,,,,,
41,1.366667,72.288,9.944,526,0,0,0.798391,0.000000,0.000000,0.000000,0.000000,0,0.000,0.000,NO BLACK,NO BUNDLE,0,0,0,,,,0,0,0,0,0.000000,0.000000,,,,NEED TWO DARK RAILS AND AN UPRIGHT,0,0,1920,1080,,,,,,
42,1.400000,71.218,9.787,495,0,0,0.793553,0.000000,0.000000,0.000000,0.000000,0,0.000,0.000,NO BLACK,NO BUNDLE,0,0,0,,,,0,0,0,0,0.000000,0.000000,,,,NEED TWO DARK RAILS AND AN UPRIGHT,0,0,1920,1080,,,,,,
43,1.433333,69.475,9.736,408,0,0,0.784448,0.000000,0.000000,0.000000,0.000000,0,0.000,0.000,NO BLACK,NO BUNDLE,0,0,0,,,,0,0,0,0,0.000000,0.000000,,,,NEED TWO DARK RAILS AND AN UPRIGHT,0,0,1920,1080,,,,,,
44,1.466667,71.413,9.681,457,0,0,0.791145,0.000000,0.000000,0.000000,0.000000,0,0.000,0.000,NO BLACK,NO BUNDLE,0,0,0,,,,0,0,0,0,0.000000,0.000000,,,,NEED TWO DARK RAILS AND AN UPRIGHT,0,0,1920,1080,,,,,,
45,1.500000,71.246,9.626,422,0,0,0.785630,0.000000,0.000000,0.000000,0.000000,0,0.000,0.000,NO BLACK,NO BUNDLE,0,0,0,,,,0,0,0,0,0.000000,0.000000,,,,NEED TWO DARK RAILS AND AN UPRIGHT,0,0,1920,1080,,,,,,
46,1.533333,71.413,9.553,225,0,0,0.773839,0.000000,0.000000,0.000000,0.000000,0,0.000,0.000,NO BLACK,NO BUNDLE,0,0,0,,,,0,1,0,1,0.692797,0.639567,592,96,0.140741,ACQUIRING STAND 1/4,0,0,1907,1073,,,,,,
47,1.566667,74.014,9.915,332,0,0,0.772598,0.000000,0.000000,0.000000,0.000000,0,0.000,0.000,NO BLACK,NO BUNDLE,0,0,0,,,,0,1,0,1,0.692797,0.639567,592,96,0.140741,ACQUIRING STAND 1/4,0,0,1897,1068,,,,,,
48,1.600000,70.276,9.811,109,0,0,0.733168,0.000000,0.000000,0.000000,0.000000,0,0.000,0.000,NO BLACK,NO BUNDLE,0,0,0,,,,0,1,0,0,0.692797,0.639567,592,96,0.140741,STAND TEMPORARILY LOST (1),0,0,1890,1064,,,,,,
49,1.633333,72.014,10.203,645,0,0,0.788463,0.000000,0.000000,0.000000,0.000000,0,0.000,0.000,NO LASHING,NO BUNDLE,0,0,0,,,,0,1,0,0,0.692797,0.639567,592,96,0.140741,STAND TEMPORARILY LOST (1),0,0,1884,1060,,,,,,
50,1.666667,72.448,10.074,307,0,0,0.771903,0.000000,0.000000,0.000000,0.000000,0,0.000,0.000,NO BLACK,NO BUNDLE,0,0,0,,,,0,1,0,0,0.692797,0.639567,592,96,0.140741,STAND TEMPORARILY LOST (2),0,0,1879,1057,,,,,,
51,1.700000,72.648,10.425,780,0,0,0.810369,0.000000,0.000000,0.000000,0.000000,0,0.000,0.000,NO LASHING,NO BUNDLE,0,0,0,,,,0,1,0,0,0.692797,0.639567,592,96,0.140741,STAND TEMPORARILY LOST (2),0,0,1875,1055,,,,,,
52,1.733333,71.654,10.255,928,0,0,0.812858,0.000000,0.000000,0.000000,0.000000,0,0.000,0.000,NO LASHING,NO BUNDLE,0,0,0,,,,0,1,0,0,0.692797,0.639567,592,96,0.140741,STAND TEMPORARILY LOST (3),0,0,1872,1053,,,,,,
53,1.766667,74.642,10.444,1096,0,0,0.832141,0.000000,0.000000,0.000000,0.000000,0,0.000,0.000,NO LASHING,NO BUNDLE,0,0,0,,,,0,1,0,0,0.692797,0.639567,592,96,0.140741,STAND TEMPORARILY LOST (3),0,0,1870,1052,,,,,,
54,1.800000,69.975,10.221,1014,0,0,0.831068,0.000000,0.000000,0.000000,0.000000,0,0.000,0.000,NO LASHING,NO BUNDLE,0,0,0,,,,0,0,0,0,0.000000,0.000000,,,,NEED TWO DARK RAILS AND AN UPRIGHT,0,0,1870,1052,,,,,,
55,1.833333,72.230,10.075,798,0,0,0.794481,0.000000,0.000000,0.000000,0.000000,0,0.000,0.000,NO LASHING,NO BUNDLE,0,0,0,,,,0,1,0,1,0.632505,0.608356,574,72,0.111111,ACQUIRING STAND 1/4,0,0,1812,1019,,,,,,
56,1.866667,70.531,9.969,359,0,0,0.797799,0.000000,0.000000,0.000000,0.000000,0,0.000,0.000,NO BLACK,NO BUNDLE,0,0,0,,,,0,1,0,0,0.632505,0.608356,574,72,0.111111,STAND TEMPORARILY LOST (1),0,0,1767,994,,,,,,
57,1.900000,70.629,10.389,384,0,0,0.776727,0.000000,0.000000,0.000000,0.000000,0,0.000,0.000,NO BLACK,NO BUNDLE,0,0,0,,,,0,1,0,0,0.632505,0.608356,574,72,0.111111,STAND TEMPORARILY LOST (1),0,0,1732,974,,,,,,
58,1.933333,69.283,10.232,495,0,0,0.793476,0.000000,0.000000,0.000000,0.000000,0,0.000,0.000,NO BLACK,NO BUNDLE,0,0,0,,,,0,1,0,0,0.632505,0.608356,574,72,0.111111,STAND TEMPORARILY LOST (2),0,0,1704,959,,,,,,
59,1.966667,73.124,10.587,599,0,0,0.798045,0.000000,0.000000,0.000000,0.000000,0,0.000,0.000,NO LASHING,NO BUNDLE,0,0,0,,,,0,1,0,0,0.632505,0.608356,574,72,0.111111,STAND TEMPORARILY LOST (2),,,,,,,,,,
60,2.000000,71.165,10.413,300,0,0,0.745796,0.000000,0.000000,0.000000,0.000000,0,0.000,0.000,NO BLACK,NO BUNDLE,0,0,0,,,,0,1,0,0,0.632505,0.608356,574,72,0.111111,STAND TEMPORARILY LOST (3),0,0,1666,938,,,,,,
61,2.033333,73.021,10.681,198,0,0,0.741902,0.000000,0.000000,0.000000,0.000000,0,0.000,0.000,NO BLACK,NO BUNDLE,0,0,0,,,,0,1,0,0,0.632505,0.608356,574,72,0.111111,STAND TEMPORARILY LOST (3),0,0,1653,931,,,,,,
62,2.066667,68.795,10.476,573,0,0,0.808908,0.000000,0.000000,0.000000,0.000000,0,0.000,0.000,NO LASHING,NO BUNDLE,0,0,0,,,,0,1,0,1,0.731446,0.628223,793,80,0.137593,ACQUIRING STAND 1/4,0,0,1712,964,,,,,,
63,2.100000,71.896,10.763,425,0,0,0.796460,0.000000,0.000000,0.000000,0.000000,0,0.000,0.000,NO BLACK,NO BUNDLE,0,0,0,,,,0,1,0,1,0.731446,0.628223,793,80,0.137593,ACQUIRING STAND 1/4,0,0,1758,990,,,,,,
64,2.133333,68.705,10.540,88,0,0,0.742747,0.000000,0.000000,0.000000,0.000000,0,0.000,0.000,NO BLACK,NO BUNDLE,0,0,0,,,,0,1,0,0,0.731446,0.628223,793,80,0.137593,STAND TEMPORARILY LOST (1),0,0,1794,1010,,,,,,
65,2.166667,72.878,10.728,784,0,0,0.787595,0.000000,0.000000,0.000000,0.000000,0,0.000,0.000,NO LASHING,NO BUNDLE,0,0,0,,,,0,1,0,0,0.731446,0.628223,793,80,0.137593,STAND TEMPORARILY LOST (1),0,0,1822,1025,,,,,,
66,2.200000,65.196,10.556,70,0,0,0.718838,0.000000,0.000000,0.000000,0.000000,0,0.000,0.000,NO BLACK,NO BUNDLE,0,0,0,,,,0,1,0,0,0.731446,0.628223,793,80,0.137593,STAND TEMPORARILY LOST (2),0,0,1844,1037,,,,,,
67,2.233333,71.496,10.806,349,0,0,0.762968,0.000000,0.000000,0.000000,0.000000,0,0.000,0.000,NO BLACK,NO BUNDLE,0,0,0,,,,0,1,0,0,0.731446,0.628223,793,80,0.137593,STAND TEMPORARILY LOST (2),0,0,1861,1046,,,,,,
68,2.266667,67.957,10.596,942,0,0,0.826926,0.000000,0.000000,0.000000,0.000000,0,0.000,0.000,NO LASHING,NO BUNDLE,0,0,0,,,,0,1,0,0,0.731446,0.628223,793,80,0.137593,STAND TEMPORARILY LOST (3),0,0,1874,1053,,,,,,
69,2.300000,71.643,10.837,622,0,0,0.787048,0.000000,0.000000,0.000000,0.000000,0,0.000,0.000,NO LASHING,NO BUNDLE,0,0,0,,,,0,1,0,0,0.731446,0.628223,793,80,0.137593,STAND TEMPORARILY LOST (3),0,0,1884,1059,,,,,,
70,2.333333,68.195,10.678,354,0,0,0.773975,0.000000,0.000000,0.000000,0.000000,0,0.000,0.000,NO BLACK,NO BUNDLE,0,0,0,,,,0,0,0,0,0.000000,0.000000,,,,NEED TWO DARK RAILS AND AN UPRIGHT,0,0,1884,1059,,,,,,
71,2.366667,71.197,10.467,18,0,0,0.710812,0.000000,0.000000,0.000000,0.000000,0,0.000,0.000,NO BLACK,NO BUNDLE,0,0,0,,,,0,0,0,0,0.000000,0.000000,,,,NEED TWO DARK RAILS AND AN UPRIGHT,0,0,1884,1059,,,,,,
72,2.400000,68.990,10.344,0,0,0,0.000000,0.000000,0.000000,0.000000,0.000000,0,0.000,0.000,NO BLACK,NO BUNDLE,0,0,0,,,,0,0,0,0,0.000000,0.000000,,,,NEED TWO DARK RAILS AND AN UPRIGHT,0,0,1884,1059,,,,,,
73,2.433333,66.850,10.271,156,0,0,0.741652,0.000000,0.000000,0.000000,0.000000,0,0.000,0.000,NO BLACK,NO BUNDLE,0,0,0,,,,0,0,0,0,0.000000,0.000000,,,,NEED TWO DARK RAILS AND AN UPRIGHT,0,0,1884,1059,,,,,,
74,2.466667,69.314,10.135,773,0,0,0.759592,0.000000,0.000000,0.000000,0.000000,0,0.000,0.000,NO LASHING,NO BUNDLE,0,0,0,,,,0,0,0,0,0.000000,0.000000,,,,NEED TWO DARK RAILS AND AN UPRIGHT,0,0,1884,1059,,,,,,
75,2.500000,66.909,10.036,547,0,0,0.792655,0.000000,0.000000,0.000000,0.000000,0,0.000,0.000,NO BLACK,NO BUNDLE,0,0,0,,,,0,0,0,0,0.000000,0.000000,,,,NEED TWO DARK RAILS AND AN UPRIGHT,0,0,1884,1059,,,,,,
76,2.533333,73.213,9.892,1041,0,20,0.822627,0.000000,0.715067,0.000000,0.000000,0,0.000,0.000,NO LASHING,NO BUNDLE,0,0,0,,,,0,0,0,0,0.000000,0.000000,,,,NEED TWO DARK RAILS AND AN UPRIGHT,0,0,1884,1059,,,,,,
77,2.566667,68.574,9.913,222,0,28,0.747334,0.000000,0.721601,0.000000,0.000000,0,0.000,0.000,NO BLACK,NO BUNDLE,0,0,0,,,,0,0,0,0,0.000000,0.000000,,,,NEED TWO DARK RAILS AND AN UPRIGHT,0,0,1884,1059,,,,,,
78,2.600000,71.140,9.957,973,0,481,0.768824,0.000000,0.826663,0.000000,0.000000,0,0.000,0.000,NO LASHING,NO BUNDLE,0,0,0,,,,0,1,0,1,0.828241,0.785160,728,148,0.274074,ACQUIRING STAND 1/4,0,0,1892,1064,,,,,,
79,2.633333,67.679,10.331,129,0,70,0.720983,0.000000,0.724174,0.000000,0.000000,0,0.000,0.000,NO BLACK,NO BUNDLE,0,0,0,,,,0,1,0,1,0.828241,0.785160,728,148,0.274074,ACQUIRING STAND 1/4,0,0,1898,1068,,,,,,
80,2.666667,67.810,10.144,1260,172,69,0.799369,0.688055,0.791076,0.743712,0.000000,0,0.000,0.000,GEOMETRY FAIL,NO BUNDLE,0,0,0,,,,0,1,0,1,0.999904,0.710739,798,217,0.402407,ACQUIRING STAND 2/4,0,0,1903,1071,,,,,,
81,2.700000,70.103,10.511,161,434,0,0.789983,0.684419,0.000000,0.737201,0.000000,0,0.000,0.000,NO BLACK,NO BUNDLE,0,0,0,,,,0,1,0,1,0.999904,0.710739,798,217,0.402407,ACQUIRING STAND 2/4,0,0,1907,1073,,,,,,
82,2.733333,72.434,10.505,333,6,0,0.771470,0.622614,0.000000,0.697042,0.000000,0,0.000,0.000,NO BLACK,NO BUNDLE,0,0,0,,,,0,1,0,1,0.818990,0.717983,786,356,0.404139,ACQUIRING STAND 3/4,0,0,1877,1056,,,,,,
83,2.766667,67.037,10.585,2814,178,92,0.868199,0.659890,0.765404,0.764044,0.000000,0,0.000,0.000,GEOMETRY FAIL,NO BUNDLE,0,0,0,,,,0,1,0,1,0.818990,0.717983,786,356,0.404139,ACQUIRING STAND 3/4,0,0,1853,1043,,,,,,
84,2.800000,72.457,10.299,1286,163,647,0.785323,0.672307,0.826661,0.728815,0.000000,0,0.000,0.000,GEOMETRY FAIL,NO BUNDLE,0,0,0,,,,0,1,0,0,0.818990,0.717983,786,356,0.404139,STAND TEMPORARILY LOST (1),0,0,1835,1032,,,,,,
85,2.833333,66.013,10.406,1554,159,0,0.796760,0.634153,0.000000,0.715456,0.000000,0,0.000,0.000,GEOMETRY FAIL,NO BUNDLE,0,0,0,,,,0,1,0,0,0.818990,0.717983,786,356,0.404139,STAND TEMPORARILY LOST (1),0,0,1821,1024,,,,,,
86,2.866667,72.414,9.983,5955,2469,0,0.855016,0.686907,0.000000,0.770962,0.000000,0,0.000,0.000,COMPONENTS TOO FAR,NO BUNDLE,0,0,0,,,,0,1,0,0,0.818990,0.717983,786,356,0.404139,STAND TEMPORARILY LOST (2),0,0,1810,1018,,,,,,
87,2.900000,68.130,9.878,3046,3392,0,0.802366,0.721987,0.000000,0.762177,0.000000,0,0.000,0.000,GEOMETRY FAIL,NO BUNDLE,0,0,0,,,,0,1,0,0,0.818990,0.717983,786,356,0.404139,STAND TEMPORARILY LOST (2),0,0,1801,1013,,,,,,
88,2.933333,65.515,9.569,4928,4920,54,0.846088,0.725902,0.766376,0.785995,0.000000,0,0.000,0.000,GEOMETRY FAIL,NO BUNDLE,0,0,0,,,,0,1,0,1,0.758329,0.656592,688,480,0.452788,ACQUIRING STAND 2/4,0,0,1780,1001,,,,,,
89,2.966667,70.326,9.459,5678,6612,0,0.825215,0.741673,0.000000,0.783444,0.000000,0,0.000,0.000,GEOMETRY FAIL,NO BUNDLE,0,0,0,,,,0,1,0,1,0.758329,0.656592,688,480,0.452788,ACQUIRING STAND 2/4,,,,,,,,,,
90,3.000000,70.827,9.155,4915,4083,13,0.834102,0.739108,0.725321,0.786605,0.000000,0,0.000,0.000,GEOMETRY FAIL,NO BUNDLE,0,0,0,,,,0,1,0,1,0.797853,0.636774,675,586,0.440051,ACQUIRING STAND 3/4,0,0,1798,1011,,,,,,
91,3.033333,69.721,9.169,5141,4701,0,0.844024,0.745875,0.000000,0.794950,0.000000,0,0.000,0.000,COMPONENTS TOO FAR,NO BUNDLE,0,0,0,,,,0,1,0,1,0.797853,0.636774,675,586,0.440051,ACQUIRING STAND 3/4,0,0,1825,1026,,,,,,
92,3.066667,70.423,8.904,2977,5106,0,0.823861,0.746036,0.000000,0.784949,0.000000,0,0.000,0.000,GEOMETRY FAIL,NO BUNDLE,0,0,0,,,,0,1,1,1,0.945000,0.651009,758,570,0.576403,STAND LOCKED,0,0,1846,1038,,,,,,
93,3.100000,68.542,8.839,2803,5939,175,0.807720,0.751483,0.787923,0.779601,0.000000,0,0.000,0.000,GEOMETRY FAIL,NO BUNDLE,0,0,0,,,,0,1,1,1,0.945000,0.651009,758,570,0.576403,STAND LOCKED,0,0,1862,1047,,,,,,
94,3.133333,72.851,8.684,3744,5508,175,0.855211,0.750663,0.805095,0.802937,0.000000,0,0.000,0.000,COMPONENTS TOO FAR,NO BUNDLE,0,0,0,,,,0,1,1,1,0.817895,0.655900,657,578,0.613316,STAND LOCKED,0,0,1875,1054,,,,,,
95,3.166667,69.306,8.737,3961,5969,64,0.846262,0.742572,0.746107,0.794417,0.000000,0,0.000,0.000,GEOMETRY FAIL,NO BUNDLE,0,0,0,,,,0,1,1,1,0.817895,0.655900,657,578,0.613316,STAND LOCKED,0,0,1885,1060,,,,,,
96,3.200000,68.914,8.529,2441,5760,0,0.792700,0.749887,0.000000,0.771293,0.000000,0,0.000,0.000,GEOMETRY FAIL,NO BUNDLE,0,0,0,,,,0,1,1,1,0.890816,0.753321,715,556,0.696131,STAND LOCKED,0,0,1893,1064,,,,,,
97,3.233333,70.708,8.565,3897,6487,2,0.820487,0.752875,0.715411,0.786681,0.000000,0,0.000,0.000,GEOMETRY FAIL,NO BUNDLE,0,0,0,,,,0,1,1,1,0.890816,0.753321,715,556,0.696131,STAND LOCKED,0,0,1899,1068,,,,,,
98,3.266667,65.755,8.400,3942,5836,0,0.811191,0.759570,0.000000,0.785380,0.000000,0,0.000,0.000,GEOMETRY FAIL,NO BUNDLE,0,0,0,,,,0,1,1,1,0.974878,0.802395,943,564,0.707935,STAND LOCKED,0,0,1904,1071,,,,,,
99,3.300000,68.481,8.581,2945,6167,0,0.781852,0.765031,0.000000,0.773442,0.000000,0,0.000,0.000,GEOMETRY FAIL,NO BUNDLE,0,0,0,,,,0,1,1,1,0.974878,0.802395,943,564,0.707935,STAND LOCKED,0,0,1908,1073,,,,,,
100,3.333333,68.649,8.415,4707,6113,0,0.832032,0.740736,0.000000,0.786384,0.000000,0,0.000,0.000,COMPONENTS TOO FAR,NO BUNDLE,0,0,0,,,,0,1,1,1,0.937642,0.712197,868,574,0.683200,STAND LOCKED,0,0,1911,1075,,,,,,
101,3.366667,68.843,8.603,2736,6516,0,0.802786,0.741647,0.000000,0.772217,0.000000,0,0.000,0.000,GEOMETRY FAIL,NO BUNDLE,0,0,0,,,,0,1,1,1,0.937642,0.712197,868,574,0.683200,STAND LOCKED,0,0,1913,1076,,,,,,
102,3.400000,69.710,8.480,3207,5812,0,0.814071,0.747440,0.000000,0.780756,0.000000,0,0.000,0.000,GEOMETRY FAIL,NO BUNDLE,0,0,0,,,,0,1,1,1,0.742188,0.733947,986,590,0.647116,STAND LOCKED,0,0,1915,1077,,,,,,
103,3.433333,70.759,8.652,2073,6026,0,0.792163,0.743989,0.000000,0.768076,0.000000,0,0.000,0.000,GEOMETRY FAIL,NO BUNDLE,0,0,0,,,,0,1,1,1,0.742188,0.733947,986,590,0.647116,STAND LOCKED,0,0,1916,1078,,,,,,
104,3.466667,72.166,8.438,1327,4243,0,0.810864,0.737227,0.000000,0.774045,0.000000,0,0.000,0.000,GEOMETRY FAIL,NO BUNDLE,0,0,0,,,,0,1,1,1,0.945000,0.705141,854,599,0.659906,STAND LOCKED,0,0,1917,1078,,,,,,
105,3.500000,68.380,8.714,2575,512,80,0.848500,0.663572,0.799062,0.756036,0.000000,0,0.000,0.000,COMPONENTS TOO FAR,NO BUNDLE,0,0,0,,,,0,1,1,1,0.945000,0.705141,854,599,0.659906,STAND LOCKED,0,0,1918,1078,,,,,,
106,3.533333,68.991,8.581,3122,1813,0,0.819681,0.697009,0.000000,0.758345,0.000000,0,0.000,0.000,COMPONENTS TOO FAR,NO BUNDLE,0,0,0,,,,0,1,1,1,0.945000,0.692402,844,538,0.668208,STAND LOCKED,0,0,1918,1078,,,,,,
107,3.566667,70.842,8.743,3250,3899,0,0.788753,0.732897,0.000000,0.760825,0.000000,0,0.000,0.000,GEOMETRY FAIL,NO BUNDLE,0,0,0,,,,0,1,1,1,0.945000,0.692402,844,538,0.668208,STAND LOCKED,0,0,1918,1078,,,,,,
108,3.600000,68.642,8.506,3361,3519,5,0.812815,0.715982,0.747508,0.764398,0.000000,0,0.000,0.000,GEOMETRY FAIL,NO BUNDLE,0,0,0,,,,0,1,1,1,0.911048,0.656257,781,517,0.665323,STAND LOCKED,0,0,1918,1078,,,,,,
109,3.633333,69.806,8.614,3272,2013,0,0.824067,0.709571,0.000000,0.766819,0.000000,0,0.000,0.000,GEOMETRY FAIL,NO BUNDLE,0,0,0,,,,0,1,1,1,0.911048,0.656257,781,517,0.665323,STAND LOCKED,0,0,1918,1078,,,,,,
110,3.666667,69.220,8.551,3074,549,0,0.830080,0.667536,0.000000,0.748808,0.000000,0,0.000,0.000,COMPONENTS TOO FAR,NO BUNDLE,0,0,0,,,,0,1,1,1,0.896923,0.666817,840,502,0.647219,STAND LOCKED,0,0,1918,1078,,,,,,
111,3.700000,72.393,8.596,3260,1986,0,0.816038,0.675865,0.000000,0.745951,0.000000,0,0.000,0.000,COMPONENTS TOO FAR,NO BUNDLE,0,0,0,,,,0,1,1,1,0.896923,0.666817,840,502,0.647219,STAND LOCKED,0,0,1918,1078,,,,,,
112,3.733333,67.184,8.488,2432,794,0,0.775096,0.662124,0.000000,0.718610,0.000000,0,0.000,0.000,COMPONENTS TOO FAR,NO BUNDLE,0,0,0,,,,0,1,1,1,0.948658,0.707394,789,496,0.643656,STAND LOCKED,0,0,1918,1078,,,,,,
113,3.766667,70.952,9.049,2775,0,0,0.815767,0.000000,0.000000,0.000000,0.000000,0,0.000,0.000,NO LASHING,NO BUNDLE,0,0,0,,,,0,1,1,1,0.948658,0.707394,789,496,0.643656,STAND LOCKED,0,0,1918,1078,,,,,,
114,3.800000,66.686,9.156,3382,0,0,0.852756,0.000000,0.000000,0.000000,0.000000,0,0.000,0.000,NO LASHING,NO BUNDLE,0,0,0,,,,0,1,1,1,0.837188,0.721433,769,481,0.656821,STAND LOCKED,0,0,1918,1078,,,,,,
115,3.833333,70.454,9.314,2710,1030,0,0.828440,0.753605,0.000000,0.791022,0.000000,0,0.000,0.000,COMPONENTS TOO FAR,NO BUNDLE,0,0,0,,,,0,1,1,1,0.837188,0.721433,769,481,0.656821,STAND LOCKED,0,0,1918,1078,,,,,,
116,3.866667,68.054,9.087,2511,337,45,0.838730,0.693613,0.789641,0.766171,0.000000,0,0.000,0.000,COMPONENTS TOO FAR,NO BUNDLE,0,0,0,,,,0,1,1,0,0.837188,0.721433,769,481,0.656821,STAND TEMPORARILY LOST (1),0,0,1918,1078,,,,,,
117,3.900000,64.261,9.687,3263,55,0,0.827830,0.638572,0.000000,0.733201,0.000000,0,0.000,0.000,NO LASHING,NO BUNDLE,0,0,0,,,,0,1,1,0,0.837188,0.721433,769,481,0.656821,STAND TEMPORARILY LOST (1),0,0,1918,1078,,,,,,
118,3.933333,68.455,9.512,624,212,0,0.750730,0.669642,0.000000,0.710186,0.000000,0,0.000,0.000,GEOMETRY FAIL,NO BUNDLE,0,0,0,,,,0,1,1,1,0.812877,0.708003,721,480,0.588903,STAND LOCKED,0,0,1904,1070,,,,,,
119,3.966667,71.317,9.624,1983,300,0,0.803491,0.728413,0.000000,0.765952,0.000000,0,0.000,0.000,COMPONENTS TOO FAR,NO BUNDLE,0,0,0,,,,0,1,1,1,0.812877,0.708003,721,480,0.588903,STAND LOCKED,,,,,,,,,,
120,4.000000,64.833,9.355,2852,2456,253,0.902052,0.713307,0.824690,0.807680,0.000000,0,0.000,0.000,COMPONENTS TOO FAR,NO BUNDLE,0,0,0,,,,0,1,1,1,0.871851,0.641294,694,335,0.433571,STAND LOCKED,0,0,1889,1062,,,,,,
121,4.033333,66.577,9.294,5358,2984,509,0.862106,0.746779,0.779962,0.804442,0.000000,0,0.000,0.000,COMPONENTS TOO FAR,NO BUNDLE,0,0,0,,,,0,1,1,1,0.871851,0.641294,694,335,0.433571,STAND LOCKED,0,0,1885,1060,,,,,,
122,4.066667,67.373,8.990,1915,2028,290,0.789230,0.719306,0.775747,0.754268,0.000000,0,0.000,0.000,COMPONENTS TOO FAR,NO BUNDLE,0,0,0,,,,0,1,1,1,0.898704,0.605930,762,358,0.539876,STAND LOCKED,0,0,1893,1064,,,,,,
123,4.100000,66.141,9.050,4828,2392,593,0.892177,0.793290,0.807512,0.842734,0.000000,0,0.000,0.000,COMPONENTS TOO FAR,NO BUNDLE,0,0,0,,,,0,1,1,1,0.898704,0.605930,762,358,0.539876,STAND LOCKED,0,0,1899,1068,,,,,,
124,4.133333,71.481,8.773,2594,3393,52,0.835556,0.787322,0.745597,0.811439,0.000000,0,0.000,0.000,GEOMETRY FAIL,NO BUNDLE,0,0,0,,,,0,1,1,1,0.967632,0.605931,806,383,0.644240,STAND LOCKED,0,0,1904,1071,,,,,,
125,4.166667,66.841,8.942,2488,3281,12,0.835125,0.791009,0.724910,0.813067,0.000000,0,0.000,0.000,COMPONENTS TOO FAR,NO BUNDLE,0,0,0,,,,0,1,1,1,0.967632,0.605931,806,383,0.644240,STAND LOCKED,0,0,1908,1073,,,,,,
126,4.200000,68.288,8.733,3093,2851,0,0.825953,0.746047,0.000000,0.786000,0.000000,0,0.000,0.000,GEOMETRY FAIL,NO BUNDLE,0,0,0,,,,0,1,1,1,0.909436,0.613343,836,400,0.712084,STAND LOCKED,0,0,1911,1075,,,,,,
127,4.233333,66.603,8.893,3544,2974,440,0.881760,0.758212,0.795510,0.819986,0.000000,0,0.000,0.000,COMPONENTS TOO FAR,NO BUNDLE,0,0,0,,,,0,1,1,1,0.909436,0.613343,836,400,0.712084,STAND LOCKED,0,0,1913,1076,,,,,,
128,4.266667,69.113,8.771,1791,1371,0,0.824578,0.704100,0.000000,0.764339,0.000000,0,0.000,0.000,COMPONENTS TOO FAR,NO BUNDLE,0,0,0,,,,0,1,1,1,0.915045,0.607525,1063,419,0.729882,STAND LOCKED,0,0,1915,1077,,,,,,
129,4.300000,72.127,8.503,5728,3079,508,0.815622,0.723596,0.843885,0.769609,0.000000,0,0.000,0.000,GEOMETRY FAIL,NO BUNDLE,0,0,0,,,,0,1,1,1,0.915045,0.607525,1063,419,0.729882,STAND LOCKED,0,0,1916,1078,,,,,,
130,4.333333,70.097,8.138,7514,3419,316,0.832036,0.752924,0.750871,0.792480,0.000000,0,0.000,0.000,GEOMETRY FAIL,NO BUNDLE,0,0,0,,,,0,1,1,1,0.931875,0.619503,1023,398,0.662521,STAND LOCKED,0,0,1917,1078,,,,,,
131,4.366667,71.322,8.145,8241,3982,817,0.832024,0.751424,0.800692,0.791724,0.000000,0,0.000,0.000,GEOMETRY FAIL,NO BUNDLE,0,0,0,,,,0,1,1,1,0.931875,0.619503,1023,398,0.662521,STAND LOCKED,0,0,1918,1078,,,,,,
132,4.400000,67.982,7.954,8782,4086,1173,0.851937,0.783802,0.812670,0.817870,0.000000,0,0.000,0.000,GEOMETRY FAIL,NO BUNDLE,0,0,0,,,,0,1,1,1,0.928811,0.641768,936,454,0.737625,STAND LOCKED,0,0,1918,1078,,,,,,
133,4.433333,76.087,7.842,11849,4140,854,0.866061,0.774026,0.815354,0.820044,0.000000,0,0.000,0.000,GEOMETRY FAIL,NO BUNDLE,0,0,0,,,,0,1,1,1,0.928811,0.641768,936,454,0.737625,STAND LOCKED,0,0,1918,1078,,,,,,
134,4.466667,68.410,7.559,12080,3383,1700,0.835291,0.772975,0.825522,0.804133,0.000000,0,0.000,0.000,GEOMETRY FAIL,NO BUNDLE,0,0,0,,,,0,1,1,1,0.919897,0.624523,948,485,0.826931,STAND LOCKED,0,0,1918,1078,,,,,,
135,4.500000,71.208,7.422,15636,995,2315,0.866229,0.681671,0.852630,0.773950,0.000000,0,0.000,0.000,GEOMETRY FAIL,NO BUNDLE,0,0,0,,,,0,1,1,1,0.919897,0.624523,948,485,0.826931,STAND LOCKED,0,0,1918,1078,,,,,,
136,4.533333,69.864,7.343,16220,666,814,0.866000,0.699928,0.879514,0.782964,0.000000,0,0.000,0.000,GEOMETRY FAIL,NO BUNDLE,0,0,0,,,,0,1,1,1,0.882043,0.583933,957,528,0.881378,STAND LOCKED,0,0,1918,1078,,,,,,
137,4.566667,73.187,7.253,17690,1168,1457,0.860960,0.734304,0.871084,0.797632,0.000000,0,0.000,0.000,GEOMETRY FAIL,NO BUNDLE,0,0,0,,,,0,1,1,1,0.882043,0.583933,957,528,0.881378,STAND LOCKED,0,0,1918,1078,,,,,,
138,4.600000,71.061,6.938,19691,3888,1417,0.866621,0.742135,0.000000,0.804378,0.850162,1,0.000,0.000,VALID,CANDIDATE,1,1,0,786,932,834.000,0,1,1,1,0.958856,0.597312,943,375,0.626805,STAND LOCKED,0,0,1918,1078,,,,,,
139,4.633333,62.020,6.654,18394,5460,1141,0.847676,0.701184,0.000000,0.774430,0.730804,1,0.000,0.000,TARGET JUMP,CANDIDATE,1,1,0,821,984,488.000,0,1,1,1,0.958856,0.597312,943,375,0.626805,STAND LOCKED,32,18,1918,1078,,,,,,
140,4.666667,64.890,7.159,4759,14,306,0.821927,0.607577,0.784621,0.714752,0.000000,0,0.000,0.000,NO LASHING,NO BUNDLE,0,0,0,,,,0,1,1,1,0.861073,0.555668,894,446,0.664007,STAND LOCKED,85,114,1783,1068,,,,,,
141,4.700000,64.931,8.126,10646,0,2,0.859830,0.000000,0.702157,0.000000,0.000000,0,0.000,0.000,NO LASHING,NO BUNDLE,0,0,0,,,,0,1,1,1,0.861073,0.555668,894,446,0.664007,STAND LOCKED,85,114,1783,1068,,,,,,
142,4.733333,63.533,8.376,9461,0,8,0.859832,0.000000,0.721288,0.000000,0.000000,0,0.000,0.000,NO LASHING,NO BUNDLE,0,0,0,,,,0,1,1,1,0.983544,0.606288,884,400,0.667507,STAND LOCKED,85,114,1783,1068,,,,,,
143,4.766667,63.688,8.642,8880,578,1,0.869934,0.692805,0.707505,0.781369,0.000000,0,0.000,0.000,COMPONENTS TOO FAR,NO BUNDLE,0,0,0,,,,0,1,1,1,0.983544,0.606288,884,400,0.667507,STAND LOCKED,85,114,1783,1068,,,,,,
144,4.800000,63.346,8.586,9237,353,17,0.879113,0.650697,0.756212,0.764905,0.000000,0,0.000,0.000,GEOMETRY FAIL,NO BUNDLE,0,0,0,,,,0,1,1,1,0.914171,0.603591,905,463,0.717971,STAND LOCKED,85,114,1783,1068,,,,,,
145,4.833333,63.147,9.329,10288,0,0,0.862939,0.000000,0.000000,0.000000,0.000000,0,0.000,0.000,NO LASHING,NO BUNDLE,0,0,0,,,,0,1,1,1,0.914171,0.603591,905,463,0.717971,STAND LOCKED,85,114,1783,1068,,,,,,
146,4.866667,62.829,9.460,7054,28,0,0.854772,0.667357,0.000000,0.761065,0.000000,0,0.000,0.000,NO LASHING,NO BUNDLE,0,0,0,,,,0,1,1,1,1.000000,0.632505,939,494,0.852716,STAND LOCKED,85,114,1783,1068,,,,,,
147,4.900000,64.821,10.068,8570,118,4,0.893281,0.680390,0.721763,0.786835,0.000000,0,0.000,0.000,NO LASHING,NO BUNDLE,0,0,0,,,,0,1,1,1,1.000000,0.632505,939,494,0.852716,STAND LOCKED,85,114,1783,1068,,,,,,
148,4.933333,65.641,9.974,5746,69,0,0.835753,0.662609,0.000000,0.749181,0.000000,0,0.000,0.000,NO LASHING,NO BUNDLE,0,0,0,,,,0,1,1,1,0.968998,0.615239,936,532,0.905204,STAND LOCKED,85,114,1783,1068,,,,,,
149,4.966667,63.487,10.647,11105,0,51,0.858138,0.000000,0.724916,0.000000,0.000000,0,0.000,0.000,NO LASHING,NO BUNDLE,0,0,0,,,,0,1,1,1,0.968998,0.615239,936,532,0.905204,STAND LOCKED,,,,,,,,,,
150,5.000000,61.950,9.578,10632,4686,0,0.793710,0.755303,0.000000,0.774506,0.724185,1,0.000,0.000,VALID,CANDIDATE,1,1,0,999,985,277.000,0,1,1,1,0.896635,0.592410,888,535,0.955305,STAND LOCKED,85,114,1783,1068,,,,,,
151,5.033333,65.586,9.376,7778,5082,60,0.855087,0.770536,0.755348,0.812812,0.000000,0,0.000,0.000,GEOMETRY FAIL,NO BUNDLE,0,0,0,,,,0,1,1,1,0.896635,0.592410,888,535,0.955305,STAND LOCKED,182,205,1710,1064,,,,,,
152,5.066667,62.970,9.447,4896,84,0,0.844429,0.641965,0.000000,0.743197,0.000000,0,0.000,0.000,NO LASHING,NO BUNDLE,0,0,0,,,,0,1,1,1,0.954440,0.584570,844,543,0.965628,STAND LOCKED,182,205,1710,1064,,,,,,
153,5.100000,66.313,10.052,4556,0,25,0.856587,0.000000,0.742810,0.000000,0.000000,0,0.000,0.000,NO LASHING,NO BUNDLE,0,0,0,,,,0,1,1,1,0.954440,0.584570,844,543,0.965628,STAND LOCKED,182,205,1710,1064,,,,,,
154,5.133333,64.468,9.674,8726,448,0,0.845817,0.784595,0.000000,0.815206,0.000000,0,0.000,0.000,GEOMETRY FAIL,NO BUNDLE,0,0,0,,,,0,1,1,1,0.973504,0.597576,896,545,0.962125,STAND LOCKED,182,205,1710,1064,,,,,,
155,5.166667,65.217,9.623,5684,960,55,0.818730,0.701570,0.744024,0.760150,0.000000,0,0.000,0.000,GEOMETRY FAIL,NO BUNDLE,0,0,0,,,,0,1,1,1,0.973504,0.597576,896,545,0.962125,STAND LOCKED,182,205,1710,1064,,,,,,
156,5.200000,66.963,9.340,4199,273,11,0.843241,0.640579,0.726526,0.741910,0.000000,0,0.000,0.000,GEOMETRY FAIL,NO BUNDLE,0,0,0,,,,0,1,1,1,0.984310,0.612801,1029,542,0.978882,STAND LOCKED,182,205,1710,1064,,,,,,
157,5.233333,71.204,9.791,4438,91,79,0.806040,0.625345,0.735620,0.715692,0.000000,0,0.000,0.000,NO LASHING,NO BUNDLE,0,0,0,,,,0,1,1,1,0.984310,0.612801,1029,542,0.978882,STAND LOCKED,182,205,1710,1064,,,,,,
158,5.266667,68.954,9.460,2270,409,77,0.789056,0.715042,0.738580,0.752049,0.000000,0,0.000,0.000,GEOMETRY FAIL,NO BUNDLE,0,0,0,,,,0,1,1,1,1.000000,0.643388,989,564,0.943645,STAND LOCKED,182,205,1710,1064,,,,,,
159,5.300000,67.119,9.987,5889,8,47,0.808732,0.606783,0.721803,0.707757,0.000000,0,0.000,0.000,NO LASHING,NO BUNDLE,0,0,0,,,,0,1,1,1,1.000000,0.643388,989,564,0.943645,STAND LOCKED,182,205,1710,1064,,,,,,
160,5.333333,68.737,9.889,7536,47,2,0.821044,0.652602,0.707499,0.736823,0.000000,0,0.000,0.000,NO LASHING,NO BUNDLE,0,0,0,,,,0,1,1,1,0.799778,0.591494,1016,685,0.722048,STAND LOCKED,182,205,1710,1064,,,,,,
161,5.366667,67.940,10.332,3112,24,28,0.790318,0.629596,0.730651,0.709957,0.000000,0,0.000,0.000,NO LASHING,NO BUNDLE,0,0,0,,,,0,1,1,1,0.799778,0.591494,1016,685,0.722048,STAND LOCKED,182,205,1710,1064,,,,,,
162,5.400000,67.747,9.992,5113,139,0,0.849220,0.666765,0.000000,0.757993,0.000000,0,0.000,0.000,GEOMETRY FAIL,NO BUNDLE,0,0,0,,,,0,1,1,1,0.945000,0.627605,916,485,0.551033,STAND LOCKED,182,205,1710,1064,,,,,,
163,5.433333,69.704,9.885,3632,625,0,0.815016,0.658385,0.000000,0.736701,0.000000,0,0.000,0.000,GEOMETRY FAIL,NO BUNDLE,0,0,0,,,,0,1,1,1,0.945000,0.627605,916,485,0.551033,STAND LOCKED,182,205,1710,1064,,,,,,
164,5.466667,66.745,9.610,5941,570,0,0.829790,0.686096,0.000000,0.757943,0.000000,0,0.000,0.000,GEOMETRY FAIL,NO BUNDLE,0,0,0,,,,0,1,1,1,0.880111,0.583644,928,483,0.700187,STAND LOCKED,182,205,1710,1064,,,,,,
165,5.500000,69.322,10.075,44,570,6,0.757358,0.731478,0.712420,0.744418,0.000000,0,0.000,0.000,NO BLACK,NO BUNDLE,0,0,0,,,,0,1,1,1,0.880111,0.583644,928,483,0.700187,STAND LOCKED,182,205,1710,1064,,,,,,
166,5.533333,68.537,9.761,4480,213,170,0.832585,0.671553,0.828253,0.752069,0.000000,0,0.000,0.000,GEOMETRY FAIL,NO BUNDLE,0,0,0,,,,0,1,1,1,0.879286,0.541018,840,592,0.663417,STAND LOCKED,182,205,1710,1064,,,,,,
167,5.566667,69.745,9.961,3395,389,491,0.836879,0.693634,0.779488,0.765257,0.000000,0,0.000,0.000,GEOMETRY FAIL,NO BUNDLE,0,0,0,,,,0,1,1,1,0.879286,0.541018,840,592,0.663417,STAND LOCKED,182,205,1710,1064,,,,,,
168,5.600000,70.242,9.585,4600,151,413,0.868253,0.705842,0.797724,0.787048,0.000000,0,0.000,0.000,GEOMETRY FAIL,NO BUNDLE,0,0,0,,,,0,1,1,1,0.972628,0.635641,878,462,0.604093,STAND LOCKED,182,205,1710,1064,,,,,,
169,5.633333,67.026,9.659,5133,237,126,0.863965,0.688917,0.764752,0.776441,0.000000,0,0.000,0.000,GEOMETRY FAIL,NO BUNDLE,0,0,0,,,,0,1,1,1,0.972628,0.635641,878,462,0.604093,STAND LOCKED,182,205,1710,1064,,,,,,
170,5.666667,69.701,9.335,4475,174,659,0.859601,0.669691,0.811810,0.764646,0.000000,0,0.000,0.000,GEOMETRY FAIL,NO BUNDLE,0,0,0,,,,0,1,1,1,0.913368,0.576352,911,470,0.752583,STAND LOCKED,182,205,1710,1064,,,,,,
171,5.700000,68.940,9.899,8688,9,392,0.857013,0.605921,0.839834,0.731467,0.000000,0,0.000,0.000,NO LASHING,NO BUNDLE,0,0,0,,,,0,1,1,1,0.913368,0.576352,911,470,0.752583,STAND LOCKED,,,,,,,,,,
172,5.733333,70.197,9.770,7309,0,791,0.872818,0.000000,0.886976,0.000000,0.000000,0,0.000,0.000,NO LASHING,NO BUNDLE,0,0,0,,,,0,1,1,0,0.913368,0.576352,911,470,0.752583,STAND TARGET JUMP REJECTED,0,0,1920,1080,,,,,,
173,5.766667,71.697,10.091,6637,0,200,0.850060,0.000000,0.768405,0.000000,0.000000,0,0.000,0.000,NO LASHING,NO BUNDLE,0,0,0,,,,0,1,1,0,0.913368,0.576352,911,470,0.752583,STAND TARGET JUMP REJECTED,0,0,1920,1080,,,,,,
174,5.800000,69.889,9.944,9165,0,860,0.839974,0.000000,0.844496,0.000000,0.000000,0,0.000,0.000,NO LASHING,NO BUNDLE,0,0,0,,,,0,1,1,1,0.858528,0.564989,1016,601,0.713477,STAND LOCKED,0,0,1920,1080,,,,,,
175,5.833333,77.851,10.120,7738,0,1306,0.862242,0.000000,0.855516,0.000000,0.000000,0,0.000,0.000,NO LASHING,NO BUNDLE,0,0,0,,,,0,1,1,1,0.858528,0.564989,1016,601,0.713477,STAND LOCKED,0,0,1920,1080,,,,,,
176,5.866667,67.819,10.042,9323,0,732,0.843757,0.000000,0.867888,0.000000,0.000000,0,0.000,0.000,NO LASHING,NO BUNDLE,0,0,0,,,,0,1,1,0,0.858528,0.564989,1016,601,0.713477,STAND TARGET JUMP REJECTED,0,0,1920,1080,,,,,,
177,5.900000,70.929,10.421,5667,13,1044,0.827821,0.642616,0.825277,0.735219,0.000000,0,0.000,0.000,NO LASHING,NO BUNDLE,0,0,0,,,,0,1,1,0,0.858528,0.564989,1016,601,0.713477,STAND TARGET JUMP REJECTED,0,0,1920,1080,,,,,,
178,5.933333,70.862,10.189,7315,0,1168,0.837622,0.000000,0.902453,0.000000,0.000000,0,0.000,0.000,NO LASHING,NO BUNDLE,0,0,0,,,,0,1,1,0,0.858528,0.564989,1016,601,0.713477,STAND TARGET JUMP REJECTED,0,0,1920,1080,,,,,,
179,5.966667,72.191,10.490,5800,44,1050,0.834802,0.653269,0.867334,0.744036,0.000000,0,0.000,0.000,NO LASHING,NO BUNDLE,0,0,0,,,,0,1,1,0,0.858528,0.564989,1016,601,0.713477,STAND TARGET JUMP REJECTED,,,,,,,,,,
180,6.000000,70.752,10.265,5288,0,785,0.844944,0.000000,0.877049,0.000000,0.000000,0,0.000,0.000,NO LASHING,NO BUNDLE,0,0,0,,,,0,1,1,1,0.962781,0.605484,1011,560,0.793657,STAND LOCKED,0,0,1920,1080,,,,,,
181,6.033333,70.698,10.603,4704,26,562,0.863562,0.620961,0.817135,0.742261,0.000000,0,0.000,0.000,NO LASHING,NO BUNDLE,0,0,0,,,,0,1,1,1,0.962781,0.605484,1011,560,0.793657,STAND LOCKED,0,0,1920,1080,,,,,,
182,6.066667,74.975,9.895,4829,501,84,0.845904,0.737288,0.740494,0.791596,0.000000,0,0.000,0.000,INSUFFICIENT LASHING PATTERN,NO BUNDLE,0,0,0,,,,0,1,1,1,0.792777,0.616418,982,428,0.630109,STAND LOCKED,0,0,1920,1080,,,,,,
183,6.100000,74.931,9.254,5822,1243,539,0.859166,0.715128,0.808824,0.787147,0.000000,0,0.000,0.000,COMPONENTS TOO FAR,NO BUNDLE,0,0,0,,,,0,1,1,1,0.792777,0.616418,982,428,0.630109,STAND LOCKED,0,0,1920,1080,,,,,,
184,6.133333,65.670,8.915,4149,505,1115,0.837295,0.676061,0.809146,0.756678,0.000000,0,0.000,0.000,COMPONENTS TOO FAR,NO BUNDLE,0,0,0,,,,0,1,1,1,0.928300,0.629800,970,366,0.593179,STAND LOCKED,0,0,1920,1080,,,,,,
185,6.166667,69.077,8.999,5516,139,469,0.859761,0.657419,0.774153,0.758590,0.000000,0,0.000,0.000,GEOMETRY FAIL,NO BUNDLE,0,0,0,,,,0,1,1,1,0.928300,0.629800,970,366,0.593179,STAND LOCKED,0,0,1920,1080,,,,,,
186,6.200000,67.364,9.114,4276,106,759,0.855222,0.668350,0.868805,0.761786,0.000000,0,0.000,0.000,NO LASHING,NO BUNDLE,0,0,0,,,,0,1,1,0,0.928300,0.629800,970,366,0.593179,STAND TARGET JUMP REJECTED,0,0,1920,1080,,,,,,
187,6.233333,69.951,9.646,6437,75,136,0.857891,0.670017,0.759987,0.763954,0.000000,0,0.000,0.000,NO LASHING,NO BUNDLE,0,0,0,,,,0,1,1,0,0.928300,0.629800,970,366,0.593179,STAND TARGET JUMP REJECTED,0,0,1920,1080,,,,,,
188,6.266667,70.118,9.584,6227,0,196,0.858798,0.000000,0.797473,0.000000,0.000000,0,0.000,0.000,NO LASHING,NO BUNDLE,0,0,0,,,,0,1,1,1,0.880155,0.618639,1104,450,0.570449,STAND LOCKED,0,0,1920,1080,,,,,,
189,6.300000,69.231,10.056,6366,48,1171,0.856363,0.659072,0.884371,0.757717,0.000000,0,0.000,0.000,NO LASHING,NO BUNDLE,0,0,0,,,,0,1,1,1,0.880155,0.618639,1104,450,0.570449,STAND LOCKED,0,0,1920,1080,,,,,,
190,6.333333,64.929,9.387,6312,299,1387,0.864306,0.723780,0.866162,0.794043,0.000000,0,0.000,0.000,COMPONENTS TOO FAR,NO BUNDLE,0,0,0,,,,0,1,1,1,0.863230,0.564968,1031,427,0.647813,STAND LOCKED,0,0,1920,1080,,,,,,
191,6.366667,70.092,9.225,7355,283,1930,0.855716,0.712385,0.852790,0.784050,0.000000,0,0.000,0.000,GEOMETRY FAIL,NO BUNDLE,0,0,0,,,,0,1,1,1,0.863230,0.564968,1031,427,0.647813,STAND LOCKED,0,0,1920,1080,,,,,,
192,6.400000,68.750,8.597,6821,952,2743,0.867242,0.765694,0.874012,0.816468,0.000000,0,0.000,0.000,COMPONENTS TOO FAR,NO BUNDLE,0,0,0,,,,0,1,1,1,0.865482,0.583823,1177,406,0.477905,STAND LOCKED,0,0,1920,1080,,,,,,
193,6.433333,69.855,8.202,7554,1107,3088,0.860442,0.743768,0.861718,0.802105,0.000000,0,0.000,0.000,INSUFFICIENT LASHING PATTERN,NO BUNDLE,0,0,0,,,,0,1,1,1,0.865482,0.583823,1177,406,0.477905,STAND LOCKED,0,0,1920,1080,,,,,,
194,6.466667,69.563,7.538,8728,1553,2479,0.876300,0.754572,0.835722,0.815436,0.000000,0,0.000,0.000,COMPONENTS TOO FAR,NO BUNDLE,0,0,0,,,,0,1,1,1,0.691058,0.616423,1410,395,0.363252,STAND LOCKED,73,0,1920,1039,,,,,,
195,6.500000,71.922,6.984,7021,2474,2385,0.908867,0.752573,0.833153,0.831531,0.815496,1,189.321,28.917,VALID,CANDIDATE,1,1,0,816,382,95.000,0,1,1,1,0.691058,0.616423,1410,395,0.363252,STAND LOCKED,130,0,1920,1007,,,,,,
196,6.533333,67.305,6.438,9293,3070,1802,0.924735,0.780958,0.815107,0.840266,0.827934,1,193.255,25.989,VALID,CANDIDATE,2,1,0,780,374,98.250,0,1,1,1,0.779568,0.628399,1611,400,0.339158,STAND LOCKED,168,22,1779,929,,,,,,
197,6.566667,63.749,6.076,9998,4559,3132,0.923525,0.775264,0.832171,0.843653,0.862275,1,198.674,24.159,VALID,CANDIDATE,3,1,0,821,397,98.738,0,1,1,1,0.779568,0.628399,1611,400,0.339158,STAND LOCKED,207,43,1657,860,,,,,,
198,6.600000,64.735,5.656,9726,3184,3379,0.901209,0.740112,0.876731,0.839351,0.777610,1,191.571,25.440,VALID,CANDIDATE,4,1,0,805,407,109.308,0,1,1,1,0.914630,0.593098,1599,302,0.308454,STAND LOCKED,253,73,1558,808,,,,,,
199,6.633333,60.786,5.446,6301,2478,3263,0.875219,0.765501,0.877855,0.839525,0.741648,1,191.475,25.039,VALID,LOCKED,5,1,1,813,382,113.658,0,1,1,1,0.914630,0.593098,1599,302,0.308454,STAND LOCKED,299,103,1474,765,,,,,,
200,6.666667,60.794,5.225,3772,2263,1872,0.812428,0.766415,0.828069,0.802304,0.784962,1,180.744,33.035,VALID,LOCKED,5,1,1,812,357,112.580,0,1,1,1,0.931350,0.567855,1607,305,0.446906,STAND LOCKED,348,122,1405,718,,,,,,
201,6.700000,65.204,4.986,3980,1997,3832,0.789858,0.720739,0.877215,0.795937,0.717083,1,187.456,31.296,VALID,LOCKED,5,1,1,802,336,110.903,0,1,1,1,0.931350,0.567855,1607,305,0.446906,STAND LOCKED,384,133,1336,670,,,,,,
202,6.733333,60.563,4.982,3213,1227,3047,0.831929,0.758009,0.838893,0.809610,0.792498,1,180.945,28.611,VALID,LOCKED,5,1,1,747,304,124.616,0,1,1,1,0.873783,0.551268,1581,332,0.458793,STAND LOCKED,421,139,1290,629,,,,,,
203,6.766667,61.926,5.405,2723,672,2479,0.786223,0.700699,0.822793,0.743461,0.000000,0,0.000,0.000,NO VALID CONTACT,LOST,5,1,0,747,304,124.616,1,1,1,1,0.873783,0.551268,1581,332,0.458793,STAND LOCKED,420,135,1224,589,,,,,,
204,6.800000,62.986,5.370,2712,783,1848,0.783116,0.705582,0.816951,0.744349,0.000000,0,0.000,0.000,INSUFFICIENT LASHING PATTERN,LOST,5,1,0,747,304,124.616,2,1,1,1,0.910123,0.527619,1503,326,0.529327,STAND LOCKED,420,135,1224,589,,,,,,
205,6.833333,64.476,6.167,1717,681,837,0.779114,0.731495,0.812375,0.755305,0.000000,0,0.000,0.000,GEOMETRY FAIL,LOST,5,1,0,747,304,124.616,3,1,1,1,0.910123,0.527619,1503,326,0.529327,STAND LOCKED,420,135,1224,589,,,,,,
206,6.866667,63.706,6.186,1633,812,3126,0.772941,0.715267,0.832752,0.744104,0.000000,0,0.000,0.000,GEOMETRY FAIL,LOST,5,1,0,747,304,124.616,4,1,1,0,0.910123,0.527619,1503,326,0.529327,STAND TARGET JUMP REJECTED,420,135,1224,589,,,,,,
207,6.900000,62.845,6.915,1829,755,977,0.763847,0.712560,0.794648,0.738204,0.000000,0,0.000,0.000,GEOMETRY FAIL,NO BUNDLE,0,0,0,,,,0,1,1,0,0.910123,0.527619,1503,326,0.529327,STAND TARGET JUMP REJECTED,420,135,1224,589,,,,,,
208,6.933333,67.571,6.918,1248,932,2015,0.771031,0.713805,0.823136,0.742418,0.000000,0,0.000,0.000,GEOMETRY FAIL,NO BUNDLE,0,0,0,,,,0,1,1,1,0.841451,0.547651,1591,368,0.468892,STAND LOCKED,420,135,1224,589,,,,,,
209,6.966667,70.095,6.427,12561,2584,4688,0.919777,0.794167,0.859590,0.857844,0.853694,1,189.545,27.505,VALID,CANDIDATE,1,1,0,880,384,109.000,0,1,1,1,0.841451,0.547651,1591,368,0.468892,STAND LOCKED,,,,,,,,,,
210,7.000000,60.027,6.814,402,430,1131,0.734177,0.683868,0.811586,0.709022,0.000000,0,0.000,0.000,NO BLACK,NO BUNDLE,0,0,0,,,,0,1,1,1,0.844429,0.603730,1622,406,0.388733,STAND LOCKED,451,152,1204,578,,,,,,
211,7.033333,63.352,7.886,454,303,1391,0.733136,0.678944,0.818628,0.706040,0.000000,0,0.000,0.000,NO BLACK,NO BUNDLE,0,0,0,,,,0,1,1,1,0.844429,0.603730,1622,406,0.388733,STAND LOCKED,451,152,1204,578,,,,,,
212,7.066667,63.347,7.902,658,247,1055,0.744613,0.689726,0.825011,0.717170,0.000000,0,0.000,0.000,GEOMETRY FAIL,NO BUNDLE,0,0,0,,,,0,1,1,1,0.899819,0.589992,1563,328,0.397985,STAND LOCKED,451,152,1204,578,,,,,,
213,7.100000,68.881,8.368,1023,391,641,0.759103,0.672558,0.792146,0.715830,0.000000,0,0.000,0.000,GEOMETRY FAIL,NO BUNDLE,0,0,0,,,,0,1,1,1,0.899819,0.589992,1563,328,0.397985,STAND LOCKED,451,152,1204,578,,,,,,
214,7.133333,71.931,8.241,788,282,453,0.755341,0.689894,0.774029,0.722617,0.000000,0,0.000,0.000,GEOMETRY FAIL,NO BUNDLE,0,0,0,,,,0,1,1,1,0.949525,0.579219,1551,321,0.501454,STAND LOCKED,451,152,1204,578,,,,,,
215,7.166667,66.887,8.653,817,197,1098,0.757568,0.689512,0.812545,0.723540,0.000000,0,0.000,0.000,GEOMETRY FAIL,NO BUNDLE,0,0,0,,,,0,1,1,1,0.949525,0.579219,1551,321,0.501454,STAND LOCKED,451,152,1204,578,,,,,,
216,7.200000,68.982,8.492,1102,251,301,0.762048,0.694667,0.771896,0.728357,0.000000,0,0.000,0.000,GEOMETRY FAIL,NO BUNDLE,0,0,0,,,,0,1,1,1,0.716173,0.508639,1606,373,0.457877,STAND LOCKED,451,152,1204,578,,,,,,
217,7.233333,71.893,8.671,1397,220,958,0.753645,0.667332,0.814342,0.710489,0.000000,0,0.000,0.000,GEOMETRY FAIL,NO BUNDLE,0,0,0,,,,0,1,1,1,0.716173,0.508639,1606,373,0.457877,STAND LOCKED,451,152,1204,578,,,,,,
218,7.266667,66.646,8.505,1428,412,346,0.767491,0.698877,0.788923,0.733184,0.000000,0,0.000,0.000,GEOMETRY FAIL,NO BUNDLE,0,0,0,,,,0,1,1,1,0.910689,0.508927,1542,386,0.583915,STAND LOCKED,451,152,1204,578,,,,,,
219,7.300000,71.621,9.137,1321,133,637,0.763036,0.675761,0.808748,0.719398,0.000000,0,0.000,0.000,NO LASHING,NO BUNDLE,0,0,0,,,,0,1,1,1,0.910689,0.508927,1542,386,0.583915,STAND LOCKED,451,152,1204,578,,,,,,
220,7.333333,69.765,8.883,1309,166,1142,0.756926,0.663062,0.806972,0.709994,0.000000,0,0.000,0.000,GEOMETRY FAIL,NO BUNDLE,0,0,0,,,,0,1,1,1,0.896124,0.598698,1484,349,0.567299,STAND LOCKED,451,152,1204,578,,,,,,
221,7.366667,67.726,9.334,1000,355,435,0.745249,0.714379,0.779169,0.729814,0.000000,0,0.000,0.000,GEOMETRY FAIL,NO BUNDLE,0,0,0,,,,0,1,1,1,0.896124,0.598698,1484,349,0.567299,STAND LOCKED,451,152,1204,578,,,,,,
222,7.400000,69.353,9.078,1279,307,810,0.756807,0.675999,0.792330,0.716403,0.000000,0,0.000,0.000,GEOMETRY FAIL,NO BUNDLE,0,0,0,,,,0,1,1,1,0.926288,0.601256,1419,375,0.653525,STAND LOCKED,451,152,1204,578,,,,,,
223,7.433333,69.114,9.434,1256,251,774,0.755769,0.676272,0.791728,0.716020,0.000000,0,0.000,0.000,GEOMETRY FAIL,NO BUNDLE,0,0,0,,,,0,1,1,1,0.926288,0.601256,1419,375,0.653525,STAND LOCKED,451,152,1204,578,,,,,,
224,7.466667,69.356,9.169,1006,278,679,0.762260,0.689538,0.777673,0.725899,0.000000,0,0.000,0.000,GEOMETRY FAIL,NO BUNDLE,0,0,0,,,,0,1,1,1,0.945000,0.639542,1351,373,0.668392,STAND LOCKED,451,152,1204,578,,,,,,
225,7.500000,68.971,9.519,1154,233,488,0.770716,0.679589,0.779834,0.725152,0.000000,0,0.000,0.000,GEOMETRY FAIL,NO BUNDLE,0,0,0,,,,0,1,1,1,0.945000,0.639542,1351,373,0.668392,STAND LOCKED,451,152,1204,578,,,,,,
226,7.533333,67.171,9.319,1297,325,446,0.763694,0.691139,0.807245,0.727417,0.000000,0,0.000,0.000,GEOMETRY FAIL,NO BUNDLE,0,0,0,,,,0,1,1,1,0.927106,0.630988,1282,309,0.549804,STAND LOCKED,451,152,1204,578,,,,,,
227,7.566667,68.031,9.620,882,155,73,0.747654,0.658671,0.771307,0.703162,0.000000,0,0.000,0.000,GEOMETRY FAIL,NO BUNDLE,0,0,0,,,,0,1,1,1,0.927106,0.630988,1282,309,0.549804,STAND LOCKED,451,152,1204,578,,,,,,
228,7.600000,71.563,9.563,1200,110,337,0.770636,0.652182,0.803672,0.711409,0.000000,0,0.000,0.000,NO LASHING,NO BUNDLE,0,0,0,,,,0,1,1,1,0.886037,0.590305,1198,284,0.513754,STAND LOCKED,451,152,1204,578,,,,,,
229,7.633333,68.258,9.807,1291,155,532,0.766275,0.682787,0.791789,0.724531,0.000000,0,0.000,0.000,GEOMETRY FAIL,NO BUNDLE,0,0,0,,,,0,1,1,1,0.886037,0.590305,1198,284,0.513754,STAND LOCKED,451,152,1204,578,,,,,,
230,7.666667,70.921,8.923,10742,1228,2011,0.917446,0.687627,0.826216,0.810429,0.802825,1,182.596,27.902,VALID,CANDIDATE,1,1,0,907,311,102.000,0,1,1,0,0.886037,0.590305,1198,284,0.513754,STAND TARGET JUMP REJECTED,,,,,,,,,,
231,7.700000,68.490,9.535,0,5,0,0.000000,0.624918,0.000000,0.000000,0.000000,0,0.000,0.000,NO BLACK,NO BUNDLE,0,0,0,,,,0,1,1,0,0.886037,0.590305,1198,284,0.513754,STAND TARGET JUMP REJECTED,605,146,1181,470,,,,,,
232,7.733333,63.648,9.282,0,8,0,0.000000,0.626262,0.000000,0.000000,0.000000,0,0.000,0.000,NO BLACK,NO BUNDLE,0,0,0,,,,0,1,1,1,0.695449,0.684619,1063,378,0.363088,STAND LOCKED,605,146,1181,470,,,,,,
233,7.766667,70.695,9.804,10,67,41,0.720399,0.700265,0.835706,0.710332,0.000000,0,0.000,0.000,NO BLACK,NO BUNDLE,0,0,0,,,,0,1,1,1,0.695449,0.684619,1063,378,0.363088,STAND LOCKED,605,146,1181,470,,,,,,
234,7.800000,66.421,9.929,0,10,2,0.000000,0.619476,0.704965,0.000000,0.000000,0,0.000,0.000,NO BLACK,NO BUNDLE,0,0,0,,,,0,1,1,0,0.695449,0.684619,1063,378,0.363088,STAND TARGET JUMP REJECTED,605,146,1181,470,,,,,,
235,7.833333,66.251,10.420,0,26,0,0.000000,0.688115,0.000000,0.000000,0.000000,0,0.000,0.000,NO BLACK,NO BUNDLE,0,0,0,,,,0,1,1,0,0.695449,0.684619,1063,378,0.363088,STAND TARGET JUMP REJECTED,605,146,1181,470,,,,,,
236,7.866667,67.265,10.438,0,23,2,0.000000,0.672854,0.753942,0.000000,0.000000,0,0.000,0.000,NO BLACK,NO BUNDLE,0,0,0,,,,0,1,1,0,0.695449,0.684619,1063,378,0.363088,STAND TARGET JUMP REJECTED,605,146,1181,470,,,,,,
237,7.900000,68.778,10.778,0,0,0,0.000000,0.000000,0.000000,0.000000,0.000000,0,0.000,0.000,NO BLACK,NO BUNDLE,0,0,0,,,,0,1,1,0,0.695449,0.684619,1063,378,0.363088,STAND TARGET JUMP REJECTED,605,146,1181,470,,,,,,
238,7.933333,67.816,10.718,0,0,0,0.000000,0.000000,0.000000,0.000000,0.000000,0,0.000,0.000,NO BLACK,NO BUNDLE,0,0,0,,,,0,1,1,1,0.945000,0.673899,1117,373,0.372695,STAND LOCKED,605,146,1181,470,,,,,,
239,7.966667,69.780,9.618,18395,11381,5565,0.837999,0.824762,0.878285,0.847015,0.774644,1,179.485,35.708,VALID,CANDIDATE,1,1,0,623,521,173.000,0,1,1,1,0.945000,0.673899,1117,373,0.372695,STAND LOCKED,,,,,,,,,,
240,8.000000,59.415,9.769,0,0,0,0.000000,0.000000,0.000000,0.000000,0.000000,0,0.000,0.000,NO BLACK,NO BUNDLE,0,0,0,,,,0,1,1,1,0.958200,0.645461,1036,372,0.516555,STAND LOCKED,543,189,1119,513,,,,,,
241,8.033333,61.309,10.496,0,0,0,0.000000,0.000000,0.000000,0.000000,0.000000,0,0.000,0.000,NO BLACK,NO BUNDLE,0,0,0,,,,0,1,1,1,0.958200,0.645461,1036,372,0.516555,STAND LOCKED,543,189,1119,513,,,,,,
242,8.066667,68.737,10.338,0,0,0,0.000000,0.000000,0.000000,0.000000,0.000000,0,0.000,0.000,NO BLACK,NO BUNDLE,0,0,0,,,,0,1,1,1,0.921345,0.627441,974,357,0.578746,STAND LOCKED,543,189,1119,513,,,,,,
243,8.100000,70.296,10.698,0,0,0,0.000000,0.000000,0.000000,0.000000,0.000000,0,0.000,0.000,NO BLACK,NO BUNDLE,0,0,0,,,,0,1,1,1,0.921345,0.627441,974,357,0.578746,STAND LOCKED,543,189,1119,513,,,,,,
244,8.133333,70.311,10.546,0,0,0,0.000000,0.000000,0.000000,0.000000,0.000000,0,0.000,0.000,NO BLACK,NO BUNDLE,0,0,0,,,,0,1,1,1,0.878602,0.624904,965,340,0.580251,STAND LOCKED,543,189,1119,513,,,,,,
245,8.166667,69.831,10.911,0,0,0,0.000000,0.000000,0.000000,0.000000,0.000000,0,0.000,0.000,NO BLACK,NO BUNDLE,0,0,0,,,,0,1,1,1,0.878602,0.624904,965,340,0.580251,STAND LOCKED,543,189,1119,513,,,,,,
246,8.200000,69.355,10.702,0,0,0,0.000000,0.000000,0.000000,0.000000,0.000000,0,0.000,0.000,NO BLACK,NO BUNDLE,0,0,0,,,,0,1,1,1,0.945000,0.657142,928,374,0.662409,STAND LOCKED,543,189,1119,513,,,,,,
247,8.233333,73.832,10.949,0,0,0,0.000000,0.000000,0.000000,0.000000,0.000000,0,0.000,0.000,NO BLACK,NO BUNDLE,0,0,0,,,,0,1,1,1,0.945000,0.657142,928,374,0.662409,STAND LOCKED,543,189,1119,513,,,,,,
248,8.266667,69.332,10.678,55,2,5,0.754732,0.610233,0.757662,0.682483,0.000000,0,0.000,0.000,NO BLACK,NO BUNDLE,0,0,0,,,,0,1,1,1,0.871776,0.643190,948,339,0.605677,STAND LOCKED,543,189,1119,513,,,,,,
249,8.300000,69.755,11.018,0,0,27,0.000000,0.000000,0.754577,0.000000,0.000000,0,0.000,0.000,NO BLACK,NO BUNDLE,0,0,0,,,,0,1,1,1,0.871776,0.643190,948,339,0.605677,STAND LOCKED,543,189,1119,513,,,,,,
250,8.333333,67.846,10.861,0,0,0,0.000000,0.000000,0.000000,0.000000,0.000000,0,0.000,0.000,NO BLACK,NO BUNDLE,0,0,0,,,,0,1,1,1,0.945000,0.712093,956,388,0.520564,STAND LOCKED,543,189,1119,513,,,,,,
251,8.366667,73.430,11.068,0,0,24,0.000000,0.000000,0.747836,0.000000,0.000000,0,0.000,0.000,NO BLACK,NO BUNDLE,0,0,0,,,,0,1,1,1,0.945000,0.712093,956,388,0.520564,STAND LOCKED,543,189,1119,513,,,,,,
252,8.400000,68.378,10.788,0,9,8,0.000000,0.653365,0.767563,0.000000,0.000000,0,0.000,0.000,NO BLACK,NO BUNDLE,0,0,0,,,,0,1,1,1,0.818180,0.722462,947,364,0.393143,STAND LOCKED,543,189,1119,513,,,,,,
253,8.433333,67.936,11.074,0,5,0,0.000000,0.626483,0.000000,0.000000,0.000000,0,0.000,0.000,NO BLACK,NO BUNDLE,0,0,0,,,,0,1,1,1,0.818180,0.722462,947,364,0.393143,STAND LOCKED,543,189,1119,513,,,,,,
254,8.466667,70.653,10.883,0,1,4,0.000000,0.632433,0.722282,0.000000,0.000000,0,0.000,0.000,NO BLACK,NO BUNDLE,0,0,0,,,,0,1,1,1,0.926486,0.666551,950,324,0.464136,STAND LOCKED,543,189,1119,513,,,,,,
255,8.500000,70.397,11.114,0,5,0,0.000000,0.640123,0.000000,0.000000,0.000000,0,0.000,0.000,NO BLACK,NO BUNDLE,0,0,0,,,,0,1,1,1,0.926486,0.666551,950,324,0.464136,STAND LOCKED,543,189,1119,513,,,,,,
256,8.533333,71.344,10.907,0,22,0,0.000000,0.676395,0.000000,0.000000,0.000000,0,0.000,0.000,NO BLACK,NO BUNDLE,0,0,0,,,,0,1,1,1,0.917570,0.633658,958,305,0.483861,STAND LOCKED,543,189,1119,513,,,,,,
257,8.566667,75.660,11.086,3,54,27,0.714497,0.693584,0.769462,0.704041,0.000000,0,0.000,0.000,NO BLACK,NO BUNDLE,0,0,0,,,,0,1,1,1,0.917570,0.633658,958,305,0.483861,STAND LOCKED,543,189,1119,513,,,,,,
258,8.600000,69.550,10.786,6,0,1,0.716068,0.000000,0.746523,0.000000,0.000000,0,0.000,0.000,NO BLACK,NO BUNDLE,0,0,0,,,,0,1,1,1,0.897467,0.601420,1008,306,0.521256,STAND LOCKED,543,189,1119,513,,,,,,
259,8.633333,67.902,11.120,0,0,0,0.000000,0.000000,0.000000,0.000000,0.000000,0,0.000,0.000,NO BLACK,NO BUNDLE,0,0,0,,,,0,1,1,1,0.897467,0.601420,1008,306,0.521256,STAND LOCKED,543,189,1119,513,,,,,,
260,8.666667,71.590,10.121,11602,1567,2040,0.920230,0.811219,0.864550,0.865333,0.853555,1,172.018,38.174,VALID,CANDIDATE,1,1,0,1058,281,112.000,0,1,1,1,0.973131,0.615677,983,304,0.542158,STAND LOCKED,,,,,,,,,,
261,8.700000,60.780,10.829,0,24,0,0.000000,0.692773,0.000000,0.000000,0.000000,0,0.000,0.000,NO BLACK,NO BUNDLE,0,0,0,,,,0,1,1,1,0.973131,0.615677,983,304,0.542158,STAND LOCKED,741,114,1317,438,,,,,,
262,8.733333,64.694,10.611,0,63,0,0.000000,0.680336,0.000000,0.000000,0.000000,0,0.000,0.000,NO BLACK,NO BUNDLE,0,0,0,,,,0,1,1,1,1.000000,0.639044,955,310,0.563786,STAND LOCKED,741,114,1317,438,,,,,,
263,8.766667,69.202,10.942,0,21,0,0.000000,0.691493,0.000000,0.000000,0.000000,0,0.000,0.000,NO BLACK,NO BUNDLE,0,0,0,,,,0,1,1,1,1.000000,0.639044,955,310,0.563786,STAND LOCKED,741,114,1317,438,,,,,,
264,8.800000,67.971,10.746,0,7,0,0.000000,0.630707,0.000000,0.000000,0.000000,0,0.000,0.000,NO BLACK,NO BUNDLE,0,0,0,,,,0,1,1,1,0.843580,0.631906,962,278,0.498148,STAND LOCKED,741,114,1317,438,,,,,,
265,8.833333,71.327,11.026,0,25,0,0.000000,0.645269,0.000000,0.000000,0.000000,0,0.000,0.000,NO BLACK,NO BUNDLE,0,0,0,,,,0,1,1,1,0.843580,0.631906,962,278,0.498148,STAND LOCKED,741,114,1317,438,,,,,,
266,8.866667,70.004,10.887,0,0,0,0.000000,0.000000,0.000000,0.000000,0.000000,0,0.000,0.000,NO BLACK,NO BUNDLE,0,0,0,,,,0,1,1,0,0.843580,0.631906,962,278,0.498148,STAND TARGET JUMP REJECTED,741,114,1317,438,,,,,,
267,8.900000,72.168,11.137,0,4,0,0.000000,0.610248,0.000000,0.000000,0.000000,0,0.000,0.000,NO BLACK,NO BUNDLE,0,0,0,,,,0,1,1,0,0.843580,0.631906,962,278,0.498148,STAND TARGET JUMP REJECTED,741,114,1317,438,,,,,,
268,8.933333,67.888,10.989,0,0,0,0.000000,0.000000,0.000000,0.000000,0.000000,0,0.000,0.000,NO BLACK,NO BUNDLE,0,0,0,,,,0,1,1,1,0.916880,0.617469,1124,263,0.478796,STAND LOCKED,741,114,1317,438,,,,,,
269,8.966667,71.994,10.094,11421,1239,1048,0.893116,0.694009,0.803369,0.793562,0.000000,0,0.000,0.000,COMPONENTS TOO FAR,NO BUNDLE,0,0,0,,,,0,1,1,1,0.916880,0.617469,1124,263,0.478796,STAND LOCKED,,,,,,,,,,
270,9.000000,67.585,10.055,0,0,0,0.000000,0.000000,0.000000,0.000000,0.000000,0,0.000,0.000,NO BLACK,NO BUNDLE,0,0,0,,,,0,1,1,1,0.882500,0.652480,1035,229,0.404903,STAND LOCKED,741,114,1317,438,,,,,,
271,9.033333,74.434,10.355,0,13,0,0.000000,0.650438,0.000000,0.000000,0.000000,0,0.000,0.000,NO BLACK,NO BUNDLE,0,0,0,,,,0,1,1,1,0.882500,0.652480,1035,229,0.404903,STAND LOCKED,741,114,1317,438,,,,,,
272,9.066667,71.068,10.345,0,29,0,0.000000,0.671313,0.000000,0.000000,0.000000,0,0.000,0.000,NO BLACK,NO BUNDLE,0,0,0,,,,0,1,1,1,0.959258,0.615780,978,258,0.465354,STAND LOCKED,741,114,1317,438,,,,,,
273,9.100000,68.179,10.707,0,8,0,0.000000,0.628643,0.000000,0.000000,0.000000,0,0.000,0.000,NO BLACK,NO BUNDLE,0,0,0,,,,0,1,1,1,0.959258,0.615780,978,258,0.465354,STAND LOCKED,741,114,1317,438,,,,,,
274,9.133333,71.955,10.553,0,0,0,0.000000,0.000000,0.000000,0.000000,0.000000,0,0.000,0.000,NO BLACK,NO BUNDLE,0,0,0,,,,0,1,1,1,0.935232,0.578427,962,306,0.525150,STAND LOCKED,741,114,1317,438,,,,,,
275,9.166667,69.674,10.873,6,22,0,0.726949,0.693987,0.000000,0.710468,0.000000,0,0.000,0.000,NO BLACK,NO BUNDLE,0,0,0,,,,0,1,1,1,0.935232,0.578427,962,306,0.525150,STAND LOCKED,741,114,1317,438,,,,,,
276,9.200000,72.486,10.690,0,26,0,0.000000,0.651518,0.000000,0.000000,0.000000,0,0.000,0.000,NO BLACK,NO BUNDLE,0,0,0,,,,0,1,1,1,0.893461,0.642597,1019,349,0.431873,STAND LOCKED,741,114,1317,438,,,,,,
277,9.233333,69.425,11.055,0,21,0,0.000000,0.648512,0.000000,0.000000,0.000000,0,0.000,0.000,NO BLACK,NO BUNDLE,0,0,0,,,,0,1,1,1,0.893461,0.642597,1019,349,0.431873,STAND LOCKED,741,114,1317,438,,,,,,
278,9.266667,65.894,10.971,5,2,0,0.737094,0.602625,0.000000,0.669859,0.000000,0,0.000,0.000,NO BLACK,NO BUNDLE,0,0,0,,,,0,1,1,1,0.895369,0.603623,1005,357,0.561010,STAND LOCKED,741,114,1317,438,,,,,,
279,9.300000,67.655,11.318,0,24,0,0.000000,0.670165,0.000000,0.000000,0.000000,0,0.000,0.000,NO BLACK,NO BUNDLE,0,0,0,,,,0,1,1,1,0.895369,0.603623,1005,357,0.561010,STAND LOCKED,741,114,1317,438,,,,,,
280,9.333333,68.732,11.067,0,0,0,0.000000,0.000000,0.000000,0.000000,0.000000,0,0.000,0.000,NO BLACK,NO BUNDLE,0,0,0,,,,0,1,1,1,0.891251,0.564849,944,385,0.659862,STAND LOCKED,741,114,1317,438,,,,,,
281,9.366667,64.430,10.210,10336,2162,1558,0.884068,0.738691,0.830935,0.811380,0.000000,0,0.000,0.000,INSUFFICIENT LASHING PATTERN,NO BUNDLE,0,0,0,,,,0,1,1,1,0.891251,0.564849,944,385,0.659862,STAND LOCKED,,,,,,,,,,
282,9.400000,66.068,9.293,10788,2265,2312,0.913170,0.746848,0.821595,0.827204,0.815354,1,185.924,31.168,VALID,CANDIDATE,1,1,0,272,183,104.000,0,1,1,1,0.827121,0.588947,962,538,0.467540,STAND LOCKED,0,0,1920,1080,,,,,,
283,9.433333,62.603,8.597,12234,3280,1733,0.898416,0.746378,0.810854,0.822397,0.000000,0,0.000,0.000,INSUFFICIENT LASHING PATTERN,NO BUNDLE,0,0,0,,,,0,1,1,1,0.827121,0.588947,962,538,0.467540,STAND LOCKED,19,11,1747,983,,,,,,
284,9.466667,64.254,7.864,12321,2370,2424,0.932472,0.799738,0.817901,0.850037,0.877255,1,187.307,29.431,VALID,CANDIDATE,1,1,0,937,283,110.000,0,1,1,0,0.827121,0.588947,962,538,0.467540,STAND TEMPORARILY LOST (1),19,11,1747,983,,,,,,
285,9.500000,66.175,7.263,12109,4392,3420,0.909767,0.781562,0.871683,0.854338,0.854835,1,185.136,25.830,VALID,CANDIDATE,2,1,0,944,293,110.650,0,1,1,0,0.827121,0.588947,962,538,0.467540,STAND TEMPORARILY LOST (1),110,16,1665,891,,,,,,
286,9.533333,61.704,6.638,9277,2838,4161,0.898450,0.728898,0.881155,0.836168,0.812106,1,188.845,25.980,VALID,CANDIDATE,3,1,0,917,316,110.227,0,1,1,0,0.827121,0.588947,962,538,0.467540,STAND TARGET JUMP REJECTED,193,24,1593,812,,,,,,
287,9.566667,63.530,6.100,8351,2941,4417,0.814836,0.763002,0.892345,0.823394,0.751953,1,185.065,30.934,VALID,CANDIDATE,4,1,0,911,338,104.880,0,1,1,0,0.827121,0.588947,962,538,0.467540,STAND TARGET JUMP REJECTED,257,42,1517,751,,,,,,
288,9.600000,59.800,5.597,7042,2936,4522,0.847873,0.786062,0.886499,0.840145,0.755759,1,180.596,35.036,VALID,LOCKED,5,1,1,866,331,119.908,0,1,1,1,0.756912,0.607565,1003,473,0.352985,STAND LOCKED,329,67,1463,705,,,,,,
289,9.633333,60.768,5.297,5902,2362,3467,0.814080,0.767690,0.869522,0.817098,0.735198,1,184.716,31.726,VALID,LOCKED,5,1,1,893,315,132.968,0,1,1,1,0.756912,0.607565,1003,473,0.352985,STAND LOCKED,379,85,1400,659,,,,,,
290,9.666667,59.345,5.205,4299,1496,3310,0.805855,0.783963,0.832466,0.807428,0.824143,1,191.417,25.081,VALID,LOCKED,5,1,1,870,279,134.289,0,1,1,1,0.845526,0.544629,975,472,0.505140,STAND LOCKED,435,97,1358,616,,,,,,
291,9.700000,62.742,5.276,3243,1304,2598,0.790874,0.765188,0.874733,0.810265,0.798779,1,182.720,26.325,VALID,LOCKED,5,1,1,856,257,112.651,0,1,1,1,0.845526,0.544629,975,472,0.505140,STAND LOCKED,462,98,1308,574,,,,,,
292,9.733333,64.214,5.836,1944,522,681,0.770630,0.697618,0.784283,0.734124,0.000000,0,0.000,0.000,GEOMETRY FAIL,LOST,5,1,0,856,257,112.651,1,1,1,0,0.845526,0.544629,975,472,0.505140,STAND TARGET JUMP REJECTED,480,94,1266,537,,,,,,
293,9.766667,63.333,6.769,1305,519,79,0.756910,0.686891,0.745544,0.721900,0.000000,0,0.000,0.000,GEOMETRY FAIL,LOST,5,1,0,856,257,112.651,2,1,1,0,0.845526,0.544629,975,472,0.505140,STAND TARGET JUMP REJECTED,480,94,1266,537,,,,,,
294,9.800000,57.924,7.264,1321,385,311,0.750369,0.698191,0.766370,0.724280,0.000000,0,0.000,0.000,GEOMETRY FAIL,LOST,5,1,0,856,257,112.651,3,1,1,1,0.899676,0.563273,968,364,0.459535,STAND LOCKED,480,94,1266,537,,,,,,
295,9.833333,64.133,7.946,945,512,179,0.755979,0.700076,0.783948,0.728028,0.000000,0,0.000,0.000,GEOMETRY FAIL,LOST,5,1,0,856,257,112.651,4,1,1,1,0.899676,0.563273,968,364,0.459535,STAND LOCKED,480,94,1266,537,,,,,,
296,9.866667,61.828,8.072,1220,387,696,0.748455,0.676910,0.788096,0.712682,0.000000,0,0.000,0.000,GEOMETRY FAIL,NO BUNDLE,0,0,0,,,,0,1,1,0,0.899676,0.563273,968,364,0.459535,STAND TARGET JUMP REJECTED,480,94,1266,537,,,,,,
297,9.900000,71.989,8.290,1225,479,1127,0.758758,0.701157,0.805855,0.729957,0.000000,0,0.000,0.000,GEOMETRY FAIL,NO BUNDLE,0,0,0,,,,0,1,1,0,0.899676,0.563273,968,364,0.459535,STAND TARGET JUMP REJECTED,480,94,1266,537,,,,,,
298,9.933333,69.411,8.412,805,476,256,0.735082,0.679504,0.795749,0.707293,0.000000,0,0.000,0.000,GEOMETRY FAIL,NO BUNDLE,0,0,0,,,,0,1,1,0,0.899676,0.563273,968,364,0.459535,STAND TARGET JUMP REJECTED,480,94,1266,537,,,,,,
299,9.966667,72.729,7.678,11822,2685,3030,0.919954,0.806718,0.827011,0.851228,0.878164,1,188.849,29.054,VALID,CANDIDATE,1,1,0,939,300,109.000,0,1,1,0,0.899676,0.563273,968,364,0.459535,STAND TARGET JUMP REJECTED,,,,,,,,,,
300,10.000000,60.536,7.981,729,386,327,0.746862,0.689119,0.771483,0.717990,0.000000,0,0.000,0.000,GEOMETRY FAIL,NO BUNDLE,0,0,0,,,,0,1,1,1,0.854827,0.562398,961,404,0.536791,STAND LOCKED,509,101,1248,518,,,,,,
301,10.033333,68.277,8.489,971,452,248,0.750627,0.687181,0.768112,0.718904,0.000000,0,0.000,0.000,GEOMETRY FAIL,NO BUNDLE,0,0,0,,,,0,1,1,1,0.854827,0.562398,961,404,0.536791,STAND LOCKED,509,101,1248,518,,,,,,
302,10.066667,71.785,8.559,624,308,490,0.735694,0.703667,0.793927,0.719680,0.000000,0,0.000,0.000,GEOMETRY FAIL,NO BUNDLE,0,0,0,,,,0,1,1,1,0.942145,0.608103,951,334,0.510445,STAND LOCKED,509,101,1248,518,,,,,,
303,10.100000,70.446,9.183,528,498,494,0.740923,0.704789,0.794417,0.722856,0.000000,0,0.000,0.000,NO BLACK,NO BUNDLE,0,0,0,,,,0,1,1,1,0.942145,0.608103,951,334,0.510445,STAND LOCKED,509,101,1248,518,,,,,,
304,10.133333,69.562,9.060,889,349,1261,0.746694,0.709525,0.807135,0.728110,0.000000,0,0.000,0.000,GEOMETRY FAIL,NO BUNDLE,0,0,0,,,,0,1,1,1,0.855071,0.553150,900,400,0.537293,STAND LOCKED,509,101,1248,518,,,,,,
305,10.166667,65.859,9.688,256,413,1186,0.739544,0.691469,0.811940,0.715507,0.000000,0,0.000,0.000,NO BLACK,NO BUNDLE,0,0,0,,,,0,1,1,1,0.855071,0.553150,900,400,0.537293,STAND LOCKED,509,101,1248,518,,,,,,
306,10.200000,72.724,9.633,299,686,1446,0.737253,0.701266,0.793150,0.719260,0.000000,0,0.000,0.000,NO BLACK,NO BUNDLE,0,0,0,,,,0,1,1,1,0.937877,0.600239,925,342,0.508634,STAND LOCKED,509,101,1248,518,,,,,,
307,10.233333,70.479,10.042,376,336,250,0.728412,0.689649,0.757219,0.709030,0.000000,0,0.000,0.000,NO BLACK,NO BUNDLE,0,0,0,,,,0,1,1,1,0.937877,0.600239,925,342,0.508634,STAND LOCKED,509,101,1248,518,,,,,,
308,10.266667,67.705,9.971,408,378,1251,0.729254,0.667517,0.791111,0.698386,0.000000,0,0.000,0.000,NO BLACK,NO BUNDLE,0,0,0,,,,0,1,1,1,0.879167,0.640328,935,294,0.471293,STAND LOCKED,509,101,1248,518,,,,,,
309,10.300000,70.897,10.393,244,216,631,0.731374,0.694193,0.789055,0.712783,0.000000,0,0.000,0.000,NO BLACK,NO BUNDLE,0,0,0,,,,0,1,1,1,0.879167,0.640328,935,294,0.471293,STAND LOCKED,509,101,1248,518,,,,,,
310,10.333333,70.662,10.314,186,105,1053,0.726561,0.637178,0.804424,0.681870,0.000000,0,0.000,0.000,NO BLACK,NO BUNDLE,0,0,0,,,,0,1,1,1,0.930916,0.633432,948,253,0.404072,STAND LOCKED,509,101,1248,518,,,,,,
311,10.366667,66.976,10.695,187,231,1677,0.733520,0.662692,0.794723,0.698106,0.000000,0,0.000,0.000,NO BLACK,NO BUNDLE,0,0,0,,,,0,1,1,1,0.930916,0.633432,948,253,0.404072,STAND LOCKED,509,101,1248,518,,,,,,
312,10.400000,69.140,10.656,59,243,1737,0.713608,0.674634,0.798140,0.694121,0.000000,0,0.000,0.000,NO BLACK,NO BUNDLE,0,0,0,,,,0,1,1,1,0.902441,0.605632,951,271,0.444610,STAND LOCKED,509,101,1248,518,,,,,,
313,10.433333,68.475,11.005,163,384,182,0.726821,0.702010,0.795252,0.714416,0.000000,0,0.000,0.000,NO BLACK,NO BUNDLE,0,0,0,,,,0,1,1,1,0.902441,0.605632,951,271,0.444610,STAND LOCKED,509,101,1248,518,,,,,,
314,10.466667,68.980,10.921,348,624,1523,0.735186,0.693635,0.811238,0.714410,0.000000,0,0.000,0.000,NO BLACK,NO BUNDLE,0,0,0,,,,0,1,1,1,0.752156,0.563477,996,338,0.416001,STAND LOCKED,509,101,1248,518,,,,,,
315,10.500000,66.112,10.890,586,446,1104,0.752631,0.711187,0.815077,0.731909,0.000000,0,0.000,0.000,GEOMETRY FAIL,NO BUNDLE,0,0,0,,,,0,1,1,1,0.752156,0.563477,996,338,0.416001,STAND LOCKED,509,101,1248,518,,,,,,
316,10.533333,64.443,10.595,655,800,57,0.767563,0.715285,0.748068,0.741424,0.000000,0,0.000,0.000,GEOMETRY FAIL,NO BUNDLE,0,0,0,,,,0,1,1,1,0.901170,0.573051,975,340,0.421460,STAND LOCKED,509,101,1248,518,,,,,,
317,10.566667,70.150,10.918,332,663,898,0.742884,0.701439,0.791023,0.722162,0.000000,0,0.000,0.000,NO BLACK,NO BUNDLE,0,0,0,,,,0,1,1,1,0.901170,0.573051,975,340,0.421460,STAND LOCKED,509,101,1248,518,,,,,,
318,10.600000,69.022,10.775,374,753,1661,0.734479,0.713624,0.825867,0.724052,0.000000,0,0.000,0.000,NO BLACK,NO BUNDLE,0,0,0,,,,0,1,1,1,0.879167,0.627864,961,317,0.480953,STAND LOCKED,509,101,1248,518,,,,,,
319,10.633333,68.668,11.120,467,672,1342,0.737396,0.697986,0.812680,0.717691,0.000000,0,0.000,0.000,NO BLACK,NO BUNDLE,0,0,0,,,,0,1,1,1,0.879167,0.627864,961,317,0.480953,STAND LOCKED,509,101,1248,518,,,,,,
320,10.666667,71.603,10.040,19140,7527,7086,0.932665,0.835235,0.865219,0.877706,0.834222,1,172.554,33.325,VALID,CANDIDATE,1,1,0,813,425,169.000,0,1,1,1,0.876667,0.737885,940,303,0.497540,STAND LOCKED,,,,,,,,,,
321,10.700000,63.219,10.579,0,17,3,0.000000,0.655778,0.713781,0.000000,0.000000,0,0.000,0.000,NO BLACK,NO BUNDLE,0,0,0,,,,0,1,1,1,0.876667,0.737885,940,303,0.497540,STAND LOCKED,567,262,1143,586,,,,,,
322,10.733333,60.766,10.667,20,209,0,0.743538,0.697962,0.000000,0.720750,0.000000,0,0.000,0.000,NO BLACK,NO BUNDLE,0,0,0,,,,0,1,1,1,0.912500,0.734242,949,294,0.507041,STAND LOCKED,567,262,1143,586,,,,,,
323,10.766667,65.703,11.049,0,139,1,0.000000,0.707566,0.734796,0.000000,0.000000,0,0.000,0.000,NO BLACK,NO BUNDLE,0,0,0,,,,0,1,1,1,0.912500,0.734242,949,294,0.507041,STAND LOCKED,567,262,1143,586,,,,,,
324,10.800000,70.040,10.905,9,199,37,0.742915,0.744404,0.776009,0.743660,0.000000,0,0.000,0.000,NO BLACK,NO BUNDLE,0,0,0,,,,0,1,1,0,0.912500,0.734242,949,294,0.507041,STAND TARGET JUMP REJECTED,567,262,1143,586,,,,,,
325,10.833333,70.104,11.202,0,175,19,0.000000,0.700105,0.782085,0.000000,0.000000,0,0.000,0.000,NO BLACK,NO BUNDLE,0,0,0,,,,0,1,1,0,0.912500,0.734242,949,294,0.507041,STAND TARGET JUMP REJECTED,567,262,1143,586,,,,,,
326,10.866667,74.015,10.903,4,80,0,0.721934,0.733134,0.000000,0.727534,0.000000,0,0.000,0.000,NO BLACK,NO BUNDLE,0,0,0,,,,0,1,1,1,0.873170,0.725527,941,288,0.488909,STAND LOCKED,567,262,1143,586,,,,,,
327,10.900000,73.467,11.033,0,25,1,0.000000,0.642222,0.753128,0.000000,0.000000,0,0.000,0.000,NO BLACK,NO BUNDLE,0,0,0,,,,0,1,1,1,0.873170,0.725527,941,288,0.488909,STAND LOCKED,567,262,1143,586,,,,,,
328,10.933333,77.693,10.761,0,18,6,0.000000,0.640867,0.733009,0.000000,0.000000,0,0.000,0.000,NO BLACK,NO BUNDLE,0,0,0,,,,0,1,1,1,0.892496,0.660188,1104,351,0.405380,STAND LOCKED,567,262,1143,586,,,,,,
329,10.966667,76.400,9.638,20434,7695,9369,0.901843,0.838656,0.893997,0.878165,0.883019,1,176.541,31.799,VALID,CANDIDATE,1,1,0,793,333,167.000,0,1,1,1,0.892496,0.660188,1104,351,0.405380,STAND LOCKED,,,,,,,,,,
330,11.000000,70.140,9.617,0,46,9,0.000000,0.698602,0.779356,0.000000,0.000000,0,0.000,0.000,NO BLACK,NO BUNDLE,0,0,0,,,,0,1,1,0,0.892496,0.660188,1104,351,0.405380,STAND TARGET JUMP REJECTED,527,238,1108,564,,,,,,
331,11.033333,76.873,9.854,0,17,15,0.000000,0.636722,0.749562,0.000000,0.000000,0,0.000,0.000,NO BLACK,NO BUNDLE,0,0,0,,,,0,1,1,0,0.892496,0.660188,1104,351,0.405380,STAND TARGET JUMP REJECTED,527,238,1108,564,,,,,,
332,11.066667,75.445,9.754,9,0,9,0.741208,0.000000,0.737437,0.000000,0.000000,0,0.000,0.000,NO BLACK,NO BUNDLE,0,0,0,,,,0,1,1,1,0.933106,0.644269,1201,387,0.473208,STAND LOCKED,527,238,1108,564,,,,,,
333,11.100000,70.629,10.140,0,0,9,0.000000,0.000000,0.797767,0.000000,0.000000,0,0.000,0.000,NO BLACK,NO BUNDLE,0,0,0,,,,0,1,1,1,0.933106,0.644269,1201,387,0.473208,STAND LOCKED,527,238,1108,564,,,,,,
334,11.133333,78.605,9.947,0,42,36,0.000000,0.712607,0.777427,0.000000,0.000000,0,0.000,0.000,NO BLACK,NO BUNDLE,0,0,0,,,,0,1,1,1,0.906874,0.614354,1132,481,0.435490,STAND LOCKED,527,238,1108,564,,,,,,
335,11.166667,69.770,10.375,238,0,0,0.775449,0.000000,0.000000,0.000000,0.000000,0,0.000,0.000,NO BLACK,NO BUNDLE,0,0,0,,,,0,1,1,1,0.906874,0.614354,1132,481,0.435490,STAND LOCKED,527,238,1108,564,,,,,,
336,11.200000,70.093,10.286,0,0,0,0.000000,0.000000,0.000000,0.000000,0.000000,0,0.000,0.000,NO BLACK,NO BUNDLE,0,0,0,,,,0,1,1,1,0.945000,0.635143,1056,447,0.525461,STAND LOCKED,527,238,1108,564,,,,,,
337,11.233333,70.071,10.592,342,0,0,0.791955,0.000000,0.000000,0.000000,0.000000,0,0.000,0.000,NO BLACK,NO BUNDLE,0,0,0,,,,0,1,1,1,0.945000,0.635143,1056,447,0.525461,STAND LOCKED,527,238,1108,564,,,,,,
338,11.266667,70.238,10.490,0,0,0,0.000000,0.000000,0.000000,0.000000,0.000000,0,0.000,0.000,NO BLACK,NO BUNDLE,0,0,0,,,,0,1,1,0,0.945000,0.635143,1056,447,0.525461,STAND TARGET JUMP REJECTED,527,238,1108,564,,,,,,
339,11.300000,68.310,10.839,0,0,0,0.000000,0.000000,0.000000,0.000000,0.000000,0,0.000,0.000,NO BLACK,NO BUNDLE,0,0,0,,,,0,1,1,0,0.945000,0.635143,1056,447,0.525461,STAND TARGET JUMP REJECTED,527,238,1108,564,,,,,,
340,11.333333,68.012,10.365,0,0,0,0.000000,0.000000,0.000000,0.000000,0.000000,0,0.000,0.000,NO BLACK,NO BUNDLE,0,0,0,,,,0,1,1,1,0.876374,0.622443,1140,570,0.573587,STAND LOCKED,527,238,1108,564,,,,,,
341,11.366667,67.624,10.800,0,0,0,0.000000,0.000000,0.000000,0.000000,0.000000,0,0.000,0.000,NO BLACK,NO BUNDLE,0,0,0,,,,0,1,1,1,0.876374,0.622443,1140,570,0.573587,STAND LOCKED,527,238,1108,564,,,,,,
342,11.400000,71.558,10.591,0,0,0,0.000000,0.000000,0.000000,0.000000,0.000000,0,0.000,0.000,NO BLACK,NO BUNDLE,0,0,0,,,,0,1,1,0,0.876374,0.622443,1140,570,0.573587,STAND TARGET JUMP REJECTED,527,238,1108,564,,,,,,
343,11.433333,70.043,10.956,0,0,0,0.000000,0.000000,0.000000,0.000000,0.000000,0,0.000,0.000,NO BLACK,NO BUNDLE,0,0,0,,,,0,1,1,0,0.876374,0.622443,1140,570,0.573587,STAND TARGET JUMP REJECTED,527,238,1108,564,,,,,,
344,11.466667,74.521,10.399,0,0,0,0.000000,0.000000,0.000000,0.000000,0.000000,0,0.000,0.000,NO BLACK,NO BUNDLE,0,0,0,,,,0,1,1,0,0.876374,0.622443,1140,570,0.573587,STAND TEMPORARILY LOST (2),527,238,1108,564,,,,,,
345,11.500000,72.677,10.743,0,0,0,0.000000,0.000000,0.000000,0.000000,0.000000,0,0.000,0.000,NO BLACK,NO BUNDLE,0,0,0,,,,0,1,1,0,0.876374,0.622443,1140,570,0.573587,STAND TEMPORARILY LOST (2),527,238,1108,564,,,,,,
346,11.533333,69.430,10.557,24,0,0,0.757744,0.000000,0.000000,0.000000,0.000000,0,0.000,0.000,NO BLACK,NO BUNDLE,0,0,0,,,,0,1,1,1,0.855275,0.588883,1068,714,0.460799,STAND LOCKED,527,238,1108,564,,,,,,
347,11.566667,71.313,10.838,16,0,0,0.727101,0.000000,0.000000,0.000000,0.000000,0,0.000,0.000,NO BLACK,NO BUNDLE,0,0,0,,,,0,1,1,1,0.855275,0.588883,1068,714,0.460799,STAND LOCKED,527,238,1108,564,,,,,,
348,11.600000,76.930,10.586,5,0,1,0.722938,0.000000,0.754962,0.000000,0.000000,0,0.000,0.000,NO BLACK,NO BUNDLE,0,0,0,,,,0,1,1,0,0.855275,0.588883,1068,714,0.460799,STAND TARGET JUMP REJECTED,527,238,1108,564,,,,,,
349,11.633333,81.142,10.509,7,0,10,0.718453,0.000000,0.741070,0.000000,0.000000,0,0.000,0.000,NO BLACK,NO BUNDLE,0,0,0,,,,0,1,1,0,0.855275,0.588883,1068,714,0.460799,STAND TARGET JUMP REJECTED,527,238,1108,564,,,,,,
350,11.666667,76.799,9.402,27715,13361,14265,0.869515,0.794676,0.908245,0.857478,0.784227,1,176.529,34.235,VALID,CANDIDATE,1,1,0,865,443,181.000,0,1,1,1,0.814971,0.616117,1027,580,0.350462,STAND LOCKED,,,,,,,,,,
351,11.700000,63.677,8.878,1016,3493,5956,0.819637,0.812054,0.839809,0.823833,0.816191,1,194.459,19.657,VALID,CANDIDATE,2,1,0,752,435,130.950,0,1,1,1,0.814971,0.616117,1027,580,0.350462,STAND LOCKED,196,133,1238,719,,,,,,
352,11.733333,61.696,9.200,447,2516,3258,0.758983,0.759354,0.844831,0.759169,0.000000,0,0.000,0.000,NO BLACK,NO BUNDLE,0,0,0,,,,0,1,1,1,0.959870,0.663207,984,566,0.479560,STAND LOCKED,245,160,1184,689,,,,,,
353,11.766667,65.731,8.862,567,3157,4337,0.754069,0.775252,0.837069,0.764660,0.000000,0,0.000,0.000,GEOMETRY FAIL,NO BUNDLE,0,0,0,,,,0,1,1,1,0.959870,0.663207,984,566,0.479560,STAND LOCKED,245,160,1184,689,,,,,,
354,11.800000,70.107,8.204,1052,2899,3160,0.767464,0.819215,0.825186,0.803955,0.783034,1,186.987,22.724,VALID,CANDIDATE,1,1,0,729,439,121.000,0,1,1,0,0.959870,0.663207,984,566,0.479560,STAND TEMPORARILY LOST (1),245,160,1184,689,,,,,,
355,11.833333,68.505,8.716,443,1594,1218,0.751500,0.754894,0.820997,0.753197,0.000000,0,0.000,0.000,NO BLACK,NO BUNDLE,0,0,0,,,,0,1,1,0,0.959870,0.663207,984,566,0.479560,STAND TEMPORARILY LOST (1),284,187,1143,671,,,,,,
356,11.866667,67.503,8.970,54,2199,3223,0.722297,0.788103,0.839710,0.755200,0.000000,0,0.000,0.000,NO BLACK,NO BUNDLE,0,0,0,,,,0,1,1,1,0.820980,0.584517,1110,463,0.441913,STAND LOCKED,284,187,1143,671,,,,,,
357,11.900000,68.261,9.511,244,2244,4265,0.740447,0.766022,0.868225,0.753235,0.000000,0,0.000,0.000,NO BLACK,NO BUNDLE,0,0,0,,,,0,1,1,1,0.820980,0.584517,1110,463,0.441913,STAND LOCKED,284,187,1143,671,,,,,,
358,11.933333,70.981,9.473,283,2248,3748,0.757300,0.777781,0.844372,0.767541,0.000000,0,0.000,0.000,NO BLACK,NO BUNDLE,0,0,0,,,,0,1,1,0,0.820980,0.584517,1110,463,0.441913,STAND TARGET JUMP REJECTED,284,187,1143,671,,,,,,
359,11.966667,74.391,8.672,21893,8835,11334,0.839265,0.849331,0.864944,0.851180,0.833827,1,181.338,29.173,VALID,CANDIDATE,1,1,0,420,415,157.000,0,1,1,0,0.820980,0.584517,1110,463,0.441913,STAND TARGET JUMP REJECTED,,,,,,,,,,
360,12.000000,61.454,8.965,66,832,625,0.740856,0.766938,0.806486,0.753897,0.000000,0,0.000,0.000,NO BLACK,NO BUNDLE,0,0,0,,,,0,1,1,1,0.922243,0.600795,1047,436,0.545157,STAND LOCKED,238,199,1035,648,,,,,,
361,12.033333,66.173,9.598,9,1183,1977,0.754848,0.750322,0.833011,0.752585,0.000000,0,0.000,0.000,NO BLACK,NO BUNDLE,0,0,0,,,,0,1,1,1,0.922243,0.600795,1047,436,0.545157,STAND LOCKED,238,199,1035,648,,,,,,
362,12.066667,70.667,9.582,41,1083,1823,0.724853,0.718977,0.805635,0.721915,0.000000,0,0.000,0.000,NO BLACK,NO BUNDLE,0,0,0,,,,0,1,1,1,0.916691,0.559252,1048,395,0.597728,STAND LOCKED,238,199,1035,648,,,,,,
363,12.100000,68.907,10.005,104,1310,1343,0.740541,0.734677,0.801280,0.737609,0.000000,0,0.000,0.000,NO BLACK,NO BUNDLE,0,0,0,,,,0,1,1,1,0.916691,0.559252,1048,395,0.597728,STAND LOCKED,238,199,1035,648,,,,,,
364,12.133333,71.674,9.912,0,382,898,0.000000,0.698194,0.814904,0.000000,0.000000,0,0.000,0.000,NO BLACK,NO BUNDLE,0,0,0,,,,0,1,1,1,0.903394,0.565128,975,427,0.698792,STAND LOCKED,238,199,1035,648,,,,,,
365,12.166667,72.891,10.272,0,413,1537,0.000000,0.750056,0.860847,0.000000,0.000000,0,0.000,0.000,NO BLACK,NO BUNDLE,0,0,0,,,,0,1,1,1,0.903394,0.565128,975,427,0.698792,STAND LOCKED,238,199,1035,648,,,,,,
366,12.200000,69.631,10.139,28,511,811,0.742673,0.742749,0.828423,0.742711,0.000000,0,0.000,0.000,NO BLACK,NO BUNDLE,0,0,0,,,,0,1,1,1,0.887007,0.513808,1015,499,0.747836,STAND LOCKED,238,199,1035,648,,,,,,
367,12.233333,69.185,10.547,28,1055,1409,0.766711,0.736421,0.813809,0.751566,0.000000,0,0.000,0.000,NO BLACK,NO BUNDLE,0,0,0,,,,0,1,1,1,0.887007,0.513808,1015,499,0.747836,STAND LOCKED,238,199,1035,648,,,,,,
368,12.266667,68.075,10.353,29,1443,1238,0.729556,0.740113,0.805066,0.734834,0.000000,0,0.000,0.000,NO BLACK,NO BUNDLE,0,0,0,,,,0,1,1,1,0.938933,0.554114,1048,530,0.866156,STAND LOCKED,238,199,1035,648,,,,,,
369,12.300000,69.320,10.696,11,1210,1652,0.729313,0.745862,0.834975,0.737588,0.000000,0,0.000,0.000,NO BLACK,NO BUNDLE,0,0,0,,,,0,1,1,1,0.938933,0.554114,1048,530,0.866156,STAND LOCKED,238,199,1035,648,,,,,,
370,12.333333,67.897,10.518,88,1786,2828,0.736925,0.781606,0.847123,0.759266,0.000000,0,0.000,0.000,NO BLACK,NO BUNDLE,0,0,0,,,,0,1,1,1,0.896301,0.532090,932,544,0.907178,STAND LOCKED,238,199,1035,648,,,,,,
371,12.366667,68.191,10.883,159,1946,2778,0.746327,0.775274,0.843470,0.760800,0.000000,0,0.000,0.000,NO BLACK,NO BUNDLE,0,0,0,,,,0,1,1,1,0.896301,0.532090,932,544,0.907178,STAND LOCKED,238,199,1035,648,,,,,,
372,12.400000,68.778,10.666,529,2020,2986,0.741113,0.782306,0.828399,0.761710,0.000000,0,0.000,0.000,NO BLACK,NO BUNDLE,0,0,0,,,,0,1,1,1,0.905106,0.593907,918,436,0.758600,STAND LOCKED,238,199,1035,648,,,,,,
373,12.433333,69.607,10.993,168,2304,2977,0.730176,0.766489,0.856504,0.748333,0.000000,0,0.000,0.000,NO BLACK,NO BUNDLE,0,0,0,,,,0,1,1,1,0.905106,0.593907,918,436,0.758600,STAND LOCKED,238,199,1035,648,,,,,,
374,12.466667,68.963,10.746,44,2171,2566,0.719965,0.785222,0.807642,0.752594,0.000000,0,0.000,0.000,NO BLACK,NO BUNDLE,0,0,0,,,,0,1,1,1,0.953928,0.584799,918,489,0.866926,STAND LOCKED,238,199,1035,648,,,,,,
375,12.500000,68.417,11.094,376,1506,2529,0.756900,0.776162,0.810819,0.766531,0.000000,0,0.000,0.000,NO BLACK,NO BUNDLE,0,0,0,,,,0,1,1,1,0.953928,0.584799,918,489,0.866926,STAND LOCKED,238,199,1035,648,,,,,,
376,12.533333,71.258,10.787,502,1696,4163,0.734517,0.777977,0.857491,0.756247,0.000000,0,0.000,0.000,NO BLACK,NO BUNDLE,0,0,0,,,,0,1,1,1,0.846410,0.577072,944,524,0.919746,STAND LOCKED,238,199,1035,648,,,,,,
377,12.566667,67.817,11.149,452,1945,4931,0.742608,0.773832,0.859027,0.758220,0.000000,0,0.000,0.000,NO BLACK,NO BUNDLE,0,0,0,,,,0,1,1,1,0.846410,0.577072,944,524,0.919746,STAND LOCKED,238,199,1035,648,,,,,,
378,12.600000,74.713,10.406,1837,1151,2671,0.764019,0.757198,0.829520,0.760608,0.000000,0,0.000,0.000,GEOMETRY FAIL,NO BUNDLE,0,0,0,,,,0,1,1,1,0.965261,0.587053,952,536,0.945552,STAND LOCKED,238,199,1035,648,,,,,,
379,12.633333,73.542,9.791,2002,1230,3368,0.808033,0.760141,0.868567,0.812247,0.763330,1,194.039,26.792,VALID,CANDIDATE,1,1,0,872,407,93.000,0,1,1,1,0.965261,0.587053,952,536,0.945552,STAND LOCKED,238,199,1035,648,,,,,,
380,12.666667,62.738,9.438,794,1237,1731,0.758484,0.768341,0.837901,0.763412,0.000000,0,0.000,0.000,GEOMETRY FAIL,NO BUNDLE,0,0,0,,,,0,1,1,1,0.938242,0.568110,963,545,0.959202,STAND LOCKED,300,206,1049,627,,,,,,
381,12.700000,66.953,9.168,2017,1135,3943,0.819029,0.764842,0.873825,0.819232,0.797707,1,185.120,30.095,VALID,CANDIDATE,1,1,0,966,306,74.000,0,1,1,1,0.938242,0.568110,963,545,0.959202,STAND LOCKED,300,206,1049,627,,,,,,
382,12.733333,66.187,9.001,2046,598,2859,0.781613,0.715079,0.848336,0.748346,0.000000,0,0.000,0.000,GEOMETRY FAIL,NO BUNDLE,0,0,0,,,,0,1,1,1,0.870285,0.566903,954,546,0.971456,STAND LOCKED,322,171,1092,603,,,,,,
383,12.766667,65.998,9.085,2170,649,3545,0.799035,0.679930,0.844750,0.739483,0.000000,0,0.000,0.000,GEOMETRY FAIL,NO BUNDLE,0,0,0,,,,0,1,1,1,0.870285,0.566903,954,546,0.971456,STAND LOCKED,322,171,1092,603,,,,,,
384,12.800000,71.356,8.771,2122,982,3068,0.779225,0.731198,0.840076,0.755212,0.000000,0,0.000,0.000,GEOMETRY FAIL,NO BUNDLE,0,0,0,,,,0,1,1,1,0.941769,0.562102,921,543,0.983081,STAND LOCKED,322,171,1092,603,,,,,,
385,12.833333,66.913,8.994,1602,616,2957,0.767241,0.699639,0.819022,0.733440,0.000000,0,0.000,0.000,GEOMETRY FAIL,NO BUNDLE,0,0,0,,,,0,1,1,1,0.941769,0.562102,921,543,0.983081,STAND LOCKED,322,171,1092,603,,,,,,
386,12.866667,73.212,8.670,728,556,2687,0.765155,0.685589,0.833334,0.725372,0.000000,0,0.000,0.000,GEOMETRY FAIL,NO BUNDLE,0,0,0,,,,0,1,1,1,0.781237,0.562564,941,528,0.963868,STAND LOCKED,322,171,1092,603,,,,,,
387,12.900000,68.914,9.253,362,810,770,0.744714,0.704550,0.770897,0.724632,0.000000,0,0.000,0.000,NO BLACK,NO BUNDLE,0,0,0,,,,0,1,1,1,0.781237,0.562564,941,528,0.963868,STAND LOCKED,322,171,1092,603,,,,,,
388,12.933333,64.423,9.308,338,744,1056,0.733876,0.706856,0.799652,0.720366,0.000000,0,0.000,0.000,NO BLACK,NO BUNDLE,0,0,0,,,,0,1,1,1,0.939701,0.606058,950,499,0.846241,STAND LOCKED,322,171,1092,603,,,,,,
389,12.966667,71.689,8.457,22617,4860,7747,0.930907,0.844603,0.904790,0.893433,0.840650,1,172.693,37.822,VALID,CANDIDATE,1,1,0,730,361,149.000,0,1,1,1,0.939701,0.606058,950,499,0.846241,STAND LOCKED,,,,,,,,,,
390,13.000000,57.806,8.645,0,382,6,0.000000,0.744091,0.725780,0.000000,0.000000,0,0.000,0.000,NO BLACK,NO BUNDLE,0,0,0,,,,0,1,1,1,0.894784,0.586673,954,403,0.706734,STAND LOCKED,346,175,1074,583,,,,,,
391,13.033333,64.585,9.370,45,14,355,0.743548,0.650656,0.759926,0.697102,0.000000,0,0.000,0.000,NO BLACK,NO BUNDLE,0,0,0,,,,0,1,1,1,0.894784,0.586673,954,403,0.706734,STAND LOCKED,346,175,1074,583,,,,,,
392,13.066667,67.190,9.327,0,0,0,0.000000,0.000000,0.000000,0.000000,0.000000,0,0.000,0.000,NO BLACK,NO BUNDLE,0,0,0,,,,0,1,1,1,0.847600,0.568228,1008,328,0.580808,STAND LOCKED,346,175,1074,583,,,,,,
393,13.100000,70.032,9.892,0,0,0,0.000000,0.000000,0.000000,0.000000,0.000000,0,0.000,0.000,NO BLACK,NO BUNDLE,0,0,0,,,,0,1,1,1,0.847600,0.568228,1008,328,0.580808,STAND LOCKED,346,175,1074,583,,,,,,
394,13.133333,71.329,9.865,0,0,0,0.000000,0.000000,0.000000,0.000000,0.000000,0,0.000,0.000,NO BLACK,NO BUNDLE,0,0,0,,,,0,1,1,1,0.873775,0.548975,986,441,0.515993,STAND LOCKED,346,175,1074,583,,,,,,
395,13.166667,69.864,10.351,0,0,0,0.000000,0.000000,0.000000,0.000000,0.000000,0,0.000,0.000,NO BLACK,NO BUNDLE,0,0,0,,,,0,1,1,1,0.873775,0.548975,986,441,0.515993,STAND LOCKED,346,175,1074,583,,,,,,
396,13.200000,69.427,10.188,0,0,0,0.000000,0.000000,0.000000,0.000000,0.000000,0,0.000,0.000,NO BLACK,NO BUNDLE,0,0,0,,,,0,1,1,0,0.873775,0.548975,986,441,0.515993,STAND TARGET JUMP REJECTED,346,175,1074,583,,,,,,
397,13.233333,71.278,10.522,0,0,0,0.000000,0.000000,0.000000,0.000000,0.000000,0,0.000,0.000,NO BLACK,NO BUNDLE,0,0,0,,,,0,1,1,0,0.873775,0.548975,986,441,0.515993,STAND TARGET JUMP REJECTED,346,175,1074,583,,,,,,
398,13.266667,73.663,10.287,0,0,0,0.000000,0.000000,0.000000,0.000000,0.000000,0,0.000,0.000,NO BLACK,NO BUNDLE,0,0,0,,,,0,1,1,1,0.789262,0.540140,943,512,0.400253,STAND LOCKED,346,175,1074,583,,,,,,
399,13.300000,76.105,10.490,0,0,0,0.000000,0.000000,0.000000,0.000000,0.000000,0,0.000,0.000,NO BLACK,NO BUNDLE,0,0,0,,,,0,1,1,1,0.789262,0.540140,943,512,0.400253,STAND LOCKED,346,175,1074,583,,,,,,
400,13.333333,70.338,10.407,0,0,0,0.000000,0.000000,0.000000,0.000000,0.000000,0,0.000,0.000,NO BLACK,NO BUNDLE,0,0,0,,,,0,1,1,1,0.852118,0.520006,895,460,0.449003,STAND LOCKED,346,175,1074,583,,,,,,
401,13.366667,64.734,10.922,0,0,0,0.000000,0.000000,0.000000,0.000000,0.000000,0,0.000,0.000,NO BLACK,NO BUNDLE,0,0,0,,,,0,1,1,1,0.852118,0.520006,895,460,0.449003,STAND LOCKED,346,175,1074,583,,,,,,
402,13.400000,65.225,10.824,0,0,0,0.000000,0.000000,0.000000,0.000000,0.000000,0,0.000,0.000,NO BLACK,NO BUNDLE,0,0,0,,,,0,1,1,0,0.852118,0.520006,895,460,0.449003,STAND TEMPORARILY LOST (1),346,175,1074,583,,,,,,
403,13.433333,66.737,11.188,0,2,20,0.000000,0.643716,0.747432,0.000000,0.000000,0,0.000,0.000,NO BLACK,NO BUNDLE,0,0,0,,,,0,1,1,0,0.852118,0.520006,895,460,0.449003,STAND TEMPORARILY LOST (1),346,175,1074,583,,,,,,
404,13.466667,74.561,10.911,0,25,856,0.000000,0.641553,0.822934,0.000000,0.000000,0,0.000,0.000,NO BLACK,NO BUNDLE,0,0,0,,,,0,1,1,1,0.835960,0.496931,869,400,0.466866,STAND LOCKED,346,175,1074,583,,,,,,
405,13.500000,75.306,11.035,0,0,166,0.000000,0.000000,0.821215,0.000000,0.000000,0,0.000,0.000,NO BLACK,NO BUNDLE,0,0,0,,,,0,1,1,1,0.835960,0.496931,869,400,0.466866,STAND LOCKED,346,175,1074,583,,,,,,
406,13.533333,72.056,10.818,0,0,41,0.000000,0.000000,0.767941,0.000000,0.000000,0,0.000,0.000,NO BLACK,NO BUNDLE,0,0,0,,,,0,1,1,1,0.766867,0.480107,933,350,0.517682,STAND LOCKED,346,175,1074,583,,,,,,
407,13.566667,71.190,11.085,0,0,39,0.000000,0.000000,0.738797,0.000000,0.000000,0,0.000,0.000,NO BLACK,NO BUNDLE,0,0,0,,,,0,1,1,1,0.766867,0.480107,933,350,0.517682,STAND LOCKED,346,175,1074,583,,,,,,
408,13.600000,65.557,10.960,0,14,703,0.000000,0.657129,0.792679,0.000000,0.000000,0,0.000,0.000,NO BLACK,NO BUNDLE,0,0,0,,,,0,1,1,0,0.766867,0.480107,933,350,0.517682,STAND TEMPORARILY LOST (1),346,175,1074,583,,,,,,
409,13.633333,68.857,11.267,0,52,230,0.000000,0.704923,0.800779,0.000000,0.000000,0,0.000,0.000,NO BLACK,NO BUNDLE,0,0,0,,,,0,1,1,0,0.766867,0.480107,933,350,0.517682,STAND TEMPORARILY LOST (1),346,175,1074,583,,,,,,
410,13.666667,71.184,10.043,13265,10429,4293,0.860601,0.798798,0.772713,0.810704,0.831602,1,211.839,36.524,VALID,CANDIDATE,1,1,0,976,451,151.000,0,1,1,0,0.766867,0.480107,933,350,0.517682,STAND TARGET JUMP REJECTED,,,,,,,,,,
411,13.700000,65.059,10.547,0,0,0,0.000000,0.000000,0.000000,0.000000,0.000000,0,0.000,0.000,NO BLACK,NO BUNDLE,0,0,0,,,,0,1,1,0,0.766867,0.480107,933,350,0.517682,STAND TARGET JUMP REJECTED,677,284,1253,608,,,,,,
412,13.733333,65.016,10.480,5,0,33,0.708522,0.000000,0.780979,0.000000,0.000000,0,0.000,0.000,NO BLACK,NO BUNDLE,0,0,0,,,,0,1,1,1,0.703779,0.497583,947,447,0.459068,STAND LOCKED,677,284,1253,608,,,,,,
413,13.766667,69.791,10.810,0,0,0,0.000000,0.000000,0.000000,0.000000,0.000000,0,0.000,0.000,NO BLACK,NO BUNDLE,0,0,0,,,,0,1,1,1,0.703779,0.497583,947,447,0.459068,STAND LOCKED,677,284,1253,608,,,,,,
414,13.800000,67.430,10.685,6,0,38,0.735724,0.000000,0.832450,0.000000,0.000000,0,0.000,0.000,NO BLACK,NO BUNDLE,0,0,0,,,,0,1,1,0,0.703779,0.497583,947,447,0.459068,STAND TEMPORARILY LOST (1),677,284,1253,608,,,,,,
415,13.833333,69.482,10.964,0,0,17,0.000000,0.000000,0.752191,0.000000,0.000000,0,0.000,0.000,NO BLACK,NO BUNDLE,0,0,0,,,,0,1,1,0,0.703779,0.497583,947,447,0.459068,STAND TEMPORARILY LOST (1),677,284,1253,608,,,,,,
416,13.866667,70.108,10.747,6,19,0,0.739681,0.648172,0.000000,0.693926,0.000000,0,0.000,0.000,NO BLACK,NO BUNDLE,0,0,0,,,,0,1,1,1,0.745989,0.518997,963,507,0.435238,STAND LOCKED,677,284,1253,608,,,,,,
417,13.900000,72.621,10.972,1,0,2,0.735457,0.000000,0.834511,0.000000,0.000000,0,0.000,0.000,NO BLACK,NO BUNDLE,0,0,0,,,,0,1,1,1,0.745989,0.518997,963,507,0.435238,STAND LOCKED,677,284,1253,608,,,,,,
418,13.933333,67.242,10.895,0,0,37,0.000000,0.000000,0.781173,0.000000,0.000000,0,0.000,0.000,NO BLACK,NO BUNDLE,0,0,0,,,,0,1,1,0,0.745989,0.518997,963,507,0.435238,STAND TEMPORARILY LOST (1),677,284,1253,608,,,,,,
419,13.966667,70.056,9.819,10528,5306,4639,0.853100,0.757095,0.822886,0.811027,0.795468,1,204.487,28.104,VALID,CANDIDATE,1,1,0,943,465,115.000,0,1,1,0,0.745989,0.518997,963,507,0.435238,STAND TEMPORARILY LOST (1),,,,,,,,,,
420,14.000000,62.496,10.033,0,0,0,0.000000,0.000000,0.000000,0.000000,0.000000,0,0.000,0.000,NO BLACK,NO BUNDLE,0,0,0,,,,0,1,1,1,0.795839,0.461680,861,426,0.434700,STAND LOCKED,676,287,1252,611,,,,,,
421,14.033333,61.132,10.705,0,0,0,0.000000,0.000000,0.000000,0.000000,0.000000,0,0.000,0.000,NO BLACK,NO BUNDLE,0,0,0,,,,0,1,1,1,0.795839,0.461680,861,426,0.434700,STAND LOCKED,676,287,1252,611,,,,,,
422,14.066667,63.677,10.667,3,0,0,0.742553,0.000000,0.000000,0.000000,0.000000,0,0.000,0.000,NO BLACK,NO BUNDLE,0,0,0,,,,0,1,1,1,0.666207,0.395788,804,433,0.380985,STAND LOCKED,676,287,1252,611,,,,,,
423,14.100000,65.803,11.051,0,0,0,0.000000,0.000000,0.000000,0.000000,0.000000,0,0.000,0.000,NO BLACK,NO BUNDLE,0,0,0,,,,0,1,1,1,0.666207,0.395788,804,433,0.380985,STAND LOCKED,676,287,1252,611,,,,,,
424,14.133333,70.182,10.912,0,0,0,0.000000,0.000000,0.000000,0.000000,0.000000,0,0.000,0.000,NO BLACK,NO BUNDLE,0,0,0,,,,0,1,1,0,0.666207,0.395788,804,433,0.380985,STAND TEMPORARILY LOST (1),676,287,1252,611,,,,,,
425,14.166667,65.855,11.286,0,0,0,0.000000,0.000000,0.000000,0.000000,0.000000,0,0.000,0.000,NO BLACK,NO BUNDLE,0,0,0,,,,0,1,1,0,0.666207,0.395788,804,433,0.380985,STAND TEMPORARILY LOST (1),676,287,1252,611,,,,,,
426,14.200000,70.749,11.076,0,0,0,0.000000,0.000000,0.000000,0.000000,0.000000,0,0.000,0.000,NO BLACK,NO BUNDLE,0,0,0,,,,0,1,1,0,0.666207,0.395788,804,433,0.380985,STAND TARGET JUMP REJECTED,676,287,1252,611,,,,,,
427,14.233333,74.197,11.232,0,9,24,0.000000,0.627779,0.743062,0.000000,0.000000,0,0.000,0.000,NO BLACK,NO BUNDLE,0,0,0,,,,0,1,1,0,0.666207,0.395788,804,433,0.380985,STAND TARGET JUMP REJECTED,676,287,1252,611,,,,,,
428,14.266667,71.545,10.672,0,0,23,0.000000,0.000000,0.800786,0.000000,0.000000,0,0.000,0.000,NO BLACK,NO BUNDLE,0,0,0,,,,0,1,1,0,0.666207,0.395788,804,433,0.380985,STAND TEMPORARILY LOST (3),676,287,1252,611,,,,,,
429,14.300000,71.754,10.944,10,0,103,0.730290,0.000000,0.807465,0.000000,0.000000,0,0.000,0.000,NO BLACK,NO BUNDLE,0,0,0,,,,0,1,1,0,0.666207,0.395788,804,433,0.380985,STAND TEMPORARILY LOST (3),676,287,1252,611,,,,,,
430,14.333333,67.826,10.806,34,0,56,0.778823,0.000000,0.857973,0.000000,0.000000,0,0.000,0.000,NO BLACK,NO BUNDLE,0,0,0,,,,0,1,1,1,0.798258,0.497233,997,493,0.361397,STAND LOCKED,676,287,1252,611,,,,,,
431,14.366667,70.191,11.084,0,0,0,0.000000,0.000000,0.000000,0.000000,0.000000,0,0.000,0.000,NO BLACK,NO BUNDLE,0,0,0,,,,0,1,1,1,0.798258,0.497233,997,493,0.361397,STAND LOCKED,676,287,1252,611,,,,,,
432,14.400000,70.796,10.885,0,0,0,0.000000,0.000000,0.000000,0.000000,0.000000,0,0.000,0.000,NO BLACK,NO BUNDLE,0,0,0,,,,0,1,1,0,0.798258,0.497233,997,493,0.361397,STAND TEMPORARILY LOST (1),676,287,1252,611,,,,,,
433,14.433333,71.608,11.106,0,0,0,0.000000,0.000000,0.000000,0.000000,0.000000,0,0.000,0.000,NO BLACK,NO BUNDLE,0,0,0,,,,0,1,1,0,0.798258,0.497233,997,493,0.361397,STAND TEMPORARILY LOST (1),676,287,1252,611,,,,,,
434,14.466667,70.046,10.947,150,0,319,0.736925,0.000000,0.840139,0.000000,0.000000,0,0.000,0.000,NO BLACK,NO BUNDLE,0,0,0,,,,0,1,1,1,0.850914,0.510495,1001,452,0.410129,STAND LOCKED,676,287,1252,611,,,,,,
435,14.500000,68.134,11.227,0,26,17,0.000000,0.685018,0.778936,0.000000,0.000000,0,0.000,0.000,NO BLACK,NO BUNDLE,0,0,0,,,,0,1,1,1,0.850914,0.510495,1001,452,0.410129,STAND LOCKED,676,287,1252,611,,,,,,
436,14.533333,66.220,11.169,0,32,26,0.000000,0.724343,0.731455,0.000000,0.000000,0,0.000,0.000,NO BLACK,NO BUNDLE,0,0,0,,,,0,1,1,0,0.850914,0.510495,1001,452,0.410129,STAND TEMPORARILY LOST (1),676,287,1252,611,,,,,,
437,14.566667,69.386,11.398,58,65,2,0.770558,0.772433,0.721355,0.771496,0.000000,0,0.000,0.000,NO BLACK,NO BUNDLE,0,0,0,,,,0,1,1,0,0.850914,0.510495,1001,452,0.410129,STAND TEMPORARILY LOST (1),676,287,1252,611,,,,,,
438,14.600000,67.623,11.225,6,66,57,0.713880,0.740719,0.759361,0.727299,0.000000,0,0.000,0.000,NO BLACK,NO BUNDLE,0,0,0,,,,0,1,1,1,0.825604,0.537154,950,475,0.406595,STAND LOCKED,676,287,1252,611,,,,,,
439,14.633333,72.551,11.411,236,86,0,0.782164,0.743358,0.000000,0.762761,0.000000,0,0.000,0.000,NO BLACK,NO BUNDLE,0,0,0,,,,0,1,1,1,0.825604,0.537154,950,475,0.406595,STAND LOCKED,676,287,1252,611,,,,,,
440,14.666667,69.861,10.245,7825,3802,3569,0.906468,0.776435,0.853073,0.845325,0.814946,1,206.076,35.940,VALID,CANDIDATE,1,1,0,918,447,143.000,0,1,1,0,0.825604,0.537154,950,475,0.406595,STAND TEMPORARILY LOST (1),,,,,,,,,,
441,14.700000,63.824,9.479,1275,1098,1589,0.812268,0.810592,0.825815,0.816225,0.805585,1,213.325,32.728,TARGET JUMP,CANDIDATE,1,1,0,1145,448,87.000,0,1,1,0,0.825604,0.537154,950,475,0.406595,STAND TEMPORARILY LOST (1),610,209,1440,676,,,,,,
442,14.733333,69.444,9.419,1147,438,321,0.813266,0.727431,0.793770,0.770349,0.000000,0,0.000,0.000,GEOMETRY FAIL,NO BUNDLE,0,0,0,,,,0,1,1,0,0.825604,0.537154,950,475,0.406595,STAND TARGET JUMP REJECTED,668,225,1442,661,,,,,,
443,14.766667,66.813,9.455,1192,731,2147,0.812863,0.782531,0.849077,0.797697,0.000000,0,0.000,0.000,GEOMETRY FAIL,NO BUNDLE,0,0,0,,,,0,1,1,0,0.825604,0.537154,950,475,0.406595,STAND TARGET JUMP REJECTED,668,225,1442,661,,,,,,
444,14.800000,66.051,8.971,1652,761,3147,0.806046,0.793155,0.890016,0.799600,0.000000,0,0.000,0.000,GEOMETRY FAIL,NO BUNDLE,0,0,0,,,,0,1,1,0,0.825604,0.537154,950,475,0.406595,STAND TEMPORARILY LOST (3),668,225,1442,661,,,,,,
445,14.833333,71.518,9.051,1215,582,3884,0.797711,0.776276,0.881051,0.786994,0.000000,0,0.000,0.000,GEOMETRY FAIL,NO BUNDLE,0,0,0,,,,0,1,1,0,0.825604,0.537154,950,475,0.406595,STAND TEMPORARILY LOST (3),668,225,1442,661,,,,,,
446,14.866667,73.492,8.603,1104,381,2457,0.817678,0.772723,0.860382,0.795200,0.000000,0,0.000,0.000,GEOMETRY FAIL,NO BUNDLE,0,0,0,,,,0,1,1,1,0.575951,0.478895,928,463,0.356116,STAND LOCKED,668,225,1442,661,,,,,,
447,14.900000,74.204,8.558,761,305,2598,0.802406,0.764656,0.837959,0.783531,0.000000,0,0.000,0.000,GEOMETRY FAIL,NO BUNDLE,0,0,0,,,,0,1,1,1,0.575951,0.478895,928,463,0.356116,STAND LOCKED,668,225,1442,661,,,,,,
448,14.933333,70.515,8.690,865,371,172,0.772442,0.706143,0.810555,0.739292,0.000000,0,0.000,0.000,GEOMETRY FAIL,NO BUNDLE,0,0,0,,,,0,1,1,1,0.787171,0.463471,946,346,0.293678,STAND LOCKED,668,225,1442,661,,,,,,
449,14.966667,71.251,7.997,8940,4944,2488,0.875748,0.802607,0.812921,0.839177,0.000000,0,197.318,44.324,APPEARANCE FAIL,NO BUNDLE,0,0,0,,,,0,1,1,1,0.787171,0.463471,946,346,0.293678,STAND LOCKED,,,,,,,,,,
450,15.000000,70.673,7.919,1142,921,3389,0.797990,0.774299,0.870929,0.786144,0.000000,0,0.000,0.000,GEOMETRY FAIL,NO BUNDLE,0,0,0,,,,0,1,1,0,0.787171,0.463471,946,346,0.293678,STAND TEMPORARILY LOST (1),668,225,1442,661,,,,,,
451,15.033333,69.876,8.274,1079,695,834,0.784164,0.770688,0.810974,0.777426,0.000000,0,0.000,0.000,GEOMETRY FAIL,NO BUNDLE,0,0,0,,,,0,1,1,0,0.787171,0.463471,946,346,0.293678,STAND TEMPORARILY LOST (1),668,225,1442,661,,,,,,
452,15.066667,71.381,8.209,1471,560,4444,0.796414,0.757856,0.884701,0.777135,0.000000,0,0.000,0.000,GEOMETRY FAIL,NO BUNDLE,0,0,0,,,,0,1,1,1,0.751947,0.481050,895,247,0.259470,STAND LOCKED,668,225,1442,661,,,,,,
453,15.100000,68.536,8.267,1377,773,3245,0.790463,0.770937,0.859650,0.780700,0.000000,0,0.000,0.000,GEOMETRY FAIL,NO BUNDLE,0,0,0,,,,0,1,1,1,0.751947,0.481050,895,247,0.259470,STAND LOCKED,668,225,1442,661,,,,,,
454,15.133333,68.388,8.254,1173,889,570,0.774980,0.793705,0.808924,0.784343,0.000000,0,0.000,0.000,GEOMETRY FAIL,NO BUNDLE,0,0,0,,,,0,1,1,0,0.751947,0.481050,895,247,0.259470,STAND TARGET JUMP REJECTED,668,225,1442,661,,,,,,
455,15.166667,71.131,7.901,2076,962,4161,0.834852,0.781631,0.881119,0.832534,0.799592,1,205.340,34.172,VALID,CANDIDATE,1,1,0,1160,490,98.000,0,1,1,0,0.751947,0.481050,895,247,0.259470,STAND TARGET JUMP REJECTED,668,225,1442,661,,,,,,
456,15.200000,63.537,7.663,1933,1033,2930,0.815114,0.749084,0.855385,0.782099,0.000000,0,0.000,0.000,GEOMETRY FAIL,NO BUNDLE,0,0,0,,,,0,1,1,1,0.821261,0.466653,842,283,0.430465,STAND LOCKED,689,235,1459,668,,,,,,
457,15.233333,69.143,7.911,2217,946,1531,0.802317,0.760256,0.841283,0.781286,0.000000,0,0.000,0.000,GEOMETRY FAIL,NO BUNDLE,0,0,0,,,,0,1,1,1,0.821261,0.466653,842,283,0.430465,STAND LOCKED,689,235,1459,668,,,,,,
458,15.266667,67.488,7.829,1582,1210,630,0.776072,0.756807,0.815661,0.766439,0.000000,0,0.000,0.000,GEOMETRY FAIL,NO BUNDLE,0,0,0,,,,0,1,1,0,0.821261,0.466653,842,283,0.430465,STAND TEMPORARILY LOST (1),689,235,1459,668,,,,,,
459,15.300000,70.945,7.353,2782,1382,2205,0.844005,0.818249,0.832119,0.831458,0.821800,1,207.269,24.769,VALID,CANDIDATE,1,1,0,1110,544,95.000,0,1,1,0,0.821261,0.466653,842,283,0.430465,STAND TEMPORARILY LOST (1),689,235,1459,668,,,,,,
460,15.333333,62.552,7.495,1557,770,1189,0.789685,0.736960,0.853947,0.763322,0.000000,0,0.000,0.000,GEOMETRY FAIL,NO BUNDLE,0,0,0,,,,0,1,1,1,0.837896,0.478216,900,330,0.453941,STAND LOCKED,733,266,1461,675,,,,,,
461,15.366667,68.050,8.191,876,527,93,0.789344,0.756191,0.797224,0.772768,0.000000,0,0.000,0.000,GEOMETRY FAIL,NO BUNDLE,0,0,0,,,,0,1,1,1,0.837896,0.478216,900,330,0.453941,STAND LOCKED,733,266,1461,675,,,,,,
462,15.400000,71.141,8.262,728,432,168,0.797598,0.751401,0.798801,0.774499,0.000000,0,0.000,0.000,GEOMETRY FAIL,NO BUNDLE,0,0,0,,,,0,1,1,0,0.837896,0.478216,900,330,0.453941,STAND TARGET JUMP REJECTED,733,266,1461,675,,,,,,
463,15.433333,73.928,8.519,1109,635,118,0.791259,0.769253,0.807282,0.780256,0.000000,0,0.000,0.000,GEOMETRY FAIL,NO BUNDLE,0,0,0,,,,0,1,1,0,0.837896,0.478216,900,330,0.453941,STAND TARGET JUMP REJECTED,733,266,1461,675,,,,,,
464,15.466667,67.839,8.396,964,704,101,0.795134,0.741846,0.812062,0.768490,0.000000,0,0.000,0.000,GEOMETRY FAIL,NO BUNDLE,0,0,0,,,,0,1,1,1,0.856562,0.495994,869,321,0.508301,STAND LOCKED,733,266,1461,675,,,,,,
465,15.500000,67.187,8.720,1929,609,468,0.802475,0.750475,0.790381,0.776475,0.000000,0,0.000,0.000,GEOMETRY FAIL,NO BUNDLE,0,0,0,,,,0,1,1,1,0.856562,0.495994,869,321,0.508301,STAND LOCKED,733,266,1461,675,,,,,,
466,15.533333,69.634,8.456,1861,943,1225,0.822097,0.760303,0.819813,0.791200,0.000000,0,0.000,0.000,GEOMETRY FAIL,NO BUNDLE,0,0,0,,,,0,1,1,1,0.695816,0.414431,865,226,0.379476,STAND LOCKED,733,266,1461,675,,,,,,
467,15.566667,69.638,8.469,1765,693,1870,0.804394,0.753796,0.840433,0.779095,0.000000,0,0.000,0.000,GEOMETRY FAIL,NO BUNDLE,0,0,0,,,,0,1,1,1,0.695816,0.414431,865,226,0.379476,STAND LOCKED,733,266,1461,675,,,,,,
468,15.600000,65.799,8.589,1807,680,699,0.796316,0.749716,0.800199,0.773016,0.000000,0,0.000,0.000,GEOMETRY FAIL,NO BUNDLE,0,0,0,,,,0,1,1,0,0.695816,0.414431,865,226,0.379476,STAND TEMPORARILY LOST (1),733,266,1461,675,,,,,,
469,15.633333,68.969,8.684,1570,760,1073,0.804751,0.751542,0.822934,0.778147,0.000000,0,0.000,0.000,GEOMETRY FAIL,NO BUNDLE,0,0,0,,,,0,1,1,0,0.695816,0.414431,865,226,0.379476,STAND TEMPORARILY LOST (1),733,266,1461,675,,,,,,
470,15.666667,68.621,8.533,813,611,233,0.811510,0.750104,0.813809,0.780807,0.000000,0,0.000,0.000,GEOMETRY FAIL,NO BUNDLE,0,0,0,,,,0,1,1,0,0.695816,0.414431,865,226,0.379476,STAND TARGET JUMP REJECTED,733,266,1461,675,,,,,,
471,15.700000,67.037,9.185,970,87,25,0.788865,0.670368,0.730198,0.729617,0.000000,0,0.000,0.000,NO LASHING,NO BUNDLE,0,0,0,,,,0,1,1,0,0.695816,0.414431,865,226,0.379476,STAND TARGET JUMP REJECTED,733,266,1461,675,,,,,,
472,15.733333,69.000,8.924,1041,84,0,0.781400,0.665151,0.000000,0.723275,0.000000,0,0.000,0.000,NO LASHING,NO BUNDLE,0,0,0,,,,0,1,1,0,0.695816,0.414431,865,226,0.379476,STAND TEMPORARILY LOST (3),733,266,1461,675,,,,,,
473,15.766667,70.850,9.443,234,577,1000,0.765763,0.765011,0.836215,0.765387,0.000000,0,0.000,0.000,NO BLACK,NO BUNDLE,0,0,0,,,,0,1,1,0,0.695816,0.414431,865,226,0.379476,STAND TEMPORARILY LOST (3),733,266,1461,675,,,,,,
474,15.800000,68.401,9.244,553,716,477,0.799785,0.771717,0.803772,0.785751,0.000000,0,0.000,0.000,NO BLACK,NO BUNDLE,0,0,0,,,,0,0,0,0,0.000000,0.000000,,,,NEED TWO DARK RAILS AND AN UPRIGHT,733,266,1461,675,,,,,,
475,15.833333,69.297,9.224,500,498,1923,0.763845,0.761742,0.843906,0.762793,0.000000,0,0.000,0.000,NO BLACK,NO BUNDLE,0,0,0,,,,0,0,0,0,0.558878,0.000000,,,,WEAK STAND GEOMETRY,733,266,1461,675,,,,,,
476,15.866667,67.824,9.222,83,202,4,0.731045,0.748699,0.718347,0.739872,0.000000,0,0.000,0.000,NO BLACK,NO BUNDLE,0,0,0,,,,0,1,0,1,0.583032,0.505749,840,114,0.108333,ACQUIRING STAND 1/4,733,266,1461,675,,,,,,
477,15.900000,69.918,9.765,65,187,0,0.730767,0.737098,0.000000,0.733932,0.000000,0,0.000,0.000,NO BLACK,NO BUNDLE,0,0,0,,,,0,1,0,1,0.583032,0.505749,840,114,0.108333,ACQUIRING STAND 1/4,733,266,1461,675,,,,,,
478,15.933333,69.276,9.636,154,55,221,0.769653,0.642743,0.796422,0.706198,0.000000,0,0.000,0.000,NO BLACK,NO BUNDLE,0,0,0,,,,0,1,0,0,0.583032,0.505749,840,114,0.108333,STAND TEMPORARILY LOST (1),733,266,1461,675,,,,,,
479,15.966667,66.467,8.788,22114,12399,9067,0.887683,0.816938,0.877318,0.852310,0.000000,0,199.513,40.235,APPEARANCE FAIL,NO BUNDLE,0,0,0,,,,0,1,0,0,0.583032,0.505749,840,114,0.108333,STAND TEMPORARILY LOST (1),,,,,,,,,,
480,16.000000,70.213,7.905,20510,10733,10221,0.911510,0.822347,0.887592,0.873816,0.898778,1,212.081,31.550,VALID,CANDIDATE,1,1,0,1011,532,175.000,0,1,0,0,0.583032,0.505749,840,114,0.108333,STAND TEMPORARILY LOST (2),,,,,,,,,,
481,16.033333,64.178,8.664,98,10,164,0.773069,0.644272,0.851113,0.708671,0.000000,0,0.000,0.000,NO BLACK,NO BUNDLE,0,0,0,,,,0,1,0,0,0.583032,0.505749,840,114,0.108333,STAND TEMPORARILY LOST (2),754,363,1330,687,,,,,,
482,16.066667,69.785,8.759,151,3,159,0.774049,0.624265,0.856723,0.699157,0.000000,0,0.000,0.000,NO BLACK,NO BUNDLE,0,0,0,,,,0,1,0,0,0.583032,0.505749,840,114,0.108333,STAND TARGET JUMP REJECTED,754,363,1330,687,,,,,,
483,16.100000,67.088,9.365,153,52,124,0.754205,0.766115,0.820717,0.760160,0.000000,0,0.000,0.000,NO BLACK,NO BUNDLE,0,0,0,,,,0,1,0,0,0.583032,0.505749,840,114,0.108333,STAND TARGET JUMP REJECTED,754,363,1330,687,,,,,,
484,16.133333,65.022,9.389,65,17,169,0.731493,0.646305,0.845986,0.688899,0.000000,0,0.000,0.000,NO BLACK,NO BUNDLE,0,0,0,,,,0,0,0,0,0.000000,0.000000,,,,STAND TARGET JUMP REJECTED,754,363,1330,687,,,,,,
485,16.166667,69.227,9.334,11,0,93,0.725941,0.000000,0.833268,0.000000,0.000000,0,0.000,0.000,NO BLACK,NO BUNDLE,0,0,0,,,,0,0,0,0,0.476513,0.000000,,,,WEAK STAND GEOMETRY,754,363,1330,687,,,,,,
486,16.200000,66.841,9.321,52,0,76,0.760776,0.000000,0.800904,0.000000,0.000000,0,0.000,0.000,NO BLACK,NO BUNDLE,0,0,0,,,,0,0,0,0,0.000000,0.000000,,,,WEAK STAND GEOMETRY,754,363,1330,687,,,,,,
487,16.233333,69.262,9.268,191,12,60,0.801363,0.650936,0.800345,0.726149,0.000000,0,0.000,0.000,NO BLACK,NO BUNDLE,0,0,0,,,,0,1,0,1,0.572500,0.478693,880,88,0.103704,ACQUIRING STAND 1/4,754,363,1330,687,,,,,,
488,16.266667,66.687,9.219,156,0,102,0.770997,0.000000,0.848696,0.000000,0.000000,0,0.000,0.000,NO BLACK,NO BUNDLE,0,0,0,,,,0,1,0,0,0.572500,0.478693,880,88,0.103704,STAND TEMPORARILY LOST (1),754,363,1330,687,,,,,,
489,16.300000,70.282,9.735,65,0,134,0.753156,0.000000,0.832809,0.000000,0.000000,0,0.000,0.000,NO BLACK,NO BUNDLE,0,0,0,,,,0,1,0,0,0.572500,0.478693,880,88,0.103704,STAND TEMPORARILY LOST (1),754,363,1330,687,,,,,,
490,16.333333,67.164,9.658,0,0,79,0.000000,0.000000,0.857546,0.000000,0.000000,0,0.000,0.000,NO BLACK,NO BUNDLE,0,0,0,,,,0,1,0,0,0.572500,0.478693,880,88,0.103704,STAND TEMPORARILY LOST (2),754,363,1330,687,,,,,,
491,16.366667,66.879,10.201,139,77,77,0.745920,0.724700,0.787086,0.735310,0.000000,0,0.000,0.000,NO BLACK,NO BUNDLE,0,0,0,,,,0,1,0,0,0.572500,0.478693,880,88,0.103704,STAND TEMPORARILY LOST (2),754,363,1330,687,,,,,,
492,16.400000,67.391,10.065,16,5,114,0.736263,0.645356,0.826858,0.690810,0.000000,0,0.000,0.000,NO BLACK,NO BUNDLE,0,0,0,,,,0,1,0,0,0.572500,0.478693,880,88,0.103704,STAND TARGET JUMP REJECTED,754,363,1330,687,,,,,,
493,16.433333,69.599,10.504,35,23,113,0.719684,0.659191,0.829081,0.689438,0.000000,0,0.000,0.000,NO BLACK,NO BUNDLE,0,0,0,,,,0,1,0,0,0.572500,0.478693,880,88,0.103704,STAND TARGET JUMP REJECTED,754,363,1330,687,,,,,,
494,16.466667,69.129,10.342,13,18,116,0.728123,0.680375,0.793622,0.704249,0.000000,0,0.000,0.000,NO BLACK,NO BUNDLE,0,0,0,,,,0,0,0,0,0.000000,0.000000,,,,WEAK STAND GEOMETRY,754,363,1330,687,,,,,,
495,16.500000,69.067,10.242,0,22,1,0.000000,0.659651,0.735172,0.000000,0.000000,0,0.000,0.000,NO BLACK,NO BUNDLE,0,0,0,,,,0,0,0,0,0.557715,0.000000,,,,WEAK STAND GEOMETRY,754,363,1330,687,,,,,,
496,16.533333,66.670,10.176,0,0,16,0.000000,0.000000,0.740817,0.000000,0.000000,0,0.000,0.000,NO BLACK,NO BUNDLE,0,0,0,,,,0,0,0,0,0.000000,0.000000,,,,NEED TWO DARK RAILS AND AN UPRIGHT,754,363,1330,687,,,,,,
497,16.566667,70.349,10.023,16,5,40,0.742718,0.646826,0.832901,0.694772,0.000000,0,0.000,0.000,NO BLACK,NO BUNDLE,0,0,0,,,,0,0,0,0,0.000000,0.000000,,,,WEAK STAND GEOMETRY,754,363,1330,687,,,,,,
498,16.600000,69.564,9.947,8,0,25,0.752942,0.000000,0.791142,0.000000,0.000000,0,0.000,0.000,NO BLACK,NO BUNDLE,0,0,0,,,,0,0,0,0,0.000000,0.000000,,,,NEED TWO DARK RAILS AND AN UPRIGHT,754,363,1330,687,,,,,,
499,16.633333,69.662,9.838,0,0,23,0.000000,0.000000,0.795388,0.000000,0.000000,0,0.000,0.000,NO BLACK,NO BUNDLE,0,0,0,,,,0,1,0,1,0.732701,0.425133,906,244,0.282407,ACQUIRING STAND 1/4,754,363,1330,687,,,,,,
500,16.666667,70.616,9.743,0,99,10,0.000000,0.781380,0.821592,0.000000,0.000000,0,0.000,0.000,NO BLACK,NO BUNDLE,0,0,0,,,,0,1,0,1,0.660344,0.510504,935,154,0.204491,ACQUIRING STAND 2/4,754,363,1330,687,,,,,,
501,16.700000,80.019,8.795,14658,6908,8380,0.923531,0.819105,0.880119,0.874251,0.900562,1,209.636,33.908,VALID,CANDIDATE,1,1,0,834,483,144.000,0,1,0,1,0.660344,0.510504,935,154,0.204491,ACQUIRING STAND 2/4,,,,,,,,,,
502,16.733333,63.877,8.853,146,54,224,0.778274,0.720267,0.815076,0.749270,0.000000,0,0.000,0.000,NO BLACK,NO BUNDLE,0,0,0,,,,0,1,0,0,0.660344,0.510504,935,154,0.204491,STAND TEMPORARILY LOST (1),579,314,1155,638,,,,,,
503,16.766667,64.676,9.580,235,151,224,0.756750,0.767149,0.834252,0.761949,0.000000,0,0.000,0.000,NO BLACK,NO BUNDLE,0,0,0,,,,0,1,0,0,0.660344,0.510504,935,154,0.204491,STAND TEMPORARILY LOST (1),579,314,1155,638,,,,,,
504,16.800000,68.022,9.540,295,9,1660,0.778484,0.662663,0.817502,0.720573,0.000000,0,0.000,0.000,NO BLACK,NO BUNDLE,0,0,0,,,,0,1,0,1,0.581054,0.439439,909,110,0.163317,ACQUIRING STAND 2/4,579,314,1155,638,,,,,,
505,16.833333,68.404,10.076,0,29,117,0.000000,0.671200,0.802149,0.000000,0.000000,0,0.000,0.000,NO BLACK,NO BUNDLE,0,0,0,,,,0,1,0,1,0.581054,0.439439,909,110,0.163317,ACQUIRING STAND 2/4,579,314,1155,638,,,,,,
506,16.866667,67.870,9.933,42,53,82,0.735306,0.684474,0.777049,0.709890,0.000000,0,0.000,0.000,NO BLACK,NO BUNDLE,0,0,0,,,,0,1,0,0,0.581054,0.439439,909,110,0.163317,STAND TEMPORARILY LOST (1),579,314,1155,638,,,,,,
507,16.900000,66.532,10.453,63,59,0,0.764960,0.703911,0.000000,0.734435,0.000000,0,0.000,0.000,NO BLACK,NO BUNDLE,0,0,0,,,,0,1,0,0,0.581054,0.439439,909,110,0.163317,STAND TEMPORARILY LOST (1),579,314,1155,638,,,,,,
508,16.933333,67.630,10.312,74,28,57,0.743955,0.656320,0.789505,0.700137,0.000000,0,0.000,0.000,NO BLACK,NO BUNDLE,0,0,0,,,,0,1,0,0,0.581054,0.439439,909,110,0.163317,STAND TARGET JUMP REJECTED,579,314,1155,638,,,,,,
509,16.966667,68.616,9.281,15923,6390,7165,0.913589,0.796344,0.871322,0.860418,0.860690,1,214.148,31.723,VALID,CANDIDATE,1,1,0,931,643,168.000,0,1,0,0,0.581054,0.439439,909,110,0.163317,STAND TARGET JUMP REJECTED,,,,,,,,,,
510,17.000000,60.411,9.296,0,0,0,0.000000,0.000000,0.000000,0.000000,0.000000,0,0.000,0.000,NO BLACK,NO BUNDLE,0,0,0,,,,0,1,0,0,0.581054,0.439439,909,110,0.163317,STAND TEMPORARILY LOST (3),585,351,1161,675,,,,,,
511,17.033333,65.090,9.973,0,0,0,0.000000,0.000000,0.000000,0.000000,0.000000,0,0.000,0.000,NO BLACK,NO BUNDLE,0,0,0,,,,0,1,0,0,0.581054,0.439439,909,110,0.163317,STAND TEMPORARILY LOST (3),585,351,1161,675,,,,,,
512,17.066667,65.290,9.897,0,0,0,0.000000,0.000000,0.000000,0.000000,0.000000,0,0.000,0.000,NO BLACK,NO BUNDLE,0,0,0,,,,0,0,0,0,0.000000,0.000000,,,,NEED TWO DARK RAILS AND AN UPRIGHT,585,351,1161,675,,,,,,
513,17.100000,61.628,9.905,0,0,0,0.000000,0.000000,0.000000,0.000000,0.000000,0,0.000,0.000,NO BLACK,NO BUNDLE,0,0,0,,,,0,0,0,0,0.000000,0.000000,,,,WEAK STAND GEOMETRY,585,351,1161,675,,,,,,
514,17.133333,67.995,9.828,0,0,0,0.000000,0.000000,0.000000,0.000000,0.000000,0,0.000,0.000,NO BLACK,NO BUNDLE,0,0,0,,,,0,1,0,1,0.581478,0.443129,984,727,0.153704,ACQUIRING STAND 1/4,585,351,1161,675,,,,,,
515,17.166667,69.178,10.325,0,0,0,0.000000,0.000000,0.000000,0.000000,0.000000,0,0.000,0.000,NO BLACK,NO BUNDLE,0,0,0,,,,0,1,0,1,0.581478,0.443129,984,727,0.153704,ACQUIRING STAND 1/4,585,351,1161,675,,,,,,
516,17.200000,68.747,10.117,0,0,0,0.000000,0.000000,0.000000,0.000000,0.000000,0,0.000,0.000,NO BLACK,NO BUNDLE,0,0,0,,,,0,1,0,0,0.581478,0.443129,984,727,0.153704,STAND TARGET JUMP REJECTED,585,351,1161,675,,,,,,
517,17.233333,67.325,10.578,0,0,0,0.000000,0.000000,0.000000,0.000000,0.000000,0,0.000,0.000,NO BLACK,NO BUNDLE,0,0,0,,,,0,1,0,0,0.581478,0.443129,984,727,0.153704,STAND TARGET JUMP REJECTED,585,351,1161,675,,,,,,
518,17.266667,68.946,10.364,682,0,0,0.794327,0.000000,0.000000,0.000000,0.000000,0,0.000,0.000,NO LASHING,NO BUNDLE,0,0,0,,,,0,1,0,0,0.581478,0.443129,984,727,0.153704,STAND TEMPORARILY LOST (2),585,351,1161,675,,,,,,
519,17.300000,69.451,10.749,300,0,13,0.756768,0.000000,0.742557,0.000000,0.000000,0,0.000,0.000,NO BLACK,NO BUNDLE,0,0,0,,,,0,1,0,0,0.581478,0.443129,984,727,0.153704,STAND TEMPORARILY LOST (2),585,351,1161,675,,,,,,
520,17.333333,69.764,10.470,108,0,22,0.769169,0.000000,0.789616,0.000000,0.000000,0,0.000,0.000,NO BLACK,NO BUNDLE,0,0,0,,,,0,1,0,0,0.581478,0.443129,984,727,0.153704,STAND TARGET JUMP REJECTED,585,351,1161,675,,,,,,
521,17.366667,75.456,10.696,30,0,38,0.727692,0.000000,0.784598,0.000000,0.000000,0,0.000,0.000,NO BLACK,NO BUNDLE,0,0,0,,,,0,1,0,0,0.581478,0.443129,984,727,0.153704,STAND TARGET JUMP REJECTED,585,351,1161,675,,,,,,
522,17.400000,69.008,10.427,55,8,37,0.765678,0.651088,0.803154,0.708383,0.000000,0,0.000,0.000,NO BLACK,NO BUNDLE,0,0,0,,,,0,0,0,0,0.000000,0.000000,,,,NEED TWO DARK RAILS AND AN UPRIGHT,585,351,1161,675,,,,,,
523,17.433333,69.455,10.232,67,8,48,0.796520,0.681219,0.806103,0.738870,0.000000,0,0.000,0.000,NO BLACK,NO BUNDLE,0,0,0,,,,0,0,0,0,0.000000,0.000000,,,,NEED TWO DARK RAILS AND AN UPRIGHT,585,351,1161,675,,,,,,
524,17.466667,67.977,10.088,185,0,95,0.758976,0.000000,0.798807,0.000000,0.000000,0,0.000,0.000,NO BLACK,NO BUNDLE,0,0,0,,,,0,1,0,1,0.651146,0.651063,1384,430,0.151852,ACQUIRING STAND 1/4,585,351,1161,675,,,,,,
525,17.500000,70.314,10.469,124,15,150,0.783763,0.720885,0.853306,0.752324,0.000000,0,0.000,0.000,NO BLACK,NO BUNDLE,0,0,0,,,,0,1,0,1,0.651146,0.651063,1384,430,0.151852,ACQUIRING STAND 1/4,585,351,1161,675,,,,,,
526,17.533333,68.582,10.292,3,0,133,0.715189,0.000000,0.850901,0.000000,0.000000,0,0.000,0.000,NO BLACK,NO BUNDLE,0,0,0,,,,0,1,0,0,0.651146,0.651063,1384,430,0.151852,STAND TEMPORARILY LOST (1),585,351,1161,675,,,,,,
527,17.566667,68.251,10.725,79,0,84,0.775156,0.000000,0.817845,0.000000,0.000000,0,0.000,0.000,NO BLACK,NO BUNDLE,0,0,0,,,,0,1,0,0,0.651146,0.651063,1384,430,0.151852,STAND TEMPORARILY LOST (1),585,351,1161,675,,,,,,
528,17.600000,67.019,10.493,47,0,86,0.750972,0.000000,0.824757,0.000000,0.000000,0,0.000,0.000,NO BLACK,NO BUNDLE,0,0,0,,,,0,1,0,0,0.651146,0.651063,1384,430,0.151852,STAND TEMPORARILY LOST (2),585,351,1161,675,,,,,,
529,17.633333,67.548,10.880,0,0,0,0.000000,0.000000,0.000000,0.000000,0.000000,0,0.000,0.000,NO BLACK,NO BUNDLE,0,0,0,,,,0,1,0,0,0.651146,0.651063,1384,430,0.151852,STAND TEMPORARILY LOST (2),585,351,1161,675,,,,,,
530,17.666667,69.753,9.693,26071,17305,13330,0.884305,0.784660,0.919968,0.862978,0.840577,1,214.808,34.527,VALID,CANDIDATE,1,1,0,907,350,254.000,0,1,0,0,0.651146,0.651063,1384,430,0.151852,STAND TARGET JUMP REJECTED,,,,,,,,,,
531,17.700000,63.796,10.102,1142,146,944,0.777359,0.695895,0.831881,0.736627,0.000000,0,0.000,0.000,GEOMETRY FAIL,NO BUNDLE,0,0,0,,,,0,1,0,0,0.651146,0.651063,1384,430,0.151852,STAND TARGET JUMP REJECTED,531,140,1244,541,,,,,,
532,17.733333,71.472,9.901,491,56,419,0.774772,0.667926,0.804556,0.721349,0.000000,0,0.000,0.000,NO BLACK,NO BUNDLE,0,0,0,,,,0,0,0,0,0.000000,0.000000,,,,STAND TARGET JUMP REJECTED,531,140,1244,541,,,,,,
533,17.766667,68.387,9.783,285,11,227,0.765846,0.628285,0.845370,0.697066,0.000000,0,0.000,0.000,NO BLACK,NO BUNDLE,0,0,0,,,,0,1,0,1,0.983284,0.626181,886,262,0.455556,ACQUIRING STAND 1/4,531,140,1244,541,,,,,,
534,17.800000,66.354,9.705,0,2,212,0.000000,0.606217,0.859680,0.000000,0.000000,0,0.000,0.000,NO BLACK,NO BUNDLE,0,0,0,,,,0,1,0,1,0.749340,0.544032,884,214,0.354722,ACQUIRING STAND 2/4,531,140,1244,541,,,,,,
535,17.833333,73.934,10.050,2,10,120,0.715582,0.640884,0.819781,0.678233,0.000000,0,0.000,0.000,NO BLACK,NO BUNDLE,0,0,0,,,,0,1,0,1,0.749340,0.544032,884,214,0.354722,ACQUIRING STAND 2/4,531,140,1244,541,,,,,,
536,17.866667,67.890,9.850,0,0,32,0.000000,0.000000,0.823561,0.000000,0.000000,0,0.000,0.000,NO BLACK,NO BUNDLE,0,0,0,,,,0,1,0,1,0.865279,0.559459,932,228,0.387773,ACQUIRING STAND 3/4,531,140,1244,541,,,,,,
537,17.900000,70.745,10.282,0,0,4,0.000000,0.000000,0.732168,0.000000,0.000000,0,0.000,0.000,NO BLACK,NO BUNDLE,0,0,0,,,,0,1,0,1,0.865279,0.559459,932,228,0.387773,ACQUIRING STAND 3/4,531,140,1244,541,,,,,,
538,17.933333,69.033,10.071,0,0,0,0.000000,0.000000,0.000000,0.000000,0.000000,0,0.000,0.000,NO BLACK,NO BUNDLE,0,0,0,,,,0,1,0,0,0.865279,0.559459,932,228,0.387773,STAND TEMPORARILY LOST (1),531,140,1244,541,,,,,,
539,17.966667,71.122,9.140,6142,5596,14382,0.780153,0.718619,0.869856,0.789543,0.766931,1,213.945,33.422,VALID,CANDIDATE,1,1,0,683,223,128.000,0,1,0,0,0.865279,0.559459,932,228,0.387773,STAND TEMPORARILY LOST (1),,,,,,,,,,
540,18.000000,62.091,9.257,0,0,41,0.000000,0.000000,0.773697,0.000000,0.000000,0,0.000,0.000,NO BLACK,NO BUNDLE,0,0,0,,,,0,1,0,0,0.865279,0.559459,932,228,0.387773,STAND TARGET JUMP REJECTED,438,122,1222,563,,,,,,
541,18.033333,81.871,9.477,0,0,38,0.000000,0.000000,0.839376,0.000000,0.000000,0,0.000,0.000,NO BLACK,NO BUNDLE,0,0,0,,,,0,1,0,0,0.865279,0.559459,932,228,0.387773,STAND TARGET JUMP REJECTED,438,122,1222,563,,,,,,
542,18.066667,67.778,9.413,0,0,34,0.000000,0.000000,0.789540,0.000000,0.000000,0,0.000,0.000,NO BLACK,NO BUNDLE,0,0,0,,,,0,1,0,0,0.865279,0.559459,932,228,0.387773,STAND TARGET JUMP REJECTED,438,122,1222,563,,,,,,
543,18.100000,70.101,9.852,0,0,2,0.000000,0.000000,0.716584,0.000000,0.000000,0,0.000,0.000,NO BLACK,NO BUNDLE,0,0,0,,,,0,1,0,0,0.865279,0.559459,932,228,0.387773,STAND TARGET JUMP REJECTED,438,122,1222,563,,,,,,
544,18.133333,69.915,9.780,0,0,0,0.000000,0.000000,0.000000,0.000000,0.000000,0,0.000,0.000,NO BLACK,NO BUNDLE,0,0,0,,,,0,0,0,0,0.000000,0.000000,,,,STAND TARGET JUMP REJECTED,438,122,1222,563,,,,,,
545,18.166667,67.995,9.640,6,25,329,0.713201,0.623343,0.873291,0.668272,0.000000,0,0.000,0.000,NO BLACK,NO BUNDLE,0,0,0,,,,0,1,0,1,0.689638,0.501000,912,94,0.159259,ACQUIRING STAND 1/4,438,122,1222,563,,,,,,
546,18.200000,69.792,9.527,0,0,77,0.000000,0.000000,0.871229,0.000000,0.000000,0,0.000,0.000,NO BLACK,NO BUNDLE,0,0,0,,,,0,1,0,1,0.702992,0.444243,937,156,0.240231,ACQUIRING STAND 2/4,438,122,1222,563,,,,,,
547,18.233333,67.077,10.055,0,0,8,0.000000,0.000000,0.787740,0.000000,0.000000,0,0.000,0.000,NO BLACK,NO BUNDLE,0,0,0,,,,0,1,0,1,0.702992,0.444243,937,156,0.240231,ACQUIRING STAND 2/4,438,122,1222,563,,,,,,
548,18.266667,71.119,9.906,0,0,0,0.000000,0.000000,0.000000,0.000000,0.000000,0,0.000,0.000,NO BLACK,NO BUNDLE,0,0,0,,,,0,1,0,0,0.702992,0.444243,937,156,0.240231,STAND TARGET JUMP REJECTED,438,122,1222,563,,,,,,
549,18.300000,69.053,10.339,0,0,3,0.000000,0.000000,0.710417,0.000000,0.000000,0,0.000,0.000,NO BLACK,NO BUNDLE,0,0,0,,,,0,1,0,0,0.702992,0.444243,937,156,0.240231,STAND TARGET JUMP REJECTED,438,122,1222,563,,,,,,
550,18.333333,70.548,10.106,0,0,0,0.000000,0.000000,0.000000,0.000000,0.000000,0,0.000,0.000,NO BLACK,NO BUNDLE,0,0,0,,,,0,1,0,1,0.892315,0.578477,909,247,0.342363,ACQUIRING STAND 1/4,438,122,1222,563,,,,,,
551,18.366667,69.899,10.549,0,0,0,0.000000,0.000000,0.000000,0.000000,0.000000,0,0.000,0.000,NO BLACK,NO BUNDLE,0,0,0,,,,0,1,0,1,0.892315,0.578477,909,247,0.342363,ACQUIRING STAND 1/4,438,122,1222,563,,,,,,
552,18.400000,68.760,10.349,0,0,0,0.000000,0.000000,0.000000,0.000000,0.000000,0,0.000,0.000,NO BLACK,NO BUNDLE,0,0,0,,,,0,1,0,0,0.892315,0.578477,909,247,0.342363,STAND TEMPORARILY LOST (1),438,122,1222,563,,,,,,
553,18.433333,64.301,10.889,12,6,53,0.746401,0.661540,0.796021,0.703970,0.000000,0,0.000,0.000,NO BLACK,NO BUNDLE,0,0,0,,,,0,1,0,0,0.892315,0.578477,909,247,0.342363,STAND TEMPORARILY LOST (1),438,122,1222,563,,,,,,
554,18.466667,67.035,10.602,0,0,0,0.000000,0.000000,0.000000,0.000000,0.000000,0,0.000,0.000,NO BLACK,NO BUNDLE,0,0,0,,,,0,1,0,0,0.892315,0.578477,909,247,0.342363,STAND TEMPORARILY LOST (2),438,122,1222,563,,,,,,
555,18.500000,70.065,10.965,0,0,0,0.000000,0.000000,0.000000,0.000000,0.000000,0,0.000,0.000,NO BLACK,NO BUNDLE,0,0,0,,,,0,1,0,0,0.892315,0.578477,909,247,0.342363,STAND TEMPORARILY LOST (2),438,122,1222,563,,,,,,
556,18.533333,67.717,10.680,0,0,0,0.000000,0.000000,0.000000,0.000000,0.000000,0,0.000,0.000,NO BLACK,NO BUNDLE,0,0,0,,,,0,1,0,1,0.794459,0.544328,1058,215,0.341471,ACQUIRING STAND 1/4,438,122,1222,563,,,,,,
557,18.566667,68.710,11.035,0,0,0,0.000000,0.000000,0.000000,0.000000,0.000000,0,0.000,0.000,NO BLACK,NO BUNDLE,0,0,0,,,,0,1,0,1,0.794459,0.544328,1058,215,0.341471,ACQUIRING STAND 1/4,438,122,1222,563,,,,,,
558,18.600000,79.009,10.630,0,0,0,0.000000,0.000000,0.000000,0.000000,0.000000,0,0.000,0.000,NO BLACK,NO BUNDLE,0,0,0,,,,0,1,0,0,0.794459,0.544328,1058,215,0.341471,STAND TARGET JUMP REJECTED,438,122,1222,563,,,,,,
559,18.633333,71.383,10.935,0,0,0,0.000000,0.000000,0.000000,0.000000,0.000000,0,0.000,0.000,NO BLACK,NO BUNDLE,0,0,0,,,,0,1,0,0,0.794459,0.544328,1058,215,0.341471,STAND TARGET JUMP REJECTED,438,122,1222,563,,,,,,
560,18.666667,69.361,10.650,0,78,0,0.000000,0.625326,0.000000,0.000000,0.000000,0,0.000,0.000,NO BLACK,NO BUNDLE,0,0,0,,,,0,1,0,0,0.794459,0.544328,1058,215,0.341471,STAND TARGET JUMP REJECTED,,,,,,,,,,
561,18.700000,84.614,10.610,0,79,0,0.000000,0.639517,0.000000,0.000000,0.000000,0,0.000,0.000,NO BLACK,NO BUNDLE,0,0,0,,,,0,1,0,0,0.794459,0.544328,1058,215,0.341471,STAND TARGET JUMP REJECTED,0,0,1920,1080,,,,,,
562,18.733333,67.252,10.332,0,0,8,0.000000,0.000000,0.711263,0.000000,0.000000,0,0.000,0.000,NO BLACK,NO BUNDLE,0,0,0,,,,0,1,0,0,0.794459,0.544328,1058,215,0.341471,STAND TARGET JUMP REJECTED,0,0,1920,1080,,,,,,
563,18.766667,71.427,10.648,0,0,0,0.000000,0.000000,0.000000,0.000000,0.000000,0,0.000,0.000,NO BLACK,NO BUNDLE,0,0,0,,,,0,1,0,0,0.794459,0.544328,1058,215,0.341471,STAND TARGET JUMP REJECTED,0,0,1920,1080,,,,,,
564,18.800000,69.941,10.379,0,0,0,0.000000,0.000000,0.000000,0.000000,0.000000,0,0.000,0.000,NO BLACK,NO BUNDLE,0,0,0,,,,0,0,0,0,0.000000,0.000000,,,,STAND TARGET JUMP REJECTED,0,0,1920,1080,,,,,,
565,18.833333,69.020,10.167,0,0,0,0.000000,0.000000,0.000000,0.000000,0.000000,0,0.000,0.000,NO BLACK,NO BUNDLE,0,0,0,,,,0,0,0,0,0.475377,0.000000,,,,WEAK STAND GEOMETRY,0,0,1920,1080,,,,,,
566,18.866667,71.009,9.955,0,0,0,0.000000,0.000000,0.000000,0.000000,0.000000,0,0.000,0.000,NO BLACK,NO BUNDLE,0,0,0,,,,0,1,0,1,0.915062,0.610674,1102,494,0.914815,ACQUIRING STAND 1/4,0,0,1920,1080,,,,,,
567,18.900000,67.521,10.394,0,0,0,0.000000,0.000000,0.000000,0.000000,0.000000,0,0.000,0.000,NO BLACK,NO BUNDLE,0,0,0,,,,0,1,0,1,0.915062,0.610674,1102,494,0.914815,ACQUIRING STAND 1/4,0,0,1920,1080,,,,,,
568,18.933333,67.919,10.176,0,0,0,0.000000,0.000000,0.000000,0.000000,0.000000,0,0.000,0.000,NO BLACK,NO BUNDLE,0,0,0,,,,0,1,0,1,0.871727,0.536771,1022,432,0.784444,ACQUIRING STAND 2/4,0,0,1920,1080,,,,,,
569,18.966667,70.159,10.630,0,0,0,0.000000,0.000000,0.000000,0.000000,0.000000,0,0.000,0.000,NO BLACK,NO BUNDLE,0,0,0,,,,0,1,0,1,0.871727,0.536771,1022,432,0.784444,ACQUIRING STAND 2/4,,,,,,,,,,
570,19.000000,65.290,10.475,0,0,0,0.000000,0.000000,0.000000,0.000000,0.000000,0,0.000,0.000,NO BLACK,NO BUNDLE,0,0,0,,,,0,1,0,0,0.871727,0.536771,1022,432,0.784444,STAND TARGET JUMP REJECTED,0,0,1920,1080,,,,,,
571,19.033333,70.862,10.777,0,0,0,0.000000,0.000000,0.000000,0.000000,0.000000,0,0.000,0.000,NO BLACK,NO BUNDLE,0,0,0,,,,0,1,0,0,0.871727,0.536771,1022,432,0.784444,STAND TARGET JUMP REJECTED,0,0,1920,1080,,,,,,
572,19.066667,70.020,10.482,0,447,0,0.000000,0.734542,0.000000,0.000000,0.000000,0,0.000,0.000,NO BLACK,NO BUNDLE,0,0,0,,,,0,1,0,0,0.871727,0.536771,1022,432,0.784444,STAND TARGET JUMP REJECTED,0,0,1920,1080,,,,,,
573,19.100000,72.967,10.763,0,395,0,0.000000,0.705503,0.000000,0.000000,0.000000,0,0.000,0.000,NO BLACK,NO BUNDLE,0,0,0,,,,0,1,0,0,0.871727,0.536771,1022,432,0.784444,STAND TARGET JUMP REJECTED,0,0,1920,1080,,,,,,
574,19.133333,68.166,10.493,0,0,0,0.000000,0.000000,0.000000,0.000000,0.000000,0,0.000,0.000,NO BLACK,NO BUNDLE,0,0,0,,,,0,1,0,1,0.757205,0.492986,984,312,0.562815,ACQUIRING STAND 1/4,0,0,1920,1080,,,,,,
575,19.166667,70.441,10.822,0,0,0,0.000000,0.000000,0.000000,0.000000,0.000000,0,0.000,0.000,NO BLACK,NO BUNDLE,0,0,0,,,,0,1,0,1,0.757205,0.492986,984,312,0.562815,ACQUIRING STAND 1/4,0,0,1920,1080,,,,,,
576,19.200000,67.810,10.530,0,0,0,0.000000,0.000000,0.000000,0.000000,0.000000,0,0.000,0.000,NO BLACK,NO BUNDLE,0,0,0,,,,0,1,0,1,0.883111,0.530004,951,338,0.619933,ACQUIRING STAND 2/4,0,0,1920,1080,,,,,,
577,19.233333,70.195,10.875,0,0,0,0.000000,0.000000,0.000000,0.000000,0.000000,0,0.000,0.000,NO BLACK,NO BUNDLE,0,0,0,,,,0,1,0,1,0.883111,0.530004,951,338,0.619933,ACQUIRING STAND 2/4,0,0,1920,1080,,,,,,
578,19.266667,64.538,10.633,0,0,0,0.000000,0.000000,0.000000,0.000000,0.000000,0,0.000,0.000,NO BLACK,NO BUNDLE,0,0,0,,,,0,1,0,0,0.883111,0.530004,951,338,0.619933,STAND TARGET JUMP REJECTED,0,0,1920,1080,,,,,,
579,19.300000,69.978,10.902,0,0,0,0.000000,0.000000,0.000000,0.000000,0.000000,0,0.000,0.000,NO BLACK,NO BUNDLE,0,0,0,,,,0,1,0,0,0.883111,0.530004,951,338,0.619933,STAND TARGET JUMP REJECTED,0,0,1920,1080,,,,,,
580,19.333333,71.128,10.538,0,0,0,0.000000,0.000000,0.000000,0.000000,0.000000,0,0.000,0.000,NO BLACK,NO BUNDLE,0,0,0,,,,0,1,0,0,0.883111,0.530004,951,338,0.619933,STAND TEMPORARILY LOST (2),0,0,1920,1080,,,,,,
581,19.366667,69.785,10.877,0,0,0,0.000000,0.000000,0.000000,0.000000,0.000000,0,0.000,0.000,NO BLACK,NO BUNDLE,0,0,0,,,,0,1,0,0,0.883111,0.530004,951,338,0.619933,STAND TEMPORARILY LOST (2),0,0,1920,1080,,,,,,
582,19.400000,69.213,10.591,19,0,0,0.721983,0.000000,0.000000,0.000000,0.000000,0,0.000,0.000,NO BLACK,NO BUNDLE,0,0,0,,,,0,1,0,1,0.650546,0.540122,959,265,0.488785,ACQUIRING STAND 1/4,0,0,1920,1080,,,,,,
583,19.433333,70.819,10.878,0,225,0,0.000000,0.681242,0.000000,0.000000,0.000000,0,0.000,0.000,NO BLACK,NO BUNDLE,0,0,0,,,,0,1,0,1,0.650546,0.540122,959,265,0.488785,ACQUIRING STAND 1/4,0,0,1920,1080,,,,,,
584,19.466667,67.346,10.222,2805,557,1523,0.825028,0.747532,0.859977,0.786280,0.000000,0,0.000,0.000,INSUFFICIENT LASHING PATTERN,NO BUNDLE,0,0,0,,,,0,1,0,0,0.650546,0.540122,959,265,0.488785,STAND TEMPORARILY LOST (1),0,0,1920,1080,,,,,,
585,19.500000,73.010,9.793,3826,1040,1982,0.809187,0.715525,0.843148,0.762356,0.000000,0,0.000,0.000,NO VALID CONTACT,NO BUNDLE,0,0,0,,,,0,1,0,0,0.650546,0.540122,959,265,0.488785,STAND TEMPORARILY LOST (1),0,0,1920,1080,,,,,,
586,19.533333,67.724,9.175,3082,1937,2168,0.817810,0.725264,0.825161,0.771537,0.000000,0,0.000,0.000,GEOMETRY FAIL,NO BUNDLE,0,0,0,,,,0,1,0,0,0.650546,0.540122,959,265,0.488785,STAND TEMPORARILY LOST (2),0,0,1920,1080,,,,,,
587,19.566667,71.596,8.643,4387,2361,7020,0.806675,0.759945,0.869581,0.783310,0.000000,0,0.000,0.000,INSUFFICIENT LASHING PATTERN,NO BUNDLE,0,0,0,,,,0,1,0,0,0.650546,0.540122,959,265,0.488785,STAND TEMPORARILY LOST (2),0,0,1920,1080,,,,,,
588,19.600000,70.189,8.175,5339,2739,1695,0.832107,0.756609,0.814526,0.794358,0.000000,0,0.000,0.000,GEOMETRY FAIL,NO BUNDLE,0,0,0,,,,0,1,0,0,0.650546,0.540122,959,265,0.488785,STAND TEMPORARILY LOST (3),0,0,1920,1080,,,,,,
589,19.633333,70.295,7.813,5345,2122,2989,0.799588,0.728910,0.833946,0.764249,0.000000,0,0.000,0.000,INSUFFICIENT LASHING PATTERN,NO BUNDLE,0,0,0,,,,0,1,0,0,0.650546,0.540122,959,265,0.488785,STAND TEMPORARILY LOST (3),0,0,1920,1080,,,,,,
590,19.666667,71.673,7.473,3809,3656,1188,0.784025,0.742490,0.855143,0.763258,0.000000,0,0.000,0.000,GEOMETRY FAIL,NO BUNDLE,0,0,0,,,,0,0,0,0,0.000000,0.000000,,,,WEAK STAND GEOMETRY,0,0,1920,1080,,,,,,
591,19.700000,69.226,7.742,3310,0,0,0.793979,0.000000,0.000000,0.000000,0.000000,0,0.000,0.000,NO LASHING,NO BUNDLE,0,0,0,,,,0,1,0,1,0.609099,0.694709,1570,414,0.196296,ACQUIRING STAND 1/4,173,26,1901,998,,,,,,
592,19.733333,68.107,7.983,3036,0,0,0.802908,0.000000,0.000000,0.000000,0.000000,0,0.000,0.000,NO LASHING,NO BUNDLE,0,0,0,,,,0,1,0,0,0.609099,0.694709,1570,414,0.196296,STAND TARGET JUMP REJECTED,336,53,1891,928,,,,,,
593,19.766667,71.088,8.680,357,622,0,0.754035,0.718804,0.000000,0.736419,0.000000,0,0.000,0.000,NO BLACK,NO BUNDLE,0,0,0,,,,0,1,0,0,0.609099,0.694709,1570,414,0.196296,STAND TARGET JUMP REJECTED,491,80,1890,867,,,,,,
594,19.800000,68.561,8.744,317,82,0,0.757849,0.654999,0.000000,0.706424,0.000000,0,0.000,0.000,NO BLACK,NO BUNDLE,0,0,0,,,,0,1,0,0,0.609099,0.694709,1570,414,0.196296,STAND TEMPORARILY LOST (2),638,106,1897,815,,,,,,
595,19.833333,70.436,9.352,23,0,0,0.722227,0.000000,0.000000,0.000000,0.000000,0,0.000,0.000,NO BLACK,NO BUNDLE,0,0,0,,,,0,1,0,0,0.609099,0.694709,1570,414,0.196296,STAND TEMPORARILY LOST (2),763,130,1902,771,,,,,,
596,19.866667,69.590,9.285,0,0,0,0.000000,0.000000,0.000000,0.000000,0.000000,0,0.000,0.000,NO BLACK,NO BUNDLE,0,0,0,,,,0,1,0,0,0.609099,0.694709,1570,414,0.196296,STAND TARGET JUMP REJECTED,860,148,1906,737,,,,,,
597,19.900000,69.918,9.770,0,0,0,0.000000,0.000000,0.000000,0.000000,0.000000,0,0.000,0.000,NO BLACK,NO BUNDLE,0,0,0,,,,0,1,0,0,0.609099,0.694709,1570,414,0.196296,STAND TARGET JUMP REJECTED,936,162,1909,710,,,,,,
598,19.933333,69.306,9.654,0,0,0,0.000000,0.000000,0.000000,0.000000,0.000000,0,0.000,0.000,NO BLACK,NO BUNDLE,0,0,0,,,,0,0,0,0,0.000000,0.000000,,,,STAND TARGET JUMP REJECTED,936,162,1909,710,,,,,,
599,19.966667,70.910,8.848,5430,5848,8034,0.785078,0.792488,0.824232,0.788783,0.000000,0,0.000,0.000,GEOMETRY FAIL,NO BUNDLE,0,0,0,,,,0,0,0,0,0.000000,0.000000,,,,NEED TWO DARK RAILS AND AN UPRIGHT,,,,,,,,,,
600,20.000000,64.669,8.897,19,0,0,0.725668,0.000000,0.000000,0.000000,0.000000,0,0.000,0.000,NO BLACK,NO BUNDLE,0,0,0,,,,0,1,0,1,0.911080,0.575678,870,302,0.537037,ACQUIRING STAND 1/4,811,157,1881,760,,,,,,
601,20.033333,69.666,9.514,14,0,0,0.709229,0.000000,0.000000,0.000000,0.000000,0,0.000,0.000,NO BLACK,NO BUNDLE,0,0,0,,,,0,1,0,1,0.911080,0.575678,870,302,0.537037,ACQUIRING STAND 1/4,681,145,1858,808,,,,,,
602,20.066667,64.799,9.449,0,0,2,0.000000,0.000000,0.729701,0.000000,0.000000,0,0.000,0.000,NO BLACK,NO BUNDLE,0,0,0,,,,0,1,0,0,0.911080,0.575678,870,302,0.537037,STAND TEMPORARILY LOST (1),554,126,1849,855,,,,,,
603,20.100000,71.084,9.919,19,0,347,0.703368,0.000000,0.827493,0.000000,0.000000,0,0.000,0.000,NO BLACK,NO BUNDLE,0,0,0,,,,0,1,0,0,0.911080,0.575678,870,302,0.537037,STAND TEMPORARILY LOST (1),436,100,1861,902,,,,,,
604,20.133333,68.593,9.768,113,23,404,0.723560,0.639699,0.854820,0.681629,0.000000,0,0.000,0.000,NO BLACK,NO BUNDLE,0,0,0,,,,0,1,0,0,0.911080,0.575678,870,302,0.537037,STAND TEMPORARILY LOST (2),340,78,1874,941,,,,,,
605,20.166667,69.629,10.173,519,421,506,0.794966,0.760022,0.904789,0.777494,0.000000,0,0.000,0.000,NO BLACK,NO BUNDLE,0,0,0,,,,0,1,0,0,0.911080,0.575678,870,302,0.537037,STAND TEMPORARILY LOST (2),265,61,1884,972,,,,,,
606,20.200000,69.670,9.837,563,798,541,0.823753,0.779796,0.761473,0.801774,0.000000,0,0.000,0.000,GEOMETRY FAIL,NO BUNDLE,0,0,0,,,,0,1,0,0,0.911080,0.575678,870,302,0.537037,STAND TARGET JUMP REJECTED,207,48,1892,996,,,,,,
607,20.233333,69.849,10.219,14,2561,221,0.711322,0.805499,0.773715,0.758411,0.000000,0,0.000,0.000,NO BLACK,NO BUNDLE,0,0,0,,,,0,1,0,0,0.911080,0.575678,870,302,0.537037,STAND TARGET JUMP REJECTED,161,37,1898,1014,,,,,,
608,20.266667,72.340,9.546,2584,4136,1670,0.787567,0.802111,0.811382,0.794839,0.000000,0,0.000,0.000,GEOMETRY FAIL,NO BUNDLE,0,0,0,,,,0,1,0,1,0.772601,0.467033,910,337,0.610370,ACQUIRING STAND 1/4,126,29,1903,1029,,,,,,
609,20.300000,68.926,9.280,1626,3048,1457,0.756674,0.761429,0.796515,0.759052,0.000000,0,0.000,0.000,GEOMETRY FAIL,NO BUNDLE,0,0,0,,,,0,1,0,1,0.772601,0.467033,910,337,0.610370,ACQUIRING STAND 1/4,98,23,1907,1040,,,,,,
610,20.333333,67.890,8.732,1393,2659,3010,0.786511,0.733266,0.819459,0.759888,0.000000,0,0.000,0.000,INSUFFICIENT LASHING PATTERN,NO BUNDLE,0,0,0,,,,0,1,0,1,0.817035,0.519559,917,356,0.564435,ACQUIRING STAND 2/4,76,18,1910,1049,,,,,,
611,20.366667,70.272,9.283,508,2824,4439,0.735188,0.718589,0.826675,0.726889,0.000000,0,0.000,0.000,NO BLACK,NO BUNDLE,0,0,0,,,,0,1,0,1,0.817035,0.519559,917,356,0.564435,ACQUIRING STAND 2/4,59,14,1912,1056,,,,,,
612,20.400000,67.466,8.706,1558,7399,9051,0.787697,0.776223,0.831427,0.781960,0.000000,0,0.000,0.000,GEOMETRY FAIL,NO BUNDLE,0,0,0,,,,0,1,0,1,0.878333,0.599105,967,309,0.521866,ACQUIRING STAND 3/4,46,11,1914,1061,,,,,,
613,20.433333,66.586,8.314,2900,4935,9568,0.811475,0.781260,0.836134,0.796368,0.000000,0,0.000,0.000,INSUFFICIENT LASHING PATTERN,NO BUNDLE,0,0,0,,,,0,1,0,1,0.878333,0.599105,967,309,0.521866,ACQUIRING STAND 3/4,36,9,1915,1065,,,,,,
614,20.466667,68.516,7.837,2237,3497,12254,0.778849,0.796212,0.854752,0.787530,0.000000,0,0.000,0.000,GEOMETRY FAIL,NO BUNDLE,0,0,0,,,,0,1,0,0,0.878333,0.599105,967,309,0.521866,STAND TARGET JUMP REJECTED,28,7,1916,1068,,,,,,
615,20.500000,68.196,7.618,1101,3493,10632,0.755809,0.759769,0.857078,0.757789,0.000000,0,0.000,0.000,GEOMETRY FAIL,NO BUNDLE,0,0,0,,,,0,1,0,0,0.878333,0.599105,967,309,0.521866,STAND TARGET JUMP REJECTED,22,5,1917,1071,,,,,,
616,20.533333,72.178,7.409,1208,2464,3056,0.777384,0.766295,0.797829,0.771839,0.000000,0,0.000,0.000,GEOMETRY FAIL,NO BUNDLE,0,0,0,,,,0,1,0,1,0.808754,0.559523,983,475,0.477247,ACQUIRING STAND 1/4,17,4,1918,1073,,,,,,
617,20.566667,70.198,7.477,1136,1959,6300,0.774470,0.728590,0.849412,0.751530,0.000000,0,0.000,0.000,GEOMETRY FAIL,NO BUNDLE,0,0,0,,,,0,1,0,1,0.808754,0.559523,983,475,0.477247,ACQUIRING STAND 1/4,13,3,1918,1075,,,,,,
618,20.600000,68.707,7.688,491,1062,488,0.769786,0.746914,0.786928,0.758350,0.000000,0,0.000,0.000,NO BLACK,NO BUNDLE,0,0,0,,,,0,1,0,1,0.903333,0.616917,987,344,0.446983,ACQUIRING STAND 2/4,10,2,1918,1076,,,,,,
619,20.633333,71.868,8.342,0,861,205,0.000000,0.747005,0.748229,0.000000,0.000000,0,0.000,0.000,NO BLACK,NO BUNDLE,0,0,0,,,,0,1,0,1,0.903333,0.616917,987,344,0.446983,ACQUIRING STAND 2/4,8,2,1918,1077,,,,,,
620,20.666667,68.651,8.416,126,651,549,0.759978,0.699563,0.791194,0.729771,0.000000,0,0.000,0.000,NO BLACK,NO BUNDLE,0,0,0,,,,0,1,0,0,0.903333,0.616917,987,344,0.446983,STAND TARGET JUMP REJECTED,6,2,1918,1078,,,,,,
621,20.700000,70.039,8.461,1069,2217,1691,0.759387,0.729306,0.868634,0.744347,0.000000,0,0.000,0.000,GEOMETRY FAIL,NO BUNDLE,0,0,0,,,,0,1,0,0,0.903333,0.616917,987,344,0.446983,STAND TARGET JUMP REJECTED,5,2,1918,1078,,,,,,
622,20.733333,70.583,8.055,1942,3891,5509,0.772675,0.764328,0.807194,0.768502,0.000000,0,0.000,0.000,GEOMETRY FAIL,NO BUNDLE,0,0,0,,,,0,1,0,1,0.811927,0.563786,971,403,0.543365,ACQUIRING STAND 1/4,4,2,1918,1078,,,,,,
623,20.766667,67.231,8.008,740,4415,6855,0.761336,0.778822,0.837753,0.770079,0.000000,0,0.000,0.000,GEOMETRY FAIL,NO BUNDLE,0,0,0,,,,0,1,0,1,0.811927,0.563786,971,403,0.543365,ACQUIRING STAND 1/4,3,2,1918,1078,,,,,,
624,20.800000,70.831,7.391,4212,5996,12689,0.836803,0.819515,0.900798,0.852372,0.778360,1,218.320,32.143,VALID,CANDIDATE,1,1,0,826,812,169.000,0,1,0,0,0.811927,0.563786,971,403,0.543365,STAND TARGET JUMP REJECTED,2,2,1918,1078,,,,,,
625,20.833333,63.884,8.261,421,872,92,0.778651,0.711964,0.754870,0.745307,0.000000,0,0.000,0.000,NO BLACK,NO BUNDLE,0,0,0,,,,0,1,0,0,0.811927,0.563786,971,403,0.543365,STAND TARGET JUMP REJECTED,60,99,1784,1067,,,,,,
626,20.866667,68.870,8.360,0,0,0,0.000000,0.000000,0.000000,0.000000,0.000000,0,0.000,0.000,NO BLACK,NO BUNDLE,0,0,0,,,,0,1,0,1,0.839506,0.572079,1118,558,0.444144,ACQUIRING STAND 1/4,60,99,1784,1067,,,,,,
627,20.900000,72.968,8.929,5,0,0,0.710955,0.000000,0.000000,0.000000,0.000000,0,0.000,0.000,NO BLACK,NO BUNDLE,0,0,0,,,,0,1,0,1,0.839506,0.572079,1118,558,0.444144,ACQUIRING STAND 1/4,60,99,1784,1067,,,,,,
628,20.933333,72.827,8.882,1931,82,5899,0.813135,0.651357,0.855914,0.732246,0.000000,0,0.000,0.000,NO LASHING,NO BUNDLE,0,0,0,,,,0,1,0,1,0.811157,0.506276,1022,474,0.609309,ACQUIRING STAND 2/4,60,99,1784,1067,,,,,,
629,20.966667,67.850,8.305,24423,3459,12367,0.883134,0.736980,0.852044,0.810057,0.000000,0,0.000,0.000,INSUFFICIENT LASHING PATTERN,NO BUNDLE,0,0,0,,,,0,1,0,1,0.811157,0.506276,1022,474,0.609309,ACQUIRING STAND 2/4,,,,,,,,,,
630,21.000000,64.911,7.472,20481,11123,9483,0.900838,0.843994,0.906045,0.883626,0.846714,1,205.948,30.855,VALID,CANDIDATE,1,1,0,975,251,203.000,0,1,0,0,0.811157,0.506276,1022,474,0.609309,STAND TEMPORARILY LOST (1),60,99,1784,1067,,,,,,
631,21.033333,62.543,6.793,12330,6852,6763,0.886464,0.775475,0.906201,0.856047,0.844743,1,209.438,23.991,TARGET JUMP,CANDIDATE,1,1,0,950,454,162.000,0,1,0,0,0.811157,0.506276,1022,474,0.609309,STAND TEMPORARILY LOST (1),165,104,1717,975,,,,,,
632,21.066667,61.905,6.226,7403,4869,4309,0.897088,0.821072,0.875027,0.864396,0.821765,1,212.739,25.967,TARGET JUMP,CANDIDATE,1,1,0,904,183,116.000,0,1,0,1,0.648777,0.514941,1130,330,0.486041,ACQUIRING STAND 2/4,251,128,1648,912,,,,,,
633,21.100000,59.190,6.757,1692,1904,29,0.822441,0.755736,0.728514,0.789088,0.000000,0,0.000,0.000,GEOMETRY FAIL,NO BUNDLE,0,0,0,,,,0,1,0,1,0.648777,0.514941,1130,330,0.486041,ACQUIRING STAND 2/4,288,124,1546,830,,,,,,
634,21.133333,67.179,7.252,234,949,321,0.774540,0.736657,0.766161,0.755598,0.000000,0,0.000,0.000,NO BLACK,NO BUNDLE,0,0,0,,,,0,1,0,1,0.847499,0.506828,966,314,0.516126,ACQUIRING STAND 3/4,288,124,1546,830,,,,,,
635,21.166667,72.939,7.583,1242,371,521,0.821680,0.704065,0.813315,0.762873,0.000000,0,0.000,0.000,GEOMETRY FAIL,NO BUNDLE,0,0,0,,,,0,1,0,1,0.847499,0.506828,966,314,0.516126,ACQUIRING STAND 3/4,288,124,1546,830,,,,,,
636,21.200000,70.079,7.673,1858,590,218,0.825858,0.729531,0.768067,0.777694,0.000000,0,0.000,0.000,GEOMETRY FAIL,NO BUNDLE,0,0,0,,,,0,1,0,0,0.847499,0.506828,966,314,0.516126,STAND TEMPORARILY LOST (1),288,124,1546,830,,,,,,
637,21.233333,69.215,7.924,2404,1382,406,0.846493,0.750985,0.800127,0.798739,0.000000,0,0.000,0.000,GEOMETRY FAIL,NO BUNDLE,0,0,0,,,,0,1,0,0,0.847499,0.506828,966,314,0.516126,STAND TEMPORARILY LOST (1),288,124,1546,830,,,,,,
638,21.266667,69.085,7.959,2498,455,654,0.837714,0.690465,0.803715,0.764089,0.000000,0,0.000,0.000,GEOMETRY FAIL,NO BUNDLE,0,0,0,,,,0,1,0,0,0.847499,0.506828,966,314,0.516126,STAND TARGET JUMP REJECTED,288,124,1546,830,,,,,,
639,21.300000,69.896,8.619,470,686,284,0.813316,0.750514,0.825492,0.781915,0.000000,0,0.000,0.000,NO BLACK,NO BUNDLE,0,0,0,,,,0,1,0,0,0.847499,0.506828,966,314,0.516126,STAND TARGET JUMP REJECTED,288,124,1546,830,,,,,,
640,21.333333,69.629,8.502,1405,1191,762,0.806456,0.723165,0.820104,0.764811,0.000000,0,0.000,0.000,GEOMETRY FAIL,NO BUNDLE,0,0,0,,,,0,1,0,0,0.847499,0.506828,966,314,0.516126,STAND TARGET JUMP REJECTED,288,124,1546,830,,,,,,
641,21.366667,70.595,8.588,1404,999,452,0.817146,0.744509,0.771747,0.780827,0.000000,0,0.000,0.000,GEOMETRY FAIL,NO BUNDLE,0,0,0,,,,0,1,0,0,0.847499,0.506828,966,314,0.516126,STAND TARGET JUMP REJECTED,288,124,1546,830,,,,,,
642,21.400000,69.602,8.491,1399,923,729,0.813743,0.722509,0.809037,0.768126,0.000000,0,0.000,0.000,GEOMETRY FAIL,NO BUNDLE,0,0,0,,,,0,0,0,0,0.000000,0.000000,,,,WEAK STAND GEOMETRY,288,124,1546,830,,,,,,
643,21.433333,72.318,8.324,1164,330,724,0.811057,0.691289,0.825691,0.751173,0.000000,0,0.000,0.000,GEOMETRY FAIL,NO BUNDLE,0,0,0,,,,0,1,0,1,0.923333,0.651395,958,292,0.459259,ACQUIRING STAND 1/4,288,124,1546,830,,,,,,
644,21.466667,74.789,8.282,2325,528,616,0.847472,0.690101,0.788262,0.768787,0.000000,0,0.000,0.000,GEOMETRY FAIL,NO BUNDLE,0,0,0,,,,0,1,0,0,0.923333,0.651395,958,292,0.459259,STAND TEMPORARILY LOST (1),288,124,1546,830,,,,,,
645,21.500000,67.621,8.413,2906,1418,961,0.855782,0.744963,0.818839,0.800372,0.000000,0,0.000,0.000,GEOMETRY FAIL,NO BUNDLE,0,0,0,,,,0,1,0,0,0.923333,0.651395,958,292,0.459259,STAND TEMPORARILY LOST (1),288,124,1546,830,,,,,,
646,21.533333,68.519,8.318,2588,902,323,0.836169,0.718987,0.796659,0.777578,0.000000,0,0.000,0.000,GEOMETRY FAIL,NO BUNDLE,0,0,0,,,,0,1,0,1,0.897615,0.614590,888,314,0.536157,ACQUIRING STAND 1/4,288,124,1546,830,,,,,,
647,21.566667,71.261,8.024,3824,1411,1185,0.876640,0.733818,0.000000,0.805229,0.724285,1,0.000,0.000,VALID,CANDIDATE,1,1,0,1054,213,115.000,0,1,0,1,0.897615,0.614590,888,314,0.536157,ACQUIRING STAND 1/4,288,124,1546,830,,,,,,
648,21.600000,62.519,7.887,3747,1549,1290,0.865430,0.714643,0.828873,0.790036,0.000000,0,0.000,0.000,GEOMETRY FAIL,NO BUNDLE,0,0,0,,,,0,1,0,1,0.947771,0.686608,980,497,0.679234,ACQUIRING STAND 2/4,376,116,1508,752,,,,,,
649,21.633333,69.837,7.951,4602,1135,1504,0.868126,0.699497,0.828070,0.783812,0.000000,0,0.000,0.000,NO VALID CONTACT,NO BUNDLE,0,0,0,,,,0,1,0,1,0.947771,0.686608,980,497,0.679234,ACQUIRING STAND 2/4,376,116,1508,752,,,,,,
650,21.666667,73.690,7.632,4451,979,1742,0.875201,0.718333,0.830697,0.796767,0.000000,0,0.000,0.000,COMPONENTS TOO FAR,NO BUNDLE,0,0,0,,,,0,1,0,0,0.947771,0.686608,980,497,0.679234,STAND TARGET JUMP REJECTED,376,116,1508,752,,,,,,
651,21.700000,72.289,7.584,4090,884,1610,0.874395,0.703050,0.839374,0.788723,0.000000,0,0.000,0.000,INSUFFICIENT LASHING PATTERN,NO BUNDLE,0,0,0,,,,0,1,0,0,0.947771,0.686608,980,497,0.679234,STAND TARGET JUMP REJECTED,376,116,1508,752,,,,,,
652,21.733333,70.986,7.035,5316,1817,2620,0.887576,0.746741,0.866510,0.833609,0.814871,1,211.152,19.171,VALID,CANDIDATE,1,1,0,964,266,96.000,0,1,0,0,0.947771,0.686608,980,497,0.679234,STAND TARGET JUMP REJECTED,376,116,1508,752,,,,,,
653,21.766667,61.791,6.863,5096,1157,1868,0.866447,0.710862,0.820484,0.788654,0.000000,0,0.000,0.000,INSUFFICIENT LASHING PATTERN,NO BUNDLE,0,0,0,,,,0,1,0,0,0.947771,0.686608,980,497,0.679234,STAND TARGET JUMP REJECTED,439,110,1458,682,,,,,,
654,21.800000,73.735,6.474,4475,1108,1558,0.892363,0.687257,0.859154,0.812924,0.760817,1,210.799,25.310,VALID,CANDIDATE,1,1,0,726,276,91.000,0,1,0,1,0.817455,0.654089,1023,698,0.523618,ACQUIRING STAND 1/4,439,110,1458,682,,,,,,
655,21.833333,70.184,7.161,2695,321,3,0.813531,0.664656,0.725351,0.739093,0.000000,0,0.000,0.000,GEOMETRY FAIL,NO BUNDLE,0,0,0,,,,0,1,0,1,0.817455,0.654089,1023,698,0.523618,ACQUIRING STAND 1/4,433,111,1355,628,,,,,,
656,21.866667,68.988,7.367,3346,266,662,0.840555,0.643746,0.782458,0.742151,0.000000,0,0.000,0.000,GEOMETRY FAIL,NO BUNDLE,0,0,0,,,,0,1,0,0,0.817455,0.654089,1023,698,0.523618,STAND TEMPORARILY LOST (1),433,111,1355,628,,,,,,
657,21.900000,70.814,7.221,4267,1250,749,0.832984,0.707925,0.776725,0.770455,0.000000,0,0.000,0.000,NO VALID CONTACT,NO BUNDLE,0,0,0,,,,0,1,0,0,0.817455,0.654089,1023,698,0.523618,STAND TEMPORARILY LOST (1),433,111,1355,628,,,,,,
658,21.933333,70.813,7.341,3948,387,142,0.821952,0.673528,0.756042,0.747740,0.000000,0,0.000,0.000,GEOMETRY FAIL,NO BUNDLE,0,0,0,,,,0,1,0,0,0.817455,0.654089,1023,698,0.523618,STAND TEMPORARILY LOST (2),433,111,1355,628,,,,,,
659,21.966667,73.620,7.280,4301,1149,622,0.844912,0.777230,0.789654,0.811071,0.000000,0,0.000,0.000,COMPONENTS TOO FAR,NO BUNDLE,0,0,0,,,,0,1,0,0,0.817455,0.654089,1023,698,0.523618,STAND TEMPORARILY LOST (2),,,,,,,,,,
660,22.000000,67.132,7.149,4239,1164,1598,0.817554,0.704836,0.812251,0.761195,0.000000,0,0.000,0.000,NO VALID CONTACT,NO BUNDLE,0,0,0,,,,0,1,0,1,0.867813,0.636934,903,536,0.480073,ACQUIRING STAND 1/4,433,111,1355,628,,,,,,
661,22.033333,70.552,6.908,4363,1778,818,0.863905,0.758195,0.000000,0.811050,0.790600,1,0.000,0.000,VALID,CANDIDATE,1,1,0,825,400,106.000,0,1,0,1,0.867813,0.636934,903,536,0.480073,ACQUIRING STAND 1/4,433,111,1355,628,,,,,,
662,22.066667,64.098,6.850,3913,1310,1856,0.836486,0.749989,0.779252,0.788576,0.778332,1,206.154,31.607,VALID,CANDIDATE,2,1,0,833,408,107.300,0,1,0,0,0.867813,0.636934,903,536,0.480073,STAND TARGET JUMP REJECTED,451,139,1297,613,,,,,,
663,22.100000,64.364,7.390,2518,1145,733,0.803687,0.712289,0.808072,0.757988,0.000000,0,0.000,0.000,GEOMETRY FAIL,NO BUNDLE,0,0,0,,,,0,1,0,0,0.867813,0.636934,903,536,0.480073,STAND TARGET JUMP REJECTED,478,163,1264,604,,,,,,
664,22.133333,70.007,7.348,2096,969,1638,0.819055,0.729613,0.822783,0.774334,0.000000,0,0.000,0.000,GEOMETRY FAIL,NO BUNDLE,0,0,0,,,,0,1,0,0,0.867813,0.636934,903,536,0.480073,STAND TARGET JUMP REJECTED,478,163,1264,604,,,,,,
665,22.166667,70.097,7.871,1958,790,163,0.790516,0.695335,0.758126,0.742926,0.000000,0,0.000,0.000,GEOMETRY FAIL,NO BUNDLE,0,0,0,,,,0,1,0,0,0.867813,0.636934,903,536,0.480073,STAND TARGET JUMP REJECTED,478,163,1264,604,,,,,,
666,22.200000,73.030,8.012,175,0,0,0.755327,0.000000,0.000000,0.000000,0.000000,0,0.000,0.000,NO BLACK,NO BUNDLE,0,0,0,,,,0,1,0,0,0.867813,0.636934,903,536,0.480073,STAND TEMPORARILY LOST (3),478,163,1264,604,,,,,,
667,22.233333,71.660,8.138,2839,244,2837,0.813347,0.683845,0.832699,0.748596,0.000000,0,0.000,0.000,GEOMETRY FAIL,NO BUNDLE,0,0,0,,,,0,1,0,0,0.867813,0.636934,903,536,0.480073,STAND TEMPORARILY LOST (3),478,163,1264,604,,,,,,
668,22.266667,67.670,8.300,1077,115,2078,0.800227,0.677934,0.831356,0.739080,0.000000,0,0.000,0.000,NO LASHING,NO BUNDLE,0,0,0,,,,0,0,0,0,0.000000,0.000000,,,,STAND TARGET JUMP REJECTED,478,163,1264,604,,,,,,
669,22.300000,68.915,8.429,7,0,0,0.726709,0.000000,0.000000,0.000000,0.000000,0,0.000,0.000,NO BLACK,NO BUNDLE,0,0,0,,,,0,1,0,1,0.725856,0.512482,1084,140,0.251852,ACQUIRING STAND 1/4,478,163,1264,604,,,,,,
670,22.333333,68.579,8.520,0,0,0,0.000000,0.000000,0.000000,0.000000,0.000000,0,0.000,0.000,NO BLACK,NO BUNDLE,0,0,0,,,,0,1,0,0,0.725856,0.512482,1084,140,0.251852,STAND TARGET JUMP REJECTED,478,163,1264,604,,,,,,
671,22.366667,66.224,9.269,0,0,0,0.000000,0.000000,0.000000,0.000000,0.000000,0,0.000,0.000,NO BLACK,NO BUNDLE,0,0,0,,,,0,1,0,0,0.725856,0.512482,1084,140,0.251852,STAND TARGET JUMP REJECTED,478,163,1264,604,,,,,,
672,22.400000,69.886,9.264,0,0,15,0.000000,0.000000,0.764830,0.000000,0.000000,0,0.000,0.000,NO BLACK,NO BUNDLE,0,0,0,,,,0,1,0,0,0.725856,0.512482,1084,140,0.251852,STAND TEMPORARILY LOST (2),478,163,1264,604,,,,,,
673,22.433333,68.982,9.809,2335,88,2039,0.804973,0.650971,0.832790,0.727972,0.000000,0,0.000,0.000,NO LASHING,NO BUNDLE,0,0,0,,,,0,1,0,0,0.725856,0.512482,1084,140,0.251852,STAND TEMPORARILY LOST (2),478,163,1264,604,,,,,,
674,22.466667,68.581,8.906,3575,1483,3497,0.822706,0.809648,0.877784,0.836713,0.812162,1,215.990,29.807,VALID,CANDIDATE,1,1,0,846,472,124.000,0,1,0,0,0.725856,0.512482,1084,140,0.251852,STAND TEMPORARILY LOST (3),478,163,1264,604,,,,,,
675,22.500000,60.248,8.340,2949,1665,4454,0.837848,0.805115,0.871698,0.838220,0.834811,1,220.781,25.764,VALID,CANDIDATE,2,1,0,784,514,109.050,0,1,0,0,0.725856,0.512482,1084,140,0.251852,STAND TEMPORARILY LOST (3),478,196,1218,611,,,,,,
676,22.533333,65.543,8.445,0,0,0,0.000000,0.000000,0.000000,0.000000,0.000000,0,0.000,0.000,NO BLACK,NO BUNDLE,0,0,0,,,,0,1,0,1,0.809738,0.530791,938,219,0.370000,ACQUIRING STAND 1/4,472,234,1176,629,,,,,,
677,22.566667,73.213,8.985,0,0,0,0.000000,0.000000,0.000000,0.000000,0.000000,0,0.000,0.000,NO BLACK,NO BUNDLE,0,0,0,,,,0,1,0,1,0.809738,0.530791,938,219,0.370000,ACQUIRING STAND 1/4,472,234,1176,629,,,,,,
678,22.600000,69.099,8.861,945,564,158,0.784946,0.730380,0.765981,0.757663,0.000000,0,0.000,0.000,GEOMETRY FAIL,NO BUNDLE,0,0,0,,,,0,1,0,0,0.809738,0.530791,938,219,0.370000,STAND TEMPORARILY LOST (1),472,234,1176,629,,,,,,
679,22.633333,68.686,8.965,1492,583,1500,0.814238,0.721613,0.847474,0.767925,0.000000,0,0.000,0.000,GEOMETRY FAIL,NO BUNDLE,0,0,0,,,,0,1,0,0,0.809738,0.530791,938,219,0.370000,STAND TEMPORARILY LOST (1),472,234,1176,629,,,,,,
680,22.666667,69.574,8.658,1607,645,5920,0.815240,0.691739,0.877018,0.753489,0.000000,0,0.000,0.000,GEOMETRY FAIL,NO BUNDLE,0,0,0,,,,0,1,0,0,0.809738,0.530791,938,219,0.370000,STAND TEMPORARILY LOST (2),472,234,1176,629,,,,,,
681,22.700000,70.889,8.600,1298,466,3560,0.823115,0.720676,0.856208,0.771896,0.000000,0,0.000,0.000,GEOMETRY FAIL,NO BUNDLE,0,0,0,,,,0,1,0,0,0.809738,0.530791,938,219,0.370000,STAND TEMPORARILY LOST (2),472,234,1176,629,,,,,,
682,22.733333,72.459,8.627,278,336,3365,0.760244,0.738321,0.850064,0.749283,0.000000,0,0.000,0.000,NO BLACK,NO BUNDLE,0,0,0,,,,0,1,0,0,0.809738,0.530791,938,219,0.370000,STAND TEMPORARILY LOST (3),472,234,1176,629,,,,,,
683,22.766667,71.242,9.229,356,357,3879,0.762921,0.735053,0.848820,0.748987,0.000000,0,0.000,0.000,NO BLACK,NO BUNDLE,0,0,0,,,,0,1,0,0,0.809738,0.530791,938,219,0.370000,STAND TEMPORARILY LOST (3),472,234,1176,629,,,,,,
684,22.800000,71.460,9.190,407,115,448,0.779562,0.744535,0.804070,0.762049,0.000000,0,0.000,0.000,NO BLACK,NO BUNDLE,0,0,0,,,,0,1,0,1,0.816782,0.540708,945,221,0.334046,ACQUIRING STAND 1/4,472,234,1176,629,,,,,,
685,22.833333,69.905,9.724,11,46,221,0.727329,0.638414,0.798120,0.682872,0.000000,0,0.000,0.000,NO BLACK,NO BUNDLE,0,0,0,,,,0,1,0,1,0.816782,0.540708,945,221,0.334046,ACQUIRING STAND 1/4,472,234,1176,629,,,,,,
686,22.866667,67.032,9.702,51,4,181,0.738292,0.636919,0.800367,0.687606,0.000000,0,0.000,0.000,NO BLACK,NO BUNDLE,0,0,0,,,,0,1,0,0,0.816782,0.540708,945,221,0.334046,STAND TEMPORARILY LOST (1),472,234,1176,629,,,,,,
687,22.900000,68.901,10.224,34,0,222,0.756210,0.000000,0.826319,0.000000,0.000000,0,0.000,0.000,NO BLACK,NO BUNDLE,0,0,0,,,,0,1,0,0,0.816782,0.540708,945,221,0.334046,STAND TEMPORARILY LOST (1),472,234,1176,629,,,,,,
688,22.933333,72.520,9.917,26,0,93,0.756489,0.000000,0.833335,0.000000,0.000000,0,0.000,0.000,NO BLACK,NO BUNDLE,0,0,0,,,,0,1,0,1,0.782586,0.530282,864,274,0.396802,ACQUIRING STAND 1/4,472,234,1176,629,,,,,,
689,22.966667,74.558,8.871,25848,10969,12513,0.824152,0.788030,0.906827,0.839669,0.828125,1,207.519,39.945,VALID,CANDIDATE,1,1,0,930,428,258.000,0,1,0,1,0.782586,0.530282,864,274,0.396802,ACQUIRING STAND 1/4,,,,,,,,,,
690,23.000000,62.021,8.820,0,0,252,0.000000,0.000000,0.878788,0.000000,0.000000,0,0.000,0.000,NO BLACK,NO BUNDLE,0,0,0,,,,0,1,0,1,0.618279,0.487797,949,439,0.372080,ACQUIRING STAND 2/4,521,239,1197,618,,,,,,
691,23.033333,74.246,9.321,7,17,124,0.728429,0.658255,0.843407,0.693342,0.000000,0,0.000,0.000,NO BLACK,NO BUNDLE,0,0,0,,,,0,1,0,1,0.618279,0.487797,949,439,0.372080,ACQUIRING STAND 2/4,521,239,1197,618,,,,,,
692,23.066667,71.208,9.233,7,0,132,0.714857,0.000000,0.852595,0.000000,0.000000,0,0.000,0.000,NO BLACK,NO BUNDLE,0,0,0,,,,0,1,0,1,0.711540,0.488700,935,467,0.360954,ACQUIRING STAND 3/4,521,239,1197,618,,,,,,
693,23.100000,70.947,9.748,9,0,152,0.712954,0.000000,0.819201,0.000000,0.000000,0,0.000,0.000,NO BLACK,NO BUNDLE,0,0,0,,,,0,1,0,1,0.711540,0.488700,935,467,0.360954,ACQUIRING STAND 3/4,521,239,1197,618,,,,,,
694,23.133333,73.425,9.584,13,0,90,0.730964,0.000000,0.846887,0.000000,0.000000,0,0.000,0.000,NO BLACK,NO BUNDLE,0,0,0,,,,0,1,0,0,0.711540,0.488700,935,467,0.360954,STAND TEMPORARILY LOST (1),521,239,1197,618,,,,,,
695,23.166667,73.143,9.994,17,0,10,0.719419,0.000000,0.739795,0.000000,0.000000,0,0.000,0.000,NO BLACK,NO BUNDLE,0,0,0,,,,0,1,0,0,0.711540,0.488700,935,467,0.360954,STAND TEMPORARILY LOST (1),521,239,1197,618,,,,,,
696,23.200000,73.596,9.714,0,0,0,0.000000,0.000000,0.000000,0.000000,0.000000,0,0.000,0.000,NO BLACK,NO BUNDLE,0,0,0,,,,0,1,0,0,0.711540,0.488700,935,467,0.360954,STAND TARGET JUMP REJECTED,521,239,1197,618,,,,,,
697,23.233333,72.840,10.114,0,0,0,0.000000,0.000000,0.000000,0.000000,0.000000,0,0.000,0.000,NO BLACK,NO BUNDLE,0,0,0,,,,0,1,0,0,0.711540,0.488700,935,467,0.360954,STAND TARGET JUMP REJECTED,521,239,1197,618,,,,,,
698,23.266667,76.675,9.805,0,0,0,0.000000,0.000000,0.000000,0.000000,0.000000,0,0.000,0.000,NO BLACK,NO BUNDLE,0,0,0,,,,0,1,0,1,0.727751,0.534840,875,580,0.329466,ACQUIRING STAND 1/4,521,239,1197,618,,,,,,
699,23.300000,73.443,10.091,0,0,0,0.000000,0.000000,0.000000,0.000000,0.000000,0,0.000,0.000,NO BLACK,NO BUNDLE,0,0,0,,,,0,1,0,1,0.727751,0.534840,875,580,0.329466,ACQUIRING STAND 1/4,521,239,1197,618,,,,,,
700,23.333333,72.859,9.845,0,0,0,0.000000,0.000000,0.000000,0.000000,0.000000,0,0.000,0.000,NO BLACK,NO BUNDLE,0,0,0,,,,0,1,0,0,0.727751,0.534840,875,580,0.329466,STAND TARGET JUMP REJECTED,521,239,1197,618,,,,,,
701,23.366667,72.906,10.185,0,0,0,0.000000,0.000000,0.000000,0.000000,0.000000,0,0.000,0.000,NO BLACK,NO BUNDLE,0,0,0,,,,0,1,0,0,0.727751,0.534840,875,580,0.329466,STAND TARGET JUMP REJECTED,521,239,1197,618,,,,,,
702,23.400000,73.795,9.961,0,0,0,0.000000,0.000000,0.000000,0.000000,0.000000,0,0.000,0.000,NO BLACK,NO BUNDLE,0,0,0,,,,0,1,0,0,0.727751,0.534840,875,580,0.329466,STAND TEMPORARILY LOST (2),521,239,1197,618,,,,,,
703,23.433333,69.730,10.324,0,0,0,0.000000,0.000000,0.000000,0.000000,0.000000,0,0.000,0.000,NO BLACK,NO BUNDLE,0,0,0,,,,0,1,0,0,0.727751,0.534840,875,580,0.329466,STAND TEMPORARILY LOST (2),521,239,1197,618,,,,,,
704,23.466667,77.371,9.998,0,0,0,0.000000,0.000000,0.000000,0.000000,0.000000,0,0.000,0.000,NO BLACK,NO BUNDLE,0,0,0,,,,0,1,0,0,0.727751,0.534840,875,580,0.329466,STAND TEMPORARILY LOST (3),521,239,1197,618,,,,,,
705,23.500000,74.541,10.255,18,129,5,0.726621,0.778017,0.756745,0.752319,0.000000,0,0.000,0.000,NO BLACK,NO BUNDLE,0,0,0,,,,0,1,0,0,0.727751,0.534840,875,580,0.329466,STAND TEMPORARILY LOST (3),521,239,1197,618,,,,,,
706,23.533333,69.276,10.015,0,0,37,0.000000,0.000000,0.827096,0.000000,0.000000,0,0.000,0.000,NO BLACK,NO BUNDLE,0,0,0,,,,0,0,0,0,0.000000,0.000000,,,,STAND TARGET JUMP REJECTED,521,239,1197,618,,,,,,
707,23.566667,76.273,9.744,0,0,0,0.000000,0.000000,0.000000,0.000000,0.000000,0,0.000,0.000,NO BLACK,NO BUNDLE,0,0,0,,,,0,0,0,0,0.000000,0.000000,,,,WEAK STAND GEOMETRY,521,239,1197,618,,,,,,
708,23.600000,72.788,9.557,0,0,12,0.000000,0.000000,0.739486,0.000000,0.000000,0,0.000,0.000,NO BLACK,NO BUNDLE,0,0,0,,,,0,0,0,0,0.000000,0.000000,,,,NEED TWO DARK RAILS AND AN UPRIGHT,521,239,1197,618,,,,,,
709,23.633333,71.074,9.501,13,0,39,0.733547,0.000000,0.783476,0.000000,0.000000,0,0.000,0.000,NO BLACK,NO BUNDLE,0,0,0,,,,0,0,0,0,0.000000,0.000000,,,,WEAK STAND GEOMETRY,521,239,1197,618,,,,,,
710,23.666667,72.435,8.451,26219,12936,17458,0.860758,0.782805,0.902945,0.848836,0.845056,1,205.927,32.718,VALID,CANDIDATE,1,1,0,1029,476,408.000,0,0,0,0,0.488848,0.000000,,,,WEAK STAND GEOMETRY,,,,,,,,,,
711,23.700000,64.506,8.571,194,0,327,0.798093,0.000000,0.856561,0.000000,0.000000,0,0.000,0.000,NO BLACK,NO BUNDLE,0,0,0,,,,0,0,0,0,0.000000,0.000000,,,,WEAK STAND GEOMETRY,651,215,1510,698,,,,,,
712,23.733333,63.327,8.679,91,0,362,0.773932,0.000000,0.851422,0.000000,0.000000,0,0.000,0.000,NO BLACK,NO BUNDLE,0,0,0,,,,0,1,0,1,0.860022,0.589586,1016,286,0.477778,ACQUIRING STAND 1/4,651,215,1510,698,,,,,,
713,23.766667,70.725,9.250,100,0,251,0.762990,0.000000,0.816945,0.000000,0.000000,0,0.000,0.000,NO BLACK,NO BUNDLE,0,0,0,,,,0,1,0,1,0.860022,0.589586,1016,286,0.477778,ACQUIRING STAND 1/4,651,215,1510,698,,,,,,
714,23.800000,70.859,9.201,68,0,379,0.755002,0.000000,0.849895,0.000000,0.000000,0,0.000,0.000,NO BLACK,NO BUNDLE,0,0,0,,,,0,1,0,1,0.731658,0.506299,1076,312,0.392222,ACQUIRING STAND 2/4,651,215,1510,698,,,,,,
715,23.833333,73.147,9.651,212,25,948,0.826073,0.667720,0.825896,0.746896,0.000000,0,0.000,0.000,NO BLACK,NO BUNDLE,0,0,0,,,,0,1,0,1,0.731658,0.506299,1076,312,0.392222,ACQUIRING STAND 2/4,651,215,1510,698,,,,,,
716,23.866667,70.962,9.506,173,0,574,0.813928,0.000000,0.799730,0.000000,0.000000,0,0.000,0.000,NO BLACK,NO BUNDLE,0,0,0,,,,0,1,0,1,0.940944,0.581817,952,305,0.477981,ACQUIRING STAND 3/4,651,215,1510,698,,,,,,
717,23.900000,68.798,9.978,47,5,191,0.797499,0.618257,0.819524,0.707878,0.000000,0,0.000,0.000,NO BLACK,NO BUNDLE,0,0,0,,,,0,1,0,1,0.940944,0.581817,952,305,0.477981,ACQUIRING STAND 3/4,651,215,1510,698,,,,,,
718,23.933333,72.069,9.795,0,0,130,0.000000,0.000000,0.777535,0.000000,0.000000,0,0.000,0.000,NO BLACK,NO BUNDLE,0,0,0,,,,0,1,0,0,0.940944,0.581817,952,305,0.477981,STAND TEMPORARILY LOST (1),651,215,1510,698,,,,,,
719,23.966667,72.395,8.823,17322,6750,21170,0.797340,0.797097,0.899750,0.831396,0.772401,1,214.765,34.412,VALID,CANDIDATE,1,1,0,1058,209,254.000,0,1,0,0,0.940944,0.581817,952,305,0.477981,STAND TEMPORARILY LOST (1),,,,,,,,,,
720,24.000000,63.168,8.886,0,0,48,0.000000,0.000000,0.804250,0.000000,0.000000,0,0.000,0.000,NO BLACK,NO BUNDLE,0,0,0,,,,0,1,0,1,0.798808,0.617498,960,282,0.366342,ACQUIRING STAND 3/4,553,192,1498,724,,,,,,
721,24.033333,69.125,9.418,0,0,30,0.000000,0.000000,0.790573,0.000000,0.000000,0,0.000,0.000,NO BLACK,NO BUNDLE,0,0,0,,,,0,1,0,1,0.798808,0.617498,960,282,0.366342,ACQUIRING STAND 3/4,553,192,1498,724,,,,,,
722,24.066667,72.546,9.214,450,95,365,0.795334,0.731781,0.823775,0.763558,0.000000,0,0.000,0.000,NO BLACK,NO BUNDLE,0,0,0,,,,0,1,1,1,0.639249,0.494900,973,348,0.301335,STAND LOCKED,553,192,1498,724,,,,,,
723,24.100000,71.979,8.965,773,1743,2927,0.791026,0.719005,0.817216,0.755016,0.000000,0,0.000,0.000,GEOMETRY FAIL,NO BUNDLE,0,0,0,,,,0,1,1,1,0.639249,0.494900,973,348,0.301335,STAND LOCKED,553,192,1498,724,,,,,,
724,24.133333,70.231,9.173,0,0,0,0.000000,0.000000,0.000000,0.000000,0.000000,0,0.000,0.000,NO BLACK,NO BUNDLE,0,0,0,,,,0,1,1,1,0.764167,0.641667,1199,434,0.293471,STAND LOCKED,553,192,1498,724,,,,,,
725,24.166667,73.655,9.596,0,0,0,0.000000,0.000000,0.000000,0.000000,0.000000,0,0.000,0.000,NO BLACK,NO BUNDLE,0,0,0,,,,0,1,1,1,0.764167,0.641667,1199,434,0.293471,STAND LOCKED,553,192,1498,724,,,,,,
726,24.200000,71.604,9.586,554,695,2123,0.768998,0.713269,0.843393,0.741133,0.000000,0,0.000,0.000,NO BLACK,NO BUNDLE,0,0,0,,,,0,1,1,1,0.851134,0.665429,1403,347,0.240025,STAND LOCKED,553,192,1498,724,,,,,,
727,24.233333,73.504,9.390,618,708,3771,0.779145,0.749881,0.843513,0.764513,0.000000,0,0.000,0.000,GEOMETRY FAIL,NO BUNDLE,0,0,0,,,,0,1,1,1,0.851134,0.665429,1403,347,0.240025,STAND LOCKED,553,192,1498,724,,,,,,
728,24.266667,71.300,9.306,508,427,1547,0.793295,0.730390,0.836651,0.761843,0.000000,0,0.000,0.000,NO BLACK,NO BUNDLE,0,0,0,,,,0,1,1,1,0.862332,0.634059,1506,328,0.358058,STAND LOCKED,553,192,1498,724,,,,,,
729,24.300000,73.867,9.676,86,279,1169,0.750959,0.687529,0.840916,0.719244,0.000000,0,0.000,0.000,NO BLACK,NO BUNDLE,0,0,0,,,,0,1,1,1,0.862332,0.634059,1506,328,0.358058,STAND LOCKED,553,192,1498,724,,,,,,
730,24.333333,70.056,9.420,286,406,2432,0.807494,0.700141,0.879345,0.753817,0.000000,0,0.000,0.000,NO BLACK,NO BUNDLE,0,0,0,,,,0,1,1,1,0.830789,0.658435,1442,270,0.256357,STAND LOCKED,553,192,1498,724,,,,,,
731,24.366667,72.748,9.792,26,368,168,0.733894,0.716032,0.785953,0.724963,0.000000,0,0.000,0.000,NO BLACK,NO BUNDLE,0,0,0,,,,0,1,1,1,0.830789,0.658435,1442,270,0.256357,STAND LOCKED,553,192,1498,724,,,,,,
732,24.400000,70.789,9.675,167,267,1600,0.784330,0.692922,0.880138,0.738626,0.000000,0,0.000,0.000,NO BLACK,NO BUNDLE,0,0,0,,,,0,1,1,1,0.781224,0.529098,1295,316,0.319574,STAND LOCKED,553,192,1498,724,,,,,,
733,24.433333,70.494,10.118,134,590,2193,0.730036,0.712888,0.839379,0.721462,0.000000,0,0.000,0.000,NO BLACK,NO BUNDLE,0,0,0,,,,0,1,1,1,0.781224,0.529098,1295,316,0.319574,STAND LOCKED,553,192,1498,724,,,,,,
734,24.466667,69.438,9.956,54,106,2261,0.753570,0.664934,0.826339,0.709252,0.000000,0,0.000,0.000,NO BLACK,NO BUNDLE,0,0,0,,,,0,1,1,0,0.781224,0.529098,1295,316,0.319574,STAND TARGET JUMP REJECTED,553,192,1498,724,,,,,,
735,24.500000,72.172,10.305,181,1260,1913,0.769389,0.746541,0.829793,0.757965,0.000000,0,0.000,0.000,NO BLACK,NO BUNDLE,0,0,0,,,,0,1,1,0,0.781224,0.529098,1295,316,0.319574,STAND TARGET JUMP REJECTED,553,192,1498,724,,,,,,
736,24.533333,69.899,9.842,93,426,466,0.744151,0.685503,0.789701,0.714827,0.000000,0,0.000,0.000,NO BLACK,NO BUNDLE,0,0,0,,,,0,1,1,0,0.781224,0.529098,1295,316,0.319574,STAND TARGET JUMP REJECTED,553,192,1498,724,,,,,,
737,24.566667,67.980,10.250,0,988,1275,0.000000,0.707160,0.834991,0.000000,0.000000,0,0.000,0.000,NO BLACK,NO BUNDLE,0,0,0,,,,0,1,1,0,0.781224,0.529098,1295,316,0.319574,STAND TARGET JUMP REJECTED,553,192,1498,724,,,,,,
738,24.600000,71.957,10.038,0,313,831,0.000000,0.705342,0.819056,0.000000,0.000000,0,0.000,0.000,NO BLACK,NO BUNDLE,0,0,0,,,,0,1,1,1,0.859923,0.588804,1212,234,0.232419,STAND LOCKED,553,192,1498,724,,,,,,
739,24.633333,74.645,10.314,60,957,1758,0.754271,0.751672,0.841888,0.752972,0.000000,0,0.000,0.000,NO BLACK,NO BUNDLE,0,0,0,,,,0,1,1,1,0.859923,0.588804,1212,234,0.232419,STAND LOCKED,553,192,1498,724,,,,,,
740,24.666667,72.246,9.246,23834,5051,9899,0.905913,0.757241,0.889088,0.850747,0.803263,1,218.802,29.077,VALID,CANDIDATE,1,1,0,950,294,213.000,0,1,1,0,0.859923,0.588804,1212,234,0.232419,STAND TEMPORARILY LOST (1),,,,,,,,,,
741,24.700000,61.555,9.926,36,0,41,0.792141,0.000000,0.818739,0.000000,0.000000,0,0.000,0.000,NO BLACK,NO BUNDLE,0,0,0,,,,0,1,1,0,0.859923,0.588804,1212,234,0.232419,STAND TEMPORARILY LOST (1),703,122,1279,446,,,,,,
742,24.733333,65.114,9.905,29,7,98,0.730125,0.670362,0.827261,0.700244,0.000000,0,0.000,0.000,NO BLACK,NO BUNDLE,0,0,0,,,,0,1,1,1,0.895172,0.664861,1215,240,0.230885,STAND LOCKED,703,122,1279,446,,,,,,
743,24.766667,65.914,10.444,1,9,23,0.740732,0.690832,0.798972,0.715782,0.000000,0,0.000,0.000,NO BLACK,NO BUNDLE,0,0,0,,,,0,1,1,1,0.895172,0.664861,1215,240,0.230885,STAND LOCKED,703,122,1279,446,,,,,,
744,24.800000,70.736,10.113,0,41,92,0.000000,0.713029,0.840791,0.000000,0.000000,0,0.000,0.000,NO BLACK,NO BUNDLE,0,0,0,,,,0,1,1,1,0.910833,0.661813,1215,180,0.234269,STAND LOCKED,703,122,1279,446,,,,,,
745,24.833333,79.126,10.310,0,0,95,0.000000,0.000000,0.889947,0.000000,0.000000,0,0.000,0.000,NO BLACK,NO BUNDLE,0,0,0,,,,0,1,1,1,0.910833,0.661813,1215,180,0.234269,STAND LOCKED,703,122,1279,446,,,,,,
746,24.866667,70.382,10.214,0,0,26,0.000000,0.000000,0.823310,0.000000,0.000000,0,0.000,0.000,NO BLACK,NO BUNDLE,0,0,0,,,,0,1,1,0,0.910833,0.661813,1215,180,0.234269,STAND TARGET JUMP REJECTED,703,122,1279,446,,,,,,
747,24.900000,68.839,10.614,0,6,71,0.000000,0.675258,0.863491,0.000000,0.000000,0,0.000,0.000,NO BLACK,NO BUNDLE,0,0,0,,,,0,1,1,0,0.910833,0.661813,1215,180,0.234269,STAND TARGET JUMP REJECTED,703,122,1279,446,,,,,,
748,24.933333,70.918,10.109,3,0,79,0.719124,0.000000,0.843747,0.000000,0.000000,0,0.000,0.000,NO BLACK,NO BUNDLE,0,0,0,,,,0,1,1,0,0.910833,0.661813,1215,180,0.234269,STAND TEMPORARILY LOST (2),703,122,1279,446,,,,,,
749,24.966667,74.961,8.983,25698,7111,10850,0.879450,0.812515,0.884123,0.858696,0.835082,1,211.365,34.723,VALID,CANDIDATE,1,1,0,1003,296,146.000,0,1,1,0,0.910833,0.661813,1215,180,0.234269,STAND TEMPORARILY LOST (2),,,,,,,,,,
750,25.000000,63.994,8.734,0,0,0,0.000000,0.000000,0.000000,0.000000,0.000000,0,0.000,0.000,NO BLACK,NO BUNDLE,0,0,0,,,,0,1,1,1,0.701404,0.613454,1161,161,0.225606,STAND LOCKED,694,126,1270,450,,,,,,
751,25.033333,61.159,9.541,48,0,142,0.726557,0.000000,0.850965,0.000000,0.000000,0,0.000,0.000,NO BLACK,NO BUNDLE,0,0,0,,,,0,1,1,1,0.701404,0.613454,1161,161,0.225606,STAND LOCKED,694,126,1270,450,,,,,,
752,25.066667,68.439,9.766,0,0,0,0.000000,0.000000,0.000000,0.000000,0.000000,0,0.000,0.000,NO BLACK,NO BUNDLE,0,0,0,,,,0,1,1,0,0.701404,0.613454,1161,161,0.225606,STAND TEMPORARILY LOST (1),694,126,1270,450,,,,,,
753,25.100000,71.333,10.182,0,0,0,0.000000,0.000000,0.000000,0.000000,0.000000,0,0.000,0.000,NO BLACK,NO BUNDLE,0,0,0,,,,0,1,1,0,0.701404,0.613454,1161,161,0.225606,STAND TEMPORARILY LOST (1),694,126,1270,450,,,,,,
754,25.133333,69.898,9.827,0,0,0,0.000000,0.000000,0.000000,0.000000,0.000000,0,0.000,0.000,NO BLACK,NO BUNDLE,0,0,0,,,,0,1,1,1,0.640504,0.521204,1049,144,0.233930,STAND LOCKED,694,126,1270,450,,,,,,
755,25.166667,69.657,10.233,2,0,0,0.725322,0.000000,0.000000,0.000000,0.000000,0,0.000,0.000,NO BLACK,NO BUNDLE,0,0,0,,,,0,1,1,1,0.640504,0.521204,1049,144,0.233930,STAND LOCKED,694,126,1270,450,,,,,,
756,25.200000,71.471,10.279,0,0,0,0.000000,0.000000,0.000000,0.000000,0.000000,0,0.000,0.000,NO BLACK,NO BUNDLE,0,0,0,,,,0,1,1,0,0.640504,0.521204,1049,144,0.233930,STAND TEMPORARILY LOST (1),694,126,1270,450,,,,,,
757,25.233333,68.886,10.687,0,0,0,0.000000,0.000000,0.000000,0.000000,0.000000,0,0.000,0.000,NO BLACK,NO BUNDLE,0,0,0,,,,0,1,1,0,0.640504,0.521204,1049,144,0.233930,STAND TEMPORARILY LOST (1),694,126,1270,450,,,,,,
758,25.266667,67.641,10.562,0,0,0,0.000000,0.000000,0.000000,0.000000,0.000000,0,0.000,0.000,NO BLACK,NO BUNDLE,0,0,0,,,,0,1,1,0,0.640504,0.521204,1049,144,0.233930,STAND TEMPORARILY LOST (2),694,126,1270,450,,,,,,
759,25.300000,65.938,10.927,0,0,0,0.000000,0.000000,0.000000,0.000000,0.000000,0,0.000,0.000,NO BLACK,NO BUNDLE,0,0,0,,,,0,1,1,0,0.640504,0.521204,1049,144,0.233930,STAND TEMPORARILY LOST (2),694,126,1270,450,,,,,,
760,25.333333,69.080,10.615,0,0,0,0.000000,0.000000,0.000000,0.000000,0.000000,0,0.000,0.000,NO BLACK,NO BUNDLE,0,0,0,,,,0,1,1,1,0.616795,0.486780,887,241,0.230546,STAND LOCKED,694,126,1270,450,,,,,,
761,25.366667,69.226,11.004,0,0,0,0.000000,0.000000,0.000000,0.000000,0.000000,0,0.000,0.000,NO BLACK,NO BUNDLE,0,0,0,,,,0,1,1,1,0.616795,0.486780,887,241,0.230546,STAND LOCKED,694,126,1270,450,,,,,,
762,25.400000,69.802,10.927,0,0,0,0.000000,0.000000,0.000000,0.000000,0.000000,0,0.000,0.000,NO BLACK,NO BUNDLE,0,0,0,,,,0,1,1,1,0.701717,0.499197,814,259,0.203561,STAND LOCKED,694,126,1270,450,,,,,,
763,25.433333,68.625,11.220,0,0,0,0.000000,0.000000,0.000000,0.000000,0.000000,0,0.000,0.000,NO BLACK,NO BUNDLE,0,0,0,,,,0,1,1,1,0.701717,0.499197,814,259,0.203561,STAND LOCKED,694,126,1270,450,,,,,,
764,25.466667,69.618,11.185,0,0,0,0.000000,0.000000,0.000000,0.000000,0.000000,0,0.000,0.000,NO BLACK,NO BUNDLE,0,0,0,,,,0,1,1,0,0.701717,0.499197,814,259,0.203561,STAND TEMPORARILY LOST (1),694,126,1270,450,,,,,,
765,25.500000,67.607,11.452,0,0,0,0.000000,0.000000,0.000000,0.000000,0.000000,0,0.000,0.000,NO BLACK,NO BUNDLE,0,0,0,,,,0,1,1,0,0.701717,0.499197,814,259,0.203561,STAND TEMPORARILY LOST (1),694,126,1270,450,,,,,,
766,25.533333,70.232,11.166,0,0,0,0.000000,0.000000,0.000000,0.000000,0.000000,0,0.000,0.000,NO BLACK,NO BUNDLE,0,0,0,,,,0,1,1,0,0.701717,0.499197,814,259,0.203561,STAND TEMPORARILY LOST (2),694,126,1270,450,,,,,,
767,25.566667,68.884,11.466,0,0,0,0.000000,0.000000,0.000000,0.000000,0.000000,0,0.000,0.000,NO BLACK,NO BUNDLE,0,0,0,,,,0,1,1,0,0.701717,0.499197,814,259,0.203561,STAND TEMPORARILY LOST (2),694,126,1270,450,,,,,,
768,25.600000,65.950,11.165,0,4,0,0.000000,0.629742,0.000000,0.000000,0.000000,0,0.000,0.000,NO BLACK,NO BUNDLE,0,0,0,,,,0,1,1,1,0.782671,0.609954,1003,166,0.179195,STAND LOCKED,694,126,1270,450,,,,,,
769,25.633333,67.791,11.481,0,0,0,0.000000,0.000000,0.000000,0.000000,0.000000,0,0.000,0.000,NO BLACK,NO BUNDLE,0,0,0,,,,0,1,1,1,0.782671,0.609954,1003,166,0.179195,STAND LOCKED,694,126,1270,450,,,,,,
770,25.666667,71.524,11.480,0,0,0,0.000000,0.000000,0.000000,0.000000,0.000000,0,0.000,0.000,NO BLACK,NO BUNDLE,0,0,0,,,,0,1,1,0,0.782671,0.609954,1003,166,0.179195,STAND TEMPORARILY LOST (1),,,,,,,,,,
771,25.700000,69.694,11.649,0,0,7,0.000000,0.000000,0.714740,0.000000,0.000000,0,0.000,0.000,NO BLACK,NO BUNDLE,0,0,0,,,,0,1,1,0,0.782671,0.609954,1003,166,0.179195,STAND TEMPORARILY LOST (1),0,0,1920,1080,,,,,,
772,25.733333,69.806,11.151,0,0,20,0.000000,0.000000,0.745710,0.000000,0.000000,0,0.000,0.000,NO BLACK,NO BUNDLE,0,0,0,,,,0,1,1,0,0.782671,0.609954,1003,166,0.179195,STAND TEMPORARILY LOST (2),0,0,1920,1080,,,,,,
773,25.766667,74.205,11.290,0,0,50,0.000000,0.000000,0.798428,0.000000,0.000000,0,0.000,0.000,NO BLACK,NO BUNDLE,0,0,0,,,,0,1,1,0,0.782671,0.609954,1003,166,0.179195,STAND TEMPORARILY LOST (2),0,0,1920,1080,,,,,,
774,25.800000,72.837,10.804,0,0,15,0.000000,0.000000,0.714427,0.000000,0.000000,0,0.000,0.000,NO BLACK,NO BUNDLE,0,0,0,,,,0,1,1,1,0.768777,0.687674,1044,115,0.150915,STAND LOCKED,0,0,1920,1080,,,,,,
775,25.833333,69.852,11.095,0,0,89,0.000000,0.000000,0.796213,0.000000,0.000000,0,0.000,0.000,NO BLACK,NO BUNDLE,0,0,0,,,,0,1,1,1,0.768777,0.687674,1044,115,0.150915,STAND LOCKED,0,0,1920,1080,,,,,,
776,25.866667,71.401,11.067,0,0,54,0.000000,0.000000,0.790483,0.000000,0.000000,0,0.000,0.000,NO BLACK,NO BUNDLE,0,0,0,,,,0,1,1,0,0.768777,0.687674,1044,115,0.150915,STAND TEMPORARILY LOST (1),0,0,1920,1080,,,,,,
777,25.900000,71.735,11.238,0,0,79,0.000000,0.000000,0.766029,0.000000,0.000000,0,0.000,0.000,NO BLACK,NO BUNDLE,0,0,0,,,,0,1,1,0,0.768777,0.687674,1044,115,0.150915,STAND TEMPORARILY LOST (1),0,0,1920,1080,,,,,,
778,25.933333,70.467,10.821,0,0,106,0.000000,0.000000,0.771051,0.000000,0.000000,0,0.000,0.000,NO BLACK,NO BUNDLE,0,0,0,,,,0,1,1,0,0.768777,0.687674,1044,115,0.150915,STAND TEMPORARILY LOST (2),0,0,1920,1080,,,,,,
779,25.966667,72.752,11.068,0,0,29,0.000000,0.000000,0.779671,0.000000,0.000000,0,0.000,0.000,NO BLACK,NO BUNDLE,0,0,0,,,,0,1,1,0,0.768777,0.687674,1044,115,0.150915,STAND TEMPORARILY LOST (2),,,,,,,,,,
780,26.000000,72.541,10.652,0,0,29,0.000000,0.000000,0.781834,0.000000,0.000000,0,0.000,0.000,NO BLACK,NO BUNDLE,0,0,0,,,,0,1,1,1,0.672067,0.680871,1011,90,0.139208,STAND LOCKED,0,0,1920,1080,,,,,,
781,26.033333,72.023,10.915,0,0,24,0.000000,0.000000,0.762477,0.000000,0.000000,0,0.000,0.000,NO BLACK,NO BUNDLE,0,0,0,,,,0,1,1,1,0.672067,0.680871,1011,90,0.139208,STAND LOCKED,0,0,1920,1080,,,,,,
782,26.066667,72.088,10.879,0,0,39,0.000000,0.000000,0.775564,0.000000,0.000000,0,0.000,0.000,NO BLACK,NO BUNDLE,0,0,0,,,,0,1,1,0,0.672067,0.680871,1011,90,0.139208,STAND TEMPORARILY LOST (1),0,0,1920,1080,,,,,,
783,26.100000,76.342,11.020,0,0,148,0.000000,0.000000,0.816509,0.000000,0.000000,0,0.000,0.000,NO BLACK,NO BUNDLE,0,0,0,,,,0,1,1,0,0.672067,0.680871,1011,90,0.139208,STAND TEMPORARILY LOST (1),0,0,1920,1080,,,,,,
784,26.133333,69.284,10.623,0,0,110,0.000000,0.000000,0.825459,0.000000,0.000000,0,0.000,0.000,NO BLACK,NO BUNDLE,0,0,0,,,,0,1,1,0,0.672067,0.680871,1011,90,0.139208,STAND TEMPORARILY LOST (2),0,0,1920,1080,,,,,,
785,26.166667,71.956,10.864,0,0,207,0.000000,0.000000,0.814860,0.000000,0.000000,0,0.000,0.000,NO BLACK,NO BUNDLE,0,0,0,,,,0,1,1,0,0.672067,0.680871,1011,90,0.139208,STAND TEMPORARILY LOST (2),0,0,1920,1080,,,,,,
786,26.200000,70.173,10.495,0,0,183,0.000000,0.000000,0.810140,0.000000,0.000000,0,0.000,0.000,NO BLACK,NO BUNDLE,0,0,0,,,,0,1,1,0,0.672067,0.680871,1011,90,0.139208,STAND TEMPORARILY LOST (3),0,0,1920,1080,,,,,,
787,26.233333,77.493,10.613,0,0,127,0.000000,0.000000,0.791502,0.000000,0.000000,0,0.000,0.000,NO BLACK,NO BUNDLE,0,0,0,,,,0,1,1,0,0.672067,0.680871,1011,90,0.139208,STAND TEMPORARILY LOST (3),0,0,1920,1080,,,,,,
788,26.266667,72.709,10.254,0,0,163,0.000000,0.000000,0.810384,0.000000,0.000000,0,0.000,0.000,NO BLACK,NO BUNDLE,0,0,0,,,,0,0,0,0,0.000000,0.000000,,,,WEAK STAND GEOMETRY,0,0,1920,1080,,,,,,
789,26.300000,70.637,10.060,0,0,131,0.000000,0.000000,0.812661,0.000000,0.000000,0,0.000,0.000,NO BLACK,NO BUNDLE,0,0,0,,,,0,0,0,0,0.000000,0.000000,,,,WEAK STAND GEOMETRY,0,0,1920,1080,,,,,,
790,26.333333,71.155,9.876,0,0,98,0.000000,0.000000,0.799471,0.000000,0.000000,0,0.000,0.000,NO BLACK,NO BUNDLE,0,0,0,,,,0,0,0,0,0.000000,0.000000,,,,NEED TWO DARK RAILS AND AN UPRIGHT,0,0,1920,1080,,,,,,
791,26.366667,71.823,9.758,0,0,147,0.000000,0.000000,0.804236,0.000000,0.000000,0,0.000,0.000,NO BLACK,NO BUNDLE,0,0,0,,,,0,0,0,0,0.000000,0.000000,,,,NEED TWO DARK RAILS AND AN UPRIGHT,0,0,1920,1080,,,,,,
792,26.400000,70.337,9.636,0,0,49,0.000000,0.000000,0.783666,0.000000,0.000000,0,0.000,0.000,NO BLACK,NO BUNDLE,0,0,0,,,,0,0,0,0,0.000000,0.000000,,,,WEAK STAND GEOMETRY,0,0,1920,1080,,,,,,
793,26.433333,69.684,9.563,0,0,64,0.000000,0.000000,0.797028,0.000000,0.000000,0,0.000,0.000,NO BLACK,NO BUNDLE,0,0,0,,,,0,1,0,1,0.716014,0.666479,1068,78,0.121296,ACQUIRING STAND 1/4,0,0,1920,1080,,,,,,
794,26.466667,72.914,9.426,0,0,77,0.000000,0.000000,0.813144,0.000000,0.000000,0,0.000,0.000,NO BLACK,NO BUNDLE,0,0,0,,,,0,1,0,1,0.683313,0.652832,932,76,0.125880,ACQUIRING STAND 2/4,0,0,1920,1080,,,,,,
795,26.500000,70.489,9.849,0,0,70,0.000000,0.000000,0.814440,0.000000,0.000000,0,0.000,0.000,NO BLACK,NO BUNDLE,0,0,0,,,,0,1,0,1,0.683313,0.652832,932,76,0.125880,ACQUIRING STAND 2/4,0,0,1920,1080,,,,,,
796,26.533333,73.271,9.685,0,0,220,0.000000,0.000000,0.811048,0.000000,0.000000,0,0.000,0.000,NO BLACK,NO BUNDLE,0,0,0,,,,0,1,0,0,0.683313,0.652832,932,76,0.125880,STAND TEMPORARILY LOST (1),0,0,1920,1080,,,,,,
797,26.566667,71.122,10.049,0,0,236,0.000000,0.000000,0.823481,0.000000,0.000000,0,0.000,0.000,NO BLACK,NO BUNDLE,0,0,0,,,,0,1,0,0,0.683313,0.652832,932,76,0.125880,STAND TEMPORARILY LOST (1),0,0,1920,1080,,,,,,
798,26.600000,70.031,9.914,0,0,95,0.000000,0.000000,0.784944,0.000000,0.000000,0,0.000,0.000,NO BLACK,NO BUNDLE,0,0,0,,,,0,1,0,0,0.683313,0.652832,932,76,0.125880,STAND TEMPORARILY LOST (2),0,0,1920,1080,,,,,,
799,26.633333,70.206,10.229,0,0,90,0.000000,0.000000,0.785615,0.000000,0.000000,0,0.000,0.000,NO BLACK,NO BUNDLE,0,0,0,,,,0,1,0,0,0.683313,0.652832,932,76,0.125880,STAND TEMPORARILY LOST (2),0,0,1920,1080,,,,,,
800,26.666667,72.442,10.051,0,0,70,0.000000,0.000000,0.811192,0.000000,0.000000,0,0.000,0.000,NO BLACK,NO BUNDLE,0,0,0,,,,0,1,0,0,0.683313,0.652832,932,76,0.125880,STAND TEMPORARILY LOST (3),0,0,1920,1080,,,,,,
801,26.700000,70.223,10.409,0,0,50,0.000000,0.000000,0.777912,0.000000,0.000000,0,0.000,0.000,NO BLACK,NO BUNDLE,0,0,0,,,,0,1,0,0,0.683313,0.652832,932,76,0.125880,STAND TEMPORARILY LOST (3),0,0,1920,1080,,,,,,
802,26.733333,69.446,10.221,0,0,47,0.000000,0.000000,0.782392,0.000000,0.000000,0,0.000,0.000,NO BLACK,NO BUNDLE,0,0,0,,,,0,0,0,0,0.000000,0.000000,,,,NEED TWO DARK RAILS AND AN UPRIGHT,0,0,1920,1080,,,,,,
803,26.766667,72.146,10.041,0,0,54,0.000000,0.000000,0.797051,0.000000,0.000000,0,0.000,0.000,NO BLACK,NO BUNDLE,0,0,0,,,,0,0,0,0,0.000000,0.000000,,,,NEED TWO DARK RAILS AND AN UPRIGHT,0,0,1920,1080,,,,,,
804,26.800000,72.392,9.876,0,0,92,0.000000,0.000000,0.772123,0.000000,0.000000,0,0.000,0.000,NO BLACK,NO BUNDLE,0,0,0,,,,0,0,0,0,0.000000,0.000000,,,,WEAK STAND GEOMETRY,0,0,1920,1080,,,,,,
805,26.833333,71.157,9.728,0,0,63,0.000000,0.000000,0.795399,0.000000,0.000000,0,0.000,0.000,NO BLACK,NO BUNDLE,0,0,0,,,,0,0,0,0,0.000000,0.000000,,,,WEAK STAND GEOMETRY,0,0,1920,1080,,,,,,
