frame,timestamp,inference_ms,processing_fps,black_pixels,lashing_pixels,messenger_pixels,black_confidence,lashing_confidence,messenger_confidence,bundle_confidence,contact_confidence,bundle_valid,messenger_intensity_mean,messenger_intensity_std,validation_reason,target_state,consecutive_valid_frames,target_found,target_locked,target_x,target_y,target_proximity,stale_frames,stand_found,stand_locked,stand_fresh,stand_confidence,stand_black_support,stand_x,stand_y,stand_proximity,stand_reason,pidnet_roi_x1,pidnet_roi_y1,pidnet_roi_x2,pidnet_roi_y2,mission_state,mission_reason,command_forward,command_right,command_down,command_yaw_rate
0,0.000000,304.905,2.790,4929,0,3157,0.840232,0.000000,0.910297,0.000000,0.000000,0,0.000,0.000,NO LASHING,NO BUNDLE,0,0,0,,,,0,1,0,1,0.744513,0.617225,842,92,0.225000,ACQUIRING STAND 1/4,,,,,,,,,,
1,0.033333,24.325,7.183,4737,0,3144,0.844641,0.000000,0.916043,0.000000,0.000000,0,0.000,0.000,NO LASHING,NO BUNDLE,0,0,0,,,,0,1,0,1,0.744513,0.617225,842,92,0.225000,ACQUIRING STAND 1/4,,,,,,,,,,
2,0.066667,25.706,8.296,4709,0,3181,0.848216,0.000000,0.914926,0.000000,0.000000,0,0.000,0.000,NO LASHING,NO BUNDLE,0,0,0,,,,0,1,0,1,0.718151,0.670851,812,69,0.169236,ACQUIRING STAND 2/4,,,,,,,,,,
3,0.100000,23.363,12.606,4649,0,3176,0.849085,0.000000,0.915225,0.000000,0.000000,0,0.000,0.000,NO LASHING,NO BUNDLE,0,0,0,,,,0,1,0,1,0.718151,0.670851,812,69,0.169236,ACQUIRING STAND 2/4,,,,,,,,,,
4,0.133333,22.568,12.806,4717,0,3178,0.848743,0.000000,0.914420,0.000000,0.000000,0,0.000,0.000,NO LASHING,NO BUNDLE,0,0,0,,,,0,1,0,1,0.658833,0.643709,865,70,0.172406,ACQUIRING STAND 3/4,,,,,,,,,,
5,0.166667,25.453,15.928,4323,0,3000,0.849545,0.000000,0.912202,0.000000,0.000000,0,0.000,0.000,NO LASHING,NO BUNDLE,0,0,0,,,,0,1,0,1,0.658833,0.643709,865,70,0.172406,ACQUIRING STAND 3/4,,,,,,,,,,
6,0.200000,23.944,15.248,4422,0,2993,0.850652,0.000000,0.911705,0.000000,0.000000,0,0.000,0.000,NO LASHING,NO BUNDLE,0,0,0,,,,0,1,0,0,0.658833,0.643709,865,70,0.172406,STAND TARGET JUMP REJECTED,,,,,,,,,,
7,0.233333,25.166,17.796,4479,0,3018,0.850421,0.000000,0.913073,0.000000,0.000000,0,0.000,0.000,NO LASHING,NO BUNDLE,0,0,0,,,,0,1,0,0,0.658833,0.643709,865,70,0.172406,STAND TARGET JUMP REJECTED,,,,,,,,,,
8,0.266667,24.780,17.093,4425,0,3017,0.850601,0.000000,0.912655,0.000000,0.000000,0,0.000,0.000,NO LASHING,NO BUNDLE,0,0,0,,,,0,1,0,1,0.785633,0.627202,818,70,0.183763,ACQUIRING STAND 1/4,,,,,,,,,,
9,0.300000,30.462,18.977,4417,0,3003,0.850978,0.000000,0.912967,0.000000,0.000000,0,0.000,0.000,NO LASHING,NO BUNDLE,0,0,0,,,,0,1,0,1,0.785633,0.627202,818,70,0.183763,ACQUIRING STAND 1/4,,,,,,,,,,
10,0.333333,23.281,18.221,4453,0,3037,0.851139,0.000000,0.913624,0.000000,0.000000,0,0.000,0.000,NO LASHING,NO BUNDLE,0,0,0,,,,0,1,0,0,0.785633,0.627202,818,70,0.183763,STAND TEMPORARILY LOST (1),,,,,,,,,,
11,0.366667,20.844,21.614,4593,0,3043,0.850512,0.000000,0.914558,0.000000,0.000000,0,0.000,0.000,NO LASHING,NO BUNDLE,0,0,0,,,,0,1,0,0,0.785633,0.627202,818,70,0.183763,STAND TEMPORARILY LOST (1),,,,,,,,,,
12,0.400000,25.496,20.398,4542,0,3046,0.855810,0.000000,0.908922,0.000000,0.000000,0,0.000,0.000,NO LASHING,NO BUNDLE,0,0,0,,,,0,1,0,1,0.773039,0.632687,724,79,0.207207,ACQUIRING STAND 1/4,,,,,,,,,,
13,0.433333,36.644,20.797,4634,0,3057,0.855916,0.000000,0.913846,0.000000,0.000000,0,0.000,0.000,NO LASHING,NO BUNDLE,0,0,0,,,,0,1,0,1,0.773039,0.632687,724,79,0.207207,ACQUIRING STAND 1/4,,,,,,,,,,
14,0.466667,34.906,19.486,4467,0,2996,0.856785,0.000000,0.905159,0.000000,0.000000,0,0.000,0.000,NO LASHING,NO BUNDLE,0,0,0,,,,0,1,0,1,0.575367,0.535674,677,83,0.225396,ACQUIRING STAND 2/4,,,,,,,,,,
15,0.500000,26.149,21.513,4618,0,3062,0.856559,0.000000,0.912808,0.000000,0.000000,0,0.000,0.000,NO LASHING,NO BUNDLE,0,0,0,,,,0,1,0,1,0.575367,0.535674,677,83,0.225396,ACQUIRING STAND 2/4,,,,,,,,,,
16,0.533333,24.129,20.350,4555,0,3025,0.856984,0.000000,0.912183,0.000000,0.000000,0,0.000,0.000,NO LASHING,NO BUNDLE,0,0,0,,,,0,1,0,0,0.575367,0.535674,677,83,0.225396,STAND TARGET JUMP REJECTED,,,,,,,,,,
17,0.566667,31.484,21.484,4585,0,3040,0.856973,0.000000,0.913486,0.000000,0.000000,0,0.000,0.000,NO LASHING,NO BUNDLE,0,0,0,,,,0,1,0,0,0.575367,0.535674,677,83,0.225396,STAND TARGET JUMP REJECTED,,,,,,,,,,
18,0.600000,25.576,20.208,4562,0,3042,0.856908,0.000000,0.913345,0.000000,0.000000,0,0.000,0.000,NO LASHING,NO BUNDLE,0,0,0,,,,0,1,0,1,0.699178,0.614274,827,66,0.180873,ACQUIRING STAND 1/4,,,,,,,,,,
19,0.633333,25.630,22.023,4618,0,3078,0.856557,0.000000,0.913608,0.000000,0.000000,0,0.000,0.000,NO LASHING,NO BUNDLE,0,0,0,,,,0,1,0,1,0.699178,0.614274,827,66,0.180873,ACQUIRING STAND 1/4,,,,,,,,,,
20,0.666667,27.138,20.754,4556,0,3013,0.856546,0.000000,0.915642,0.000000,0.000000,0,0.000,0.000,NO LASHING,NO BUNDLE,0,0,0,,,,0,1,0,0,0.699178,0.614274,827,66,0.180873,STAND TEMPORARILY LOST (1),,,,,,,,,,
21,0.700000,28.845,22.082,4570,0,3024,0.855936,0.000000,0.915956,0.000000,0.000000,0,0.000,0.000,NO LASHING,NO BUNDLE,0,0,0,,,,0,1,0,0,0.699178,0.614274,827,66,0.180873,STAND TEMPORARILY LOST (1),,,,,,,,,,
22,0.733333,24.981,20.830,4615,0,3040,0.855887,0.000000,0.916814,0.000000,0.000000,0,0.000,0.000,NO LASHING,NO BUNDLE,0,0,0,,,,0,1,0,1,0.594578,0.537583,723,77,0.213545,ACQUIRING STAND 1/4,,,,,,,,,,
23,0.766667,23.660,23.137,4602,0,3060,0.854895,0.000000,0.917075,0.000000,0.000000,0,0.000,0.000,NO LASHING,NO BUNDLE,0,0,0,,,,0,1,0,1,0.594578,0.537583,723,77,0.213545,ACQUIRING STAND 1/4,,,,,,,,,,
24,0.800000,29.963,21.514,4266,0,2976,0.850302,0.000000,0.911892,0.000000,0.000000,0,0.000,0.000,NO LASHING,NO BUNDLE,0,0,0,,,,0,1,0,1,0.693722,0.569061,676,82,0.228248,ACQUIRING STAND 2/4,,,,,,,,,,
25,0.833333,27.406,22.813,4386,0,3008,0.851521,0.000000,0.913188,0.000000,0.000000,0,0.000,0.000,NO LASHING,NO BUNDLE,0,0,0,,,,0,1,0,1,0.693722,0.569061,676,82,0.228248,ACQUIRING STAND 2/4,,,,,,,,,,
26,0.866667,22.607,21.013,4306,0,2989,0.850531,0.000000,0.912339,0.000000,0.000000,0,0.000,0.000,NO LASHING,NO BUNDLE,0,0,0,,,,0,1,0,1,0.729261,0.584339,668,84,0.234864,ACQUIRING STAND 3/4,,,,,,,,,,
27,0.900000,22.806,23.669,4327,0,3002,0.850638,0.000000,0.911860,0.000000,0.000000,0,0.000,0.000,NO LASHING,NO BUNDLE,0,0,0,,,,0,1,0,1,0.729261,0.584339,668,84,0.234864,ACQUIRING STAND 3/4,,,,,,,,,,
28,0.933333,23.632,22.058,4319,0,2993,0.850829,0.000000,0.911829,0.000000,0.000000,0,0.000,0.000,NO LASHING,NO BUNDLE,0,0,0,,,,0,1,1,1,0.776697,0.612566,695,82,0.227911,STAND LOCKED,,,,,,,,,,
29,0.966667,29.013,23.055,4629,0,3099,0.851614,0.000000,0.910989,0.000000,0.000000,0,0.000,0.000,NO LASHING,NO BUNDLE,0,0,0,,,,0,1,1,1,0.776697,0.612566,695,82,0.227911,STAND LOCKED,,,,,,,,,,
30,1.000000,27.126,22.260,4548,0,3106,0.852208,0.000000,0.910020,0.000000,0.000000,0,0.000,0.000,NO LASHING,NO BUNDLE,0,0,0,,,,0,1,1,0,0.776697,0.612566,695,82,0.227911,STAND TEMPORARILY LOST (1),,,,,,,,,,
31,1.033333,28.419,23.432,4610,0,3066,0.852278,0.000000,0.911818,0.000000,0.000000,0,0.000,0.000,NO LASHING,NO BUNDLE,0,0,0,,,,0,1,1,0,0.776697,0.612566,695,82,0.227911,STAND TEMPORARILY LOST (1),,,,,,,,,,
32,1.066667,23.164,21.356,4645,0,3102,0.851891,0.000000,0.910937,0.000000,0.000000,0,0.000,0.000,NO LASHING,NO BUNDLE,0,0,0,,,,0,1,1,1,0.602229,0.541457,615,84,0.233185,STAND LOCKED,,,,,,,,,,
33,1.100000,23.823,23.695,4719,0,3146,0.852889,0.000000,0.910566,0.000000,0.000000,0,0.000,0.000,NO LASHING,NO BUNDLE,0,0,0,,,,0,1,1,1,0.602229,0.541457,615,84,0.233185,STAND LOCKED,,,,,,,,,,
34,1.133333,27.973,23.466,4622,0,3016,0.856105,0.000000,0.911859,0.000000,0.000000,0,0.000,0.000,NO LASHING,NO BUNDLE,0,0,0,,,,0,1,1,1,0.711083,0.475113,468,85,0.237086,STAND LOCKED,,,,,,,,,,
35,1.166667,24.432,24.963,4563,0,2998,0.855328,0.000000,0.912034,0.000000,0.000000,0,0.000,0.000,NO LASHING,NO BUNDLE,0,0,0,,,,0,1,1,1,0.711083,0.475113,468,85,0.237086,STAND LOCKED,,,,,,,,,,
36,1.200000,25.377,24.493,4708,0,3021,0.853693,0.000000,0.917357,0.000000,0.000000,0,0.000,0.000,NO LASHING,NO BUNDLE,0,0,0,,,,0,1,1,1,0.765049,0.451021,497,87,0.240369,STAND LOCKED,,,,,,,,,,
37,1.233333,34.826,24.621,4671,0,3039,0.855677,0.000000,0.916658,0.000000,0.000000,0,0.000,0.000,NO LASHING,NO BUNDLE,0,0,0,,,,0,1,1,1,0.765049,0.451021,497,87,0.240369,STAND LOCKED,,,,,,,,,,
38,1.266667,23.500,24.474,4671,0,3021,0.855270,0.000000,0.916677,0.000000,0.000000,0,0.000,0.000,NO LASHING,NO BUNDLE,0,0,0,,,,0,1,1,1,0.718512,0.470104,377,87,0.241083,STAND LOCKED,,,,,,,,,,
39,1.300000,23.310,26.195,4900,0,3166,0.857267,0.000000,0.917668,0.000000,0.000000,0,0.000,0.000,NO LASHING,NO BUNDLE,0,0,0,,,,0,1,1,1,0.718512,0.470104,377,87,0.241083,STAND LOCKED,,,,,,,,,,
40,1.333333,36.549,24.785,4944,0,3164,0.857100,0.000000,0.917589,0.000000,0.000000,0,0.000,0.000,NO LASHING,NO BUNDLE,0,0,0,,,,0,1,1,1,0.754585,0.461883,424,88,0.242932,STAND LOCKED,,,,,,,,,,
41,1.366667,25.687,25.728,4868,0,3152,0.855589,0.000000,0.917410,0.000000,0.000000,0,0.000,0.000,NO LASHING,NO BUNDLE,0,0,0,,,,0,1,1,1,0.754585,0.461883,424,88,0.242932,STAND LOCKED,,,,,,,,,,
42,1.400000,28.982,24.905,4852,0,3167,0.855434,0.000000,0.916926,0.000000,0.000000,0,0.000,0.000,NO LASHING,NO BUNDLE,0,0,0,,,,0,1,1,1,0.740227,0.476924,335,90,0.236125,STAND LOCKED,,,,,,,,,,
43,1.433333,26.214,26.228,4800,0,3155,0.855177,0.000000,0.917084,0.000000,0.000000,0,0.000,0.000,NO LASHING,NO BUNDLE,0,0,0,,,,0,1,1,1,0.740227,0.476924,335,90,0.236125,STAND LOCKED,,,,,,,,,,
44,1.466667,19.490,25.758,4949,0,3193,0.855688,0.000000,0.917620,0.000000,0.000000,0,0.000,0.000,NO LASHING,NO BUNDLE,0,0,0,,,,0,1,1,1,0.865661,0.543779,383,89,0.239937,STAND LOCKED,,,,,,,,,,
45,1.500000,31.434,26.221,4904,0,3167,0.855789,0.000000,0.917730,0.000000,0.000000,0,0.000,0.000,NO LASHING,NO BUNDLE,0,0,0,,,,0,1,1,1,0.865661,0.543779,383,89,0.239937,STAND LOCKED,,,,,,,,,,
46,1.533333,20.557,25.595,4917,0,3161,0.854406,0.000000,0.917548,0.000000,0.000000,0,0.000,0.000,NO LASHING,NO BUNDLE,0,0,0,,,,0,1,1,1,0.792522,0.512452,431,88,0.241652,STAND LOCKED,,,,,,,,,,
47,1.566667,28.095,26.364,4870,0,3151,0.854812,0.000000,0.917504,0.000000,0.000000,0,0.000,0.000,NO LASHING,NO BUNDLE,0,0,0,,,,0,1,1,1,0.792522,0.512452,431,88,0.241652,STAND LOCKED,,,,,,,,,,
48,1.600000,29.416,25.449,4301,0,2908,0.850342,0.000000,0.907460,0.000000,0.000000,0,0.000,0.000,NO LASHING,NO BUNDLE,0,0,0,,,,0,1,1,1,0.759435,0.481791,480,88,0.243188,STAND LOCKED,,,,,,,,,,
49,1.633333,21.314,27.768,4268,0,2936,0.850082,0.000000,0.908180,0.000000,0.000000,0,0.000,0.000,NO LASHING,NO BUNDLE,0,0,0,,,,0,1,1,1,0.759435,0.481791,480,88,0.243188,STAND LOCKED,,,,,,,,,,
50,1.666667,19.636,27.474,4222,0,2960,0.852535,0.000000,0.909538,0.000000,0.000000,0,0.000,0.000,NO LASHING,NO BUNDLE,0,0,0,,,,0,1,1,1,0.679077,0.482006,342,88,0.243115,STAND LOCKED,,,,,,,,,,
51,1.700000,34.056,27.335,4251,0,2944,0.849658,0.000000,0.908841,0.000000,0.000000,0,0.000,0.000,NO LASHING,NO BUNDLE,0,0,0,,,,0,1,1,1,0.679077,0.482006,342,88,0.243115,STAND LOCKED,,,,,,,,,,
52,1.733333,20.529,26.644,4296,0,2937,0.852373,0.000000,0.909667,0.000000,0.000000,0,0.000,0.000,NO LASHING,NO BUNDLE,0,0,0,,,,0,1,1,1,0.750192,0.422068,378,88,0.243082,STAND LOCKED,,,,,,,,,,
53,1.766667,35.014,26.427,4488,0,2994,0.851613,0.000000,0.914090,0.000000,0.000000,0,0.000,0.000,NO LASHING,NO BUNDLE,0,0,0,,,,0,1,1,1,0.750192,0.422068,378,88,0.243082,STAND LOCKED,,,,,,,,,,
54,1.800000,20.267,26.163,4402,0,2943,0.852739,0.000000,0.912745,0.000000,0.000000,0,0.000,0.000,NO LASHING,NO BUNDLE,0,0,0,,,,0,1,1,1,0.891667,0.568991,426,88,0.243068,STAND LOCKED,,,,,,,,,,
55,1.833333,26.343,27.193,4410,0,2974,0.852142,0.000000,0.913107,0.000000,0.000000,0,0.000,0.000,NO LASHING,NO BUNDLE,0,0,0,,,,0,1,1,1,0.891667,0.568991,426,88,0.243068,STAND LOCKED,,,,,,,,,,
56,1.866667,24.020,26.649,4398,0,2973,0.850773,0.000000,0.913283,0.000000,0.000000,0,0.000,0.000,NO LASHING,NO BUNDLE,0,0,0,,,,0,1,1,1,0.761261,0.549098,415,87,0.242297,STAND LOCKED,,,,,,,,,,
57,1.900000,22.239,28.488,4353,0,2984,0.850000,0.000000,0.913413,0.000000,0.000000,0,0.000,0.000,NO LASHING,NO BUNDLE,0,0,0,,,,0,1,1,1,0.761261,0.549098,415,87,0.242297,STAND LOCKED,,,,,,,,,,
58,1.933333,25.423,27.172,4913,0,3156,0.846834,0.000000,0.915088,0.000000,0.000000,0,0.000,0.000,NO LASHING,NO BUNDLE,0,0,0,,,,0,1,1,1,0.777579,0.512689,464,88,0.242714,STAND LOCKED,,,,,,,,,,
59,1.966667,24.409,28.237,4800,0,3147,0.847376,0.000000,0.914780,0.000000,0.000000,0,0.000,0.000,NO LASHING,NO BUNDLE,0,0,0,,,,0,1,1,1,0.777579,0.512689,464,88,0.242714,STAND LOCKED,,,,,,,,,,
60,2.000000,24.290,26.836,5211,0,3156,0.852459,0.000000,0.910782,0.000000,0.000000,0,0.000,0.000,NO LASHING,NO BUNDLE,0,0,0,,,,0,1,1,0,0.777579,0.512689,464,88,0.242714,STAND TARGET JUMP REJECTED,,,,,,,,,,
61,2.033333,26.831,27.650,5028,0,3063,0.853977,0.000000,0.910480,0.000000,0.000000,0,0.000,0.000,NO LASHING,NO BUNDLE,0,0,0,,,,0,1,1,0,0.777579,0.512689,464,88,0.242714,STAND TARGET JUMP REJECTED,,,,,,,,,,
62,2.066667,30.330,26.499,4953,0,2987,0.854755,0.000000,0.908605,0.000000,0.000000,0,0.000,0.000,NO LASHING,NO BUNDLE,0,0,0,,,,0,1,1,0,0.777579,0.512689,464,88,0.242714,STAND TARGET JUMP REJECTED,,,,,,,,,,
63,2.100000,27.704,26.686,5048,0,3028,0.856440,0.000000,0.909438,0.000000,0.000000,0,0.000,0.000,NO LASHING,NO BUNDLE,0,0,0,,,,0,1,1,0,0.777579,0.512689,464,88,0.242714,STAND TARGET JUMP REJECTED,,,,,,,,,,
64,2.133333,22.759,26.168,5053,0,3053,0.855760,0.000000,0.910200,0.000000,0.000000,0,0.000,0.000,NO LASHING,NO BUNDLE,0,0,0,,,,0,1,1,1,0.764916,0.486776,494,87,0.241374,STAND LOCKED,,,,,,,,,,
65,2.166667,33.920,26.240,5041,0,3093,0.855730,0.000000,0.910208,0.000000,0.000000,0,0.000,0.000,NO LASHING,NO BUNDLE,0,0,0,,,,0,1,1,1,0.764916,0.486776,494,87,0.241374,STAND LOCKED,,,,,,,,,,
66,2.200000,21.184,26.070,5018,0,3051,0.855310,0.000000,0.910905,0.000000,0.000000,0,0.000,0.000,NO LASHING,NO BUNDLE,0,0,0,,,,0,1,1,1,0.738976,0.476446,542,85,0.236952,STAND LOCKED,,,,,,,,,,
67,2.233333,27.893,26.919,5098,0,3040,0.854110,0.000000,0.912307,0.000000,0.000000,0,0.000,0.000,NO LASHING,NO BUNDLE,0,0,0,,,,0,1,1,1,0.738976,0.476446,542,85,0.236952,STAND LOCKED,,,,,,,,,,
68,2.266667,28.334,26.049,5075,0,3046,0.855741,0.000000,0.911976,0.000000,0.000000,0,0.000,0.000,NO LASHING,NO BUNDLE,0,0,0,,,,0,1,1,1,0.757713,0.470763,518,86,0.238781,STAND LOCKED,,,,,,,,,,
69,2.300000,23.575,27.161,5097,0,3029,0.856104,0.000000,0.912010,0.000000,0.000000,0,0.000,0.000,NO LASHING,NO BUNDLE,0,0,0,,,,0,1,1,1,0.757713,0.470763,518,86,0.238781,STAND LOCKED,,,,,,,,,,
70,2.333333,32.215,26.079,5160,0,3029,0.857448,0.000000,0.912194,0.000000,0.000000,0,0.000,0.000,NO LASHING,NO BUNDLE,0,0,0,,,,0,1,1,1,0.784895,0.549902,519,85,0.235785,STAND LOCKED,,,,,,,,,,
71,2.366667,32.643,26.195,5208,0,3069,0.856446,0.000000,0.912098,0.000000,0.000000,0,0.000,0.000,NO LASHING,NO BUNDLE,0,0,0,,,,0,1,1,1,0.784895,0.549902,519,85,0.235785,STAND LOCKED,,,,,,,,,,
72,2.400000,24.469,25.060,3785,0,2930,0.843354,0.000000,0.911905,0.000000,0.000000,0,0.000,0.000,NO LASHING,NO BUNDLE,0,0,0,,,,0,1,1,1,0.562843,0.486482,380,84,0.234436,STAND LOCKED,,,,,,,,,,
73,2.433333,35.647,25.170,3660,0,2895,0.845069,0.000000,0.909148,0.000000,0.000000,0,0.000,0.000,NO LASHING,NO BUNDLE,0,0,0,,,,0,1,1,1,0.562843,0.486482,380,84,0.234436,STAND LOCKED,,,,,,,,,,
74,2.466667,27.115,24.362,3617,0,2892,0.844774,0.000000,0.912441,0.000000,0.000000,0,0.000,0.000,NO LASHING,NO BUNDLE,0,0,0,,,,0,1,1,1,0.799527,0.505177,367,86,0.239941,STAND LOCKED,,,,,,,,,,
75,2.500000,25.991,25.578,3662,0,2918,0.845208,0.000000,0.911968,0.000000,0.000000,0,0.000,0.000,NO LASHING,NO BUNDLE,0,0,0,,,,0,1,1,1,0.799527,0.505177,367,86,0.239941,STAND LOCKED,,,,,,,,,,
76,2.533333,24.102,24.624,3606,0,2881,0.845509,0.000000,0.912393,0.000000,0.000000,0,0.000,0.000,NO LASHING,NO BUNDLE,0,0,0,,,,0,1,1,1,0.862887,0.557807,383,87,0.241654,STAND LOCKED,,,,,,,,,,
77,2.566667,23.590,26.393,3924,0,2971,0.844951,0.000000,0.913956,0.000000,0.000000,0,0.000,0.000,NO LASHING,NO BUNDLE,0,0,0,,,,0,1,1,1,0.862887,0.557807,383,87,0.241654,STAND LOCKED,,,,,,,,,,
78,2.600000,32.351,24.709,4102,0,2995,0.845154,0.000000,0.912659,0.000000,0.000000,0,0.000,0.000,NO LASHING,NO BUNDLE,0,0,0,,,,0,1,1,1,0.802329,0.528215,432,88,0.242425,STAND LOCKED,,,,,,,,,,
79,2.633333,28.054,25.532,4253,0,3057,0.844495,0.000000,0.912324,0.000000,0.000000,0,0.000,0.000,NO LASHING,NO BUNDLE,0,0,0,,,,0,1,1,1,0.802329,0.528215,432,88,0.242425,STAND LOCKED,,,,,,,,,,
80,2.666667,34.181,23.966,4165,0,3024,0.845430,0.000000,0.911882,0.000000,0.000000,0,0.000,0.000,NO LASHING,NO BUNDLE,0,0,0,,,,0,1,1,0,0.802329,0.528215,432,88,0.242425,STAND TEMPORARILY LOST (1),,,,,,,,,,
81,2.700000,30.089,24.921,4072,0,2951,0.844802,0.000000,0.912424,0.000000,0.000000,0,0.000,0.000,NO LASHING,NO BUNDLE,0,0,0,,,,0,1,1,0,0.802329,0.528215,432,88,0.242425,STAND TEMPORARILY LOST (1),,,,,,,,,,
82,2.733333,22.578,22.732,4325,0,3165,0.841565,0.000000,0.911399,0.000000,0.000000,0,0.000,0.000,NO LASHING,NO BUNDLE,0,0,0,,,,0,1,1,0,0.802329,0.528215,432,88,0.242425,STAND TEMPORARILY LOST (2),,,,,,,,,,
83,2.766667,31.782,22.903,4374,0,3153,0.842131,0.000000,0.910740,0.000000,0.000000,0,0.000,0.000,NO LASHING,NO BUNDLE,0,0,0,,,,0,1,1,0,0.802329,0.528215,432,88,0.242425,STAND TEMPORARILY LOST (2),,,,,,,,,,
84,2.800000,24.219,22.257,4642,0,3148,0.841349,0.000000,0.912472,0.000000,0.000000,0,0.000,0.000,NO LASHING,NO BUNDLE,0,0,0,,,,0,1,1,1,0.755949,0.491220,426,87,0.242008,STAND LOCKED,,,,,,,,,,
85,2.833333,28.521,23.446,4710,0,3222,0.840235,0.000000,0.912008,0.000000,0.000000,0,0.000,0.000,NO LASHING,NO BUNDLE,0,0,0,,,,0,1,1,1,0.755949,0.491220,426,87,0.242008,STAND LOCKED,,,,,,,,,,
86,2.866667,28.482,22.846,4669,0,3223,0.839999,0.000000,0.911654,0.000000,0.000000,0,0.000,0.000,NO LASHING,NO BUNDLE,0,0,0,,,,0,1,1,0,0.755949,0.491220,426,87,0.242008,STAND TEMPORARILY LOST (1),,,,,,,,,,
87,2.900000,28.115,23.737,4900,0,3245,0.841244,0.000000,0.912088,0.000000,0.000000,0,0.000,0.000,NO LASHING,NO BUNDLE,0,0,0,,,,0,1,1,0,0.755949,0.491220,426,87,0.242008,STAND TEMPORARILY LOST (1),,,,,,,,,,
88,2.933333,34.752,21.576,4867,0,3222,0.841623,0.000000,0.911875,0.000000,0.000000,0,0.000,0.000,NO LASHING,NO BUNDLE,0,0,0,,,,0,1,1,0,0.755949,0.491220,426,87,0.242008,STAND TEMPORARILY LOST (2),,,,,,,,,,
89,2.966667,26.230,23.065,4989,0,3245,0.842406,0.000000,0.911913,0.000000,0.000000,0,0.000,0.000,NO LASHING,NO BUNDLE,0,0,0,,,,0,1,1,0,0.755949,0.491220,426,87,0.242008,STAND TEMPORARILY LOST (2),,,,,,,,,,
90,3.000000,22.317,22.960,5051,0,3265,0.842325,0.000000,0.912237,0.000000,0.000000,0,0.000,0.000,NO LASHING,NO BUNDLE,0,0,0,,,,0,1,1,0,0.755949,0.491220,426,87,0.242008,STAND TARGET JUMP REJECTED,,,,,,,,,,
91,3.033333,29.151,23.801,4844,0,3235,0.840799,0.000000,0.911654,0.000000,0.000000,0,0.000,0.000,NO LASHING,NO BUNDLE,0,0,0,,,,0,1,1,0,0.755949,0.491220,426,87,0.242008,STAND TARGET JUMP REJECTED,,,,,,,,,,
92,3.066667,29.442,22.541,4863,0,3219,0.840721,0.000000,0.910776,0.000000,0.000000,0,0.000,0.000,NO LASHING,NO BUNDLE,0,0,0,,,,0,1,1,1,0.745957,0.496262,402,88,0.243348,STAND LOCKED,,,,,,,,,,
93,3.100000,28.847,23.151,4808,0,3216,0.841284,0.000000,0.910941,0.000000,0.000000,0,0.000,0.000,NO LASHING,NO BUNDLE,0,0,0,,,,0,1,1,1,0.745957,0.496262,402,88,0.243348,STAND LOCKED,,,,,,,,,,
94,3.133333,35.377,22.298,4716,0,3169,0.841307,0.000000,0.910830,0.000000,0.000000,0,0.000,0.000,NO LASHING,NO BUNDLE,0,0,0,,,,0,1,1,1,0.751474,0.522825,440,88,0.243951,STAND LOCKED,,,,,,,,,,
95,3.166667,28.265,23.380,4679,0,3184,0.841418,0.000000,0.910775,0.000000,0.000000,0,0.000,0.000,NO LASHING,NO BUNDLE,0,0,0,,,,0,1,1,1,0.751474,0.522825,440,88,0.243951,STAND LOCKED,,,,,,,,,,
96,3.200000,32.023,22.244,4266,0,2881,0.849322,0.000000,0.907941,0.000000,0.000000,0,0.000,0.000,NO LASHING,NO BUNDLE,0,0,0,,,,0,1,1,1,0.784959,0.499240,484,87,0.242695,STAND LOCKED,,,,,,,,,,
97,3.233333,44.580,21.879,4303,0,2900,0.850530,0.000000,0.907680,0.000000,0.000000,0,0.000,0.000,NO LASHING,NO BUNDLE,0,0,0,,,,0,1,1,1,0.784959,0.499240,484,87,0.242695,STAND LOCKED,,,,,,,,,,
98,3.266667,40.651,20.798,4286,0,2899,0.850205,0.000000,0.906705,0.000000,0.000000,0,0.000,0.000,NO LASHING,NO BUNDLE,0,0,0,,,,0,1,1,1,0.770960,0.490426,522,85,0.238310,STAND LOCKED,,,,,,,,,,
99,3.300000,42.317,20.358,4241,0,2891,0.849294,0.000000,0.907091,0.000000,0.000000,0,0.000,0.000,NO LASHING,NO BUNDLE,0,0,0,,,,0,1,1,1,0.770960,0.490426,522,85,0.238310,STAND LOCKED,,,,,,,,,,
100,3.333333,37.435,18.764,4223,0,2897,0.847976,0.000000,0.907495,0.000000,0.000000,0,0.000,0.000,NO LASHING,NO BUNDLE,0,0,0,,,,0,1,1,0,0.770960,0.490426,522,85,0.238310,STAND TARGET JUMP REJECTED,,,,,,,,,,
101,3.366667,32.442,19.947,4545,0,3038,0.847865,0.000000,0.912882,0.000000,0.000000,0,0.000,0.000,NO LASHING,NO BUNDLE,0,0,0,,,,0,1,1,0,0.770960,0.490426,522,85,0.238310,STAND TARGET JUMP REJECTED,,,,,,,,,,
102,3.400000,32.664,19.059,4615,0,3025,0.848026,0.000000,0.913289,0.000000,0.000000,0,0.000,0.000,NO LASHING,NO BUNDLE,0,0,0,,,,0,1,1,1,0.678570,0.442013,486,86,0.240156,STAND LOCKED,,,,,,,,,,
103,3.433333,28.534,20.602,4459,0,2969,0.848775,0.000000,0.912314,0.000000,0.000000,0,0.000,0.000,NO LASHING,NO BUNDLE,0,0,0,,,,0,1,1,1,0.678570,0.442013,486,86,0.240156,STAND LOCKED,,,,,,,,,,
104,3.466667,23.868,20.919,4544,0,2973,0.848567,0.000000,0.912579,0.000000,0.000000,0,0.000,0.000,NO LASHING,NO BUNDLE,0,0,0,,,,0,1,1,0,0.678570,0.442013,486,86,0.240156,STAND TARGET JUMP REJECTED,,,,,,,,,,
105,3.500000,25.196,22.487,4502,0,2970,0.849143,0.000000,0.912066,0.000000,0.000000,0,0.000,0.000,NO LASHING,NO BUNDLE,0,0,0,,,,0,1,1,0,0.678570,0.442013,486,86,0.240156,STAND TARGET JUMP REJECTED,,,,,,,,,,
106,3.533333,27.644,20.226,4873,0,3065,0.852216,0.000000,0.913029,0.000000,0.000000,0,0.000,0.000,NO LASHING,NO BUNDLE,0,0,0,,,,0,1,1,1,0.608414,0.550627,409,88,0.236404,STAND LOCKED,,,,,,,,,,
107,3.566667,33.153,21.121,4801,0,3078,0.852834,0.000000,0.912898,0.000000,0.000000,0,0.000,0.000,NO LASHING,NO BUNDLE,0,0,0,,,,0,1,1,1,0.608414,0.550627,409,88,0.236404,STAND LOCKED,,,,,,,,,,
108,3.600000,22.065,20.973,4205,0,2919,0.849023,0.000000,0.904832,0.000000,0.000000,0,0.000,0.000,NO LASHING,NO BUNDLE,0,0,0,,,,0,1,1,1,0.862511,0.555421,452,88,0.240826,STAND LOCKED,,,,,,,,,,
109,3.633333,30.471,22.064,4205,0,2943,0.849683,0.000000,0.907394,0.000000,0.000000,0,0.000,0.000,NO LASHING,NO BUNDLE,0,0,0,,,,0,1,1,1,0.862511,0.555421,452,88,0.240826,STAND LOCKED,,,,,,,,,,
110,3.666667,31.497,21.016,4283,0,2978,0.851180,0.000000,0.908128,0.000000,0.000000,0,0.000,0.000,NO LASHING,NO BUNDLE,0,0,0,,,,0,1,1,1,0.799056,0.544320,500,88,0.240525,STAND LOCKED,,,,,,,,,,
111,3.700000,27.390,22.220,4141,0,2941,0.847345,0.000000,0.910337,0.000000,0.000000,0,0.000,0.000,NO LASHING,NO BUNDLE,0,0,0,,,,0,1,1,1,0.799056,0.544320,500,88,0.240525,STAND LOCKED,,,,,,,,,,
112,3.733333,30.546,21.761,4098,0,2962,0.847159,0.000000,0.908798,0.000000,0.000000,0,0.000,0.000,NO LASHING,NO BUNDLE,0,0,0,,,,0,1,1,1,0.776697,0.584544,542,88,0.242680,STAND LOCKED,,,,,,,,,,
113,3.766667,30.299,22.582,4085,0,2942,0.846905,0.000000,0.907745,0.000000,0.000000,0,0.000,0.000,NO LASHING,NO BUNDLE,0,0,0,,,,0,1,1,1,0.776697,0.584544,542,88,0.242680,STAND LOCKED,,,,,,,,,,
114,3.800000,23.759,22.680,4069,0,2919,0.847337,0.000000,0.906122,0.000000,0.000000,0,0.000,0.000,NO LASHING,NO BUNDLE,0,0,0,,,,0,1,1,1,0.691076,0.523895,389,87,0.239831,STAND LOCKED,,,,,,,,,,
115,3.833333,27.790,23.805,4097,0,2919,0.847710,0.000000,0.906422,0.000000,0.000000,0,0.000,0.000,NO LASHING,NO BUNDLE,0,0,0,,,,0,1,1,1,0.691076,0.523895,389,87,0.239831,STAND LOCKED,,,,,,,,,,
116,3.866667,27.991,23.043,4364,0,2987,0.851574,0.000000,0.911508,0.000000,0.000000,0,0.000,0.000,NO LASHING,NO BUNDLE,0,0,0,,,,0,1,1,1,0.749378,0.517642,295,88,0.241605,STAND LOCKED,,,,,,,,,,
117,3.900000,21.460,25.383,4318,0,2998,0.849967,0.000000,0.912647,0.000000,0.000000,0,0.000,0.000,NO LASHING,NO BUNDLE,0,0,0,,,,0,1,1,1,0.749378,0.517642,295,88,0.241605,STAND LOCKED,,,,,,,,,,
118,3.933333,23.001,24.443,4383,0,3040,0.850693,0.000000,0.911531,0.000000,0.000000,0,0.000,0.000,NO LASHING,NO BUNDLE,0,0,0,,,,0,1,1,1,0.703699,0.497231,350,63,0.172889,STAND LOCKED,,,,,,,,,,
119,3.966667,29.816,24.925,4258,0,3024,0.849367,0.000000,0.910713,0.000000,0.000000,0,0.000,0.000,NO LASHING,NO BUNDLE,0,0,0,,,,0,1,1,1,0.703699,0.497231,350,63,0.172889,STAND LOCKED,,,,,,,,,,
120,4.000000,38.289,23.581,4555,0,3083,0.853026,0.000000,0.912673,0.000000,0.000000,0,0.000,0.000,NO LASHING,NO BUNDLE,0,0,0,,,,0,1,1,1,0.841841,0.501902,395,77,0.211480,STAND LOCKED,,,,,,,,,,
121,4.033333,27.300,24.617,4537,0,3128,0.852725,0.000000,0.912876,0.000000,0.000000,0,0.000,0.000,NO LASHING,NO BUNDLE,0,0,0,,,,0,1,1,1,0.841841,0.501902,395,77,0.211480,STAND LOCKED,,,,,,,,,,
122,4.066667,24.683,24.149,4562,0,3205,0.852087,0.000000,0.912792,0.000000,0.000000,0,0.000,0.000,NO LASHING,NO BUNDLE,0,0,0,,,,0,1,1,1,0.757408,0.502772,322,83,0.226555,STAND LOCKED,,,,,,,,,,
123,4.100000,27.749,25.239,4609,0,3226,0.853032,0.000000,0.912452,0.000000,0.000000,0,0.000,0.000,NO LASHING,NO BUNDLE,0,0,0,,,,0,1,1,1,0.757408,0.502772,322,83,0.226555,STAND LOCKED,,,,,,,,,,
124,4.133333,28.025,23.981,4602,0,3185,0.853526,0.000000,0.912983,0.000000,0.000000,0,0.000,0.000,NO LASHING,NO BUNDLE,0,0,0,,,,0,1,1,1,0.902500,0.589956,361,86,0.236394,STAND LOCKED,,,,,,,,,,
125,4.166667,34.431,24.103,4654,0,3172,0.853628,0.000000,0.912728,0.000000,0.000000,0,0.000,0.000,NO LASHING,NO BUNDLE,0,0,0,,,,0,1,1,1,0.902500,0.589956,361,86,0.236394,STAND LOCKED,,,,,,,,,,
126,4.200000,39.703,22.154,4671,0,3199,0.854023,0.000000,0.912736,0.000000,0.000000,0,0.000,0.000,NO LASHING,NO BUNDLE,0,0,0,,,,0,1,1,1,0.811329,0.522946,409,87,0.239294,STAND LOCKED,,,,,,,,,,
127,4.233333,38.675,22.219,4649,0,3119,0.854672,0.000000,0.912871,0.000000,0.000000,0,0.000,0.000,NO LASHING,NO BUNDLE,0,0,0,,,,0,1,1,1,0.811329,0.522946,409,87,0.239294,STAND LOCKED,,,,,,,,,,
128,4.266667,39.487,20.571,4692,0,3188,0.854201,0.000000,0.913288,0.000000,0.000000,0,0.000,0.000,NO LASHING,NO BUNDLE,0,0,0,,,,0,1,1,1,0.752067,0.504107,338,87,0.240599,STAND LOCKED,,,,,,,,,,
129,4.300000,27.214,22.085,4636,0,3146,0.853026,0.000000,0.912789,0.000000,0.000000,0,0.000,0.000,NO LASHING,NO BUNDLE,0,0,0,,,,0,1,1,1,0.752067,0.504107,338,87,0.240599,STAND LOCKED,,,,,,,,,,
130,4.333333,26.838,21.411,4894,0,3137,0.855117,0.000000,0.912898,0.000000,0.000000,0,0.000,0.000,NO LASHING,NO BUNDLE,0,0,0,,,,0,1,1,1,0.817955,0.502097,376,86,0.240422,STAND LOCKED,,,,,,,,,,
131,4.366667,27.147,22.383,5043,0,3235,0.853739,0.000000,0.912417,0.000000,0.000000,0,0.000,0.000,NO LASHING,NO BUNDLE,0,0,0,,,,0,1,1,1,0.817955,0.502097,376,86,0.240422,STAND LOCKED,,,,,,,,,,
132,4.400000,24.621,21.856,4887,0,3408,0.847714,0.000000,0.913092,0.000000,0.000000,0,0.000,0.000,NO LASHING,NO BUNDLE,0,0,0,,,,0,1,1,1,0.764256,0.500950,310,87,0.241871,STAND LOCKED,,,,,,,,,,
133,4.433333,23.868,24.146,4802,0,3346,0.849166,0.000000,0.913338,0.000000,0.000000,0,0.000,0.000,NO LASHING,NO BUNDLE,0,0,0,,,,0,1,1,1,0.764256,0.500950,310,87,0.241871,STAND LOCKED,,,,,,,,,,
134,4.466667,23.954,23.436,5051,0,3391,0.851586,0.000000,0.914821,0.000000,0.000000,0,0.000,0.000,NO LASHING,NO BUNDLE,0,0,0,,,,0,1,1,1,0.910559,0.555948,356,88,0.242522,STAND LOCKED,,,,,,,,,,
135,4.500000,34.996,23.769,4808,0,3301,0.853533,0.000000,0.914349,0.000000,0.000000,0,0.000,0.000,NO LASHING,NO BUNDLE,0,0,0,,,,0,1,1,1,0.910559,0.555948,356,88,0.242522,STAND LOCKED,,,,,,,,,,
136,4.533333,36.749,22.130,4704,0,3240,0.854378,0.000000,0.915502,0.000000,0.000000,0,0.000,0.000,NO LASHING,NO BUNDLE,0,0,0,,,,0,1,1,1,0.903338,0.574740,407,88,0.243579,STAND LOCKED,,,,,,,,,,
137,4.566667,34.858,22.599,4628,0,3246,0.854629,0.000000,0.914682,0.000000,0.000000,0,0.000,0.000,NO LASHING,NO BUNDLE,0,0,0,,,,0,1,1,1,0.903338,0.574740,407,88,0.243579,STAND LOCKED,,,,,,,,,,
138,4.600000,32.144,21.673,4695,0,3262,0.853974,0.000000,0.913600,0.000000,0.000000,0,0.000,0.000,NO LASHING,NO BUNDLE,0,0,0,,,,0,1,1,0,0.903338,0.574740,407,88,0.243579,STAND TEMPORARILY LOST (1),,,,,,,,,,
139,4.633333,28.290,22.846,4519,0,3191,0.853650,0.000000,0.914403,0.000000,0.000000,0,0.000,0.000,NO LASHING,NO BUNDLE,0,0,0,,,,0,1,1,0,0.903338,0.574740,407,88,0.243579,STAND TEMPORARILY LOST (1),,,,,,,,,,
140,4.666667,32.655,22.076,4572,0,3209,0.853669,0.000000,0.914421,0.000000,0.000000,0,0.000,0.000,NO LASHING,NO BUNDLE,0,0,0,,,,0,1,1,1,0.729741,0.551972,274,88,0.243291,STAND LOCKED,,,,,,,,,,
141,4.700000,33.129,22.650,4587,0,3199,0.857226,0.000000,0.914651,0.000000,0.000000,0,0.000,0.000,NO LASHING,NO BUNDLE,0,0,0,,,,0,1,1,1,0.729741,0.551972,274,88,0.243291,STAND LOCKED,,,,,,,,,,
142,4.733333,32.590,21.050,4550,0,3209,0.856109,0.000000,0.913935,0.000000,0.000000,0,0.000,0.000,NO LASHING,NO BUNDLE,0,0,0,,,,0,1,1,1,0.904883,0.631780,321,73,0.200384,STAND LOCKED,,,,,,,,,,
143,4.766667,31.778,21.970,4700,0,3204,0.856313,0.000000,0.913436,0.000000,0.000000,0,0.000,0.000,NO LASHING,NO BUNDLE,0,0,0,,,,0,1,1,1,0.904883,0.631780,321,73,0.200384,STAND LOCKED,,,,,,,,,,
144,4.800000,27.677,21.143,4985,0,3136,0.850742,0.000000,0.911791,0.000000,0.000000,0,0.000,0.000,NO LASHING,NO BUNDLE,0,0,0,,,,0,1,1,1,0.869596,0.592303,361,81,0.223089,STAND LOCKED,,,,,,,,,,
145,4.833333,25.722,23.065,4997,0,3167,0.850584,0.000000,0.910545,0.000000,0.000000,0,0.000,0.000,NO LASHING,NO BUNDLE,0,0,0,,,,0,1,1,1,0.869596,0.592303,361,81,0.223089,STAND LOCKED,,,,,,,,,,
146,4.866667,24.976,22.874,4893,0,3165,0.850401,0.000000,0.909911,0.000000,0.000000,0,0.000,0.000,NO LASHING,NO BUNDLE,0,0,0,,,,0,1,1,1,0.822821,0.591261,403,85,0.234071,STAND LOCKED,,,,,,,,,,
147,4.900000,24.535,24.696,4774,0,3068,0.849186,0.000000,0.911544,0.000000,0.000000,0,0.000,0.000,NO LASHING,NO BUNDLE,0,0,0,,,,0,1,1,1,0.822821,0.591261,403,85,0.234071,STAND LOCKED,,,,,,,,,,
148,4.933333,33.020,23.342,4757,0,3071,0.849418,0.000000,0.911900,0.000000,0.000000,0,0.000,0.000,NO LASHING,NO BUNDLE,0,0,0,,,,0,1,1,1,0.840821,0.565998,451,86,0.236721,STAND LOCKED,,,,,,,,,,
149,4.966667,36.383,23.287,4759,0,3063,0.849793,0.000000,0.911512,0.000000,0.000000,0,0.000,0.000,NO LASHING,NO BUNDLE,0,0,0,,,,0,1,1,1,0.840821,0.565998,451,86,0.236721,STAND LOCKED,,,,,,,,,,
150,5.000000,34.381,21.957,4660,0,2997,0.850557,0.000000,0.911189,0.000000,0.000000,0,0.000,0.000,NO LASHING,NO BUNDLE,0,0,0,,,,0,1,1,1,0.738111,0.610601,489,86,0.237149,STAND LOCKED,,,,,,,,,,
151,5.033333,36.176,22.233,5003,0,3163,0.851165,0.000000,0.911909,0.000000,0.000000,0,0.000,0.000,NO LASHING,NO BUNDLE,0,0,0,,,,0,1,1,1,0.738111,0.610601,489,86,0.237149,STAND LOCKED,,,,,,,,,,
152,5.066667,34.031,21.010,4924,0,3143,0.851606,0.000000,0.911497,0.000000,0.000000,0,0.000,0.000,NO LASHING,NO BUNDLE,0,0,0,,,,0,1,1,0,0.738111,0.610601,489,86,0.237149,STAND TEMPORARILY LOST (1),,,,,,,,,,
153,5.100000,34.335,21.371,4905,0,3149,0.851056,0.000000,0.910572,0.000000,0.000000,0,0.000,0.000,NO LASHING,NO BUNDLE,0,0,0,,,,0,1,1,0,0.738111,0.610601,489,86,0.237149,STAND TEMPORARILY LOST (1),,,,,,,,,,
154,5.133333,32.306,20.337,4853,0,3160,0.850020,0.000000,0.910372,0.000000,0.000000,0,0.000,0.000,NO LASHING,NO BUNDLE,0,0,0,,,,0,1,1,1,0.760804,0.540059,524,86,0.235814,STAND LOCKED,,,,,,,,,,
155,5.166667,22.822,22.412,4953,0,3206,0.850382,0.000000,0.911344,0.000000,0.000000,0,0.000,0.000,NO LASHING,NO BUNDLE,0,0,0,,,,0,1,1,1,0.760804,0.540059,524,86,0.235814,STAND LOCKED,,,,,,,,,,
156,5.200000,37.174,21.310,4567,0,2841,0.846133,0.000000,0.904281,0.000000,0.000000,0,0.000,0.000,NO LASHING,NO BUNDLE,0,0,0,,,,0,1,1,0,0.760804,0.540059,524,86,0.235814,STAND TARGET JUMP REJECTED,,,,,,,,,,
157,5.233333,32.805,21.782,4509,0,2873,0.845579,0.000000,0.902978,0.000000,0.000000,0,0.000,0.000,NO LASHING,NO BUNDLE,0,0,0,,,,0,1,1,0,0.760804,0.540059,524,86,0.235814,STAND TARGET JUMP REJECTED,,,,,,,,,,
158,5.266667,30.509,20.624,4431,0,2860,0.844962,0.000000,0.904680,0.000000,0.000000,0,0.000,0.000,NO LASHING,NO BUNDLE,0,0,0,,,,0,1,1,1,0.739595,0.481122,575,85,0.235978,STAND LOCKED,,,,,,,,,,
159,5.300000,36.410,21.161,4481,0,2832,0.846123,0.000000,0.905443,0.000000,0.000000,0,0.000,0.000,NO LASHING,NO BUNDLE,0,0,0,,,,0,1,1,1,0.739595,0.481122,575,85,0.235978,STAND LOCKED,,,,,,,,,,
160,5.333333,23.521,20.629,4566,0,2862,0.846826,0.000000,0.907183,0.000000,0.000000,0,0.000,0.000,NO LASHING,NO BUNDLE,0,0,0,,,,0,1,1,1,0.761334,0.475152,610,86,0.238343,STAND LOCKED,,,,,,,,,,
161,5.366667,25.104,22.497,4418,0,2829,0.847882,0.000000,0.904360,0.000000,0.000000,0,0.000,0.000,NO LASHING,NO BUNDLE,0,0,0,,,,0,1,1,1,0.761334,0.475152,610,86,0.238343,STAND LOCKED,,,,,,,,,,
162,5.400000,28.698,22.061,4439,0,2835,0.849470,0.000000,0.905225,0.000000,0.000000,0,0.000,0.000,NO LASHING,NO BUNDLE,0,0,0,,,,0,1,1,1,0.702393,0.460575,625,86,0.237879,STAND LOCKED,,,,,,,,,,
163,5.433333,32.442,22.756,4421,0,2828,0.848131,0.000000,0.904910,0.000000,0.000000,0,0.000,0.000,NO LASHING,NO BUNDLE,0,0,0,,,,0,1,1,1,0.702393,0.460575,625,86,0.237879,STAND LOCKED,,,,,,,,,,
164,5.466667,22.173,22.230,4427,0,2847,0.849741,0.000000,0.905702,0.000000,0.000000,0,0.000,0.000,NO LASHING,NO BUNDLE,0,0,0,,,,0,1,1,0,0.702393,0.460575,625,86,0.237879,STAND TEMPORARILY LOST (1),,,,,,,,,,
165,5.500000,27.661,23.560,4414,0,2836,0.849475,0.000000,0.905657,0.000000,0.000000,0,0.000,0.000,NO LASHING,NO BUNDLE,0,0,0,,,,0,1,1,0,0.702393,0.460575,625,86,0.237879,STAND TEMPORARILY LOST (1),,,,,,,,,,
166,5.533333,36.250,22.100,4447,0,2845,0.849700,0.000000,0.906578,0.000000,0.000000,0,0.000,0.000,NO LASHING,NO BUNDLE,0,0,0,,,,0,1,1,1,0.723509,0.453829,483,84,0.233087,STAND LOCKED,,,,,,,,,,
167,5.566667,29.638,23.069,4680,0,2950,0.851602,0.000000,0.909210,0.000000,0.000000,0,0.000,0.000,NO LASHING,NO BUNDLE,0,0,0,,,,0,1,1,1,0.723509,0.453829,483,84,0.233087,STAND LOCKED,,,,,,,,,,
168,5.600000,25.664,22.430,4406,0,3001,0.851894,0.000000,0.910857,0.000000,0.000000,0,0.000,0.000,NO LASHING,NO BUNDLE,0,0,0,,,,0,1,1,1,0.793393,0.489537,503,85,0.236278,STAND LOCKED,,,,,,,,,,
169,5.633333,34.131,22.826,4263,0,2984,0.850744,0.000000,0.909736,0.000000,0.000000,0,0.000,0.000,NO LASHING,NO BUNDLE,0,0,0,,,,0,1,1,1,0.793393,0.489537,503,85,0.236278,STAND LOCKED,,,,,,,,,,
170,5.666667,33.062,21.508,4395,0,3029,0.850815,0.000000,0.911436,0.000000,0.000000,0,0.000,0.000,NO LASHING,NO BUNDLE,0,0,0,,,,0,1,1,1,0.691649,0.468583,537,84,0.234659,STAND LOCKED,,,,,,,,,,
171,5.700000,32.411,22.329,4273,0,2998,0.846646,0.000000,0.913122,0.000000,0.000000,0,0.000,0.000,NO LASHING,NO BUNDLE,0,0,0,,,,0,1,1,1,0.691649,0.468583,537,84,0.234659,STAND LOCKED,,,,,,,,,,
172,5.733333,28.374,22.225,4309,0,3072,0.848069,0.000000,0.911836,0.000000,0.000000,0,0.000,0.000,NO LASHING,NO BUNDLE,0,0,0,,,,0,1,1,1,0.725225,0.505083,412,85,0.236985,STAND LOCKED,,,,,,,,,,
173,5.766667,31.522,23.138,4430,0,3095,0.847992,0.000000,0.912641,0.000000,0.000000,0,0.000,0.000,NO LASHING,NO BUNDLE,0,0,0,,,,0,1,1,1,0.725225,0.505083,412,85,0.236985,STAND LOCKED,,,,,,,,,,
174,5.800000,24.087,22.958,4417,0,3070,0.848463,0.000000,0.912050,0.000000,0.000000,0,0.000,0.000,NO LASHING,NO BUNDLE,0,0,0,,,,0,1,1,1,0.805754,0.487869,370,87,0.240324,STAND LOCKED,,,,,,,,,,
175,5.833333,23.519,24.851,4561,0,3032,0.853231,0.000000,0.911726,0.000000,0.000000,0,0.000,0.000,NO LASHING,NO BUNDLE,0,0,0,,,,0,1,1,1,0.805754,0.487869,370,87,0.240324,STAND LOCKED,,,,,,,,,,
176,5.866667,28.625,23.624,4529,0,3076,0.852985,0.000000,0.912641,0.000000,0.000000,0,0.000,0.000,NO LASHING,NO BUNDLE,0,0,0,,,,0,1,1,1,0.863645,0.522382,385,87,0.241062,STAND LOCKED,,,,,,,,,,
177,5.900000,30.417,24.437,4511,0,3043,0.852479,0.000000,0.912203,0.000000,0.000000,0,0.000,0.000,NO LASHING,NO BUNDLE,0,0,0,,,,0,1,1,1,0.863645,0.522382,385,87,0.241062,STAND LOCKED,,,,,,,,,,
178,5.933333,27.836,22.901,4462,0,3064,0.852525,0.000000,0.912757,0.000000,0.000000,0,0.000,0.000,NO LASHING,NO BUNDLE,0,0,0,,,,0,1,1,1,0.836030,0.544318,410,86,0.235284,STAND LOCKED,,,,,,,,,,
179,5.966667,23.922,24.858,4412,0,3081,0.853162,0.000000,0.909893,0.000000,0.000000,0,0.000,0.000,NO LASHING,NO BUNDLE,0,0,0,,,,0,1,1,1,0.836030,0.544318,410,86,0.235284,STAND LOCKED,,,,,,,,,,
180,6.000000,26.321,24.015,4375,0,2934,0.851391,0.000000,0.910230,0.000000,0.000000,0,0.000,0.000,NO LASHING,NO BUNDLE,0,0,0,,,,0,1,1,1,0.843786,0.577227,447,87,0.239558,STAND LOCKED,,,,,,,,,,
181,6.033333,25.977,25.459,4355,0,2912,0.853064,0.000000,0.908301,0.000000,0.000000,0,0.000,0.000,NO LASHING,NO BUNDLE,0,0,0,,,,0,1,1,1,0.843786,0.577227,447,87,0.239558,STAND LOCKED,,,,,,,,,,
182,6.066667,28.447,24.506,4369,0,2912,0.851930,0.000000,0.907752,0.000000,0.000000,0,0.000,0.000,NO LASHING,NO BUNDLE,0,0,0,,,,0,1,1,1,0.819343,0.560930,479,99,0.198704,STAND LOCKED,,,,,,,,,,
183,6.100000,32.989,24.811,4118,0,2923,0.845488,0.000000,0.907654,0.000000,0.000000,0,0.000,0.000,NO LASHING,NO BUNDLE,0,0,0,,,,0,1,1,1,0.819343,0.560930,479,99,0.198704,STAND LOCKED,,,,,,,,,,
184,6.133333,21.933,24.682,4099,0,2922,0.844865,0.000000,0.907858,0.000000,0.000000,0,0.000,0.000,NO LASHING,NO BUNDLE,0,0,0,,,,0,1,1,0,0.819343,0.560930,479,99,0.198704,STAND TEMPORARILY LOST (1),,,,,,,,,,
185,6.166667,25.775,26.011,4140,0,2940,0.846437,0.000000,0.907703,0.000000,0.000000,0,0.000,0.000,NO LASHING,NO BUNDLE,0,0,0,,,,0,1,1,0,0.819343,0.560930,479,99,0.198704,STAND TEMPORARILY LOST (1),,,,,,,,,,
186,6.200000,35.001,24.807,4283,0,2945,0.848541,0.000000,0.907243,0.000000,0.000000,0,0.000,0.000,NO LASHING,NO BUNDLE,0,0,0,,,,0,1,1,1,0.804045,0.540198,501,90,0.216222,STAND LOCKED,,,,,,,,,,
187,6.233333,24.597,26.375,4654,0,3041,0.851939,0.000000,0.906917,0.000000,0.000000,0,0.000,0.000,NO LASHING,NO BUNDLE,0,0,0,,,,0,1,1,1,0.804045,0.540198,501,90,0.216222,STAND LOCKED,,,,,,,,,,
188,6.266667,38.584,24.796,4655,0,3054,0.851276,0.000000,0.909913,0.000000,0.000000,0,0.000,0.000,NO LASHING,NO BUNDLE,0,0,0,,,,0,1,1,1,0.711693,0.476520,394,87,0.224869,STAND LOCKED,,,,,,,,,,
189,6.300000,35.997,24.790,4639,0,3050,0.851954,0.000000,0.908114,0.000000,0.000000,0,0.000,0.000,NO LASHING,NO BUNDLE,0,0,0,,,,0,1,1,1,0.711693,0.476520,394,87,0.224869,STAND LOCKED,,,,,,,,,,
190,6.333333,27.739,23.958,4623,0,3045,0.851925,0.000000,0.909410,0.000000,0.000000,0,0.000,0.000,NO LASHING,NO BUNDLE,0,0,0,,,,0,1,1,1,0.787705,0.478877,435,88,0.234872,STAND LOCKED,,,,,,,,,,
191,6.366667,25.827,25.430,4485,0,3067,0.848605,0.000000,0.908618,0.000000,0.000000,0,0.000,0.000,NO LASHING,NO BUNDLE,0,0,0,,,,0,1,1,1,0.787705,0.478877,435,88,0.234872,STAND LOCKED,,,,,,,,,,
192,6.400000,23.449,24.997,3697,0,2603,0.839474,0.000000,0.895425,0.000000,0.000000,0,0.000,0.000,NO LASHING,NO BUNDLE,0,0,0,,,,0,1,1,0,0.787705,0.478877,435,88,0.234872,STAND TEMPORARILY LOST (1),,,,,,,,,,
193,6.433333,31.650,25.366,3767,0,2642,0.839910,0.000000,0.897198,0.000000,0.000000,0,0.000,0.000,NO LASHING,NO BUNDLE,0,0,0,,,,0,1,1,0,0.787705,0.478877,435,88,0.234872,STAND TEMPORARILY LOST (1),,,,,,,,,,
194,6.466667,22.973,24.772,3817,0,2640,0.841667,0.000000,0.897754,0.000000,0.000000,0,0.000,0.000,NO LASHING,NO BUNDLE,0,0,0,,,,0,1,1,1,0.708697,0.457255,482,88,0.239373,STAND LOCKED,,,,,,,,,,
195,6.500000,25.702,25.864,3808,0,2659,0.842081,0.000000,0.897662,0.000000,0.000000,0,0.000,0.000,NO LASHING,NO BUNDLE,0,0,0,,,,0,1,1,1,0.708697,0.457255,482,88,0.239373,STAND LOCKED,,,,,,,,,,
196,6.533333,24.259,25.362,4237,0,2844,0.844264,0.000000,0.907185,0.000000,0.000000,0,0.000,0.000,NO LASHING,NO BUNDLE,0,0,0,,,,0,1,1,1,0.755331,0.474752,522,87,0.240634,STAND LOCKED,,,,,,,,,,
197,6.566667,28.441,25.930,4173,0,2840,0.845370,0.000000,0.907255,0.000000,0.000000,0,0.000,0.000,NO LASHING,NO BUNDLE,0,0,0,,,,0,1,1,1,0.755331,0.474752,522,87,0.240634,STAND LOCKED,,,,,,,,,,
198,6.600000,22.650,25.689,4297,0,2837,0.845124,0.000000,0.910289,0.000000,0.000000,0,0.000,0.000,NO LASHING,NO BUNDLE,0,0,0,,,,0,1,1,0,0.755331,0.474752,522,87,0.240634,STAND TEMPORARILY LOST (1),,,,,,,,,,
199,6.633333,28.398,26.407,4225,0,2901,0.843883,0.000000,0.909743,0.000000,0.000000,0,0.000,0.000,NO LASHING,NO BUNDLE,0,0,0,,,,0,1,1,0,0.755331,0.474752,522,87,0.240634,STAND TEMPORARILY LOST (1),,,,,,,,,,
200,6.666667,21.669,25.961,3892,0,2883,0.843789,0.000000,0.909779,0.000000,0.000000,0,0.000,0.000,NO LASHING,NO BUNDLE,0,0,0,,,,0,1,1,1,0.728649,0.461386,415,85,0.235855,STAND LOCKED,,,,,,,,,,
201,6.700000,30.384,26.382,4089,0,2837,0.843967,0.000000,0.908993,0.000000,0.000000,0,0.000,0.000,NO LASHING,NO BUNDLE,0,0,0,,,,0,1,1,1,0.728649,0.461386,415,85,0.235855,STAND LOCKED,,,,,,,,,,
202,6.733333,25.312,25.683,4081,0,2820,0.844984,0.000000,0.909436,0.000000,0.000000,0,0.000,0.000,NO LASHING,NO BUNDLE,0,0,0,,,,0,1,1,1,0.716664,0.445867,403,86,0.239051,STAND LOCKED,,,,,,,,,,
203,6.766667,23.594,27.244,4147,0,2874,0.844960,0.000000,0.909879,0.000000,0.000000,0,0.000,0.000,NO LASHING,NO BUNDLE,0,0,0,,,,0,1,1,1,0.716664,0.445867,403,86,0.239051,STAND LOCKED,,,,,,,,,,
204,6.800000,26.992,26.406,4238,0,2868,0.841842,0.000000,0.903605,0.000000,0.000000,0,0.000,0.000,NO LASHING,NO BUNDLE,0,0,0,,,,0,1,1,1,0.658320,0.502103,245,87,0.241254,STAND LOCKED,,,,,,,,,,
205,6.833333,24.633,27.701,4311,0,2893,0.841906,0.000000,0.903665,0.000000,0.000000,0,0.000,0.000,NO LASHING,NO BUNDLE,0,0,0,,,,0,1,1,1,0.658320,0.502103,245,87,0.241254,STAND LOCKED,,,,,,,,,,
206,6.866667,26.026,26.281,4207,0,2890,0.840613,0.000000,0.903071,0.000000,0.000000,0,0.000,0.000,NO LASHING,NO BUNDLE,0,0,0,,,,0,1,1,1,0.673152,0.496505,261,62,0.171203,STAND LOCKED,,,,,,,,,,
207,6.900000,25.288,27.467,4243,0,2898,0.841457,0.000000,0.902841,0.000000,0.000000,0,0.000,0.000,NO LASHING,NO BUNDLE,0,0,0,,,,0,1,1,1,0.673152,0.496505,261,62,0.171203,STAND LOCKED,,,,,,,,,,
208,6.933333,24.561,26.382,4200,0,2890,0.840502,0.000000,0.903534,0.000000,0.000000,0,0.000,0.000,NO LASHING,NO BUNDLE,0,0,0,,,,0,1,1,1,0.792262,0.565325,182,104,0.134333,STAND LOCKED,,,,,,,,,,
209,6.966667,30.655,26.746,4346,0,2865,0.842745,0.000000,0.905147,0.000000,0.000000,0,0.000,0.000,NO LASHING,NO BUNDLE,0,0,0,,,,0,1,1,1,0.792262,0.565325,182,104,0.134333,STAND LOCKED,,,,,,,,,,
210,7.000000,28.059,25.530,4380,0,2878,0.840393,0.000000,0.906357,0.000000,0.000000,0,0.000,0.000,NO LASHING,NO BUNDLE,0,0,0,,,,0,1,1,1,0.748065,0.559882,143,122,0.119269,STAND LOCKED,,,,,,,,,,
211,7.033333,23.521,27.297,4364,0,2868,0.840506,0.000000,0.906073,0.000000,0.000000,0,0.000,0.000,NO LASHING,NO BUNDLE,0,0,0,,,,0,1,1,1,0.748065,0.559882,143,122,0.119269,STAND LOCKED,,,,,,,,,,
212,7.066667,28.002,26.192,4479,0,2897,0.841280,0.000000,0.906460,0.000000,0.000000,0,0.000,0.000,NO LASHING,NO BUNDLE,0,0,0,,,,0,1,1,1,0.850656,0.571634,191,129,0.114782,STAND LOCKED,,,,,,,,,,
213,7.100000,24.869,26.763,4478,0,2882,0.841038,0.000000,0.906540,0.000000,0.000000,0,0.000,0.000,NO LASHING,NO BUNDLE,0,0,0,,,,0,1,1,1,0.850656,0.571634,191,129,0.114782,STAND LOCKED,,,,,,,,,,
214,7.133333,23.181,26.140,4306,0,2898,0.842131,0.000000,0.906571,0.000000,0.000000,0,0.000,0.000,NO LASHING,NO BUNDLE,0,0,0,,,,0,1,1,1,0.629883,0.577364,141,136,0.101305,STAND LOCKED,,,,,,,,,,
215,7.166667,31.571,26.199,4187,0,2870,0.842854,0.000000,0.904841,0.000000,0.000000,0,0.000,0.000,NO LASHING,NO BUNDLE,0,0,0,,,,0,1,1,1,0.629883,0.577364,141,136,0.101305,STAND LOCKED,,,,,,,,,,
216,7.200000,25.529,25.206,4281,0,2908,0.837278,0.000000,0.905994,0.000000,0.000000,0,0.000,0.000,NO LASHING,NO BUNDLE,0,0,0,,,,0,1,1,0,0.629883,0.577364,141,136,0.101305,STAND TEMPORARILY LOST (1),,,,,,,,,,
217,7.233333,23.670,26.940,4473,0,2957,0.838761,0.000000,0.906577,0.000000,0.000000,0,0.000,0.000,NO LASHING,NO BUNDLE,0,0,0,,,,0,1,1,0,0.629883,0.577364,141,136,0.101305,STAND TEMPORARILY LOST (1),,,,,,,,,,
218,7.266667,30.763,24.110,4816,0,3002,0.842614,0.000000,0.911034,0.000000,0.000000,0,0.000,0.000,NO LASHING,NO BUNDLE,0,0,0,,,,0,1,1,0,0.629883,0.577364,141,136,0.101305,STAND TEMPORARILY LOST (2),,,,,,,,,,
219,7.300000,28.953,24.780,4882,0,3045,0.842551,0.000000,0.911182,0.000000,0.000000,0,0.000,0.000,NO LASHING,NO BUNDLE,0,0,0,,,,0,1,1,0,0.629883,0.577364,141,136,0.101305,STAND TEMPORARILY LOST (2),,,,,,,,,,
220,7.333333,26.516,23.235,4817,0,3037,0.841938,0.000000,0.911008,0.000000,0.000000,0,0.000,0.000,NO LASHING,NO BUNDLE,0,0,0,,,,0,1,1,1,0.858293,0.587691,192,134,0.109754,STAND LOCKED,,,,,,,,,,
221,7.366667,26.713,24.730,4825,0,3017,0.841137,0.000000,0.910962,0.000000,0.000000,0,0.000,0.000,NO LASHING,NO BUNDLE,0,0,0,,,,0,1,1,1,0.858293,0.587691,192,134,0.109754,STAND LOCKED,,,,,,,,,,
222,7.400000,28.748,23.817,4843,0,3008,0.842110,0.000000,0.910983,0.000000,0.000000,0,0.000,0.000,NO LASHING,NO BUNDLE,0,0,0,,,,0,1,1,1,0.778939,0.574087,160,135,0.110500,STAND LOCKED,,,,,,,,,,
223,7.433333,26.091,25.372,5014,0,3030,0.842636,0.000000,0.909940,0.000000,0.000000,0,0.000,0.000,NO LASHING,NO BUNDLE,0,0,0,,,,0,1,1,1,0.778939,0.574087,160,135,0.110500,STAND LOCKED,,,,,,,,,,
224,7.466667,33.620,24.101,4979,0,3025,0.842243,0.000000,0.909447,0.000000,0.000000,0,0.000,0.000,NO LASHING,NO BUNDLE,0,0,0,,,,0,1,1,1,0.837798,0.595011,208,134,0.113892,STAND LOCKED,,,,,,,,,,
225,7.500000,25.870,25.116,4935,0,3021,0.841739,0.000000,0.909908,0.000000,0.000000,0,0.000,0.000,NO LASHING,NO BUNDLE,0,0,0,,,,0,1,1,1,0.837798,0.595011,208,134,0.113892,STAND LOCKED,,,,,,,,,,
226,7.533333,27.662,24.222,4757,0,2988,0.842664,0.000000,0.909483,0.000000,0.000000,0,0.000,0.000,NO LASHING,NO BUNDLE,0,0,0,,,,0,1,1,0,0.837798,0.595011,208,134,0.113892,STAND TEMPORARILY LOST (1),,,,,,,,,,
227,7.566667,23.569,25.769,4530,0,2954,0.843133,0.000000,0.909010,0.000000,0.000000,0,0.000,0.000,NO LASHING,NO BUNDLE,0,0,0,,,,0,1,1,0,0.837798,0.595011,208,134,0.113892,STAND TEMPORARILY LOST (1),,,,,,,,,,
228,7.600000,29.129,23.380,4461,0,2966,0.837471,0.000000,0.904121,0.000000,0.000000,0,0.000,0.000,NO LASHING,NO BUNDLE,0,0,0,,,,0,1,1,0,0.837798,0.595011,208,134,0.113892,STAND TARGET JUMP REJECTED,,,,,,,,,,
229,7.633333,32.440,23.667,4337,0,2959,0.836170,0.000000,0.903018,0.000000,0.000000,0,0.000,0.000,NO LASHING,NO BUNDLE,0,0,0,,,,0,1,1,0,0.837798,0.595011,208,134,0.113892,STAND TARGET JUMP REJECTED,,,,,,,,,,
230,7.666667,33.486,22.704,4679,0,3032,0.837119,0.000000,0.904177,0.000000,0.000000,0,0.000,0.000,NO LASHING,NO BUNDLE,0,0,0,,,,0,1,1,1,0.695628,0.546509,243,84,0.118474,STAND LOCKED,,,,,,,,,,
231,7.700000,26.372,24.077,4661,0,3019,0.837584,0.000000,0.903943,0.000000,0.000000,0,0.000,0.000,NO LASHING,NO BUNDLE,0,0,0,,,,0,1,1,1,0.695628,0.546509,243,84,0.118474,STAND LOCKED,,,,,,,,,,
232,7.733333,26.617,22.987,4763,0,3005,0.840244,0.000000,0.902178,0.000000,0.000000,0,0.000,0.000,NO LASHING,NO BUNDLE,0,0,0,,,,0,1,1,0,0.695628,0.546509,243,84,0.118474,STAND TEMPORARILY LOST (1),,,,,,,,,,
233,7.766667,28.464,24.154,4751,0,3028,0.840453,0.000000,0.902575,0.000000,0.000000,0,0.000,0.000,NO LASHING,NO BUNDLE,0,0,0,,,,0,1,1,0,0.695628,0.546509,243,84,0.118474,STAND TEMPORARILY LOST (1),,,,,,,,,,
234,7.800000,31.480,23.070,4683,0,3017,0.839897,0.000000,0.901330,0.000000,0.000000,0,0.000,0.000,NO LASHING,NO BUNDLE,0,0,0,,,,0,1,1,1,0.877917,0.572579,240,110,0.118244,STAND LOCKED,,,,,,,,,,
235,7.833333,25.579,24.830,4610,0,3020,0.838543,0.000000,0.901565,0.000000,0.000000,0,0.000,0.000,NO LASHING,NO BUNDLE,0,0,0,,,,0,1,1,1,0.877917,0.572579,240,110,0.118244,STAND LOCKED,,,,,,,,,,
236,7.866667,22.647,24.157,4662,0,3027,0.839104,0.000000,0.902969,0.000000,0.000000,0,0.000,0.000,NO LASHING,NO BUNDLE,0,0,0,,,,0,1,1,1,0.705447,0.657867,172,124,0.110501,STAND LOCKED,,,,,,,,,,
237,7.900000,39.160,23.918,5058,0,3151,0.842916,0.000000,0.906998,0.000000,0.000000,0,0.000,0.000,NO LASHING,NO BUNDLE,0,0,0,,,,0,1,1,1,0.705447,0.657867,172,124,0.110501,STAND LOCKED,,,,,,,,,,
238,7.933333,34.174,22.238,5038,0,3130,0.844006,0.000000,0.906380,0.000000,0.000000,0,0.000,0.000,NO LASHING,NO BUNDLE,0,0,0,,,,0,1,1,1,0.806772,0.614751,149,131,0.110073,STAND LOCKED,,,,,,,,,,
239,7.966667,31.545,23.039,4935,0,3101,0.842647,0.000000,0.906426,0.000000,0.000000,0,0.000,0.000,NO LASHING,NO BUNDLE,0,0,0,,,,0,1,1,1,0.806772,0.614751,149,131,0.110073,STAND LOCKED,,,,,,,,,,
240,8.000000,30.192,22.175,4795,0,3111,0.855056,0.000000,0.906602,0.000000,0.000000,0,0.000,0.000,NO LASHING,NO BUNDLE,0,0,0,,,,0,1,1,1,0.793344,0.577615,146,133,0.108352,STAND LOCKED,,,,,,,,,,
241,8.033333,33.775,22.727,4487,0,3131,0.855073,0.000000,0.905331,0.000000,0.000000,0,0.000,0.000,NO LASHING,NO BUNDLE,0,0,0,,,,0,1,1,1,0.793344,0.577615,146,133,0.108352,STAND LOCKED,,,,,,,,,,
242,8.066667,24.288,22.400,4549,0,3147,0.854717,0.000000,0.905264,0.000000,0.000000,0,0.000,0.000,NO LASHING,NO BUNDLE,0,0,0,,,,0,1,1,1,0.805678,0.562714,145,135,0.107578,STAND LOCKED,,,,,,,,,,
243,8.100000,23.644,24.190,4520,0,3157,0.855366,0.000000,0.904935,0.000000,0.000000,0,0.000,0.000,NO LASHING,NO BUNDLE,0,0,0,,,,0,1,1,1,0.805678,0.562714,145,135,0.107578,STAND LOCKED,,,,,,,,,,
244,8.133333,21.691,23.907,4534,0,3196,0.855652,0.000000,0.904284,0.000000,0.000000,0,0.000,0.000,NO LASHING,NO BUNDLE,0,0,0,,,,0,1,1,0,0.805678,0.562714,145,135,0.107578,STAND TARGET JUMP REJECTED,,,,,,,,,,
245,8.166667,24.790,25.611,4410,0,3186,0.854220,0.000000,0.904502,0.000000,0.000000,0,0.000,0.000,NO LASHING,NO BUNDLE,0,0,0,,,,0,1,1,0,0.805678,0.562714,145,135,0.107578,STAND TARGET JUMP REJECTED,,,,,,,,,,
246,8.200000,26.319,23.230,4625,0,3136,0.854766,0.000000,0.905545,0.000000,0.000000,0,0.000,0.000,NO LASHING,NO BUNDLE,0,0,0,,,,0,1,1,0,0.805678,0.562714,145,135,0.107578,STAND TEMPORARILY LOST (2),,,,,,,,,,
247,8.233333,26.269,24.811,4617,0,3152,0.854468,0.000000,0.904752,0.000000,0.000000,0,0.000,0.000,NO LASHING,NO BUNDLE,0,0,0,,,,0,1,1,0,0.805678,0.562714,145,135,0.107578,STAND TEMPORARILY LOST (2),,,,,,,,,,
248,8.266667,21.448,24.306,4711,0,3164,0.855791,0.000000,0.905791,0.000000,0.000000,0,0.000,0.000,NO LASHING,NO BUNDLE,0,0,0,,,,0,1,1,1,0.870455,0.593192,194,133,0.112577,STAND LOCKED,,,,,,,,,,
249,8.300000,36.484,24.335,4724,0,3160,0.855867,0.000000,0.905929,0.000000,0.000000,0,0.000,0.000,NO LASHING,NO BUNDLE,0,0,0,,,,0,1,1,1,0.870455,0.593192,194,133,0.112577,STAND LOCKED,,,,,,,,,,
250,8.333333,27.588,23.630,4853,0,3238,0.853450,0.000000,0.905286,0.000000,0.000000,0,0.000,0.000,NO LASHING,NO BUNDLE,0,0,0,,,,0,1,1,0,0.870455,0.593192,194,133,0.112577,STAND TEMPORARILY LOST (1),,,,,,,,,,
251,8.366667,21.898,25.938,4874,0,3209,0.853265,0.000000,0.906007,0.000000,0.000000,0,0.000,0.000,NO LASHING,NO BUNDLE,0,0,0,,,,0,1,1,0,0.870455,0.593192,194,133,0.112577,STAND TEMPORARILY LOST (1),,,,,,,,,,
252,8.400000,32.671,24.739,4054,0,2881,0.842950,0.000000,0.906907,0.000000,0.000000,0,0.000,0.000,NO LASHING,NO BUNDLE,0,0,0,,,,0,1,1,1,0.756648,0.609898,151,136,0.107951,STAND LOCKED,,,,,,,,,,
253,8.433333,24.628,26.449,4096,0,2904,0.841201,0.000000,0.906886,0.000000,0.000000,0,0.000,0.000,NO LASHING,NO BUNDLE,0,0,0,,,,0,1,1,1,0.756648,0.609898,151,136,0.107951,STAND LOCKED,,,,,,,,,,
254,8.466667,31.844,25.195,4062,0,2904,0.841822,0.000000,0.906857,0.000000,0.000000,0,0.000,0.000,NO LASHING,NO BUNDLE,0,0,0,,,,0,1,1,1,0.847635,0.603948,198,133,0.112745,STAND LOCKED,,,,,,,,,,
255,8.500000,29.391,25.568,3946,0,2957,0.843215,0.000000,0.906415,0.000000,0.000000,0,0.000,0.000,NO LASHING,NO BUNDLE,0,0,0,,,,0,1,1,1,0.847635,0.603948,198,133,0.112745,STAND LOCKED,,,,,,,,,,
256,8.533333,31.465,23.688,3836,0,2943,0.843972,0.000000,0.906791,0.000000,0.000000,0,0.000,0.000,NO LASHING,NO BUNDLE,0,0,0,,,,0,1,1,1,0.823363,0.567868,229,120,0.147749,STAND LOCKED,,,,,,,,,,
257,8.566667,25.468,25.326,3845,0,2956,0.843919,0.000000,0.906710,0.000000,0.000000,0,0.000,0.000,NO LASHING,NO BUNDLE,0,0,0,,,,0,1,1,1,0.823363,0.567868,229,120,0.147749,STAND LOCKED,,,,,,,,,,
258,8.600000,22.764,24.575,3945,0,2969,0.842811,0.000000,0.907250,0.000000,0.000000,0,0.000,0.000,NO LASHING,NO BUNDLE,0,0,0,,,,0,1,1,1,0.766966,0.612999,165,129,0.126070,STAND LOCKED,,,,,,,,,,
259,8.633333,35.191,24.696,3980,0,2956,0.843861,0.000000,0.906347,0.000000,0.000000,0,0.000,0.000,NO LASHING,NO BUNDLE,0,0,0,,,,0,1,1,1,0.766966,0.612999,165,129,0.126070,STAND LOCKED,,,,,,,,,,
260,8.666667,38.624,23.283,4054,0,3031,0.838122,0.000000,0.906716,0.000000,0.000000,0,0.000,0.000,NO LASHING,NO BUNDLE,0,0,0,,,,0,1,1,1,0.750879,0.573863,214,132,0.116315,STAND LOCKED,,,,,,,,,,
261,8.700000,32.241,23.470,4006,0,2995,0.838072,0.000000,0.907840,0.000000,0.000000,0,0.000,0.000,NO LASHING,NO BUNDLE,0,0,0,,,,0,1,1,1,0.750879,0.573863,214,132,0.116315,STAND LOCKED,,,,,,,,,,
262,8.733333,31.369,22.506,4056,0,3026,0.838530,0.000000,0.907628,0.000000,0.000000,0,0.000,0.000,NO LASHING,NO BUNDLE,0,0,0,,,,0,1,1,0,0.750879,0.573863,214,132,0.116315,STAND TEMPORARILY LOST (1),,,,,,,,,,
263,8.766667,30.717,23.367,4021,0,3010,0.838727,0.000000,0.907293,0.000000,0.000000,0,0.000,0.000,NO LASHING,NO BUNDLE,0,0,0,,,,0,1,1,0,0.750879,0.573863,214,132,0.116315,STAND TEMPORARILY LOST (1),,,,,,,,,,
264,8.800000,38.001,22.242,4321,0,2967,0.842292,0.000000,0.899696,0.000000,0.000000,0,0.000,0.000,NO LASHING,NO BUNDLE,0,0,0,,,,0,1,1,1,0.863082,0.592302,239,133,0.114217,STAND LOCKED,,,,,,,,,,
265,8.833333,24.547,24.262,4502,0,3099,0.843250,0.000000,0.903664,0.000000,0.000000,0,0.000,0.000,NO LASHING,NO BUNDLE,0,0,0,,,,0,1,1,1,0.863082,0.592302,239,133,0.114217,STAND LOCKED,,,,,,,,,,
266,8.866667,26.403,23.410,4524,0,3099,0.843349,0.000000,0.903719,0.000000,0.000000,0,0.000,0.000,NO LASHING,NO BUNDLE,0,0,0,,,,0,1,1,1,0.716935,0.601056,164,135,0.107161,STAND LOCKED,,,,,,,,,,
267,8.900000,32.418,24.012,4511,0,3093,0.842801,0.000000,0.904756,0.000000,0.000000,0,0.000,0.000,NO LASHING,NO BUNDLE,0,0,0,,,,0,1,1,1,0.716935,0.601056,164,135,0.107161,STAND LOCKED,,,,,,,,,,
268,8.933333,35.936,22.365,4529,0,3091,0.844209,0.000000,0.903964,0.000000,0.000000,0,0.000,0.000,NO LASHING,NO BUNDLE,0,0,0,,,,0,1,1,1,0.789379,0.593761,134,134,0.108570,STAND LOCKED,,,,,,,,,,
269,8.966667,29.229,23.273,4569,0,3108,0.844472,0.000000,0.905676,0.000000,0.000000,0,0.000,0.000,NO LASHING,NO BUNDLE,0,0,0,,,,0,1,1,1,0.789379,0.593761,134,134,0.108570,STAND LOCKED,,,,,,,,,,
270,9.000000,35.373,22.259,4706,0,3123,0.846379,0.000000,0.904739,0.000000,0.000000,0,0.000,0.000,NO LASHING,NO BUNDLE,0,0,0,,,,0,1,1,1,0.753853,0.581867,132,100,0.159620,STAND LOCKED,,,,,,,,,,
271,9.033333,31.256,22.883,4659,0,3130,0.847208,0.000000,0.905550,0.000000,0.000000,0,0.000,0.000,NO LASHING,NO BUNDLE,0,0,0,,,,0,1,1,1,0.753853,0.581867,132,100,0.159620,STAND LOCKED,,,,,,,,,,
272,9.066667,27.168,22.466,4649,0,3169,0.845283,0.000000,0.904593,0.000000,0.000000,0,0.000,0.000,NO LASHING,NO BUNDLE,0,0,0,,,,0,1,1,1,0.846705,0.581639,141,119,0.131412,STAND LOCKED,,,,,,,,,,
273,9.100000,23.507,24.394,4901,0,3244,0.844295,0.000000,0.903982,0.000000,0.000000,0,0.000,0.000,NO LASHING,NO BUNDLE,0,0,0,,,,0,1,1,1,0.846705,0.581639,141,119,0.131412,STAND LOCKED,,,,,,,,,,
274,9.133333,30.406,22.823,4628,0,3135,0.845673,0.000000,0.907950,0.000000,0.000000,0,0.000,0.000,NO LASHING,NO BUNDLE,0,0,0,,,,0,1,1,1,0.883050,0.613391,189,93,0.169136,STAND LOCKED,,,,,,,,,,
275,9.166667,37.592,22.908,4847,0,3338,0.845666,0.000000,0.906847,0.000000,0.000000,0,0.000,0.000,NO LASHING,NO BUNDLE,0,0,0,,,,0,1,1,1,0.883050,0.613391,189,93,0.169136,STAND LOCKED,,,,,,,,,,
276,9.200000,38.777,21.850,4225,0,2866,0.841443,0.000000,0.907308,0.000000,0.000000,0,0.000,0.000,NO LASHING,NO BUNDLE,0,0,0,,,,0,1,1,1,0.795768,0.581899,172,117,0.135694,STAND LOCKED,,,,,,,,,,
277,9.233333,31.774,22.410,4529,0,2621,0.855851,0.000000,0.890851,0.000000,0.000000,0,0.000,0.000,NO LASHING,NO BUNDLE,0,0,0,,,,0,1,1,1,0.795768,0.581899,172,117,0.135694,STAND LOCKED,,,,,,,,,,
278,9.266667,21.891,22.246,4551,0,2377,0.853811,0.000000,0.885413,0.000000,0.000000,0,0.000,0.000,NO LASHING,NO BUNDLE,0,0,0,,,,0,1,1,1,0.595650,0.561324,276,90,0.112243,STAND LOCKED,,,,,,,,,,
279,9.300000,24.336,24.423,4659,0,3057,0.846425,0.000000,0.903597,0.000000,0.000000,0,0.000,0.000,NO LASHING,NO BUNDLE,0,0,0,,,,0,1,1,1,0.595650,0.561324,276,90,0.112243,STAND LOCKED,,,,,,,,,,
280,9.333333,35.645,22.948,4550,0,2714,0.858869,0.000000,0.884609,0.000000,0.000000,0,0.000,0.000,NO LASHING,NO BUNDLE,0,0,0,,,,0,1,1,1,0.793261,0.613477,188,119,0.098634,STAND LOCKED,,,,,,,,,,
281,9.366667,29.117,23.735,3690,0,2479,0.869559,0.000000,0.878958,0.000000,0.000000,0,0.000,0.000,NO LASHING,NO BUNDLE,0,0,0,,,,0,1,1,1,0.793261,0.613477,188,119,0.098634,STAND LOCKED,,,,,,,,,,
282,9.400000,25.101,23.526,4105,0,2505,0.858082,0.000000,0.884256,0.000000,0.000000,0,0.000,0.000,NO LASHING,NO BUNDLE,0,0,0,,,,0,1,1,1,0.759922,0.604264,145,132,0.094038,STAND LOCKED,,,,,,,,,,
283,9.433333,37.017,23.781,4293,0,2792,0.848662,0.000000,0.888238,0.000000,0.000000,0,0.000,0.000,NO LASHING,NO BUNDLE,0,0,0,,,,0,1,1,1,0.759922,0.604264,145,132,0.094038,STAND LOCKED,,,,,,,,,,
284,9.466667,35.797,21.985,5001,0,2777,0.849700,0.000000,0.893162,0.000000,0.000000,0,0.000,0.000,NO LASHING,NO BUNDLE,0,0,0,,,,0,1,1,1,0.857360,0.634803,187,130,0.097317,STAND LOCKED,,,,,,,,,,
285,9.500000,41.086,22.024,5885,0,2958,0.873641,0.000000,0.894826,0.000000,0.000000,0,0.000,0.000,NO LASHING,NO BUNDLE,0,0,0,,,,0,1,1,1,0.857360,0.634803,187,130,0.097317,STAND LOCKED,,,,,,,,,,
286,9.533333,21.880,22.227,6048,0,2870,0.865941,0.000000,0.894234,0.000000,0.000000,0,0.000,0.000,NO LASHING,NO BUNDLE,0,0,0,,,,0,1,1,0,0.857360,0.634803,187,130,0.097317,STAND TARGET JUMP REJECTED,,,,,,,,,,
287,9.566667,27.582,23.657,3529,0,1831,0.857071,0.000000,0.857643,0.000000,0.000000,0,0.000,0.000,NO LASHING,NO BUNDLE,0,0,0,,,,0,1,1,0,0.857360,0.634803,187,130,0.097317,STAND TARGET JUMP REJECTED,,,,,,,,,,
288,9.600000,23.639,23.216,4031,0,1674,0.870096,0.000000,0.868221,0.000000,0.000000,0,0.000,0.000,NO LASHING,NO BUNDLE,0,0,0,,,,0,1,1,0,0.857360,0.634803,187,130,0.097317,STAND TARGET JUMP REJECTED,,,,,,,,,,
289,9.633333,22.595,25.523,3845,0,1874,0.871465,0.000000,0.871163,0.000000,0.000000,0,0.000,0.000,NO LASHING,NO BUNDLE,0,0,0,,,,0,1,1,0,0.857360,0.634803,187,130,0.097317,STAND TARGET JUMP REJECTED,,,,,,,,,,
290,9.666667,34.354,23.086,4800,0,2289,0.874942,0.000000,0.882815,0.000000,0.000000,0,0.000,0.000,NO LASHING,NO BUNDLE,0,0,0,,,,0,1,1,0,0.857360,0.634803,187,130,0.097317,STAND TEMPORARILY LOST (3),,,,,,,,,,
291,9.700000,35.633,23.326,4953,0,2341,0.860721,0.000000,0.886743,0.000000,0.000000,0,0.000,0.000,NO LASHING,NO BUNDLE,0,0,0,,,,0,1,1,0,0.857360,0.634803,187,130,0.097317,STAND TEMPORARILY LOST (3),,,,,,,,,,
292,9.733333,28.502,22.108,5680,0,2612,0.856751,0.000000,0.891544,0.000000,0.000000,0,0.000,0.000,NO LASHING,NO BUNDLE,0,0,0,,,,0,1,1,1,0.688977,0.580877,189,134,0.101848,STAND LOCKED,,,,,,,,,,
293,9.766667,27.013,23.770,6706,0,3065,0.856729,0.000000,0.904116,0.000000,0.000000,0,0.000,0.000,NO LASHING,NO BUNDLE,0,0,0,,,,0,1,1,1,0.688977,0.580877,189,134,0.101848,STAND LOCKED,,,,,,,,,,
294,9.800000,28.138,23.197,5997,0,3018,0.854931,0.000000,0.899498,0.000000,0.000000,0,0.000,0.000,NO LASHING,NO BUNDLE,0,0,0,,,,0,1,1,1,0.749814,0.559266,179,135,0.103887,STAND LOCKED,,,,,,,,,,
295,9.833333,34.410,23.549,7374,0,3298,0.876661,0.000000,0.898680,0.000000,0.000000,0,0.000,0.000,NO LASHING,NO BUNDLE,0,0,0,,,,0,1,1,1,0.749814,0.559266,179,135,0.103887,STAND LOCKED,,,,,,,,,,
296,9.866667,23.927,22.034,7844,0,3246,0.856135,0.000000,0.901730,0.000000,0.000000,0,0.000,0.000,NO LASHING,NO BUNDLE,0,0,0,,,,0,1,1,1,0.763265,0.541255,155,134,0.107097,STAND LOCKED,,,,,,,,,,
297,9.900000,29.529,23.198,7612,0,2422,0.866194,0.000000,0.903959,0.000000,0.000000,0,0.000,0.000,NO LASHING,NO BUNDLE,0,0,0,,,,0,1,1,1,0.763265,0.541255,155,134,0.107097,STAND LOCKED,,,,,,,,,,
298,9.933333,21.135,22.582,6420,0,3253,0.854356,0.000000,0.901847,0.000000,0.000000,0,0.000,0.000,NO LASHING,NO BUNDLE,0,0,0,,,,0,1,1,1,0.707152,0.523729,202,136,0.103957,STAND LOCKED,,,,,,,,,,
299,9.966667,26.214,24.280,5602,0,2780,0.852687,0.000000,0.905922,0.000000,0.000000,0,0.000,0.000,NO LASHING,NO BUNDLE,0,0,0,,,,0,1,1,1,0.707152,0.523729,202,136,0.103957,STAND LOCKED,,,,,,,,,,
300,10.000000,23.735,23.874,8375,0,3603,0.883903,0.000000,0.907221,0.000000,0.000000,0,0.000,0.000,NO LASHING,NO BUNDLE,0,0,0,,,,0,1,1,1,0.754274,0.529297,166,134,0.105600,STAND LOCKED,,,,,,,,,,
301,10.033333,25.026,25.516,7801,0,3633,0.875444,0.000000,0.902111,0.000000,0.000000,0,0.000,0.000,NO LASHING,NO BUNDLE,0,0,0,,,,0,1,1,1,0.754274,0.529297,166,134,0.105600,STAND LOCKED,,,,,,,,,,
302,10.066667,31.042,23.822,7613,0,3335,0.876602,0.000000,0.917134,0.000000,0.000000,0,0.000,0.000,NO LASHING,NO BUNDLE,0,0,0,,,,0,1,1,1,0.847110,0.537938,215,91,0.127728,STAND LOCKED,,,,,,,,,,
303,10.100000,32.577,24.303,7510,0,2897,0.870364,0.000000,0.913055,0.000000,0.000000,0,0.000,0.000,NO LASHING,NO BUNDLE,0,0,0,,,,0,1,1,1,0.847110,0.537938,215,91,0.127728,STAND LOCKED,,,,,,,,,,
304,10.133333,22.337,23.905,7615,0,4351,0.867900,0.000000,0.921322,0.000000,0.000000,0,0.000,0.000,NO LASHING,NO BUNDLE,0,0,0,,,,0,1,1,1,0.747641,0.547841,176,114,0.115533,STAND LOCKED,,,,,,,,,,
305,10.166667,30.408,24.506,5029,0,3553,0.852716,0.000000,0.902311,0.000000,0.000000,0,0.000,0.000,NO LASHING,NO BUNDLE,0,0,0,,,,0,1,1,1,0.747641,0.547841,176,114,0.115533,STAND LOCKED,,,,,,,,,,
306,10.200000,22.674,24.279,6048,0,3842,0.853687,0.000000,0.898524,0.000000,0.000000,0,0.000,0.000,NO LASHING,NO BUNDLE,0,0,0,,,,0,1,1,1,0.780545,0.576992,197,125,0.112337,STAND LOCKED,,,,,,,,,,
307,10.233333,19.490,27.457,5905,0,2174,0.879673,0.000000,0.843449,0.000000,0.000000,0,0.000,0.000,NO LASHING,NO BUNDLE,0,0,0,,,,0,1,1,1,0.780545,0.576992,197,125,0.112337,STAND LOCKED,,,,,,,,,,
308,10.266667,28.895,26.216,3559,0,1080,0.868641,0.000000,0.836617,0.000000,0.000000,0,0.000,0.000,NO LASHING,NO BUNDLE,0,0,0,,,,0,1,1,0,0.780545,0.576992,197,125,0.112337,STAND TEMPORARILY LOST (1),,,,,,,,,,
309,10.300000,41.763,25.272,319,0,418,0.786686,0.000000,0.836783,0.000000,0.000000,0,0.000,0.000,NO LASHING,NO BUNDLE,0,0,0,,,,0,1,1,0,0.780545,0.576992,197,125,0.112337,STAND TEMPORARILY LOST (1),,,,,,,,,,
310,10.333333,24.361,23.087,1130,0,69,0.830508,0.000000,0.723259,0.000000,0.000000,0,0.000,0.000,NO LASHING,NO BUNDLE,0,0,0,,,,0,1,1,0,0.780545,0.576992,197,125,0.112337,STAND TEMPORARILY LOST (2),,,,,,,,,,
311,10.366667,24.415,24.693,20,0,2787,0.720228,0.000000,0.921986,0.000000,0.000000,0,0.000,0.000,NO BLACK,NO BUNDLE,0,0,0,,,,0,1,1,0,0.780545,0.576992,197,125,0.112337,STAND TEMPORARILY LOST (2),,,,,,,,,,
312,10.400000,32.734,22.287,83,0,579,0.746104,0.000000,0.850446,0.000000,0.000000,0,0.000,0.000,NO BLACK,NO BUNDLE,0,0,0,,,,0,1,1,0,0.780545,0.576992,197,125,0.112337,STAND TEMPORARILY LOST (3),,,,,,,,,,
313,10.433333,26.011,23.826,0,0,26,0.000000,0.000000,0.732837,0.000000,0.000000,0,0.000,0.000,NO BLACK,NO BUNDLE,0,0,0,,,,0,1,1,0,0.780545,0.576992,197,125,0.112337,STAND TEMPORARILY LOST (3),,,,,,,,,,
314,10.466667,28.391,21.334,1022,0,1492,0.828349,0.000000,0.919510,0.000000,0.000000,0,0.000,0.000,NO LASHING,NO BUNDLE,0,0,0,,,,0,0,0,0,0.000000,0.000000,,,,WEAK STAND GEOMETRY,,,,,,,,,,
315,10.500000,24.836,19.996,97,0,156,0.733897,0.000000,0.786139,0.000000,0.000000,0,0.000,0.000,NO BLACK,NO BUNDLE,0,0,0,,,,0,0,0,0,0.000000,0.000000,,,,NEED TWO DARK RAILS AND AN UPRIGHT,,,,,,,,,,
316,10.533333,26.232,18.553,1111,76,2422,0.794655,0.658446,0.902760,0.726550,0.000000,0,0.000,0.000,GEOMETRY FAIL,NO BUNDLE,0,0,0,,,,0,0,0,0,0.000000,0.000000,,,,NEED TWO DARK RAILS AND AN UPRIGHT,,,,,,,,,,
317,10.566667,24.694,17.130,2345,193,2539,0.840784,0.704442,0.863823,0.772613,0.000000,0,0.000,0.000,COMPONENTS TOO FAR,NO BUNDLE,0,0,0,,,,0,0,0,0,0.000000,0.000000,,,,WEAK STAND GEOMETRY,,,,,,,,,,
318,10.600000,26.774,16.002,8768,287,2576,0.871957,0.682794,0.902425,0.777375,0.000000,0,0.000,0.000,GEOMETRY FAIL,NO BUNDLE,0,0,0,,,,0,0,0,0,0.000000,0.000000,,,,WEAK STAND GEOMETRY,,,,,,,,,,
319,10.633333,23.202,15.680,7857,0,1008,0.876508,0.000000,0.837665,0.000000,0.000000,0,0.000,0.000,NO LASHING,NO BUNDLE,0,0,0,,,,0,0,0,0,0.000000,0.000000,,,,WEAK STAND GEOMETRY,,,,,,,,,,
320,10.666667,29.926,14.894,11391,0,713,0.895727,0.000000,0.839570,0.000000,0.000000,0,0.000,0.000,NO LASHING,NO BUNDLE,0,0,0,,,,0,0,0,0,0.399205,0.000000,,,,WEAK STAND GEOMETRY,,,,,,,,,,
321,10.700000,26.732,13.937,15473,73,1705,0.890200,0.652082,0.806808,0.771141,0.000000,0,0.000,0.000,GEOMETRY FAIL,NO BUNDLE,0,0,0,,,,0,1,0,1,0.571446,0.524715,804,114,0.118056,ACQUIRING STAND 1/4,,,,,,,,,,
322,10.733333,32.065,12.768,18259,1110,1189,0.895740,0.749332,0.789906,0.822536,0.000000,0,0.000,0.000,GEOMETRY FAIL,NO BUNDLE,0,0,0,,,,0,1,0,0,0.571446,0.524715,804,114,0.118056,STAND TEMPORARILY LOST (1),,,,,,,,,,
323,10.766667,30.623,12.669,22446,840,1479,0.916861,0.735990,0.808407,0.826426,0.000000,0,0.000,0.000,GEOMETRY FAIL,NO BUNDLE,0,0,0,,,,0,1,0,0,0.571446,0.524715,804,114,0.118056,STAND TEMPORARILY LOST (1),,,,,,,,,,
324,10.800000,22.702,11.776,22690,672,2649,0.905400,0.700977,0.831940,0.803189,0.000000,0,0.000,0.000,GEOMETRY FAIL,NO BUNDLE,0,0,0,,,,0,1,0,0,0.571446,0.524715,804,114,0.118056,STAND TARGET JUMP REJECTED,,,,,,,,,,
325,10.833333,26.822,11.453,23697,1021,2249,0.884223,0.708193,0.830091,0.796208,0.000000,0,0.000,0.000,GEOMETRY FAIL,NO BUNDLE,0,0,0,,,,0,1,0,0,0.571446,0.524715,804,114,0.118056,STAND TARGET JUMP REJECTED,,,,,,,,,,
326,10.866667,31.519,10.731,24937,604,5091,0.888479,0.749014,0.845047,0.818746,0.000000,0,0.000,0.000,GEOMETRY FAIL,NO BUNDLE,0,0,0,,,,0,1,0,0,0.571446,0.524715,804,114,0.118056,STAND TEMPORARILY LOST (3),,,,,,,,,,
327,10.900000,35.540,10.265,23658,1419,7272,0.881833,0.753802,0.840783,0.817817,0.000000,0,0.000,0.000,GEOMETRY FAIL,NO BUNDLE,0,0,0,,,,0,1,0,0,0.571446,0.524715,804,114,0.118056,STAND TEMPORARILY LOST (3),,,,,,,,,,
328,10.933333,25.907,9.806,26757,1240,6692,0.878518,0.714557,0.839253,0.796537,0.000000,0,0.000,0.000,GEOMETRY FAIL,NO BUNDLE,0,0,0,,,,0,0,0,0,0.000000,0.000000,,,,WEAK STAND GEOMETRY,,,,,,,,,,
329,10.966667,37.106,10.439,25868,0,4355,0.879279,0.000000,0.801466,0.000000,0.000000,0,0.000,0.000,NO LASHING,NO BUNDLE,0,0,0,,,,0,0,0,0,0.000000,0.000000,,,,WEAK STAND GEOMETRY,,,,,,,,,,
330,11.000000,31.188,10.181,32102,431,4737,0.882405,0.663846,0.808442,0.773125,0.000000,0,0.000,0.000,GEOMETRY FAIL,NO BUNDLE,0,0,0,,,,0,1,0,1,0.693284,0.589970,638,126,0.218056,ACQUIRING STAND 1/4,,,,,,,,,,
331,11.033333,26.809,10.718,18479,3910,1793,0.896650,0.733244,0.822347,0.814947,0.000000,0,0.000,0.000,COMPONENTS TOO FAR,NO BUNDLE,0,0,0,,,,0,1,0,1,0.693284,0.589970,638,126,0.218056,ACQUIRING STAND 1/4,,,,,,,,,,
332,11.066667,36.053,9.972,16706,3872,1539,0.849674,0.765285,0.783255,0.807480,0.000000,0,0.000,0.000,GEOMETRY FAIL,NO BUNDLE,0,0,0,,,,0,1,0,0,0.693284,0.589970,638,126,0.218056,STAND TARGET JUMP REJECTED,,,,,,,,,,
333,11.100000,34.791,10.004,7834,9690,2400,0.814570,0.727901,0.824235,0.771235,0.000000,0,0.000,0.000,GEOMETRY FAIL,NO BUNDLE,0,0,0,,,,0,1,0,0,0.693284,0.589970,638,126,0.218056,STAND TARGET JUMP REJECTED,,,,,,,,,,
334,11.133333,24.218,9.719,11708,6429,3198,0.840488,0.765958,0.807886,0.803223,0.000000,0,0.000,0.000,GEOMETRY FAIL,NO BUNDLE,0,0,0,,,,0,1,0,0,0.693284,0.589970,638,126,0.218056,STAND TEMPORARILY LOST (2),,,,,,,,,,
335,11.166667,35.732,10.019,16028,5192,1925,0.850903,0.758459,0.789889,0.804681,0.000000,0,0.000,0.000,GEOMETRY FAIL,NO BUNDLE,0,0,0,,,,0,1,0,0,0.693284,0.589970,638,126,0.218056,STAND TEMPORARILY LOST (2),,,,,,,,,,
336,11.200000,25.398,9.405,16121,2208,1222,0.835653,0.759270,0.767740,0.797462,0.000000,0,0.000,0.000,GEOMETRY FAIL,NO BUNDLE,0,0,0,,,,0,1,0,0,0.693284,0.589970,638,126,0.218056,STAND TEMPORARILY LOST (3),,,,,,,,,,
337,11.233333,36.104,9.148,20444,2164,335,0.851885,0.703277,0.777757,0.777581,0.000000,0,0.000,0.000,GEOMETRY FAIL,NO BUNDLE,0,0,0,,,,0,1,0,0,0.693284,0.589970,638,126,0.218056,STAND TEMPORARILY LOST (3),,,,,,,,,,
338,11.266667,30.323,8.715,17948,3502,2278,0.868155,0.727514,0.806527,0.797834,0.000000,0,0.000,0.000,GEOMETRY FAIL,NO BUNDLE,0,0,0,,,,0,1,0,1,0.671027,0.561266,516,168,0.212708,ACQUIRING STAND 1/4,,,,,,,,,,
339,11.300000,25.743,9.339,16042,3564,1443,0.857518,0.777011,0.815050,0.817264,0.000000,0,0.000,0.000,GEOMETRY FAIL,NO BUNDLE,0,0,0,,,,0,1,0,1,0.671027,0.561266,516,168,0.212708,ACQUIRING STAND 1/4,,,,,,,,,,
340,11.333333,36.214,8.771,16166,1792,1226,0.885777,0.711929,0.825203,0.798853,0.000000,0,0.000,0.000,GEOMETRY FAIL,NO BUNDLE,0,0,0,,,,0,1,0,0,0.671027,0.561266,516,168,0.212708,STAND TARGET JUMP REJECTED,,,,,,,,,,
341,11.366667,29.359,9.049,18721,3372,1450,0.857552,0.740507,0.848628,0.799029,0.000000,0,0.000,0.000,GEOMETRY FAIL,NO BUNDLE,0,0,0,,,,0,1,0,0,0.671027,0.561266,516,168,0.212708,STAND TARGET JUMP REJECTED,,,,,,,,,,
342,11.400000,22.689,8.798,17456,1453,617,0.841006,0.723229,0.788943,0.782117,0.000000,0,0.000,0.000,GEOMETRY FAIL,NO BUNDLE,0,0,0,,,,0,1,0,0,0.671027,0.561266,516,168,0.212708,STAND TARGET JUMP REJECTED,,,,,,,,,,
343,11.433333,34.318,8.748,20372,1296,1015,0.834431,0.748633,0.837222,0.791532,0.000000,0,0.000,0.000,GEOMETRY FAIL,NO BUNDLE,0,0,0,,,,0,1,0,0,0.671027,0.561266,516,168,0.212708,STAND TARGET JUMP REJECTED,,,,,,,,,,
344,11.466667,27.636,8.716,16157,3808,166,0.846345,0.733734,0.810323,0.790040,0.000000,0,0.000,0.000,GEOMETRY FAIL,NO BUNDLE,0,0,0,,,,0,1,0,0,0.671027,0.561266,516,168,0.212708,STAND TARGET JUMP REJECTED,,,,,,,,,,
345,11.500000,39.629,8.955,12810,1469,178,0.897904,0.725250,0.756693,0.811577,0.000000,0,0.000,0.000,GEOMETRY FAIL,NO BUNDLE,0,0,0,,,,0,1,0,0,0.671027,0.561266,516,168,0.212708,STAND TARGET JUMP REJECTED,,,,,,,,,,
346,11.533333,24.016,9.102,11656,3738,148,0.878617,0.766073,0.744073,0.822345,0.000000,0,0.000,0.000,GEOMETRY FAIL,NO BUNDLE,0,0,0,,,,0,0,0,0,0.000000,0.000000,,,,STAND TARGET JUMP REJECTED,,,,,,,,,,
347,11.566667,34.387,8.902,14027,3993,24,0.875829,0.736929,0.771968,0.806379,0.000000,0,0.000,0.000,GEOMETRY FAIL,NO BUNDLE,0,0,0,,,,0,1,0,1,0.947480,0.586386,557,414,0.840278,ACQUIRING STAND 1/4,,,,,,,,,,
348,11.600000,32.269,8.756,15122,2280,33,0.901531,0.754045,0.762306,0.827788,0.000000,0,0.000,0.000,GEOMETRY FAIL,NO BUNDLE,0,0,0,,,,0,1,0,1,0.877623,0.562937,628,411,0.849444,ACQUIRING STAND 2/4,,,,,,,,,,
349,11.633333,29.897,9.827,13623,295,4,0.917658,0.711845,0.711457,0.814752,0.000000,0,0.000,0.000,GEOMETRY FAIL,NO BUNDLE,0,0,0,,,,0,1,0,1,0.877623,0.562937,628,411,0.849444,ACQUIRING STAND 2/4,,,,,,,,,,
350,11.666667,30.162,9.454,15651,175,113,0.929017,0.676837,0.783285,0.802927,0.000000,0,0.000,0.000,GEOMETRY FAIL,NO BUNDLE,0,0,0,,,,0,1,0,1,0.945000,0.613362,658,385,0.921556,ACQUIRING STAND 3/4,,,,,,,,,,
351,11.700000,25.977,12.488,14669,30,106,0.917624,0.644219,0.770928,0.780921,0.000000,0,0.000,0.000,NO LASHING,NO BUNDLE,0,0,0,,,,0,1,0,1,0.945000,0.613362,658,385,0.921556,ACQUIRING STAND 3/4,,,,,,,,,,
352,11.733333,25.908,11.933,14320,301,18,0.914949,0.653666,0.741921,0.784308,0.000000,0,0.000,0.000,GEOMETRY FAIL,NO BUNDLE,0,0,0,,,,0,1,1,1,0.945000,0.647968,646,365,0.928033,STAND LOCKED,,,,,,,,,,
353,11.766667,34.954,13.757,13476,5,617,0.921390,0.607485,0.793095,0.764438,0.000000,0,0.000,0.000,NO LASHING,NO BUNDLE,0,0,0,,,,0,1,1,1,0.945000,0.647968,646,365,0.928033,STAND LOCKED,,,,,,,,,,
354,11.800000,29.557,12.842,15277,579,855,0.912913,0.712342,0.807781,0.812627,0.000000,0,0.000,0.000,GEOMETRY FAIL,NO BUNDLE,0,0,0,,,,0,1,1,1,0.940129,0.644861,648,286,0.693379,STAND LOCKED,,,,,,,,,,
355,11.833333,27.947,15.437,14576,0,790,0.918248,0.000000,0.831648,0.000000,0.000000,0,0.000,0.000,NO LASHING,NO BUNDLE,0,0,0,,,,0,1,1,1,0.940129,0.644861,648,286,0.693379,STAND LOCKED,,,,,,,,,,
356,11.866667,24.552,15.219,14759,52,1203,0.906645,0.650217,0.813692,0.778431,0.000000,0,0.000,0.000,NO LASHING,NO BUNDLE,0,0,0,,,,0,1,1,0,0.940129,0.644861,648,286,0.693379,STAND TARGET JUMP REJECTED,,,,,,,,,,
357,11.900000,28.846,17.446,15459,4,1767,0.925068,0.616387,0.846895,0.770728,0.000000,0,0.000,0.000,NO LASHING,NO BUNDLE,0,0,0,,,,0,1,1,0,0.940129,0.644861,648,286,0.693379,STAND TARGET JUMP REJECTED,,,,,,,,,,
358,11.933333,40.300,16.057,15096,0,2040,0.911465,0.000000,0.850031,0.000000,0.000000,0,0.000,0.000,NO LASHING,NO BUNDLE,0,0,0,,,,0,1,1,0,0.940129,0.644861,648,286,0.693379,STAND TARGET JUMP REJECTED,,,,,,,,,,
359,11.966667,32.092,17.579,14808,0,1072,0.923783,0.000000,0.808670,0.000000,0.000000,0,0.000,0.000,NO LASHING,NO BUNDLE,0,0,0,,,,0,1,1,0,0.940129,0.644861,648,286,0.693379,STAND TARGET JUMP REJECTED,,,,,,,,,,
360,12.000000,31.949,16.250,15477,0,837,0.928236,0.000000,0.820432,0.000000,0.000000,0,0.000,0.000,NO LASHING,NO BUNDLE,0,0,0,,,,0,1,1,1,0.882904,0.626051,597,234,0.592368,STAND LOCKED,,,,,,,,,,
361,12.033333,32.396,16.178,14953,224,144,0.922308,0.713541,0.788819,0.817924,0.000000,0,0.000,0.000,GEOMETRY FAIL,NO BUNDLE,0,0,0,,,,0,1,1,1,0.882904,0.626051,597,234,0.592368,STAND LOCKED,,,,,,,,,,
362,12.066667,35.618,14.733,14503,85,142,0.918633,0.617439,0.768677,0.768036,0.000000,0,0.000,0.000,GEOMETRY FAIL,NO BUNDLE,0,0,0,,,,0,1,1,1,0.897015,0.597606,612,281,0.613371,STAND LOCKED,,,,,,,,,,
363,12.100000,27.494,17.425,12236,40,182,0.930522,0.631703,0.824395,0.781112,0.000000,0,0.000,0.000,NO LASHING,NO BUNDLE,0,0,0,,,,0,1,1,1,0.897015,0.597606,612,281,0.613371,STAND LOCKED,,,,,,,,,,
364,12.133333,27.273,16.437,13782,98,0,0.912632,0.697339,0.000000,0.804985,0.000000,0,0.000,0.000,GEOMETRY FAIL,NO BUNDLE,0,0,0,,,,0,1,1,0,0.897015,0.597606,612,281,0.613371,STAND TARGET JUMP REJECTED,,,,,,,,,,
365,12.166667,28.023,16.282,14813,1491,202,0.908244,0.699520,0.776426,0.803882,0.000000,0,0.000,0.000,GEOMETRY FAIL,NO BUNDLE,0,0,0,,,,0,1,1,0,0.897015,0.597606,612,281,0.613371,STAND TARGET JUMP REJECTED,,,,,,,,,,
366,12.200000,28.151,14.857,14738,173,621,0.919208,0.649830,0.854150,0.784519,0.000000,0,0.000,0.000,GEOMETRY FAIL,NO BUNDLE,0,0,0,,,,0,1,1,1,0.973804,0.636795,606,297,0.732059,STAND LOCKED,,,,,,,,,,
367,12.233333,27.905,14.982,13160,2464,239,0.915909,0.718972,0.771882,0.817441,0.000000,0,0.000,0.000,GEOMETRY FAIL,NO BUNDLE,0,0,0,,,,0,1,1,1,0.973804,0.636795,606,297,0.732059,STAND LOCKED,,,,,,,,,,
368,12.266667,35.049,14.233,12659,5006,91,0.933159,0.790623,0.752308,0.861891,0.000000,0,0.000,0.000,GEOMETRY FAIL,NO BUNDLE,0,0,0,,,,0,1,1,0,0.973804,0.636795,606,297,0.732059,STAND TARGET JUMP REJECTED,,,,,,,,,,
369,12.300000,29.331,14.617,11804,2127,260,0.932662,0.766211,0.787689,0.849437,0.000000,0,0.000,0.000,GEOMETRY FAIL,NO BUNDLE,0,0,0,,,,0,1,1,0,0.973804,0.636795,606,297,0.732059,STAND TARGET JUMP REJECTED,,,,,,,,,,
370,12.333333,31.421,13.293,12710,5604,133,0.921361,0.829325,0.754659,0.875343,0.000000,0,0.000,0.000,GEOMETRY FAIL,NO BUNDLE,0,0,0,,,,0,1,1,1,0.872801,0.581439,555,271,0.580746,STAND LOCKED,,,,,,,,,,
371,12.366667,26.433,13.871,14756,5257,31,0.908584,0.824793,0.732809,0.866688,0.000000,0,0.000,0.000,GEOMETRY FAIL,NO BUNDLE,0,0,0,,,,0,1,1,1,0.872801,0.581439,555,271,0.580746,STAND LOCKED,,,,,,,,,,
372,12.400000,27.344,13.095,14505,3831,14,0.906691,0.810667,0.710432,0.858679,0.000000,0,0.000,0.000,GEOMETRY FAIL,NO BUNDLE,0,0,0,,,,0,1,1,1,0.945000,0.662463,602,247,0.560780,STAND LOCKED,,,,,,,,,,
373,12.433333,27.013,13.730,14895,3915,132,0.903588,0.808446,0.756492,0.856017,0.000000,0,0.000,0.000,GEOMETRY FAIL,NO BUNDLE,0,0,0,,,,0,1,1,1,0.945000,0.662463,602,247,0.560780,STAND LOCKED,,,,,,,,,,
374,12.466667,25.605,13.240,16035,4924,96,0.902685,0.822285,0.783217,0.862485,0.000000,0,0.000,0.000,GEOMETRY FAIL,NO BUNDLE,0,0,0,,,,0,1,1,1,0.931795,0.715464,735,308,0.476170,STAND LOCKED,,,,,,,,,,
375,12.500000,24.047,14.243,15395,4748,239,0.914207,0.808097,0.778205,0.861152,0.000000,0,0.000,0.000,GEOMETRY FAIL,NO BUNDLE,0,0,0,,,,0,1,1,1,0.931795,0.715464,735,308,0.476170,STAND LOCKED,,,,,,,,,,
376,12.533333,32.928,13.430,14555,3891,109,0.908952,0.805163,0.757267,0.857057,0.000000,0,0.000,0.000,GEOMETRY FAIL,NO BUNDLE,0,0,0,,,,0,1,1,1,0.933837,0.737564,759,315,0.376985,STAND LOCKED,,,,,,,,,,
377,12.566667,33.521,13.222,14972,5655,89,0.909312,0.818391,0.758288,0.863852,0.000000,0,0.000,0.000,GEOMETRY FAIL,NO BUNDLE,0,0,0,,,,0,1,1,1,0.933837,0.737564,759,315,0.376985,STAND LOCKED,,,,,,,,,,
378,12.600000,24.249,13.102,13945,2556,122,0.921133,0.809018,0.786864,0.865075,0.000000,0,0.000,0.000,GEOMETRY FAIL,NO BUNDLE,0,0,0,,,,0,1,1,1,0.945000,0.712173,703,278,0.416379,STAND LOCKED,,,,,,,,,,
379,12.633333,26.579,13.874,13540,2863,490,0.923077,0.794732,0.815177,0.858904,0.000000,0,0.000,0.000,GEOMETRY FAIL,NO BUNDLE,0,0,0,,,,0,1,1,1,0.945000,0.712173,703,278,0.416379,STAND LOCKED,,,,,,,,,,
380,12.666667,23.173,13.351,15047,2642,337,0.919753,0.763782,0.762896,0.841767,0.000000,0,0.000,0.000,GEOMETRY FAIL,NO BUNDLE,0,0,0,,,,0,1,1,1,0.881462,0.756990,808,307,0.331746,STAND LOCKED,,,,,,,,,,
381,12.700000,32.561,13.713,15532,658,399,0.918355,0.728696,0.807103,0.823526,0.000000,0,0.000,0.000,COMPONENTS TOO FAR,NO BUNDLE,0,0,0,,,,0,1,1,1,0.881462,0.756990,808,307,0.331746,STAND LOCKED,,,,,,,,,,
382,12.733333,29.591,13.993,16378,0,316,0.921168,0.000000,0.824056,0.000000,0.000000,0,0.000,0.000,NO LASHING,NO BUNDLE,0,0,0,,,,0,1,1,1,0.933333,0.781073,766,320,0.310466,STAND LOCKED,,,,,,,,,,
383,12.766667,31.677,14.053,14356,174,18,0.922157,0.691345,0.720356,0.806751,0.000000,0,0.000,0.000,GEOMETRY FAIL,NO BUNDLE,0,0,0,,,,0,1,1,1,0.933333,0.781073,766,320,0.310466,STAND LOCKED,,,,,,,,,,
384,12.800000,20.973,14.159,13549,84,467,0.937370,0.644147,0.802079,0.790758,0.000000,0,0.000,0.000,GEOMETRY FAIL,NO BUNDLE,0,0,0,,,,0,1,1,1,0.945000,0.734705,728,326,0.304710,STAND LOCKED,,,,,,,,,,
385,12.833333,27.573,14.860,14764,253,487,0.931657,0.696272,0.846909,0.813964,0.000000,0,0.000,0.000,GEOMETRY FAIL,NO BUNDLE,0,0,0,,,,0,1,1,1,0.945000,0.734705,728,326,0.304710,STAND LOCKED,,,,,,,,,,
386,12.866667,27.077,15.424,12737,37,437,0.933015,0.638208,0.771823,0.785612,0.000000,0,0.000,0.000,NO LASHING,NO BUNDLE,0,0,0,,,,0,1,1,1,0.945000,0.728740,704,327,0.308231,STAND LOCKED,,,,,,,,,,
387,12.900000,26.955,18.082,16255,7,554,0.920709,0.610053,0.787236,0.765381,0.000000,0,0.000,0.000,NO LASHING,NO BUNDLE,0,0,0,,,,0,1,1,1,0.945000,0.728740,704,327,0.308231,STAND LOCKED,,,,,,,,,,
388,12.933333,27.209,18.272,16541,19,471,0.917617,0.624435,0.772940,0.771026,0.000000,0,0.000,0.000,NO LASHING,NO BUNDLE,0,0,0,,,,0,1,1,1,0.852035,0.604804,568,326,0.456482,STAND LOCKED,,,,,,,,,,
389,12.966667,26.192,20.330,14497,0,698,0.924993,0.000000,0.803893,0.000000,0.000000,0,0.000,0.000,NO LASHING,NO BUNDLE,0,0,0,,,,0,1,1,1,0.852035,0.604804,568,326,0.456482,STAND LOCKED,,,,,,,,,,
390,13.000000,21.820,19.151,14878,79,488,0.934356,0.645894,0.782078,0.790125,0.000000,0,0.000,0.000,GEOMETRY FAIL,NO BUNDLE,0,0,0,,,,0,1,1,1,0.902413,0.677513,663,334,0.377292,STAND LOCKED,,,,,,,,,,
391,13.033333,37.935,19.722,14242,6,410,0.920763,0.601708,0.831180,0.761236,0.000000,0,0.000,0.000,NO LASHING,NO BUNDLE,0,0,0,,,,0,1,1,1,0.902413,0.677513,663,334,0.377292,STAND LOCKED,,,,,,,,,,
392,13.066667,39.584,18.403,14704,0,814,0.912374,0.000000,0.849647,0.000000,0.000000,0,0.000,0.000,NO LASHING,NO BUNDLE,0,0,0,,,,0,1,1,1,0.945000,0.749530,759,332,0.330962,STAND LOCKED,,,,,,,,,,
393,13.100000,23.740,18.726,12482,1590,400,0.922581,0.747646,0.867213,0.835113,0.000000,0,0.000,0.000,GEOMETRY FAIL,NO BUNDLE,0,0,0,,,,0,1,1,1,0.945000,0.749530,759,332,0.330962,STAND LOCKED,,,,,,,,,,
394,13.133333,27.050,17.880,13428,3335,179,0.923214,0.807453,0.822135,0.865334,0.000000,0,0.000,0.000,GEOMETRY FAIL,NO BUNDLE,0,0,0,,,,0,1,1,0,0.945000,0.749530,759,332,0.330962,STAND TEMPORARILY LOST (1),,,,,,,,,,
395,13.166667,30.787,17.709,12600,4543,94,0.923317,0.776495,0.758071,0.849906,0.000000,0,0.000,0.000,GEOMETRY FAIL,NO BUNDLE,0,0,0,,,,0,1,1,0,0.945000,0.749530,759,332,0.330962,STAND TEMPORARILY LOST (1),,,,,,,,,,
396,13.200000,27.402,16.373,14023,2834,26,0.919780,0.766312,0.760150,0.843046,0.000000,0,0.000,0.000,GEOMETRY FAIL,NO BUNDLE,0,0,0,,,,0,1,1,0,0.945000,0.749530,759,332,0.330962,STAND TARGET JUMP REJECTED,,,,,,,,,,
397,13.233333,24.793,17.069,12589,490,0,0.921284,0.718262,0.000000,0.819773,0.000000,0,0.000,0.000,GEOMETRY FAIL,NO BUNDLE,0,0,0,,,,0,1,1,0,0.945000,0.749530,759,332,0.330962,STAND TARGET JUMP REJECTED,,,,,,,,,,
398,13.266667,26.488,16.314,13681,91,287,0.900862,0.718005,0.770315,0.809433,0.000000,0,0.000,0.000,GEOMETRY FAIL,NO BUNDLE,0,0,0,,,,0,1,1,1,0.945000,0.741389,820,341,0.352891,STAND LOCKED,,,,,,,,,,
399,13.300000,22.204,19.660,16160,0,500,0.928306,0.000000,0.779870,0.000000,0.000000,0,0.000,0.000,NO LASHING,NO BUNDLE,0,0,0,,,,0,1,1,1,0.945000,0.741389,820,341,0.352891,STAND LOCKED,,,,,,,,,,
400,13.333333,25.014,19.158,16060,0,487,0.920663,0.000000,0.818200,0.000000,0.000000,0,0.000,0.000,NO LASHING,NO BUNDLE,0,0,0,,,,0,1,1,1,0.930658,0.753640,778,328,0.303940,STAND LOCKED,,,,,,,,,,
401,13.366667,27.667,19.129,13492,210,294,0.925547,0.680692,0.814776,0.803120,0.000000,0,0.000,0.000,GEOMETRY FAIL,NO BUNDLE,0,0,0,,,,0,1,1,1,0.930658,0.753640,778,328,0.303940,STAND LOCKED,,,,,,,,,,
402,13.400000,26.445,17.779,13576,218,408,0.928548,0.684887,0.812979,0.806717,0.000000,0,0.000,0.000,GEOMETRY FAIL,NO BUNDLE,0,0,0,,,,0,1,1,0,0.930658,0.753640,778,328,0.303940,STAND TEMPORARILY LOST (1),,,,,,,,,,
403,13.433333,27.010,17.483,14182,310,370,0.925064,0.663875,0.804105,0.794470,0.000000,0,0.000,0.000,GEOMETRY FAIL,NO BUNDLE,0,0,0,,,,0,1,1,0,0.930658,0.753640,778,328,0.303940,STAND TEMPORARILY LOST (1),,,,,,,,,,
404,13.466667,24.919,17.529,14621,11,763,0.916917,0.622246,0.831163,0.769582,0.000000,0,0.000,0.000,NO LASHING,NO BUNDLE,0,0,0,,,,0,1,1,1,0.945000,0.717939,736,331,0.307120,STAND LOCKED,,,,,,,,,,
405,13.500000,26.680,19.846,14857,37,523,0.918322,0.633945,0.826483,0.776134,0.000000,0,0.000,0.000,NO LASHING,NO BUNDLE,0,0,0,,,,0,1,1,1,0.945000,0.717939,736,331,0.307120,STAND LOCKED,,,,,,,,,,
406,13.533333,25.765,20.030,15099,0,609,0.921603,0.000000,0.799776,0.000000,0.000000,0,0.000,0.000,NO LASHING,NO BUNDLE,0,0,0,,,,0,1,1,1,0.864547,0.629586,598,330,0.459037,STAND LOCKED,,,,,,,,,,
407,13.566667,27.288,21.876,13278,0,1402,0.922479,0.000000,0.817407,0.000000,0.000000,0,0.000,0.000,NO LASHING,NO BUNDLE,0,0,0,,,,0,1,1,1,0.864547,0.629586,598,330,0.459037,STAND LOCKED,,,,,,,,,,
408,13.600000,31.807,20.120,14315,153,705,0.921593,0.731786,0.819995,0.826689,0.000000,0,0.000,0.000,GEOMETRY FAIL,NO BUNDLE,0,0,0,,,,0,1,1,1,0.897881,0.599947,618,289,0.447192,STAND LOCKED,,,,,,,,,,
409,13.633333,30.969,19.836,14188,245,421,0.915408,0.745990,0.834147,0.830699,0.000000,0,0.000,0.000,GEOMETRY FAIL,NO BUNDLE,0,0,0,,,,0,1,1,1,0.897881,0.599947,618,289,0.447192,STAND LOCKED,,,,,,,,,,
410,13.666667,22.690,18.603,13639,262,555,0.916218,0.745894,0.822229,0.831056,0.000000,0,0.000,0.000,GEOMETRY FAIL,NO BUNDLE,0,0,0,,,,0,1,1,0,0.897881,0.599947,618,289,0.447192,STAND TARGET JUMP REJECTED,,,,,,,,,,
411,13.700000,26.978,18.275,14255,71,417,0.925371,0.681647,0.808906,0.803509,0.000000,0,0.000,0.000,GEOMETRY FAIL,NO BUNDLE,0,0,0,,,,0,1,1,0,0.897881,0.599947,618,289,0.447192,STAND TARGET JUMP REJECTED,,,,,,,,,,
412,13.733333,25.283,17.861,13641,0,486,0.921240,0.000000,0.799974,0.000000,0.000000,0,0.000,0.000,NO LASHING,NO BUNDLE,0,0,0,,,,0,1,1,0,0.897881,0.599947,618,289,0.447192,STAND TARGET JUMP REJECTED,,,,,,,,,,
413,13.766667,23.924,20.653,14415,0,876,0.915196,0.000000,0.808264,0.000000,0.000000,0,0.000,0.000,NO LASHING,NO BUNDLE,0,0,0,,,,0,1,1,0,0.897881,0.599947,618,289,0.447192,STAND TARGET JUMP REJECTED,,,,,,,,,,
414,13.800000,29.279,19.882,14060,0,994,0.914152,0.000000,0.836248,0.000000,0.000000,0,0.000,0.000,NO LASHING,NO BUNDLE,0,0,0,,,,0,1,1,1,0.932120,0.616305,619,306,0.541167,STAND LOCKED,,,,,,,,,,
415,13.833333,27.659,21.547,13688,0,907,0.923262,0.000000,0.796179,0.000000,0.000000,0,0.000,0.000,NO LASHING,NO BUNDLE,0,0,0,,,,0,1,1,1,0.932120,0.616305,619,306,0.541167,STAND LOCKED,,,,,,,,,,
416,13.866667,28.985,20.186,13370,0,536,0.915337,0.000000,0.791671,0.000000,0.000000,0,0.000,0.000,NO LASHING,NO BUNDLE,0,0,0,,,,0,1,1,1,0.965744,0.630657,648,335,0.610192,STAND LOCKED,,,,,,,,,,
417,13.900000,34.565,20.902,15150,0,669,0.910815,0.000000,0.841729,0.000000,0.000000,0,0.000,0.000,NO LASHING,NO BUNDLE,0,0,0,,,,0,1,1,1,0.965744,0.630657,648,335,0.610192,STAND LOCKED,,,,,,,,,,
418,13.933333,28.082,18.836,15576,67,630,0.905567,0.668801,0.799898,0.787184,0.000000,0,0.000,0.000,GEOMETRY FAIL,NO BUNDLE,0,0,0,,,,0,1,1,1,0.955207,0.733538,661,402,0.592364,STAND LOCKED,,,,,,,,,,
419,13.966667,28.754,20.336,13451,0,708,0.914769,0.000000,0.815372,0.000000,0.000000,0,0.000,0.000,NO LASHING,NO BUNDLE,0,0,0,,,,0,1,1,1,0.955207,0.733538,661,402,0.592364,STAND LOCKED,,,,,,,,,,
420,14.000000,36.395,19.175,14687,0,616,0.914718,0.000000,0.788404,0.000000,0.000000,0,0.000,0.000,NO LASHING,NO BUNDLE,0,0,0,,,,0,1,1,1,0.879603,0.744148,668,375,0.426217,STAND LOCKED,,,,,,,,,,
421,14.033333,29.577,20.373,15646,33,405,0.923331,0.627513,0.809005,0.775422,0.000000,0,0.000,0.000,NO LASHING,NO BUNDLE,0,0,0,,,,0,1,1,1,0.879603,0.744148,668,375,0.426217,STAND LOCKED,,,,,,,,,,
422,14.066667,26.493,19.358,15232,41,552,0.921199,0.624366,0.813399,0.772783,0.000000,0,0.000,0.000,NO LASHING,NO BUNDLE,0,0,0,,,,0,1,1,0,0.879603,0.744148,668,375,0.426217,STAND TEMPORARILY LOST (1),,,,,,,,,,
423,14.100000,37.049,20.112,15894,19,65,0.908958,0.631101,0.766221,0.770029,0.000000,0,0.000,0.000,NO LASHING,NO BUNDLE,0,0,0,,,,0,1,1,0,0.879603,0.744148,668,375,0.426217,STAND TEMPORARILY LOST (1),,,,,,,,,,
424,14.133333,28.035,18.925,13588,352,526,0.920290,0.716519,0.790890,0.818405,0.000000,0,0.000,0.000,GEOMETRY FAIL,NO BUNDLE,0,0,0,,,,0,1,1,1,0.851479,0.613424,596,375,0.579089,STAND LOCKED,,,,,,,,,,
425,14.166667,31.311,18.256,14922,95,352,0.906755,0.648261,0.776698,0.777508,0.000000,0,0.000,0.000,GEOMETRY FAIL,NO BUNDLE,0,0,0,,,,0,1,1,1,0.851479,0.613424,596,375,0.579089,STAND LOCKED,,,,,,,,,,
426,14.200000,23.831,16.849,16407,209,542,0.907716,0.765249,0.812853,0.836483,0.000000,0,0.000,0.000,GEOMETRY FAIL,NO BUNDLE,0,0,0,,,,0,1,1,1,0.731096,0.559079,553,316,0.490521,STAND LOCKED,,,,,,,,,,
427,14.233333,23.096,17.220,15199,654,468,0.908644,0.758444,0.779809,0.833544,0.000000,0,0.000,0.000,GEOMETRY FAIL,NO BUNDLE,0,0,0,,,,0,1,1,1,0.731096,0.559079,553,316,0.490521,STAND LOCKED,,,,,,,,,,
428,14.266667,29.475,16.048,15367,195,592,0.900366,0.740039,0.814282,0.820203,0.000000,0,0.000,0.000,GEOMETRY FAIL,NO BUNDLE,0,0,0,,,,0,1,1,0,0.731096,0.559079,553,316,0.490521,STAND TARGET JUMP REJECTED,,,,,,,,,,
429,14.300000,27.689,18.250,14806,49,1157,0.900897,0.651355,0.835320,0.776126,0.000000,0,0.000,0.000,NO LASHING,NO BUNDLE,0,0,0,,,,0,1,1,0,0.731096,0.559079,553,316,0.490521,STAND TARGET JUMP REJECTED,,,,,,,,,,
430,14.333333,29.858,16.563,15807,75,1279,0.897891,0.647296,0.798934,0.772593,0.000000,0,0.000,0.000,GEOMETRY FAIL,NO BUNDLE,0,0,0,,,,0,1,1,1,0.903519,0.672200,708,350,0.401012,STAND LOCKED,,,,,,,,,,
431,14.366667,23.815,16.416,15256,231,1497,0.905032,0.645732,0.820400,0.775382,0.000000,0,0.000,0.000,GEOMETRY FAIL,NO BUNDLE,0,0,0,,,,0,1,1,1,0.903519,0.672200,708,350,0.401012,STAND LOCKED,,,,,,,,,,
432,14.400000,27.861,16.243,15779,36,801,0.912399,0.641108,0.811623,0.776753,0.000000,0,0.000,0.000,NO LASHING,NO BUNDLE,0,0,0,,,,0,1,1,0,0.903519,0.672200,708,350,0.401012,STAND TEMPORARILY LOST (1),,,,,,,,,,
433,14.433333,25.892,16.411,15333,179,858,0.903380,0.715641,0.813655,0.809511,0.000000,0,0.000,0.000,GEOMETRY FAIL,NO BUNDLE,0,0,0,,,,0,1,1,0,0.903519,0.672200,708,350,0.401012,STAND TEMPORARILY LOST (1),,,,,,,,,,
434,14.466667,28.574,15.062,16903,77,1415,0.894906,0.667656,0.833259,0.781281,0.000000,0,0.000,0.000,GEOMETRY FAIL,NO BUNDLE,0,0,0,,,,0,1,1,0,0.903519,0.672200,708,350,0.401012,STAND TEMPORARILY LOST (2),,,,,,,,,,
435,14.500000,27.312,14.906,18447,158,1565,0.896578,0.687361,0.817905,0.791970,0.000000,0,0.000,0.000,GEOMETRY FAIL,NO BUNDLE,0,0,0,,,,0,1,1,0,0.903519,0.672200,708,350,0.401012,STAND TEMPORARILY LOST (2),,,,,,,,,,
436,14.533333,31.724,14.200,16913,143,1689,0.889155,0.683801,0.830738,0.786478,0.000000,0,0.000,0.000,GEOMETRY FAIL,NO BUNDLE,0,0,0,,,,0,1,1,1,0.945000,0.689868,676,368,0.349275,STAND LOCKED,,,,,,,,,,
437,14.566667,40.523,15.186,14462,0,1954,0.881244,0.000000,0.822233,0.000000,0.000000,0,0.000,0.000,NO LASHING,NO BUNDLE,0,0,0,,,,0,1,1,1,0.945000,0.689868,676,368,0.349275,STAND LOCKED,,,,,,,,,,
438,14.600000,28.412,15.415,13689,45,1765,0.904961,0.695878,0.837398,0.800420,0.000000,0,0.000,0.000,NO LASHING,NO BUNDLE,0,0,0,,,,0,1,1,0,0.945000,0.689868,676,368,0.349275,STAND TEMPORARILY LOST (1),,,,,,,,,,
439,14.633333,23.344,15.754,12995,178,2751,0.901270,0.696899,0.855563,0.799084,0.000000,0,0.000,0.000,GEOMETRY FAIL,NO BUNDLE,0,0,0,,,,0,1,1,0,0.945000,0.689868,676,368,0.349275,STAND TEMPORARILY LOST (1),,,,,,,,,,
440,14.666667,25.002,15.065,15387,291,2670,0.898922,0.765634,0.849705,0.832278,0.000000,0,0.000,0.000,GEOMETRY FAIL,NO BUNDLE,0,0,0,,,,0,1,1,1,0.945000,0.676319,648,370,0.311479,STAND LOCKED,,,,,,,,,,
441,14.700000,25.363,17.988,15917,1,2889,0.897392,0.605098,0.885850,0.751245,0.000000,0,0.000,0.000,NO LASHING,NO BUNDLE,0,0,0,,,,0,1,1,1,0.945000,0.676319,648,370,0.311479,STAND LOCKED,,,,,,,,,,
442,14.733333,41.316,17.572,16632,0,3233,0.915365,0.000000,0.869993,0.000000,0.000000,0,0.000,0.000,NO LASHING,NO BUNDLE,0,0,0,,,,0,1,1,1,0.886190,0.686373,638,374,0.292943,STAND LOCKED,,,,,,,,,,
443,14.766667,37.060,18.568,16893,0,3441,0.913721,0.000000,0.875400,0.000000,0.000000,0,0.000,0.000,NO LASHING,NO BUNDLE,0,0,0,,,,0,1,1,1,0.886190,0.686373,638,374,0.292943,STAND LOCKED,,,,,,,,,,
444,14.800000,25.487,18.560,15599,0,2215,0.921096,0.000000,0.853674,0.000000,0.000000,0,0.000,0.000,NO LASHING,NO BUNDLE,0,0,0,,,,0,1,1,1,0.945000,0.675223,638,373,0.294533,STAND LOCKED,,,,,,,,,,
445,14.833333,32.536,19.872,12550,18,2920,0.914211,0.671048,0.862182,0.792629,0.000000,0,0.000,0.000,NO LASHING,NO BUNDLE,0,0,0,,,,0,1,1,1,0.945000,0.675223,638,373,0.294533,STAND LOCKED,,,,,,,,,,
446,14.866667,28.769,19.874,15928,1,2410,0.921042,0.603403,0.862556,0.762223,0.000000,0,0.000,0.000,NO LASHING,NO BUNDLE,0,0,0,,,,0,1,1,0,0.945000,0.675223,638,373,0.294533,STAND TEMPORARILY LOST (1),,,,,,,,,,
447,14.900000,31.447,19.279,13529,227,1287,0.910100,0.679133,0.828696,0.794616,0.000000,0,0.000,0.000,GEOMETRY FAIL,NO BUNDLE,0,0,0,,,,0,1,1,0,0.945000,0.675223,638,373,0.294533,STAND TEMPORARILY LOST (1),,,,,,,,,,
448,14.933333,26.018,17.677,15470,42,1983,0.905322,0.639172,0.813305,0.772247,0.000000,0,0.000,0.000,NO LASHING,NO BUNDLE,0,0,0,,,,0,1,1,0,0.945000,0.675223,638,373,0.294533,STAND TEMPORARILY LOST (2),,,,,,,,,,
449,14.966667,25.696,19.920,16017,9,2468,0.896034,0.651499,0.843495,0.773766,0.000000,0,0.000,0.000,NO LASHING,NO BUNDLE,0,0,0,,,,0,1,1,0,0.945000,0.675223,638,373,0.294533,STAND TEMPORARILY LOST (2),,,,,,,,,,
450,15.000000,20.367,18.133,13690,87,2434,0.905866,0.681257,0.822392,0.793562,0.000000,0,0.000,0.000,GEOMETRY FAIL,NO BUNDLE,0,0,0,,,,0,1,1,0,0.945000,0.675223,638,373,0.294533,STAND TEMPORARILY LOST (3),,,,,,,,,,
451,15.033333,34.932,17.258,17179,68,1889,0.900778,0.642688,0.848609,0.771733,0.000000,0,0.000,0.000,GEOMETRY FAIL,NO BUNDLE,0,0,0,,,,0,1,1,0,0.945000,0.675223,638,373,0.294533,STAND TEMPORARILY LOST (3),,,,,,,,,,
452,15.066667,23.651,15.901,18041,132,1990,0.895929,0.678693,0.849656,0.787311,0.000000,0,0.000,0.000,GEOMETRY FAIL,NO BUNDLE,0,0,0,,,,0,0,0,0,0.000000,0.000000,,,,STAND TARGET JUMP REJECTED,,,,,,,,,,
453,15.100000,23.887,14.885,15971,317,898,0.893726,0.648705,0.804017,0.771215,0.000000,0,0.000,0.000,GEOMETRY FAIL,NO BUNDLE,0,0,0,,,,0,0,0,0,0.000000,0.000000,,,,WEAK STAND GEOMETRY,,,,,,,,,,
454,15.133333,26.466,14.280,14453,56,1160,0.898716,0.669282,0.838691,0.783999,0.000000,0,0.000,0.000,NO LASHING,NO BUNDLE,0,0,0,,,,0,0,0,0,0.000000,0.000000,,,,NEED TWO DARK RAILS AND AN UPRIGHT,,,,,,,,,,
455,15.166667,31.155,13.423,13564,0,1108,0.877734,0.000000,0.773319,0.000000,0.000000,0,0.000,0.000,NO LASHING,NO BUNDLE,0,0,0,,,,0,0,0,0,0.000000,0.000000,,,,WEAK STAND GEOMETRY,,,,,,,,,,
456,15.200000,26.639,13.518,18115,10,1710,0.890806,0.631396,0.836265,0.761101,0.000000,0,0.000,0.000,NO LASHING,NO BUNDLE,0,0,0,,,,0,1,0,1,0.847836,0.524607,662,194,0.425000,ACQUIRING STAND 1/4,,,,,,,,,,
457,15.233333,23.827,16.529,14941,37,2018,0.891268,0.625288,0.822018,0.758278,0.000000,0,0.000,0.000,NO LASHING,NO BUNDLE,0,0,0,,,,0,1,0,1,0.847836,0.524607,662,194,0.425000,ACQUIRING STAND 1/4,,,,,,,,,,
458,15.266667,26.628,15.587,13506,286,824,0.892867,0.736393,0.812912,0.814630,0.000000,0,0.000,0.000,GEOMETRY FAIL,NO BUNDLE,0,0,0,,,,0,1,0,0,0.847836,0.524607,662,194,0.425000,STAND TARGET JUMP REJECTED,,,,,,,,,,
459,15.300000,31.955,15.708,16015,166,1266,0.900582,0.691154,0.825116,0.795868,0.000000,0,0.000,0.000,GEOMETRY FAIL,NO BUNDLE,0,0,0,,,,0,1,0,0,0.847836,0.524607,662,194,0.425000,STAND TARGET JUMP REJECTED,,,,,,,,,,
460,15.333333,24.770,14.998,14314,365,1382,0.897168,0.724550,0.857290,0.810859,0.000000,0,0.000,0.000,GEOMETRY FAIL,NO BUNDLE,0,0,0,,,,0,1,0,1,0.808528,0.518720,613,234,0.426528,ACQUIRING STAND 1/4,,,,,,,,,,
461,15.366667,29.614,16.919,16595,29,759,0.887315,0.662923,0.780940,0.775119,0.000000,0,0.000,0.000,NO LASHING,NO BUNDLE,0,0,0,,,,0,1,0,1,0.808528,0.518720,613,234,0.426528,ACQUIRING STAND 1/4,,,,,,,,,,
462,15.400000,30.319,15.433,13570,135,1844,0.901144,0.696110,0.841516,0.798627,0.000000,0,0.000,0.000,GEOMETRY FAIL,NO BUNDLE,0,0,0,,,,0,1,0,0,0.808528,0.518720,613,234,0.426528,STAND TARGET JUMP REJECTED,,,,,,,,,,
463,15.433333,33.182,15.409,15265,70,1746,0.890202,0.665529,0.839016,0.777866,0.000000,0,0.000,0.000,GEOMETRY FAIL,NO BUNDLE,0,0,0,,,,0,1,0,0,0.808528,0.518720,613,234,0.426528,STAND TARGET JUMP REJECTED,,,,,,,,,,
464,15.466667,27.876,15.031,15155,0,1093,0.875280,0.000000,0.795124,0.000000,0.000000,0,0.000,0.000,NO LASHING,NO BUNDLE,0,0,0,,,,0,1,0,1,0.863242,0.578218,667,326,0.353118,ACQUIRING STAND 1/4,,,,,,,,,,
465,15.500000,32.509,16.782,13098,0,1333,0.891747,0.000000,0.820140,0.000000,0.000000,0,0.000,0.000,NO LASHING,NO BUNDLE,0,0,0,,,,0,1,0,1,0.863242,0.578218,667,326,0.353118,ACQUIRING STAND 1/4,,,,,,,,,,
466,15.533333,27.132,15.986,16462,0,1117,0.893653,0.000000,0.789568,0.000000,0.000000,0,0.000,0.000,NO LASHING,NO BUNDLE,0,0,0,,,,0,1,0,1,0.877809,0.655856,694,374,0.325431,ACQUIRING STAND 2/4,,,,,,,,,,
467,15.566667,24.419,18.596,14863,0,1315,0.885153,0.000000,0.811495,0.000000,0.000000,0,0.000,0.000,NO LASHING,NO BUNDLE,0,0,0,,,,0,1,0,1,0.877809,0.655856,694,374,0.325431,ACQUIRING STAND 2/4,,,,,,,,,,
468,15.600000,26.077,17.354,16982,0,2038,0.881331,0.000000,0.811060,0.000000,0.000000,0,0.000,0.000,NO LASHING,NO BUNDLE,0,0,0,,,,0,1,0,0,0.877809,0.655856,694,374,0.325431,STAND TARGET JUMP REJECTED,,,,,,,,,,
469,15.633333,21.434,17.702,15547,163,1184,0.890389,0.677817,0.792278,0.784103,0.000000,0,0.000,0.000,GEOMETRY FAIL,NO BUNDLE,0,0,0,,,,0,1,0,0,0.877809,0.655856,694,374,0.325431,STAND TARGET JUMP REJECTED,,,,,,,,,,
470,15.666667,23.097,17.153,16521,0,2243,0.911257,0.000000,0.812301,0.000000,0.000000,0,0.000,0.000,NO LASHING,NO BUNDLE,0,0,0,,,,0,1,0,1,0.795928,0.552254,619,343,0.406166,ACQUIRING STAND 1/4,,,,,,,,,,
471,15.700000,34.561,18.345,15886,0,1527,0.907640,0.000000,0.835402,0.000000,0.000000,0,0.000,0.000,NO LASHING,NO BUNDLE,0,0,0,,,,0,1,0,1,0.795928,0.552254,619,343,0.406166,ACQUIRING STAND 1/4,,,,,,,,,,
472,15.733333,26.032,17.498,16621,0,2266,0.908325,0.000000,0.816167,0.000000,0.000000,0,0.000,0.000,NO LASHING,NO BUNDLE,0,0,0,,,,0,1,0,1,0.802301,0.522035,627,298,0.450900,ACQUIRING STAND 2/4,,,,,,,,,,
473,15.766667,29.962,19.131,16461,0,2576,0.905113,0.000000,0.822845,0.000000,0.000000,0,0.000,0.000,NO LASHING,NO BUNDLE,0,0,0,,,,0,1,0,1,0.802301,0.522035,627,298,0.450900,ACQUIRING STAND 2/4,,,,,,,,,,
474,15.800000,29.117,17.589,15831,208,2604,0.906472,0.727575,0.829180,0.817023,0.000000,0,0.000,0.000,GEOMETRY FAIL,NO BUNDLE,0,0,0,,,,0,1,0,1,0.827822,0.503296,534,302,0.493183,ACQUIRING STAND 3/4,,,,,,,,,,
475,15.833333,24.961,18.145,15319,184,2274,0.907157,0.742491,0.862675,0.824824,0.000000,0,0.000,0.000,GEOMETRY FAIL,NO BUNDLE,0,0,0,,,,0,1,0,1,0.827822,0.503296,534,302,0.493183,ACQUIRING STAND 3/4,,,,,,,,,,
476,15.866667,24.964,16.865,16662,127,2628,0.901046,0.668788,0.843821,0.784917,0.000000,0,0.000,0.000,INSUFFICIENT LASHING PATTERN,NO BUNDLE,0,0,0,,,,0,1,1,1,0.878947,0.526695,566,355,0.696307,STAND LOCKED,,,,,,,,,,
477,15.900000,33.954,18.234,15837,32,2441,0.895828,0.636336,0.837247,0.766082,0.000000,0,0.000,0.000,NO LASHING,NO BUNDLE,0,0,0,,,,0,1,1,1,0.878947,0.526695,566,355,0.696307,STAND LOCKED,,,,,,,,,,
478,15.933333,25.553,17.078,15824,144,2004,0.899954,0.691338,0.852899,0.795646,0.000000,0,0.000,0.000,GEOMETRY FAIL,NO BUNDLE,0,0,0,,,,0,1,1,1,1.000000,0.619740,643,364,0.840422,STAND LOCKED,,,,,,,,,,
479,15.966667,23.358,16.681,15101,386,2383,0.901664,0.647914,0.836370,0.774789,0.000000,0,0.000,0.000,GEOMETRY FAIL,NO BUNDLE,0,0,0,,,,0,1,1,1,1.000000,0.619740,643,364,0.840422,STAND LOCKED,,,,,,,,,,
480,16.000000,26.083,15.423,16358,288,2171,0.904840,0.693290,0.830928,0.799065,0.000000,0,0.000,0.000,GEOMETRY FAIL,NO BUNDLE,0,0,0,,,,0,1,1,1,0.758590,0.552431,641,463,0.642495,STAND LOCKED,,,,,,,,,,
481,16.033333,21.682,15.713,16475,116,2799,0.889469,0.700905,0.835282,0.795187,0.000000,0,0.000,0.000,GEOMETRY FAIL,NO BUNDLE,0,0,0,,,,0,1,1,1,0.758590,0.552431,641,463,0.642495,STAND LOCKED,,,,,,,,,,
482,16.066667,35.800,14.570,15019,238,2700,0.900762,0.702810,0.843339,0.801786,0.000000,0,0.000,0.000,GEOMETRY FAIL,NO BUNDLE,0,0,0,,,,0,1,1,1,0.816694,0.494814,615,428,0.666484,STAND LOCKED,,,,,,,,,,
483,16.100000,23.651,15.142,16557,479,2563,0.884713,0.688548,0.841732,0.786631,0.000000,0,0.000,0.000,GEOMETRY FAIL,NO BUNDLE,0,0,0,,,,0,1,1,1,0.816694,0.494814,615,428,0.666484,STAND LOCKED,,,,,,,,,,
484,16.133333,27.845,14.020,16720,319,2809,0.889181,0.733584,0.845908,0.811382,0.000000,0,0.000,0.000,COMPONENTS TOO FAR,NO BUNDLE,0,0,0,,,,0,1,1,1,0.935591,0.572005,661,414,0.778876,STAND LOCKED,,,,,,,,,,
485,16.166667,36.699,13.744,18029,149,2755,0.896294,0.631241,0.840755,0.763768,0.000000,0,0.000,0.000,INSUFFICIENT LASHING PATTERN,NO BUNDLE,0,0,0,,,,0,1,1,1,0.935591,0.572005,661,414,0.778876,STAND LOCKED,,,,,,,,,,
486,16.200000,35.561,13.023,17993,521,2665,0.882653,0.684198,0.841224,0.783426,0.000000,0,0.000,0.000,GEOMETRY FAIL,NO BUNDLE,0,0,0,,,,0,1,1,1,0.938817,0.609540,669,408,0.816466,STAND LOCKED,,,,,,,,,,
487,16.233333,29.078,13.249,17835,463,2030,0.878797,0.660002,0.839204,0.769399,0.000000,0,0.000,0.000,COMPONENTS TOO FAR,NO BUNDLE,0,0,0,,,,0,1,1,1,0.938817,0.609540,669,408,0.816466,STAND LOCKED,,,,,,,,,,
488,16.266667,22.214,12.779,18827,389,2279,0.887883,0.645173,0.849625,0.766528,0.000000,0,0.000,0.000,COMPONENTS TOO FAR,NO BUNDLE,0,0,0,,,,0,1,1,1,0.876946,0.576601,654,424,0.792896,STAND LOCKED,,,,,,,,,,
489,16.300000,37.954,12.966,19446,400,2364,0.890292,0.659698,0.833702,0.774995,0.000000,0,0.000,0.000,COMPONENTS TOO FAR,NO BUNDLE,0,0,0,,,,0,1,1,1,0.876946,0.576601,654,424,0.792896,STAND LOCKED,,,,,,,,,,
490,16.333333,27.258,12.129,21589,179,2867,0.888623,0.635859,0.850659,0.762241,0.000000,0,0.000,0.000,GEOMETRY FAIL,NO BUNDLE,0,0,0,,,,0,1,1,1,0.920077,0.547652,690,432,0.774650,STAND LOCKED,,,,,,,,,,
491,16.366667,35.929,12.235,22759,148,3012,0.889229,0.656152,0.842955,0.772691,0.000000,0,0.000,0.000,COMPONENTS TOO FAR,NO BUNDLE,0,0,0,,,,0,1,1,1,0.920077,0.547652,690,432,0.774650,STAND LOCKED,,,,,,,,,,
492,16.400000,22.155,11.777,22720,174,3170,0.892335,0.665148,0.846357,0.778742,0.000000,0,0.000,0.000,INSUFFICIENT LASHING PATTERN,NO BUNDLE,0,0,0,,,,0,1,1,1,0.871380,0.540093,684,440,0.764148,STAND LOCKED,,,,,,,,,,
493,16.433333,30.183,12.112,22035,277,3119,0.900155,0.656317,0.849761,0.778236,0.000000,0,0.000,0.000,COMPONENTS TOO FAR,NO BUNDLE,0,0,0,,,,0,1,1,1,0.871380,0.540093,684,440,0.764148,STAND LOCKED,,,,,,,,,,
494,16.466667,27.525,11.671,20014,825,2982,0.893966,0.674372,0.870902,0.784169,0.000000,0,0.000,0.000,COMPONENTS TOO FAR,NO BUNDLE,0,0,0,,,,0,1,1,1,0.874758,0.539620,682,443,0.761714,STAND LOCKED,,,,,,,,,,
495,16.500000,35.832,11.673,20165,731,3509,0.886744,0.657059,0.861906,0.771902,0.000000,0,0.000,0.000,GEOMETRY FAIL,NO BUNDLE,0,0,0,,,,0,1,1,1,0.874758,0.539620,682,443,0.761714,STAND LOCKED,,,,,,,,,,
496,16.533333,26.317,11.059,17645,1673,3051,0.883886,0.710613,0.855905,0.797249,0.000000,0,169.878,45.215,APPEARANCE FAIL,NO BUNDLE,0,0,0,,,,0,1,1,1,0.936305,0.565789,661,404,0.866035,STAND LOCKED,,,,,,,,,,
497,16.566667,28.602,11.212,21821,1314,2981,0.887797,0.680817,0.854245,0.784307,0.000000,0,0.000,0.000,GEOMETRY FAIL,NO BUNDLE,0,0,0,,,,0,1,1,1,0.936305,0.565789,661,404,0.866035,STAND LOCKED,,,,,,,,,,
498,16.600000,25.730,10.744,21277,2201,2985,0.895633,0.715372,0.857013,0.805502,0.000000,0,0.000,0.000,INSUFFICIENT LASHING PATTERN,NO BUNDLE,0,0,0,,,,0,1,1,1,0.850131,0.530547,619,410,0.839646,STAND LOCKED,,,,,,,,,,
499,16.633333,28.784,11.108,20834,2687,2689,0.895602,0.725999,0.860372,0.810801,0.000000,0,0.000,0.000,GEOMETRY FAIL,NO BUNDLE,0,0,0,,,,0,1,1,1,0.850131,0.530547,619,410,0.839646,STAND LOCKED,,,,,,,,,,
500,16.666667,26.387,10.746,21174,2444,2422,0.894979,0.724881,0.860980,0.809930,0.000000,0,0.000,0.000,GEOMETRY FAIL,NO BUNDLE,0,0,0,,,,0,1,1,1,0.898653,0.559152,629,427,0.799508,STAND LOCKED,,,,,,,,,,
501,16.700000,34.139,10.545,20961,2908,2331,0.819537,0.713830,0.869137,0.800835,0.801729,1,188.889,21.638,VALID,CANDIDATE,1,1,0,854,586,166.000,0,1,1,1,0.898653,0.559152,629,427,0.799508,STAND LOCKED,,,,,,,,,,
502,16.733333,23.126,10.640,964,111,142,0.851785,0.723330,0.873360,0.787557,0.000000,0,0.000,0.000,INSUFFICIENT LASHING PATTERN,NO BUNDLE,0,0,0,,,,0,1,1,1,1.000000,0.629545,668,397,0.886862,STAND LOCKED,687,468,1086,692,,,,,,
503,16.766667,27.314,12.257,713,86,174,0.824579,0.704714,0.844585,0.764647,0.000000,0,0.000,0.000,GEOMETRY FAIL,NO BUNDLE,0,0,0,,,,0,1,1,1,1.000000,0.629545,668,397,0.886862,STAND LOCKED,687,468,1086,692,,,,,,
504,16.800000,26.713,12.072,643,74,103,0.827011,0.725531,0.860461,0.776271,0.000000,0,0.000,0.000,GEOMETRY FAIL,NO BUNDLE,0,0,0,,,,0,1,1,1,0.985842,0.628516,730,376,0.946796,STAND LOCKED,687,468,1086,692,,,,,,
505,16.833333,32.828,13.300,646,101,75,0.811545,0.730142,0.799603,0.770843,0.000000,0,0.000,0.000,GEOMETRY FAIL,NO BUNDLE,0,0,0,,,,0,1,1,1,0.985842,0.628516,730,376,0.946796,STAND LOCKED,687,468,1086,692,,,,,,
506,16.866667,32.237,13.038,346,49,22,0.807377,0.684627,0.751685,0.746002,0.000000,0,0.000,0.000,NO LASHING,NO BUNDLE,0,0,0,,,,0,1,1,1,1.000000,0.648879,766,368,0.949322,STAND LOCKED,687,468,1086,692,,,,,,
507,16.900000,31.467,14.947,319,31,11,0.794163,0.644815,0.761875,0.719489,0.000000,0,0.000,0.000,NO LASHING,NO BUNDLE,0,0,0,,,,0,1,1,1,1.000000,0.648879,766,368,0.949322,STAND LOCKED,687,468,1086,692,,,,,,
508,16.933333,27.237,14.023,280,23,47,0.809907,0.681530,0.779402,0.745719,0.000000,0,0.000,0.000,NO LASHING,NO BUNDLE,0,0,0,,,,0,1,1,1,0.858946,0.574860,722,380,0.926778,STAND LOCKED,687,468,1086,692,,,,,,
509,16.966667,26.234,13.682,21196,3066,1605,0.892125,0.742321,0.841464,0.817223,0.000000,0,0.000,0.000,GEOMETRY FAIL,NO BUNDLE,0,0,0,,,,0,1,1,1,0.858946,0.574860,722,380,0.926778,STAND LOCKED,,,,,,,,,,
510,17.000000,24.227,13.101,166,14,30,0.800839,0.727348,0.794199,0.764094,0.000000,0,0.000,0.000,NO BLACK,NO BUNDLE,0,0,0,,,,0,1,1,1,0.886251,0.565234,721,414,0.828786,STAND LOCKED,687,468,1086,692,,,,,,
511,17.033333,27.269,15.736,115,2,41,0.793663,0.625386,0.790175,0.709525,0.000000,0,0.000,0.000,NO BLACK,NO BUNDLE,0,0,0,,,,0,1,1,1,0.886251,0.565234,721,414,0.828786,STAND LOCKED,687,468,1086,692,,,,,,
512,17.066667,24.754,15.457,160,20,53,0.802763,0.737455,0.809820,0.770109,0.000000,0,0.000,0.000,NO BLACK,NO BUNDLE,0,0,0,,,,0,1,1,0,0.886251,0.565234,721,414,0.828786,STAND TARGET JUMP REJECTED,687,468,1086,692,,,,,,
513,17.100000,36.776,16.627,192,7,90,0.831016,0.645189,0.834962,0.738103,0.000000,0,0.000,0.000,NO BLACK,NO BUNDLE,0,0,0,,,,0,1,1,0,0.886251,0.565234,721,414,0.828786,STAND TARGET JUMP REJECTED,687,468,1086,692,,,,,,
514,17.133333,24.297,15.764,213,44,12,0.834214,0.693895,0.769146,0.764055,0.000000,0,0.000,0.000,NO BLACK,NO BUNDLE,0,0,0,,,,0,1,1,1,0.868730,0.545706,701,431,0.788509,STAND LOCKED,687,468,1086,692,,,,,,
515,17.166667,34.011,17.162,136,13,63,0.812645,0.665279,0.798315,0.738962,0.000000,0,0.000,0.000,NO BLACK,NO BUNDLE,0,0,0,,,,0,1,1,1,0.868730,0.545706,701,431,0.788509,STAND LOCKED,687,468,1086,692,,,,,,
516,17.200000,24.566,16.365,295,49,66,0.821447,0.685190,0.804355,0.753318,0.000000,0,0.000,0.000,NO LASHING,NO BUNDLE,0,0,0,,,,0,1,1,1,0.724411,0.515826,704,438,0.772676,STAND LOCKED,687,468,1086,692,,,,,,
517,17.233333,25.985,18.587,390,30,26,0.805947,0.698080,0.758115,0.752014,0.000000,0,0.000,0.000,NO LASHING,NO BUNDLE,0,0,0,,,,0,1,1,1,0.724411,0.515826,704,438,0.772676,STAND LOCKED,687,468,1086,692,,,,,,
518,17.266667,35.300,17.299,428,25,74,0.817050,0.663251,0.823274,0.740150,0.000000,0,0.000,0.000,NO LASHING,NO BUNDLE,0,0,0,,,,0,1,1,1,0.868003,0.522842,694,442,0.763260,STAND LOCKED,687,468,1086,692,,,,,,
519,17.300000,33.949,17.466,615,80,74,0.818686,0.699040,0.812987,0.758863,0.000000,0,0.000,0.000,COMPONENTS TOO FAR,NO BUNDLE,0,0,0,,,,0,1,1,1,0.868003,0.522842,694,442,0.763260,STAND LOCKED,687,468,1086,692,,,,,,
520,17.333333,22.787,16.341,1038,115,125,0.824916,0.695197,0.877790,0.760056,0.000000,0,0.000,0.000,COMPONENTS TOO FAR,NO BUNDLE,0,0,0,,,,0,1,1,1,0.814759,0.518126,733,425,0.707842,STAND LOCKED,687,468,1086,692,,,,,,
521,17.366667,22.672,17.674,781,117,141,0.836319,0.695428,0.881125,0.765874,0.000000,0,0.000,0.000,COMPONENTS TOO FAR,NO BUNDLE,0,0,0,,,,0,1,1,1,0.814759,0.518126,733,425,0.707842,STAND LOCKED,687,468,1086,692,,,,,,
522,17.400000,25.188,16.441,21161,2980,1246,0.886843,0.755190,0.840189,0.821017,0.000000,0,0.000,0.000,GEOMETRY FAIL,NO BUNDLE,0,0,0,,,,0,1,1,1,0.848955,0.507356,702,438,0.727973,STAND LOCKED,,,,,,,,,,
523,17.433333,26.593,15.949,21510,3557,1373,0.881720,0.739394,0.855043,0.810557,0.000000,0,0.000,0.000,GEOMETRY FAIL,NO BUNDLE,0,0,0,,,,0,1,1,1,0.848955,0.507356,702,438,0.727973,STAND LOCKED,,,,,,,,,,
524,17.466667,25.449,14.623,19107,3268,939,0.874724,0.736162,0.848067,0.805443,0.000000,0,0.000,0.000,GEOMETRY FAIL,NO BUNDLE,0,0,0,,,,0,1,1,1,1.000000,0.590937,726,408,0.838630,STAND LOCKED,,,,,,,,,,
525,17.500000,25.956,14.216,18544,2841,1274,0.852068,0.698318,0.788109,0.779498,0.724027,1,187.878,17.871,VALID,CANDIDATE,1,1,0,1018,630,225.000,0,1,1,1,1.000000,0.590937,726,408,0.838630,STAND LOCKED,,,,,,,,,,
526,17.533333,23.784,13.284,2614,678,35,0.847364,0.771530,0.773128,0.809447,0.000000,0,0.000,0.000,GEOMETRY FAIL,NO BUNDLE,0,0,0,,,,0,1,1,1,0.873917,0.600077,679,427,0.796758,STAND LOCKED,793,459,1257,720,,,,,,
527,17.566667,31.840,14.730,2981,622,35,0.856050,0.758673,0.783360,0.807361,0.000000,0,0.000,0.000,GEOMETRY FAIL,NO BUNDLE,0,0,0,,,,0,1,1,1,0.873917,0.600077,679,427,0.796758,STAND LOCKED,793,459,1257,720,,,,,,
528,17.600000,27.366,13.858,2699,667,116,0.859088,0.761337,0.839320,0.810212,0.000000,0,0.000,0.000,GEOMETRY FAIL,NO BUNDLE,0,0,0,,,,0,1,1,0,0.873917,0.600077,679,427,0.796758,STAND TEMPORARILY LOST (1),793,459,1257,720,,,,,,
529,17.633333,32.681,14.655,2858,653,89,0.863527,0.761698,0.832838,0.812613,0.000000,0,0.000,0.000,GEOMETRY FAIL,NO BUNDLE,0,0,0,,,,0,1,1,0,0.873917,0.600077,679,427,0.796758,STAND TEMPORARILY LOST (1),793,459,1257,720,,,,,,
530,17.666667,22.154,14.373,2931,722,138,0.858674,0.766527,0.810240,0.812601,0.000000,0,0.000,0.000,GEOMETRY FAIL,NO BUNDLE,0,0,0,,,,0,1,1,1,0.868823,0.561465,654,436,0.772569,STAND LOCKED,793,459,1257,720,,,,,,
531,17.700000,31.916,14.188,2902,706,52,0.864939,0.772361,0.808345,0.818650,0.000000,0,0.000,0.000,GEOMETRY FAIL,NO BUNDLE,0,0,0,,,,0,1,1,1,0.868823,0.561465,654,436,0.772569,STAND LOCKED,793,459,1257,720,,,,,,
532,17.733333,21.103,13.961,3459,637,72,0.870782,0.751953,0.812611,0.811367,0.000000,0,0.000,0.000,GEOMETRY FAIL,NO BUNDLE,0,0,0,,,,0,1,1,1,0.789440,0.486249,511,408,0.722726,STAND LOCKED,793,459,1257,720,,,,,,
533,17.766667,25.028,13.578,3394,625,94,0.879775,0.762407,0.000000,0.821091,0.823152,1,0.000,0.000,VALID,CANDIDATE,1,1,0,931,629,297.000,0,1,1,1,0.789440,0.486249,511,408,0.722726,STAND LOCKED,793,459,1257,720,,,,,,
534,17.800000,20.781,13.073,3893,708,24,0.877940,0.753682,0.735913,0.815811,0.000000,0,0.000,0.000,GEOMETRY FAIL,NO BUNDLE,0,0,0,,,,0,1,1,1,0.889153,0.527875,570,387,0.851546,STAND LOCKED,764,440,1262,720,,,,,,
535,17.833333,36.339,13.749,4804,572,33,0.894970,0.739252,0.769013,0.817111,0.000000,0,0.000,0.000,GEOMETRY FAIL,NO BUNDLE,0,0,0,,,,0,1,1,1,0.889153,0.527875,570,387,0.851546,STAND LOCKED,764,440,1262,720,,,,,,
536,17.866667,24.333,13.321,5333,718,64,0.905820,0.780833,0.782377,0.843327,0.000000,0,0.000,0.000,GEOMETRY FAIL,NO BUNDLE,0,0,0,,,,0,1,1,0,0.889153,0.527875,570,387,0.851546,STAND TEMPORARILY LOST (1),764,440,1262,720,,,,,,
537,17.900000,30.538,14.117,5770,719,51,0.883173,0.785194,0.773611,0.834183,0.000000,0,0.000,0.000,GEOMETRY FAIL,NO BUNDLE,0,0,0,,,,0,1,1,0,0.889153,0.527875,570,387,0.851546,STAND TEMPORARILY LOST (1),764,440,1262,720,,,,,,
538,17.933333,24.238,13.665,5291,407,139,0.891896,0.731536,0.830526,0.811716,0.000000,0,0.000,0.000,GEOMETRY FAIL,NO BUNDLE,0,0,0,,,,0,1,1,0,0.889153,0.527875,570,387,0.851546,STAND TARGET JUMP REJECTED,764,440,1262,720,,,,,,
539,17.966667,28.117,13.673,15210,3922,79,0.854892,0.778246,0.732212,0.816569,0.000000,0,0.000,0.000,GEOMETRY FAIL,NO BUNDLE,0,0,0,,,,0,1,1,0,0.889153,0.527875,570,387,0.851546,STAND TARGET JUMP REJECTED,,,,,,,,,,
540,18.000000,24.472,13.268,5786,650,34,0.902101,0.752672,0.873917,0.827386,0.000000,0,0.000,0.000,GEOMETRY FAIL,NO BUNDLE,0,0,0,,,,0,1,1,0,0.889153,0.527875,570,387,0.851546,STAND TARGET JUMP REJECTED,764,440,1262,720,,,,,,
541,18.033333,31.881,13.798,5887,461,122,0.900658,0.738660,0.793751,0.819659,0.000000,0,0.000,0.000,GEOMETRY FAIL,NO BUNDLE,0,0,0,,,,0,1,1,0,0.889153,0.527875,570,387,0.851546,STAND TARGET JUMP REJECTED,764,440,1262,720,,,,,,
542,18.066667,23.065,13.407,6375,701,85,0.906603,0.768578,0.858487,0.837591,0.000000,0,0.000,0.000,GEOMETRY FAIL,NO BUNDLE,0,0,0,,,,0,1,1,1,0.925548,0.588517,607,418,0.664307,STAND LOCKED,764,440,1262,720,,,,,,
543,18.100000,28.360,13.636,6534,607,45,0.906309,0.737814,0.848593,0.822062,0.000000,0,0.000,0.000,GEOMETRY FAIL,NO BUNDLE,0,0,0,,,,0,1,1,1,0.925548,0.588517,607,418,0.664307,STAND LOCKED,764,440,1262,720,,,,,,
544,18.133333,32.869,12.737,6435,332,0,0.902401,0.753054,0.000000,0.827727,0.000000,0,0.000,0.000,GEOMETRY FAIL,NO BUNDLE,0,0,0,,,,0,1,1,0,0.925548,0.588517,607,418,0.664307,STAND TEMPORARILY LOST (1),764,440,1262,720,,,,,,
545,18.166667,31.983,13.602,5823,464,0,0.891160,0.750049,0.000000,0.820604,0.000000,0,0.000,0.000,GEOMETRY FAIL,NO BUNDLE,0,0,0,,,,0,1,1,0,0.925548,0.588517,607,418,0.664307,STAND TEMPORARILY LOST (1),764,440,1262,720,,,,,,
546,18.200000,22.552,13.542,5289,341,108,0.902015,0.726829,0.834060,0.814422,0.000000,0,0.000,0.000,GEOMETRY FAIL,NO BUNDLE,0,0,0,,,,0,1,1,1,0.843227,0.595089,624,406,0.538799,STAND LOCKED,764,440,1262,720,,,,,,
547,18.233333,23.597,15.267,5227,268,58,0.907099,0.736560,0.770256,0.821829,0.000000,0,0.000,0.000,GEOMETRY FAIL,NO BUNDLE,0,0,0,,,,0,1,1,1,0.843227,0.595089,624,406,0.538799,STAND LOCKED,764,440,1262,720,,,,,,
548,18.266667,26.040,14.326,4496,1056,750,0.822744,0.774087,0.889359,0.828730,0.811221,1,226.027,31.853,VALID,CANDIDATE,1,1,0,929,465,105.000,0,1,1,1,0.677491,0.607582,785,396,0.492251,STAND LOCKED,764,440,1262,720,,,,,,
549,18.300000,38.285,14.145,840,997,607,0.830335,0.811782,0.879115,0.821058,0.000000,0,0.000,0.000,GEOMETRY FAIL,NO BUNDLE,0,0,0,,,,0,1,1,1,0.677491,0.607582,785,396,0.492251,STAND LOCKED,748,421,1221,687,,,,,,
550,18.333333,27.017,13.333,925,1221,698,0.831661,0.780752,0.848767,0.806206,0.000000,0,0.000,0.000,GEOMETRY FAIL,NO BUNDLE,0,0,0,,,,0,1,1,0,0.677491,0.607582,785,396,0.492251,STAND TARGET JUMP REJECTED,748,421,1221,687,,,,,,
551,18.366667,21.844,15.157,1030,1373,636,0.823586,0.774608,0.851005,0.799097,0.000000,0,0.000,0.000,GEOMETRY FAIL,NO BUNDLE,0,0,0,,,,0,1,1,0,0.677491,0.607582,785,396,0.492251,STAND TARGET JUMP REJECTED,748,421,1221,687,,,,,,
552,18.400000,24.683,14.421,983,1428,473,0.834206,0.791427,0.832482,0.812817,0.000000,0,0.000,0.000,GEOMETRY FAIL,NO BUNDLE,0,0,0,,,,0,1,1,1,0.892335,0.585235,861,447,0.471305,STAND LOCKED,748,421,1221,687,,,,,,
553,18.433333,29.356,13.846,1272,1435,415,0.861287,0.784095,0.893486,0.846289,0.862441,1,232.161,15.125,VALID,CANDIDATE,1,1,0,915,474,141.000,0,1,1,1,0.892335,0.585235,861,447,0.471305,STAND LOCKED,748,421,1221,687,,,,,,
554,18.466667,26.807,13.300,946,1637,304,0.818716,0.786394,0.809283,0.802555,0.000000,0,0.000,0.000,GEOMETRY FAIL,NO BUNDLE,0,0,0,,,,0,1,1,1,0.841969,0.616253,922,416,0.458059,STAND LOCKED,741,408,1195,663,,,,,,
555,18.500000,33.808,12.703,1070,1501,638,0.854170,0.820128,0.875588,0.849962,0.833478,1,223.061,25.032,VALID,CANDIDATE,1,1,0,1004,472,71.000,0,1,1,1,0.841969,0.616253,922,416,0.458059,STAND LOCKED,741,408,1195,663,,,,,,
556,18.533333,19.766,12.289,521,1129,165,0.827493,0.790291,0.800776,0.808892,0.000000,0,0.000,0.000,GEOMETRY FAIL,NO BUNDLE,0,0,0,,,,0,1,1,1,0.917899,0.632725,947,392,0.471960,STAND LOCKED,749,398,1187,644,,,,,,
557,18.566667,20.775,12.597,801,1248,184,0.847817,0.783868,0.000000,0.815842,0.830995,1,0.000,0.000,VALID,CANDIDATE,1,1,0,884,463,95.000,0,1,1,1,0.917899,0.632725,947,392,0.471960,STAND LOCKED,749,398,1187,644,,,,,,
558,18.600000,24.590,12.084,427,1212,79,0.800966,0.766336,0.778795,0.783651,0.000000,0,0.000,0.000,GEOMETRY FAIL,NO BUNDLE,0,0,0,,,,0,1,1,0,0.917899,0.632725,947,392,0.471960,STAND TARGET JUMP REJECTED,734,389,1160,628,,,,,,
559,18.633333,21.373,13.346,589,908,260,0.816490,0.790309,0.834759,0.803399,0.000000,0,0.000,0.000,GEOMETRY FAIL,NO BUNDLE,0,0,0,,,,0,1,1,0,0.917899,0.632725,947,392,0.471960,STAND TARGET JUMP REJECTED,734,389,1160,628,,,,,,
560,18.666667,26.975,12.308,651,1058,433,0.810340,0.788541,0.878436,0.799441,0.000000,0,0.000,0.000,GEOMETRY FAIL,NO BUNDLE,0,0,0,,,,0,1,1,0,0.917899,0.632725,947,392,0.471960,STAND TARGET JUMP REJECTED,734,389,1160,628,,,,,,
561,18.700000,21.168,13.563,700,1088,488,0.805202,0.791223,0.853657,0.798213,0.000000,0,0.000,0.000,GEOMETRY FAIL,NO BUNDLE,0,0,0,,,,0,1,1,0,0.917899,0.632725,947,392,0.471960,STAND TARGET JUMP REJECTED,734,389,1160,628,,,,,,
562,18.733333,26.134,12.835,517,991,224,0.807861,0.789149,0.806900,0.798505,0.000000,0,0.000,0.000,GEOMETRY FAIL,NO BUNDLE,0,0,0,,,,0,1,1,0,0.917899,0.632725,947,392,0.471960,STAND TARGET JUMP REJECTED,734,389,1160,628,,,,,,
563,18.766667,30.935,13.347,959,1117,353,0.817941,0.779420,0.818687,0.798681,0.000000,0,0.000,0.000,GEOMETRY FAIL,NO BUNDLE,0,0,0,,,,0,1,1,0,0.917899,0.632725,947,392,0.471960,STAND TARGET JUMP REJECTED,734,389,1160,628,,,,,,
564,18.800000,24.667,12.092,1234,1177,223,0.846512,0.817500,0.836433,0.833482,0.779512,1,216.567,38.475,VALID,CANDIDATE,1,1,0,951,524,126.000,0,0,0,0,0.000000,0.000000,,,,STAND TARGET JUMP REJECTED,734,389,1160,628,,,,,,
565,18.833333,26.858,11.120,1469,1117,397,0.844681,0.863745,0.839604,0.849343,0.810473,1,234.671,13.718,VALID,CANDIDATE,2,1,0,960,528,118.850,0,1,0,1,0.992500,0.683962,878,282,0.781944,ACQUIRING STAND 1/4,741,395,1158,629,,,,,,
566,18.866667,20.754,10.427,1453,1066,307,0.840726,0.865741,0.867489,0.857985,0.843537,1,229.770,23.486,VALID,CANDIDATE,3,1,0,977,532,122.198,0,1,0,1,0.714163,0.674659,922,361,0.586389,ACQUIRING STAND 2/4,751,401,1161,631,,,,,,
567,18.900000,25.905,10.295,1410,963,207,0.856502,0.845858,0.859686,0.854015,0.789232,1,230.305,19.891,VALID,CANDIDATE,4,1,0,995,540,125.969,0,1,0,1,0.714163,0.674659,922,361,0.586389,ACQUIRING STAND 2/4,765,407,1169,634,,,,,,
568,18.933333,21.077,9.521,1444,931,198,0.838686,0.853729,0.000000,0.846208,0.783420,1,0.000,0.000,VALID,LOCKED,5,1,1,1019,558,122.089,0,1,0,0,0.714163,0.674659,922,361,0.586389,STAND TEMPORARILY LOST (1),780,414,1180,638,,,,,,
569,18.966667,30.285,9.331,8862,1652,2224,0.882957,0.727783,0.836854,0.805370,0.000000,0,147.896,47.724,APPEARANCE FAIL,LOST,5,1,0,1019,558,122.089,1,1,0,0,0.714163,0.674659,922,361,0.586389,STAND TEMPORARILY LOST (1),,,,,,,,,,
570,19.000000,27.541,8.987,1188,913,104,0.838962,0.848252,0.000000,0.843607,0.835232,1,0.000,0.000,VALID,CANDIDATE,1,1,0,1058,585,126.581,0,1,0,0,0.714163,0.674659,922,361,0.586389,STAND TARGET JUMP REJECTED,798,424,1194,646,,,,,,
571,19.033333,26.747,9.439,964,726,171,0.886518,0.818712,0.000000,0.852615,0.859444,1,0.000,0.000,VALID,CANDIDATE,2,1,0,1065,596,113.203,0,1,0,0,0.714163,0.674659,922,361,0.586389,STAND TARGET JUMP REJECTED,820,439,1213,660,,,,,,
572,19.066667,21.204,9.740,1125,598,159,0.820863,0.817015,0.835680,0.818939,0.000000,0,0.000,0.000,NO VALID CONTACT,NO BUNDLE,0,0,0,,,,0,1,0,0,0.714163,0.674659,922,361,0.586389,STAND TARGET JUMP REJECTED,832,453,1223,673,,,,,,
573,19.100000,26.357,10.226,1078,720,219,0.838892,0.809956,0.000000,0.824424,0.762452,1,0.000,0.000,VALID,CANDIDATE,1,1,0,1089,616,139.000,0,1,0,0,0.714163,0.674659,922,361,0.586389,STAND TARGET JUMP REJECTED,832,453,1223,673,,,,,,
574,19.133333,18.438,10.134,696,572,102,0.809954,0.816511,0.821029,0.813233,0.000000,0,0.000,0.000,INSUFFICIENT LASHING PATTERN,NO BUNDLE,0,0,0,,,,0,0,0,0,0.000000,0.000000,,,,STAND TARGET JUMP REJECTED,846,464,1236,683,,,,,,
575,19.166667,28.955,9.439,1366,542,129,0.855811,0.794406,0.000000,0.825109,0.769086,1,0.000,0.000,VALID,CANDIDATE,1,1,0,1022,599,133.000,0,1,0,1,0.748254,0.636345,898,556,0.219444,ACQUIRING STAND 1/4,846,464,1236,683,,,,,,
576,19.200000,33.757,9.372,733,378,39,0.827271,0.777093,0.833936,0.802182,0.000000,0,0.000,0.000,INSUFFICIENT LASHING PATTERN,NO BUNDLE,0,0,0,,,,0,1,0,1,0.599775,0.572925,887,588,0.187361,ACQUIRING STAND 2/4,850,470,1239,688,,,,,,
577,19.233333,28.266,9.321,1689,288,179,0.869806,0.821849,0.801456,0.831037,0.833401,1,227.121,18.633,VALID,CANDIDATE,1,1,0,1058,606,87.000,0,1,0,1,0.599775,0.572925,887,588,0.187361,ACQUIRING STAND 2/4,850,470,1239,688,,,,,,
578,19.266667,26.509,9.075,605,244,13,0.825602,0.864864,0.000000,0.845233,0.859971,1,0.000,0.000,VALID,CANDIDATE,2,1,0,1078,624,80.500,0,1,0,0,0.599775,0.572925,887,588,0.187361,STAND TARGET JUMP REJECTED,860,476,1248,694,,,,,,
579,19.300000,31.624,9.039,920,349,27,0.869488,0.827903,0.000000,0.848696,0.843217,1,0.000,0.000,VALID,CANDIDATE,3,1,0,1077,623,77.575,0,1,0,0,0.599775,0.572925,887,588,0.187361,STAND TARGET JUMP REJECTED,868,482,1255,700,,,,,,
580,19.333333,34.360,8.882,592,329,21,0.838585,0.856551,0.000000,0.847568,0.847358,1,0.000,0.000,VALID,CANDIDATE,4,1,0,1026,609,70.701,0,1,0,0,0.599775,0.572925,887,588,0.187361,STAND TARGET JUMP REJECTED,867,487,1253,704,,,,,,
581,19.366667,20.463,13.495,245,165,0,0.815972,0.854155,0.000000,0.835064,0.000000,0,0.000,0.000,NO BLACK,NO BUNDLE,0,0,0,,,,0,1,0,0,0.599775,0.572925,887,588,0.187361,STAND TARGET JUMP REJECTED,850,489,1236,706,,,,,,
582,19.400000,23.547,13.434,94,117,28,0.766813,0.776263,0.818009,0.771538,0.000000,0,0.000,0.000,NO BLACK,NO BUNDLE,0,0,0,,,,0,1,0,0,0.599775,0.572925,887,588,0.187361,STAND TARGET JUMP REJECTED,850,489,1236,706,,,,,,
583,19.433333,38.783,14.900,41,0,0,0.812274,0.000000,0.000000,0.000000,0.000000,0,0.000,0.000,NO BLACK,NO BUNDLE,0,0,0,,,,0,1,0,0,0.599775,0.572925,887,588,0.187361,STAND TARGET JUMP REJECTED,850,489,1236,706,,,,,,
584,19.466667,28.719,14.472,0,0,0,0.000000,0.000000,0.000000,0.000000,0.000000,0,0.000,0.000,NO BLACK,NO BUNDLE,0,0,0,,,,0,0,0,0,0.000000,0.000000,,,,STAND TARGET JUMP REJECTED,850,489,1236,706,,,,,,
585,19.500000,23.899,14.160,0,0,0,0.000000,0.000000,0.000000,0.000000,0.000000,0,0.000,0.000,NO BLACK,NO BUNDLE,0,0,0,,,,0,1,0,1,0.907500,0.679739,581,264,0.719444,ACQUIRING STAND 1/4,850,489,1236,706,,,,,,
586,19.533333,24.702,14.020,0,0,0,0.000000,0.000000,0.000000,0.000000,0.000000,0,0.000,0.000,NO BLACK,NO BUNDLE,0,0,0,,,,0,1,0,1,0.817298,0.648586,567,336,0.607153,ACQUIRING STAND 2/4,850,489,1236,706,,,,,,
587,19.566667,36.870,15.563,56,78,0,0.755457,0.800070,0.000000,0.777764,0.000000,0,0.000,0.000,NO BLACK,NO BUNDLE,0,0,0,,,,0,1,0,1,0.817298,0.648586,567,336,0.607153,ACQUIRING STAND 2/4,850,489,1236,706,,,,,,
588,19.600000,20.944,15.128,131,85,20,0.769447,0.760725,0.767777,0.765086,0.000000,0,0.000,0.000,NO BLACK,NO BUNDLE,0,0,0,,,,0,1,0,1,0.804970,0.680389,517,291,0.654399,ACQUIRING STAND 3/4,850,489,1236,706,,,,,,
589,19.633333,45.712,14.648,825,152,0,0.855739,0.736239,0.000000,0.795989,0.000000,0,0.000,0.000,INSUFFICIENT LASHING PATTERN,NO BUNDLE,0,0,0,,,,0,1,0,1,0.804970,0.680389,517,291,0.654399,ACQUIRING STAND 3/4,850,489,1236,706,,,,,,
590,19.666667,25.421,14.056,685,161,0,0.853570,0.774710,0.000000,0.814140,0.000000,0,0.000,0.000,INSUFFICIENT LASHING PATTERN,NO BUNDLE,0,0,0,,,,0,1,0,0,0.804970,0.680389,517,291,0.654399,STAND TARGET JUMP REJECTED,850,489,1236,706,,,,,,
591,19.700000,29.533,14.549,688,225,0,0.862509,0.789217,0.000000,0.825863,0.000000,0,0.000,0.000,INSUFFICIENT LASHING PATTERN,NO BUNDLE,0,0,0,,,,0,1,0,0,0.804970,0.680389,517,291,0.654399,STAND TARGET JUMP REJECTED,850,489,1236,706,,,,,,
592,19.733333,26.447,13.679,657,209,3,0.816294,0.745069,0.768020,0.780682,0.000000,0,0.000,0.000,INSUFFICIENT LASHING PATTERN,NO BUNDLE,0,0,0,,,,0,1,0,1,0.865000,0.675193,486,307,0.705452,ACQUIRING STAND 1/4,850,489,1236,706,,,,,,
593,19.766667,30.408,13.521,974,226,7,0.846986,0.768053,0.729287,0.807520,0.000000,0,0.000,0.000,INSUFFICIENT LASHING PATTERN,NO BUNDLE,0,0,0,,,,0,1,0,1,0.865000,0.675193,486,307,0.705452,ACQUIRING STAND 1/4,850,489,1236,706,,,,,,
594,19.800000,25.543,13.104,379,207,1,0.844052,0.770546,0.755607,0.807299,0.000000,0,0.000,0.000,INSUFFICIENT LASHING PATTERN,NO BUNDLE,0,0,0,,,,0,1,0,1,0.855350,0.627670,480,284,0.710856,ACQUIRING STAND 2/4,850,489,1236,706,,,,,,
595,19.833333,30.241,15.581,48,35,0,0.776117,0.681225,0.000000,0.728671,0.000000,0,0.000,0.000,NO BLACK,NO BUNDLE,0,0,0,,,,0,1,0,1,0.855350,0.627670,480,284,0.710856,ACQUIRING STAND 2/4,850,489,1236,706,,,,,,
596,19.866667,22.555,15.102,22,0,1,0.732001,0.000000,0.739180,0.000000,0.000000,0,0.000,0.000,NO BLACK,NO BUNDLE,0,0,0,,,,0,1,0,1,0.846667,0.659504,501,292,0.772107,ACQUIRING STAND 3/4,850,489,1236,706,,,,,,
597,19.900000,24.309,18.265,0,0,0,0.000000,0.000000,0.000000,0.000000,0.000000,0,0.000,0.000,NO BLACK,NO BUNDLE,0,0,0,,,,0,1,0,1,0.846667,0.659504,501,292,0.772107,ACQUIRING STAND 3/4,850,489,1236,706,,,,,,
598,19.933333,24.221,17.575,0,0,0,0.000000,0.000000,0.000000,0.000000,0.000000,0,0.000,0.000,NO BLACK,NO BUNDLE,0,0,0,,,,0,1,0,0,0.846667,0.659504,501,292,0.772107,STAND TARGET JUMP REJECTED,850,489,1236,706,,,,,,
599,19.966667,25.073,19.220,272,310,0,0.773727,0.691068,0.000000,0.732398,0.000000,0,0.000,0.000,GEOMETRY FAIL,NO BUNDLE,0,0,0,,,,0,1,0,0,0.846667,0.659504,501,292,0.772107,STAND TARGET JUMP REJECTED,,,,,,,,,,
600,20.000000,24.479,18.374,0,0,0,0.000000,0.000000,0.000000,0.000000,0.000000,0,0.000,0.000,NO BLACK,NO BUNDLE,0,0,0,,,,0,1,0,0,0.846667,0.659504,501,292,0.772107,STAND TEMPORARILY LOST (2),850,489,1236,706,,,,,,
601,20.033333,30.811,18.884,767,72,0,0.831496,0.642377,0.000000,0.736937,0.000000,0,0.000,0.000,GEOMETRY FAIL,NO BUNDLE,0,0,0,,,,0,1,0,0,0.846667,0.659504,501,292,0.772107,STAND TEMPORARILY LOST (2),,,,,,,,,,
602,20.066667,33.271,17.467,355,661,0,0.789409,0.732301,0.000000,0.760855,0.000000,0,0.000,0.000,NO VALID CONTACT,NO BUNDLE,0,0,0,,,,0,1,0,1,0.945000,0.665872,514,234,0.612518,ACQUIRING STAND 1/4,,,,,,,,,,
603,20.100000,27.827,17.633,632,1134,0,0.820270,0.781444,0.000000,0.800857,0.000000,0,0.000,0.000,NO VALID CONTACT,NO BUNDLE,0,0,0,,,,0,1,0,1,0.945000,0.665872,514,234,0.612518,ACQUIRING STAND 1/4,,,,,,,,,,
604,20.133333,29.306,16.272,266,673,0,0.780935,0.812079,0.000000,0.796507,0.000000,0,0.000,0.000,GEOMETRY FAIL,NO BUNDLE,0,0,0,,,,0,1,0,1,0.907982,0.642362,549,256,0.676675,ACQUIRING STAND 2/4,,,,,,,,,,
605,20.166667,41.214,15.913,462,739,0,0.788952,0.764752,0.000000,0.776852,0.000000,0,0.000,0.000,NO VALID CONTACT,NO BUNDLE,0,0,0,,,,0,1,0,1,0.907982,0.642362,549,256,0.676675,ACQUIRING STAND 2/4,,,,,,,,,,
606,20.200000,20.904,15.253,657,738,0,0.805089,0.743013,0.000000,0.774051,0.000000,0,0.000,0.000,COMPONENTS TOO FAR,NO BUNDLE,0,0,0,,,,0,1,0,0,0.907982,0.642362,549,256,0.676675,STAND TARGET JUMP REJECTED,,,,,,,,,,
607,20.233333,46.534,15.046,907,677,0,0.828457,0.720919,0.000000,0.774688,0.000000,0,0.000,0.000,NO VALID CONTACT,NO BUNDLE,0,0,0,,,,0,1,0,0,0.907982,0.642362,549,256,0.676675,STAND TARGET JUMP REJECTED,,,,,,,,,,
608,20.266667,25.451,14.248,643,976,0,0.809659,0.775096,0.000000,0.792377,0.000000,0,0.000,0.000,NO VALID CONTACT,NO BUNDLE,0,0,0,,,,0,1,0,1,0.848415,0.619860,585,226,0.602420,ACQUIRING STAND 1/4,,,,,,,,,,
609,20.300000,29.792,15.233,949,740,0,0.802562,0.767317,0.000000,0.784939,0.000000,0,0.000,0.000,COMPONENTS TOO FAR,NO BUNDLE,0,0,0,,,,0,1,0,1,0.848415,0.619860,585,226,0.602420,ACQUIRING STAND 1/4,,,,,,,,,,
610,20.333333,19.342,15.037,871,333,0,0.840649,0.717258,0.000000,0.778954,0.000000,0,0.000,0.000,GEOMETRY FAIL,NO BUNDLE,0,0,0,,,,0,1,0,1,0.828088,0.627900,608,171,0.446784,ACQUIRING STAND 2/4,,,,,,,,,,
611,20.366667,41.697,15.111,774,159,0,0.831576,0.709695,0.000000,0.770636,0.000000,0,0.000,0.000,GEOMETRY FAIL,NO BUNDLE,0,0,0,,,,0,1,0,1,0.828088,0.627900,608,171,0.446784,ACQUIRING STAND 2/4,,,,,,,,,,
612,20.400000,28.840,13.810,779,695,36,0.799243,0.751152,0.722813,0.775197,0.000000,0,0.000,0.000,GEOMETRY FAIL,NO BUNDLE,0,0,0,,,,0,1,0,1,0.950143,0.661439,606,263,0.712094,ACQUIRING STAND 3/4,,,,,,,,,,
613,20.433333,32.977,13.430,2236,2253,336,0.869987,0.761926,0.841331,0.815956,0.000000,0,0.000,0.000,GEOMETRY FAIL,NO BUNDLE,0,0,0,,,,0,1,0,1,0.950143,0.661439,606,263,0.712094,ACQUIRING STAND 3/4,,,,,,,,,,
614,20.466667,22.003,12.650,3453,2806,1247,0.934038,0.804845,0.891690,0.876858,0.809346,1,226.867,27.580,VALID,CANDIDATE,1,1,0,1052,693,220.000,0,1,1,1,0.902766,0.658940,579,266,0.713081,STAND LOCKED,,,,,,,,,,
615,20.500000,22.535,11.791,3473,504,491,0.930544,0.826050,0.897761,0.884785,0.895920,1,238.331,16.376,VALID,CANDIDATE,2,1,0,1038,681,171.250,0,1,1,1,0.902766,0.658940,579,266,0.713081,STAND LOCKED,810,465,1265,720,,,,,,
616,20.533333,24.071,11.141,2931,452,74,0.924919,0.875045,0.000000,0.899982,0.904434,1,0.000,0.000,VALID,CANDIDATE,3,1,0,1024,665,150.938,0,1,1,0,0.902766,0.658940,579,266,0.713081,STAND TARGET JUMP REJECTED,824,474,1263,720,,,,,,
617,20.566667,21.072,11.135,2920,433,56,0.935922,0.814218,0.000000,0.875070,0.891851,1,0.000,0.000,VALID,CANDIDATE,4,1,0,993,645,138.628,0,1,1,0,0.902766,0.658940,579,266,0.713081,STAND TARGET JUMP REJECTED,831,481,1258,720,,,,,,
618,20.600000,24.738,10.604,2670,395,36,0.933549,0.841955,0.000000,0.887752,0.891570,1,0.000,0.000,VALID,LOCKED,5,1,1,966,634,133.670,0,1,1,1,0.838015,0.638334,531,256,0.695956,STAND LOCKED,828,486,1246,720,,,,,,
619,20.633333,25.482,10.434,2417,412,97,0.929350,0.846816,0.000000,0.888083,0.888932,1,0.000,0.000,VALID,LOCKED,5,1,1,946,640,129.984,0,1,1,1,0.838015,0.638334,531,256,0.695956,STAND LOCKED,820,490,1231,720,,,,,,
620,20.666667,26.846,10.151,2305,418,90,0.919518,0.847080,0.000000,0.883299,0.909039,1,0.000,0.000,VALID,LOCKED,5,1,1,925,634,130.645,0,1,1,0,0.838015,0.638334,531,256,0.695956,STAND TARGET JUMP REJECTED,809,493,1214,720,,,,,,
621,20.700000,25.070,10.656,2325,412,3,0.905225,0.871989,0.810430,0.888607,0.000000,0,0.000,0.000,INSUFFICIENT LASHING PATTERN,LOST,5,1,0,925,634,130.645,1,1,1,0,0.838015,0.638334,531,256,0.695956,STAND TARGET JUMP REJECTED,796,495,1196,720,,,,,,
622,20.733333,20.196,10.223,2269,274,0,0.895792,0.813656,0.000000,0.854724,0.872399,1,0.000,0.000,VALID,CANDIDATE,1,1,0,909,611,99.026,0,1,1,1,0.873055,0.599826,530,236,0.629430,STAND LOCKED,796,495,1196,720,,,,,,
623,20.766667,23.887,10.107,2320,485,0,0.905100,0.874866,0.000000,0.889983,0.906366,1,0.000,0.000,VALID,CANDIDATE,2,1,0,916,599,92.509,0,1,1,1,0.873055,0.599826,530,236,0.629430,STAND LOCKED,774,495,1170,718,,,,,,
624,20.800000,19.259,9.403,2734,650,37,0.892336,0.879962,0.000000,0.886149,0.890066,1,0.000,0.000,VALID,CANDIDATE,3,1,0,908,594,87.628,0,1,1,0,0.873055,0.599826,530,236,0.629430,STAND TARGET JUMP REJECTED,760,493,1154,715,,,,,,
625,20.833333,22.605,9.359,2147,523,30,0.858769,0.885692,0.000000,0.872230,0.884468,1,0.000,0.000,VALID,CANDIDATE,4,1,0,885,593,80.070,0,1,1,0,0.873055,0.599826,530,236,0.629430,STAND TARGET JUMP REJECTED,755,491,1147,712,,,,,,
626,20.866667,18.257,8.717,2393,708,159,0.858173,0.866892,0.000000,0.862533,0.888988,1,0.000,0.000,VALID,LOCKED,5,1,1,897,588,81.974,0,1,1,1,0.873333,0.687341,609,217,0.569702,STAND LOCKED,736,490,1126,710,,,,,,
627,20.900000,19.292,9.169,1212,783,174,0.889750,0.861729,0.000000,0.875739,0.871503,1,0.000,0.000,VALID,LOCKED,5,1,1,932,585,75.491,0,1,1,1,0.873333,0.687341,609,217,0.569702,STAND LOCKED,728,488,1116,707,,,,,,
628,20.933333,19.367,8.678,1695,904,265,0.872585,0.862495,0.898369,0.877816,0.858747,1,243.367,8.382,VALID,LOCKED,5,1,1,920,582,78.422,0,1,1,1,0.875534,0.686230,639,259,0.602408,STAND LOCKED,738,486,1125,704,,,,,,
629,20.966667,19.479,9.500,12279,2936,3935,0.903739,0.758813,0.879813,0.831276,0.000000,0,0.000,0.000,GEOMETRY FAIL,LOST,5,1,0,920,582,78.422,1,1,1,1,0.875534,0.686230,639,259,0.602408,STAND LOCKED,,,,,,,,,,
630,21.000000,18.194,9.068,1808,1048,249,0.861401,0.845380,0.000000,0.853390,0.848602,1,0.000,0.000,VALID,CANDIDATE,1,1,0,931,570,83.348,0,1,1,0,0.875534,0.686230,639,259,0.602408,STAND TEMPORARILY LOST (1),738,483,1124,700,,,,,,
631,21.033333,18.916,8.805,1654,1201,306,0.876226,0.851331,0.000000,0.863779,0.852679,1,0.000,0.000,VALID,CANDIDATE,2,1,0,942,558,86.372,0,1,1,0,0.875534,0.686230,639,259,0.602408,STAND TEMPORARILY LOST (1),736,477,1122,694,,,,,,
632,21.066667,21.540,8.293,1483,1210,282,0.865199,0.845190,0.862411,0.857600,0.837727,1,225.796,25.033,VALID,CANDIDATE,3,1,0,952,553,86.130,0,1,1,0,0.875534,0.686230,639,259,0.602408,STAND TARGET JUMP REJECTED,738,471,1124,687,,,,,,
633,21.100000,21.443,8.376,1318,1225,368,0.860038,0.846462,0.910500,0.872333,0.820313,1,229.192,19.304,VALID,CANDIDATE,4,1,0,983,552,80.846,0,1,1,0,0.875534,0.686230,639,259,0.602408,STAND TARGET JUMP REJECTED,747,466,1132,682,,,,,,
634,21.133333,20.207,8.023,1141,1060,283,0.879130,0.812018,0.912911,0.868020,0.827235,1,225.787,22.532,VALID,LOCKED,5,1,1,1005,550,82.246,0,1,1,1,0.958070,0.629937,638,273,0.680528,STAND LOCKED,768,461,1153,677,,,,,,
635,21.166667,18.587,8.781,1104,1237,285,0.888301,0.835088,0.893220,0.872203,0.832986,1,218.036,29.008,VALID,LOCKED,5,1,1,1023,547,78.836,0,1,1,1,0.958070,0.629937,638,273,0.680528,STAND LOCKED,783,457,1168,673,,,,,,
636,21.200000,18.904,8.950,1212,1163,127,0.873255,0.820339,0.000000,0.846797,0.850272,1,0.000,0.000,VALID,LOCKED,5,1,1,1018,543,82.193,0,1,1,0,0.958070,0.629937,638,273,0.680528,STAND TEMPORARILY LOST (1),798,453,1183,669,,,,,,
637,21.233333,26.886,10.486,909,1017,270,0.843965,0.825983,0.886079,0.834974,0.000000,0,0.000,0.000,GEOMETRY FAIL,LOST,5,1,0,1018,543,82.193,1,1,1,0,0.958070,0.629937,638,273,0.680528,STAND TEMPORARILY LOST (1),802,450,1186,666,,,,,,
638,21.266667,19.159,10.213,849,992,263,0.857277,0.818684,0.857399,0.837981,0.000000,0,0.000,0.000,GEOMETRY FAIL,LOST,5,1,0,1018,543,82.193,2,1,1,0,0.958070,0.629937,638,273,0.680528,STAND TARGET JUMP REJECTED,802,450,1186,666,,,,,,
639,21.300000,18.754,13.040,706,1127,99,0.845777,0.825605,0.805981,0.835691,0.000000,0,0.000,0.000,GEOMETRY FAIL,LOST,5,1,0,1018,543,82.193,3,1,1,0,0.958070,0.629937,638,273,0.680528,STAND TARGET JUMP REJECTED,802,450,1186,666,,,,,,
640,21.333333,17.801,12.436,913,1228,131,0.844482,0.810848,0.824524,0.827665,0.000000,0,0.000,0.000,GEOMETRY FAIL,LOST,5,1,0,1018,543,82.193,4,1,1,0,0.958070,0.629937,638,273,0.680528,STAND TARGET JUMP REJECTED,802,450,1186,666,,,,,,
641,21.366667,20.408,12.971,838,1211,96,0.839891,0.850401,0.000000,0.845146,0.830348,1,0.000,0.000,VALID,CANDIDATE,1,1,0,1012,538,81.417,0,1,1,0,0.958070,0.629937,638,273,0.680528,STAND TARGET JUMP REJECTED,802,450,1186,666,,,,,,
642,21.400000,24.449,12.816,601,995,157,0.865269,0.819592,0.857331,0.842431,0.000000,0,0.000,0.000,GEOMETRY FAIL,NO BUNDLE,0,0,0,,,,0,0,0,0,0.000000,0.000000,,,,STAND TARGET JUMP REJECTED,808,446,1192,662,,,,,,
643,21.433333,21.242,12.588,690,1071,193,0.849523,0.813422,0.898591,0.831473,0.000000,0,0.000,0.000,GEOMETRY FAIL,NO BUNDLE,0,0,0,,,,0,1,0,1,0.701269,0.664509,1006,575,0.322222,ACQUIRING STAND 1/4,808,446,1192,662,,,,,,
644,21.466667,26.039,12.363,610,988,114,0.860274,0.813059,0.852615,0.836667,0.000000,0,0.000,0.000,GEOMETRY FAIL,NO BUNDLE,0,0,0,,,,0,1,0,0,0.701269,0.664509,1006,575,0.322222,STAND TEMPORARILY LOST (1),808,446,1192,662,,,,,,
645,21.500000,20.305,14.375,518,1174,26,0.825355,0.792951,0.797888,0.809153,0.000000,0,0.000,0.000,GEOMETRY FAIL,NO BUNDLE,0,0,0,,,,0,1,0,0,0.701269,0.664509,1006,575,0.322222,STAND TEMPORARILY LOST (1),808,446,1192,662,,,,,,
646,21.533333,19.666,13.586,835,1229,83,0.826497,0.815839,0.000000,0.821168,0.788968,1,0.000,0.000,VALID,CANDIDATE,1,1,0,1045,532,88.000,0,1,0,0,0.701269,0.664509,1006,575,0.322222,STAND TARGET JUMP REJECTED,808,446,1192,662,,,,,,
647,21.566667,28.523,14.446,499,950,117,0.851431,0.790977,0.853306,0.821204,0.000000,0,0.000,0.000,GEOMETRY FAIL,NO BUNDLE,0,0,0,,,,0,1,0,0,0.701269,0.664509,1006,575,0.322222,STAND TARGET JUMP REJECTED,821,442,1205,658,,,,,,
648,21.600000,20.247,14.143,476,1231,38,0.830264,0.805224,0.808443,0.817744,0.000000,0,0.000,0.000,GEOMETRY FAIL,NO BUNDLE,0,0,0,,,,0,1,0,0,0.701269,0.664509,1006,575,0.322222,STAND TEMPORARILY LOST (3),821,442,1205,658,,,,,,
649,21.633333,21.569,15.539,552,1019,87,0.821968,0.808669,0.825465,0.815319,0.000000,0,0.000,0.000,GEOMETRY FAIL,NO BUNDLE,0,0,0,,,,0,1,0,0,0.701269,0.664509,1006,575,0.322222,STAND TEMPORARILY LOST (3),821,442,1205,658,,,,,,
650,21.666667,21.127,14.931,538,1292,95,0.818230,0.795668,0.906797,0.806949,0.000000,0,0.000,0.000,GEOMETRY FAIL,NO BUNDLE,0,0,0,,,,0,0,0,0,0.000000,0.000000,,,,STAND TARGET JUMP REJECTED,821,442,1205,658,,,,,,
651,21.700000,21.001,14.529,426,1023,21,0.815166,0.783590,0.762449,0.799378,0.000000,0,0.000,0.000,GEOMETRY FAIL,NO BUNDLE,0,0,0,,,,0,0,0,0,0.550175,0.000000,,,,WEAK STAND GEOMETRY,821,442,1205,658,,,,,,
652,21.733333,19.804,14.110,416,1236,47,0.812844,0.785275,0.841056,0.799060,0.000000,0,0.000,0.000,GEOMETRY FAIL,NO BUNDLE,0,0,0,,,,0,1,0,1,0.945000,0.672395,804,351,0.944444,ACQUIRING STAND 1/4,821,442,1205,658,,,,,,
653,21.766667,22.639,15.342,603,1378,107,0.824713,0.792055,0.887436,0.808384,0.000000,0,0.000,0.000,GEOMETRY FAIL,NO BUNDLE,0,0,0,,,,0,1,0,1,0.945000,0.672395,804,351,0.944444,ACQUIRING STAND 1/4,821,442,1205,658,,,,,,
654,21.800000,20.938,14.632,317,1298,4,0.799343,0.788603,0.773020,0.793973,0.000000,0,0.000,0.000,GEOMETRY FAIL,NO BUNDLE,0,0,0,,,,0,1,0,0,0.945000,0.672395,804,351,0.944444,STAND TARGET JUMP REJECTED,821,442,1205,658,,,,,,
655,21.833333,25.687,15.798,359,1678,8,0.824978,0.786287,0.829460,0.805633,0.000000,0,0.000,0.000,GEOMETRY FAIL,NO BUNDLE,0,0,0,,,,0,1,0,0,0.945000,0.672395,804,351,0.944444,STAND TARGET JUMP REJECTED,821,442,1205,658,,,,,,
656,21.866667,19.548,15.252,430,1561,42,0.827034,0.792755,0.822436,0.809894,0.000000,0,0.000,0.000,GEOMETRY FAIL,NO BUNDLE,0,0,0,,,,0,1,0,0,0.945000,0.672395,804,351,0.944444,STAND TARGET JUMP REJECTED,821,442,1205,658,,,,,,
657,21.900000,20.217,16.480,499,1264,95,0.849330,0.790520,0.824969,0.819925,0.000000,0,0.000,0.000,GEOMETRY FAIL,NO BUNDLE,0,0,0,,,,0,1,0,0,0.945000,0.672395,804,351,0.944444,STAND TARGET JUMP REJECTED,821,442,1205,658,,,,,,
658,21.933333,28.392,15.659,485,1194,51,0.836545,0.798230,0.844659,0.817388,0.000000,0,0.000,0.000,GEOMETRY FAIL,NO BUNDLE,0,0,0,,,,0,1,0,0,0.945000,0.672395,804,351,0.944444,STAND TEMPORARILY LOST (3),821,442,1205,658,,,,,,
659,21.966667,20.115,16.431,12479,219,691,0.865382,0.724670,0.798152,0.795026,0.000000,0,0.000,0.000,GEOMETRY FAIL,NO BUNDLE,0,0,0,,,,0,1,0,0,0.945000,0.672395,804,351,0.944444,STAND TEMPORARILY LOST (3),,,,,,,,,,
660,22.000000,20.434,15.898,466,1014,145,0.852262,0.802962,0.839448,0.827612,0.000000,0,0.000,0.000,GEOMETRY FAIL,NO BUNDLE,0,0,0,,,,0,0,0,0,0.000000,0.000000,,,,WEAK STAND GEOMETRY,821,442,1205,658,,,,,,
661,22.033333,20.770,15.390,376,892,10,0.846878,0.795170,0.731968,0.821024,0.000000,0,0.000,0.000,GEOMETRY FAIL,NO BUNDLE,0,0,0,,,,0,1,0,1,0.783379,0.677715,636,58,0.137500,ACQUIRING STAND 1/4,821,442,1205,658,,,,,,
662,22.066667,17.568,14.800,363,861,40,0.819786,0.805891,0.819303,0.812839,0.000000,0,0.000,0.000,GEOMETRY FAIL,NO BUNDLE,0,0,0,,,,0,1,0,0,0.783379,0.677715,636,58,0.137500,STAND TARGET JUMP REJECTED,821,442,1205,658,,,,,,
663,22.100000,24.301,15.755,279,749,0,0.823224,0.790011,0.000000,0.806617,0.000000,0,0.000,0.000,GEOMETRY FAIL,NO BUNDLE,0,0,0,,,,0,1,0,0,0.783379,0.677715,636,58,0.137500,STAND TARGET JUMP REJECTED,821,442,1205,658,,,,,,
664,22.133333,22.703,15.685,210,786,16,0.799321,0.783710,0.769485,0.791516,0.000000,0,0.000,0.000,NO BLACK,NO BUNDLE,0,0,0,,,,0,1,0,0,0.783379,0.677715,636,58,0.137500,STAND TARGET JUMP REJECTED,821,442,1205,658,,,,,,
665,22.166667,18.653,17.527,319,623,56,0.847886,0.797550,0.804247,0.822718,0.000000,0,0.000,0.000,GEOMETRY FAIL,NO BUNDLE,0,0,0,,,,0,1,0,0,0.783379,0.677715,636,58,0.137500,STAND TARGET JUMP REJECTED,821,442,1205,658,,,,,,
666,22.200000,22.153,16.914,252,782,66,0.814771,0.778344,0.837236,0.796557,0.000000,0,0.000,0.000,GEOMETRY FAIL,NO BUNDLE,0,0,0,,,,0,1,0,1,0.711711,0.723991,652,54,0.122222,ACQUIRING STAND 1/4,821,442,1205,658,,,,,,
667,22.233333,31.106,18.639,11073,0,822,0.864924,0.000000,0.797910,0.000000,0.000000,0,0.000,0.000,NO LASHING,NO BUNDLE,0,0,0,,,,0,1,0,1,0.711711,0.723991,652,54,0.122222,ACQUIRING STAND 1/4,,,,,,,,,,
668,22.266667,18.466,17.944,9669,6,594,0.857273,0.620239,0.784913,0.738756,0.000000,0,0.000,0.000,NO LASHING,NO BUNDLE,0,0,0,,,,0,1,0,0,0.711711,0.723991,652,54,0.122222,STAND TEMPORARILY LOST (1),,,,,,,,,,
669,22.300000,19.724,21.673,11821,0,574,0.863823,0.000000,0.773661,0.000000,0.000000,0,0.000,0.000,NO LASHING,NO BUNDLE,0,0,0,,,,0,1,0,0,0.711711,0.723991,652,54,0.122222,STAND TEMPORARILY LOST (1),,,,,,,,,,
670,22.333333,19.268,20.522,11115,0,923,0.868755,0.000000,0.788483,0.000000,0.000000,0,0.000,0.000,NO LASHING,NO BUNDLE,0,0,0,,,,0,1,0,0,0.711711,0.723991,652,54,0.122222,STAND TARGET JUMP REJECTED,,,,,,,,,,
671,22.366667,20.012,23.779,10986,4,932,0.867220,0.606552,0.797304,0.736886,0.000000,0,0.000,0.000,NO LASHING,NO BUNDLE,0,0,0,,,,0,1,0,0,0.711711,0.723991,652,54,0.122222,STAND TARGET JUMP REJECTED,,,,,,,,,,
672,22.400000,23.218,22.358,11610,49,837,0.868305,0.655071,0.798902,0.761688,0.000000,0,0.000,0.000,NO LASHING,NO BUNDLE,0,0,0,,,,0,1,0,1,0.642790,0.650648,642,93,0.145139,ACQUIRING STAND 1/4,,,,,,,,,,
673,22.433333,25.876,21.350,11721,106,748,0.866930,0.655285,0.789210,0.761107,0.000000,0,0.000,0.000,GEOMETRY FAIL,NO BUNDLE,0,0,0,,,,0,1,0,1,0.642790,0.650648,642,93,0.145139,ACQUIRING STAND 1/4,,,,,,,,,,
674,22.466667,22.073,20.296,11498,3,296,0.866838,0.606764,0.770760,0.736801,0.000000,0,0.000,0.000,NO LASHING,NO BUNDLE,0,0,0,,,,0,1,0,0,0.642790,0.650648,642,93,0.145139,STAND TEMPORARILY LOST (1),,,,,,,,,,
675,22.500000,18.859,24.033,11135,2,343,0.868906,0.609322,0.774398,0.739114,0.000000,0,0.000,0.000,NO LASHING,NO BUNDLE,0,0,0,,,,0,1,0,0,0.642790,0.650648,642,93,0.145139,STAND TEMPORARILY LOST (1),,,,,,,,,,
676,22.533333,19.709,22.899,10282,0,437,0.865055,0.000000,0.769237,0.000000,0.000000,0,0.000,0.000,NO LASHING,NO BUNDLE,0,0,0,,,,0,1,0,0,0.642790,0.650648,642,93,0.145139,STAND TARGET JUMP REJECTED,,,,,,,,,,
677,22.566667,25.195,24.626,9478,55,839,0.860460,0.650544,0.804479,0.755502,0.000000,0,0.000,0.000,NO LASHING,NO BUNDLE,0,0,0,,,,0,1,0,0,0.642790,0.650648,642,93,0.145139,STAND TARGET JUMP REJECTED,,,,,,,,,,
678,22.600000,19.278,22.425,10196,248,1015,0.873462,0.689189,0.788216,0.781326,0.000000,0,0.000,0.000,GEOMETRY FAIL,NO BUNDLE,0,0,0,,,,0,1,0,0,0.642790,0.650648,642,93,0.145139,STAND TEMPORARILY LOST (3),,,,,,,,,,
679,22.633333,20.153,25.510,11274,56,689,0.877994,0.637704,0.821148,0.757849,0.000000,0,0.000,0.000,NO LASHING,NO BUNDLE,0,0,0,,,,0,1,0,0,0.642790,0.650648,642,93,0.145139,STAND TEMPORARILY LOST (3),,,,,,,,,,
680,22.666667,22.222,23.221,11290,88,1012,0.875067,0.679239,0.803395,0.777153,0.000000,0,0.000,0.000,GEOMETRY FAIL,NO BUNDLE,0,0,0,,,,0,1,0,1,0.777254,0.699726,643,73,0.138646,ACQUIRING STAND 1/4,,,,,,,,,,
681,22.700000,19.569,22.786,11624,82,872,0.871149,0.631816,0.792509,0.751482,0.000000,0,0.000,0.000,GEOMETRY FAIL,NO BUNDLE,0,0,0,,,,0,1,0,1,0.777254,0.699726,643,73,0.138646,ACQUIRING STAND 1/4,,,,,,,,,,
682,22.733333,19.610,20.876,10861,366,987,0.863473,0.695451,0.810769,0.779462,0.000000,0,0.000,0.000,GEOMETRY FAIL,NO BUNDLE,0,0,0,,,,0,1,0,0,0.777254,0.699726,643,73,0.138646,STAND TEMPORARILY LOST (1),,,,,,,,,,
683,22.766667,18.999,21.070,10310,97,1110,0.858560,0.666688,0.819838,0.762624,0.000000,0,0.000,0.000,GEOMETRY FAIL,NO BUNDLE,0,0,0,,,,0,1,0,0,0.777254,0.699726,643,73,0.138646,STAND TEMPORARILY LOST (1),,,,,,,,,,
684,22.800000,20.815,19.263,9455,294,1437,0.849565,0.684861,0.817004,0.767213,0.000000,0,0.000,0.000,GEOMETRY FAIL,NO BUNDLE,0,0,0,,,,0,1,0,0,0.777254,0.699726,643,73,0.138646,STAND TEMPORARILY LOST (2),,,,,,,,,,
685,22.833333,22.919,21.331,11724,7,1600,0.858157,0.616836,0.815334,0.737496,0.000000,0,0.000,0.000,NO LASHING,NO BUNDLE,0,0,0,,,,0,1,0,0,0.777254,0.699726,643,73,0.138646,STAND TEMPORARILY LOST (2),,,,,,,,,,
686,22.866667,22.850,19.712,11599,231,1734,0.874444,0.656227,0.809591,0.765335,0.000000,0,0.000,0.000,GEOMETRY FAIL,NO BUNDLE,0,0,0,,,,0,1,0,1,0.753152,0.664745,642,79,0.173918,ACQUIRING STAND 1/4,,,,,,,,,,
687,22.900000,21.571,19.772,11140,306,1802,0.865529,0.705159,0.824071,0.785344,0.000000,0,0.000,0.000,GEOMETRY FAIL,NO BUNDLE,0,0,0,,,,0,1,0,1,0.753152,0.664745,642,79,0.173918,ACQUIRING STAND 1/4,,,,,,,,,,
688,22.933333,20.985,19.049,10639,26,1215,0.858795,0.643813,0.821136,0.751304,0.000000,0,0.000,0.000,NO LASHING,NO BUNDLE,0,0,0,,,,0,1,0,1,0.709292,0.659520,641,67,0.152361,ACQUIRING STAND 2/4,,,,,,,,,,
689,22.966667,17.701,19.240,10595,166,1686,0.850871,0.670543,0.827198,0.760707,0.000000,0,0.000,0.000,GEOMETRY FAIL,NO BUNDLE,0,0,0,,,,0,1,0,1,0.709292,0.659520,641,67,0.152361,ACQUIRING STAND 2/4,,,,,,,,,,
690,23.000000,23.269,18.547,9955,7,1077,0.857571,0.615384,0.814141,0.736477,0.000000,0,0.000,0.000,NO LASHING,NO BUNDLE,0,0,0,,,,0,1,0,0,0.709292,0.659520,641,67,0.152361,STAND TEMPORARILY LOST (1),,,,,,,,,,
691,23.033333,21.396,21.415,11097,1,1174,0.850081,0.608784,0.812963,0.729433,0.000000,0,0.000,0.000,NO LASHING,NO BUNDLE,0,0,0,,,,0,1,0,0,0.709292,0.659520,641,67,0.152361,STAND TEMPORARILY LOST (1),,,,,,,,,,
692,23.066667,22.923,20.513,10105,9,1035,0.862266,0.615063,0.808641,0.738665,0.000000,0,0.000,0.000,NO LASHING,NO BUNDLE,0,0,0,,,,0,1,0,0,0.709292,0.659520,641,67,0.152361,STAND TARGET JUMP REJECTED,,,,,,,,,,
693,23.100000,20.717,20.468,11232,75,933,0.865835,0.662696,0.805566,0.764266,0.000000,0,0.000,0.000,GEOMETRY FAIL,NO BUNDLE,0,0,0,,,,0,1,0,0,0.709292,0.659520,641,67,0.152361,STAND TARGET JUMP REJECTED,,,,,,,,,,
694,23.133333,21.985,18.865,11137,129,967,0.867316,0.632360,0.824965,0.749838,0.000000,0,0.000,0.000,GEOMETRY FAIL,NO BUNDLE,0,0,0,,,,0,1,0,0,0.709292,0.659520,641,67,0.152361,STAND TEMPORARILY LOST (3),,,,,,,,,,
695,23.166667,22.508,18.529,10188,321,1185,0.874559,0.725801,0.811994,0.800180,0.000000,0,0.000,0.000,GEOMETRY FAIL,NO BUNDLE,0,0,0,,,,0,1,0,0,0.709292,0.659520,641,67,0.152361,STAND TEMPORARILY LOST (3),,,,,,,,,,
696,23.200000,20.284,18.221,10969,0,1063,0.873813,0.000000,0.822298,0.000000,0.000000,0,0.000,0.000,NO LASHING,NO BUNDLE,0,0,0,,,,0,0,0,0,0.000000,0.000000,,,,STAND TARGET JUMP REJECTED,,,,,,,,,,
697,23.233333,21.718,17.890,11109,10,982,0.878575,0.638756,0.793562,0.758666,0.000000,0,0.000,0.000,NO LASHING,NO BUNDLE,0,0,0,,,,0,1,0,1,0.964167,0.654022,576,312,0.844444,ACQUIRING STAND 1/4,,,,,,,,,,
698,23.266667,18.570,17.050,10716,146,576,0.876869,0.675480,0.800540,0.776174,0.000000,0,0.000,0.000,GEOMETRY FAIL,NO BUNDLE,0,0,0,,,,0,1,0,1,0.919167,0.677239,611,285,0.769583,ACQUIRING STAND 2/4,,,,,,,,,,
699,23.300000,28.972,17.189,9932,99,801,0.886195,0.680110,0.806976,0.783152,0.000000,0,0.000,0.000,GEOMETRY FAIL,NO BUNDLE,0,0,0,,,,0,1,0,1,0.919167,0.677239,611,285,0.769583,ACQUIRING STAND 2/4,,,,,,,,,,
700,23.333333,20.047,16.286,9366,217,1049,0.880018,0.705633,0.826964,0.792826,0.000000,0,0.000,0.000,GEOMETRY FAIL,NO BUNDLE,0,0,0,,,,0,1,0,0,0.919167,0.677239,611,285,0.769583,STAND TARGET JUMP REJECTED,,,,,,,,,,
701,23.366667,19.543,17.565,10280,241,831,0.881015,0.730659,0.809533,0.805837,0.000000,0,0.000,0.000,GEOMETRY FAIL,NO BUNDLE,0,0,0,,,,0,1,0,0,0.919167,0.677239,611,285,0.769583,STAND TARGET JUMP REJECTED,,,,,,,,,,
702,23.400000,20.509,16.742,10827,402,569,0.880503,0.698699,0.778402,0.789601,0.000000,0,0.000,0.000,GEOMETRY FAIL,NO BUNDLE,0,0,0,,,,0,1,0,1,0.973333,0.681028,621,322,0.867285,ACQUIRING STAND 1/4,,,,,,,,,,
703,23.433333,21.070,17.411,10293,64,906,0.885848,0.662712,0.820013,0.774280,0.000000,0,0.000,0.000,GEOMETRY FAIL,NO BUNDLE,0,0,0,,,,0,1,0,1,0.973333,0.681028,621,322,0.867285,ACQUIRING STAND 1/4,,,,,,,,,,
704,23.466667,18.761,16.681,9861,62,893,0.892362,0.680299,0.818781,0.786331,0.000000,0,0.000,0.000,GEOMETRY FAIL,NO BUNDLE,0,0,0,,,,0,1,0,0,0.973333,0.681028,621,322,0.867285,STAND TEMPORARILY LOST (1),,,,,,,,,,
705,23.500000,19.110,20.730,10610,30,693,0.881436,0.668756,0.807340,0.775096,0.000000,0,0.000,0.000,NO LASHING,NO BUNDLE,0,0,0,,,,0,1,0,0,0.973333,0.681028,621,322,0.867285,STAND TEMPORARILY LOST (1),,,,,,,,,,
706,23.533333,23.685,19.205,10894,102,1144,0.885207,0.677388,0.818766,0.781297,0.000000,0,0.000,0.000,GEOMETRY FAIL,NO BUNDLE,0,0,0,,,,0,1,0,1,0.902896,0.661362,630,343,0.935695,ACQUIRING STAND 1/4,,,,,,,,,,
707,23.566667,23.145,19.334,10517,198,589,0.885265,0.718976,0.814635,0.802121,0.000000,0,0.000,0.000,GEOMETRY FAIL,NO BUNDLE,0,0,0,,,,0,1,0,1,0.902896,0.661362,630,343,0.935695,ACQUIRING STAND 1/4,,,,,,,,,,
708,23.600000,21.745,18.692,10954,4,673,0.879709,0.613100,0.826045,0.746405,0.000000,0,0.000,0.000,NO LASHING,NO BUNDLE,0,0,0,,,,0,1,0,1,0.778183,0.598142,632,402,0.828215,ACQUIRING STAND 2/4,,,,,,,,,,
709,23.633333,23.949,21.029,10596,15,787,0.880853,0.626311,0.812620,0.753582,0.000000,0,0.000,0.000,NO LASHING,NO BUNDLE,0,0,0,,,,0,1,0,1,0.778183,0.598142,632,402,0.828215,ACQUIRING STAND 2/4,,,,,,,,,,
710,23.666667,21.250,19.259,10672,78,558,0.870522,0.649399,0.793834,0.759960,0.000000,0,0.000,0.000,GEOMETRY FAIL,NO BUNDLE,0,0,0,,,,0,1,0,1,0.914167,0.634128,628,296,0.685891,ACQUIRING STAND 3/4,,,,,,,,,,
711,23.700000,24.789,19.116,9363,126,801,0.878473,0.663491,0.812646,0.770982,0.000000,0,0.000,0.000,GEOMETRY FAIL,NO BUNDLE,0,0,0,,,,0,1,0,1,0.914167,0.634128,628,296,0.685891,ACQUIRING STAND 3/4,,,,,,,,,,
712,23.733333,19.981,17.972,9523,81,496,0.873542,0.692737,0.784545,0.783139,0.000000,0,0.000,0.000,GEOMETRY FAIL,NO BUNDLE,0,0,0,,,,0,1,1,1,0.943603,0.641646,630,316,0.787609,STAND LOCKED,,,,,,,,,,
713,23.766667,24.922,20.218,9106,0,385,0.880337,0.000000,0.788925,0.000000,0.000000,0,0.000,0.000,NO LASHING,NO BUNDLE,0,0,0,,,,0,1,1,1,0.943603,0.641646,630,316,0.787609,STAND LOCKED,,,,,,,,,,
714,23.800000,28.160,19.282,9640,23,319,0.869697,0.648970,0.780782,0.759334,0.000000,0,0.000,0.000,NO LASHING,NO BUNDLE,0,0,0,,,,0,1,1,1,0.887661,0.642044,615,336,0.872341,STAND LOCKED,,,,,,,,,,
715,23.833333,24.072,21.368,9686,0,399,0.878685,0.000000,0.790370,0.000000,0.000000,0,0.000,0.000,NO LASHING,NO BUNDLE,0,0,0,,,,0,1,1,1,0.887661,0.642044,615,336,0.872341,STAND LOCKED,,,,,,,,,,
716,23.866667,18.147,20.092,9824,195,224,0.872970,0.683601,0.771910,0.778285,0.000000,0,0.000,0.000,GEOMETRY FAIL,NO BUNDLE,0,0,0,,,,0,1,1,0,0.887661,0.642044,615,336,0.872341,STAND TEMPORARILY LOST (1),,,,,,,,,,
717,23.900000,21.626,20.225,11167,198,313,0.882396,0.705868,0.784319,0.794132,0.000000,0,0.000,0.000,GEOMETRY FAIL,NO BUNDLE,0,0,0,,,,0,1,1,0,0.887661,0.642044,615,336,0.872341,STAND TEMPORARILY LOST (1),,,,,,,,,,
718,23.933333,20.252,19.134,11473,112,194,0.879123,0.707264,0.756092,0.793194,0.000000,0,0.000,0.000,GEOMETRY FAIL,NO BUNDLE,0,0,0,,,,0,1,1,1,0.940545,0.642556,633,280,0.750817,STAND LOCKED,,,,,,,,,,
719,23.966667,23.751,21.711,12689,2,730,0.880167,0.609797,0.785600,0.744982,0.000000,0,0.000,0.000,NO LASHING,NO BUNDLE,0,0,0,,,,0,1,1,1,0.940545,0.642556,633,280,0.750817,STAND LOCKED,,,,,,,,,,
720,24.000000,21.399,20.280,9671,24,322,0.871692,0.635005,0.786094,0.753349,0.000000,0,0.000,0.000,NO LASHING,NO BUNDLE,0,0,0,,,,0,1,1,1,0.765154,0.540709,621,380,0.676271,STAND LOCKED,,,,,,,,,,
721,24.033333,20.906,23.125,11989,0,469,0.874288,0.000000,0.781904,0.000000,0.000000,0,0.000,0.000,NO LASHING,NO BUNDLE,0,0,0,,,,0,1,1,1,0.765154,0.540709,621,380,0.676271,STAND LOCKED,,,,,,,,,,
722,24.066667,21.235,21.160,13001,143,1225,0.866026,0.709001,0.799402,0.787513,0.000000,0,0.000,0.000,GEOMETRY FAIL,NO BUNDLE,0,0,0,,,,0,1,1,0,0.765154,0.540709,621,380,0.676271,STAND TARGET JUMP REJECTED,,,,,,,,,,
723,24.100000,22.785,23.198,11892,42,452,0.872081,0.636398,0.777611,0.754239,0.000000,0,0.000,0.000,NO LASHING,NO BUNDLE,0,0,0,,,,0,1,1,0,0.765154,0.540709,621,380,0.676271,STAND TARGET JUMP REJECTED,,,,,,,,,,
724,24.133333,19.382,21.414,12829,228,382,0.869484,0.713523,0.791367,0.791504,0.000000,0,0.000,0.000,GEOMETRY FAIL,NO BUNDLE,0,0,0,,,,0,1,1,1,0.801204,0.554469,630,423,0.672516,STAND LOCKED,,,,,,,,,,
725,24.166667,27.780,21.086,11756,246,576,0.864194,0.707191,0.781261,0.785693,0.000000,0,0.000,0.000,GEOMETRY FAIL,NO BUNDLE,0,0,0,,,,0,1,1,1,0.801204,0.554469,630,423,0.672516,STAND LOCKED,,,,,,,,,,
726,24.200000,19.959,19.748,12187,711,85,0.858141,0.728101,0.774742,0.793121,0.000000,0,0.000,0.000,GEOMETRY FAIL,NO BUNDLE,0,0,0,,,,0,1,1,0,0.801204,0.554469,630,423,0.672516,STAND TARGET JUMP REJECTED,,,,,,,,,,
727,24.233333,18.605,19.509,13608,611,849,0.871490,0.681803,0.823319,0.776647,0.000000,0,0.000,0.000,GEOMETRY FAIL,NO BUNDLE,0,0,0,,,,0,1,1,0,0.801204,0.554469,630,423,0.672516,STAND TARGET JUMP REJECTED,,,,,,,,,,
728,24.266667,22.717,17.456,14455,917,1488,0.885530,0.700822,0.843476,0.809943,0.760132,1,192.815,34.878,VALID,CANDIDATE,1,1,0,622,491,82.000,0,1,1,1,0.750137,0.529866,627,461,0.649438,STAND LOCKED,,,,,,,,,,
729,24.300000,19.539,15.666,3531,1278,48,0.934728,0.864797,0.000000,0.899763,0.912436,1,0.000,0.000,VALID,CANDIDATE,2,1,0,616,496,68.350,0,1,1,1,0.750137,0.529866,627,461,0.649438,STAND LOCKED,403,378,787,594,,,,,,
730,24.333333,21.801,14.025,3677,1325,55,0.943796,0.854196,0.000000,0.898996,0.923517,1,0.000,0.000,VALID,CANDIDATE,3,1,0,616,502,65.522,0,1,1,1,0.641897,0.517111,645,475,0.642108,STAND LOCKED,405,381,789,597,,,,,,
731,24.366667,20.086,12.789,3767,1447,177,0.944961,0.881020,0.000000,0.912991,0.938537,1,0.000,0.000,VALID,CANDIDATE,4,1,0,617,507,65.183,0,1,1,1,0.641897,0.517111,645,475,0.642108,STAND LOCKED,408,385,792,601,,,,,,
732,24.400000,18.649,11.582,3902,1291,149,0.944258,0.875826,0.000000,0.910042,0.924714,1,0.000,0.000,VALID,LOCKED,5,1,1,623,518,67.014,0,1,1,1,0.800369,0.517843,630,461,0.696101,STAND LOCKED,411,389,795,605,,,,,,
733,24.433333,21.675,10.739,3940,1303,68,0.942334,0.857395,0.000000,0.899864,0.910613,1,0.000,0.000,VALID,LOCKED,5,1,1,626,527,67.005,0,1,1,1,0.800369,0.517843,630,461,0.696101,STAND LOCKED,414,395,798,611,,,,,,
734,24.466667,17.575,9.902,4140,1351,325,0.946081,0.864853,0.873675,0.894870,0.898146,1,207.455,14.439,TARGET JUMP,CANDIDATE,1,1,0,580,525,107.000,0,1,1,1,0.703912,0.542796,642,480,0.645537,STAND LOCKED,417,401,801,617,,,,,,
735,24.500000,18.637,9.326,4129,1192,441,0.940664,0.884188,0.890981,0.905278,0.913939,1,206.595,15.727,VALID,CANDIDATE,2,1,0,579,533,107.000,0,1,1,1,0.703912,0.542796,642,480,0.645537,STAND LOCKED,401,402,785,618,,,,,,
736,24.533333,19.308,8.648,4381,1118,627,0.947009,0.872709,0.902109,0.907276,0.917453,1,207.658,14.751,VALID,CANDIDATE,3,1,0,578,541,109.600,0,1,1,0,0.703912,0.542796,642,480,0.645537,STAND TARGET JUMP REJECTED,393,406,777,622,,,,,,
737,24.566667,21.212,8.214,4199,1150,477,0.945726,0.882327,0.863380,0.897144,0.923498,1,208.538,13.951,VALID,CANDIDATE,4,1,0,575,553,112.460,0,1,1,0,0.703912,0.542796,642,480,0.645537,STAND TARGET JUMP REJECTED,386,412,770,628,,,,,,
738,24.600000,17.837,7.809,3925,1079,595,0.945636,0.880829,0.895127,0.907198,0.920273,1,205.138,15.390,VALID,LOCKED,5,1,1,572,571,112.811,0,1,1,1,0.799418,0.532499,640,491,0.612853,STAND LOCKED,381,419,765,635,,,,,,
739,24.633333,20.167,7.614,3864,1007,583,0.947608,0.885772,0.895601,0.909661,0.924809,1,207.536,15.509,VALID,LOCKED,5,1,1,571,583,111.634,0,1,1,1,0.799418,0.532499,640,491,0.612853,STAND LOCKED,376,429,760,645,,,,,,
740,24.666667,21.745,7.280,3912,938,864,0.943867,0.884892,0.908657,0.912472,0.921801,1,207.821,15.099,VALID,LOCKED,5,1,1,569,595,113.172,0,1,1,1,0.733661,0.508241,692,412,0.449187,STAND LOCKED,371,439,755,655,,,,,,
741,24.700000,23.008,7.112,4075,1024,811,0.945363,0.881862,0.875173,0.900799,0.916838,1,207.513,14.818,VALID,LOCKED,5,1,1,566,602,117.610,0,1,1,1,0.733661,0.508241,692,412,0.449187,STAND LOCKED,366,449,750,665,,,,,,
742,24.733333,26.009,6.807,4359,994,828,0.945617,0.880308,0.879464,0.901796,0.917867,1,209.745,16.112,VALID,LOCKED,5,1,1,561,608,115.264,0,1,1,1,0.698574,0.530733,684,452,0.487828,STAND LOCKED,362,458,746,674,,,,,,
743,24.766667,23.702,6.815,4033,885,249,0.940285,0.863770,0.000000,0.902028,0.920578,1,0.000,0.000,VALID,LOCKED,5,1,1,555,614,114.442,0,1,1,1,0.698574,0.530733,684,452,0.487828,STAND LOCKED,358,466,742,682,,,,,,
744,24.800000,25.373,6.690,3913,891,244,0.940259,0.880812,0.866415,0.895828,0.921267,1,209.200,14.118,VALID,LOCKED,5,1,1,546,622,117.405,0,1,1,0,0.698574,0.530733,684,452,0.487828,STAND TEMPORARILY LOST (1),353,474,737,690,,,,,,
745,24.833333,25.305,6.727,4345,928,308,0.943227,0.882084,0.000000,0.912656,0.921814,1,0.000,0.000,VALID,LOCKED,5,1,1,546,632,95.692,0,1,1,0,0.698574,0.530733,684,452,0.487828,STAND TEMPORARILY LOST (1),344,481,728,697,,,,,,
746,24.866667,19.627,6.792,4584,891,221,0.944914,0.880627,0.000000,0.912771,0.919238,1,0.000,0.000,VALID,LOCKED,5,1,1,538,633,87.442,0,1,1,1,0.846252,0.548268,668,498,0.492995,STAND LOCKED,349,486,733,702,,,,,,
747,24.900000,17.494,6.979,4659,954,409,0.947963,0.878010,0.892627,0.906200,0.923495,1,216.733,13.535,VALID,LOCKED,5,1,1,523,636,85.205,0,1,1,1,0.846252,0.548268,668,498,0.492995,STAND LOCKED,350,490,734,706,,,,,,
748,24.933333,21.529,7.026,3926,647,421,0.944747,0.879932,0.888659,0.904446,0.930952,1,214.809,15.317,VALID,LOCKED,5,1,1,533,654,87.022,0,1,1,1,0.632186,0.480412,685,427,0.439556,STAND LOCKED,347,493,731,709,,,,,,
749,24.966667,20.710,7.215,3788,1222,163,0.867701,0.688445,0.000000,0.778073,0.810223,1,0.000,0.000,VALID,LOCKED,5,1,1,515,660,64.258,0,1,1,1,0.632186,0.480412,685,427,0.439556,STAND LOCKED,,,,,,,,,,
750,25.000000,20.578,7.743,2455,455,252,0.932337,0.826286,0.847593,0.868739,0.891603,1,217.097,15.370,VALID,LOCKED,5,1,1,495,673,75.140,0,1,1,0,0.632186,0.480412,685,427,0.439556,STAND TEMPORARILY LOST (1),335,497,719,713,,,,,,
751,25.033333,22.964,8.791,2785,249,66,0.902898,0.788706,0.820224,0.845802,0.000000,0,0.000,0.000,INSUFFICIENT LASHING PATTERN,LOST,5,1,0,495,673,75.140,1,1,1,0,0.632186,0.480412,685,427,0.439556,STAND TEMPORARILY LOST (1),320,499,704,715,,,,,,
752,25.066667,23.974,8.531,1849,296,103,0.895718,0.822347,0.818139,0.859033,0.000000,0,0.000,0.000,INSUFFICIENT LASHING PATTERN,LOST,5,1,0,495,673,75.140,2,1,1,0,0.632186,0.480412,685,427,0.439556,STAND TARGET JUMP REJECTED,320,499,704,715,,,,,,
753,25.100000,17.655,11.808,1150,115,11,0.878320,0.781042,0.761919,0.829681,0.000000,0,0.000,0.000,INSUFFICIENT LASHING PATTERN,LOST,5,1,0,495,673,75.140,3,1,1,0,0.632186,0.480412,685,427,0.439556,STAND TARGET JUMP REJECTED,320,499,704,715,,,,,,
754,25.133333,21.083,11.476,844,90,7,0.893136,0.825898,0.789883,0.859517,0.000000,0,0.000,0.000,INSUFFICIENT LASHING PATTERN,LOST,5,1,0,495,673,75.140,4,1,1,0,0.632186,0.480412,685,427,0.439556,STAND TARGET JUMP REJECTED,320,499,704,715,,,,,,
755,25.166667,19.599,15.438,788,31,1,0.898707,0.721123,0.719488,0.809915,0.000000,0,0.000,0.000,NO LASHING,NO BUNDLE,0,0,0,,,,0,1,1,0,0.632186,0.480412,685,427,0.439556,STAND TARGET JUMP REJECTED,320,499,704,715,,,,,,
756,25.200000,22.726,14.603,205,0,28,0.824000,0.000000,0.786782,0.000000,0.000000,0,0.000,0.000,NO BLACK,NO BUNDLE,0,0,0,,,,0,0,0,0,0.000000,0.000000,,,,STAND TARGET JUMP REJECTED,320,499,704,715,,,,,,
757,25.233333,21.300,14.507,753,18,15,0.880563,0.659303,0.774545,0.769933,0.000000,0,0.000,0.000,NO LASHING,NO BUNDLE,0,0,0,,,,0,1,0,1,0.776163,0.659913,650,418,0.406944,ACQUIRING STAND 1/4,320,499,704,715,,,,,,
758,25.266667,34.659,14.073,534,12,11,0.857079,0.669060,0.785316,0.763070,0.000000,0,0.000,0.000,NO LASHING,NO BUNDLE,0,0,0,,,,0,1,0,0,0.776163,0.659913,650,418,0.406944,STAND TARGET JUMP REJECTED,320,499,704,715,,,,,,
759,25.300000,18.087,18.528,510,20,8,0.853267,0.740924,0.775955,0.797095,0.000000,0,0.000,0.000,NO LASHING,NO BUNDLE,0,0,0,,,,0,1,0,0,0.776163,0.659913,650,418,0.406944,STAND TARGET JUMP REJECTED,320,499,704,715,,,,,,
760,25.333333,19.910,18.129,129,0,22,0.851065,0.000000,0.745891,0.000000,0.000000,0,0.000,0.000,NO BLACK,NO BUNDLE,0,0,0,,,,0,1,0,0,0.776163,0.659913,650,418,0.406944,STAND TARGET JUMP REJECTED,320,499,704,715,,,,,,
761,25.366667,21.622,21.388,157,5,0,0.835756,0.637247,0.000000,0.736502,0.000000,0,0.000,0.000,NO BLACK,NO BUNDLE,0,0,0,,,,0,1,0,0,0.776163,0.659913,650,418,0.406944,STAND TARGET JUMP REJECTED,320,499,704,715,,,,,,
762,25.400000,20.777,20.568,108,0,22,0.833873,0.000000,0.762878,0.000000,0.000000,0,0.000,0.000,NO BLACK,NO BUNDLE,0,0,0,,,,0,1,0,1,0.940388,0.650461,715,324,0.557431,ACQUIRING STAND 1/4,320,499,704,715,,,,,,
763,25.433333,22.486,23.016,154,0,25,0.852879,0.000000,0.744682,0.000000,0.000000,0,0.000,0.000,NO BLACK,NO BUNDLE,0,0,0,,,,0,1,0,1,0.940388,0.650461,715,324,0.557431,ACQUIRING STAND 1/4,320,499,704,715,,,,,,
764,25.466667,21.979,21.725,145,3,3,0.868916,0.610571,0.770304,0.739743,0.000000,0,0.000,0.000,NO BLACK,NO BUNDLE,0,0,0,,,,0,1,0,1,0.776381,0.582966,706,437,0.534247,ACQUIRING STAND 2/4,320,499,704,715,,,,,,
765,25.500000,20.127,24.820,126,18,2,0.872977,0.737137,0.749050,0.805057,0.000000,0,0.000,0.000,NO BLACK,NO BUNDLE,0,0,0,,,,0,1,0,1,0.776381,0.582966,706,437,0.534247,ACQUIRING STAND 2/4,320,499,704,715,,,,,,
766,25.533333,19.855,23.340,217,78,31,0.838545,0.698404,0.798271,0.768475,0.000000,0,0.000,0.000,NO BLACK,NO BUNDLE,0,0,0,,,,0,1,0,0,0.776381,0.582966,706,437,0.534247,STAND TARGET JUMP REJECTED,320,499,704,715,,,,,,
767,25.566667,20.811,25.748,255,26,31,0.837619,0.684455,0.807387,0.761037,0.000000,0,0.000,0.000,NO LASHING,NO BUNDLE,0,0,0,,,,0,1,0,0,0.776381,0.582966,706,437,0.534247,STAND TARGET JUMP REJECTED,320,499,704,715,,,,,,
768,25.600000,22.118,23.808,292,85,4,0.832287,0.775174,0.743127,0.803730,0.000000,0,0.000,0.000,GEOMETRY FAIL,NO BUNDLE,0,0,0,,,,0,1,0,0,0.776381,0.582966,706,437,0.534247,STAND TARGET JUMP REJECTED,320,499,704,715,,,,,,
769,25.633333,28.512,24.828,277,49,13,0.834921,0.728907,0.756270,0.781914,0.000000,0,0.000,0.000,NO LASHING,NO BUNDLE,0,0,0,,,,0,1,0,0,0.776381,0.582966,706,437,0.534247,STAND TARGET JUMP REJECTED,320,499,704,715,,,,,,
770,25.666667,19.190,23.476,265,52,6,0.847270,0.719397,0.760311,0.783333,0.000000,0,0.000,0.000,NO LASHING,NO BUNDLE,0,0,0,,,,0,1,0,0,0.776381,0.582966,706,437,0.534247,STAND TARGET JUMP REJECTED,320,499,704,715,,,,,,
771,25.700000,22.504,25.940,605,0,24,0.810062,0.000000,0.767357,0.000000,0.000000,0,0.000,0.000,NO LASHING,NO BUNDLE,0,0,0,,,,0,1,0,0,0.776381,0.582966,706,437,0.534247,STAND TARGET JUMP REJECTED,,,,,,,,,,
772,25.733333,20.836,24.550,20,0,91,0.718806,0.000000,0.801796,0.000000,0.000000,0,0.000,0.000,NO BLACK,NO BUNDLE,0,0,0,,,,0,0,0,0,0.494868,0.000000,,,,WEAK STAND GEOMETRY,,,,,,,,,,
773,25.766667,21.127,23.059,705,46,53,0.812019,0.652107,0.801733,0.732063,0.000000,0,0.000,0.000,NO LASHING,NO BUNDLE,0,0,0,,,,0,1,0,1,0.898167,0.761104,642,325,0.888889,ACQUIRING STAND 1/4,,,,,,,,,,
774,25.800000,26.978,21.593,558,0,7,0.858591,0.000000,0.731461,0.000000,0.000000,0,0.000,0.000,NO LASHING,NO BUNDLE,0,0,0,,,,0,1,0,0,0.898167,0.761104,642,325,0.888889,STAND TEMPORARILY LOST (1),,,,,,,,,,
775,25.833333,20.630,24.709,346,0,0,0.812925,0.000000,0.000000,0.000000,0.000000,0,0.000,0.000,NO LASHING,NO BUNDLE,0,0,0,,,,0,1,0,0,0.898167,0.761104,642,325,0.888889,STAND TEMPORARILY LOST (1),,,,,,,,,,
776,25.866667,19.621,23.209,0,0,18,0.000000,0.000000,0.740563,0.000000,0.000000,0,0.000,0.000,NO BLACK,NO BUNDLE,0,0,0,,,,0,1,0,0,0.898167,0.761104,642,325,0.888889,STAND TARGET JUMP REJECTED,,,,,,,,,,
777,25.900000,25.875,24.785,441,0,0,0.790774,0.000000,0.000000,0.000000,0.000000,0,0.000,0.000,NO LASHING,NO BUNDLE,0,0,0,,,,0,1,0,0,0.898167,0.761104,642,325,0.888889,STAND TARGET JUMP REJECTED,,,,,,,,,,
778,25.933333,29.275,22.933,231,0,5,0.781537,0.000000,0.725877,0.000000,0.000000,0,0.000,0.000,NO BLACK,NO BUNDLE,0,0,0,,,,0,1,0,0,0.898167,0.761104,642,325,0.888889,STAND TARGET JUMP REJECTED,,,,,,,,,,
779,25.966667,21.444,25.377,481,19,0,0.827616,0.623446,0.000000,0.725531,0.000000,0,0.000,0.000,NO LASHING,NO BUNDLE,0,0,0,,,,0,1,0,0,0.898167,0.761104,642,325,0.888889,STAND TARGET JUMP REJECTED,,,,,,,,,,
780,26.000000,19.915,24.012,88,0,0,0.749553,0.000000,0.000000,0.000000,0.000000,0,0.000,0.000,NO BLACK,NO BUNDLE,0,0,0,,,,0,0,0,0,0.000000,0.000000,,,,STAND TARGET JUMP REJECTED,,,,,,,,,,
781,26.033333,21.132,22.521,489,99,0,0.797549,0.653406,0.000000,0.725478,0.000000,0,0.000,0.000,COMPONENTS TOO FAR,NO BUNDLE,0,0,0,,,,0,1,0,1,0.855752,0.652086,989,456,0.711111,ACQUIRING STAND 1/4,,,,,,,,,,
782,26.066667,21.385,21.170,692,225,0,0.810287,0.725791,0.000000,0.768039,0.000000,0,0.000,0.000,COMPONENTS TOO FAR,NO BUNDLE,0,0,0,,,,0,1,0,1,0.945000,0.660441,871,390,0.690486,ACQUIRING STAND 2/4,,,,,,,,,,
783,26.100000,22.872,22.353,403,115,0,0.800156,0.681824,0.000000,0.740990,0.000000,0,0.000,0.000,COMPONENTS TOO FAR,NO BUNDLE,0,0,0,,,,0,1,0,1,0.945000,0.660441,871,390,0.690486,ACQUIRING STAND 2/4,,,,,,,,,,
784,26.133333,23.816,20.774,949,296,0,0.828286,0.682230,0.000000,0.755258,0.000000,0,0.000,0.000,COMPONENTS TOO FAR,NO BUNDLE,0,0,0,,,,0,1,0,1,0.935181,0.646183,735,334,0.719399,ACQUIRING STAND 3/4,,,,,,,,,,
785,26.166667,24.813,21.256,435,745,45,0.780477,0.749802,0.752080,0.765139,0.000000,0,0.000,0.000,COMPONENTS TOO FAR,NO BUNDLE,0,0,0,,,,0,1,0,1,0.935181,0.646183,735,334,0.719399,ACQUIRING STAND 3/4,,,,,,,,,,
786,26.200000,19.362,20.010,1035,667,92,0.824400,0.732798,0.800891,0.778599,0.000000,0,0.000,0.000,NO VALID CONTACT,NO BUNDLE,0,0,0,,,,0,1,0,0,0.935181,0.646183,735,334,0.719399,STAND TARGET JUMP REJECTED,,,,,,,,,,
787,26.233333,20.577,21.151,720,417,0,0.756461,0.729130,0.000000,0.742796,0.000000,0,0.000,0.000,NO VALID CONTACT,NO BUNDLE,0,0,0,,,,0,1,0,0,0.935181,0.646183,735,334,0.719399,STAND TARGET JUMP REJECTED,,,,,,,,,,
788,26.266667,18.009,19.918,1329,605,0,0.848700,0.693219,0.000000,0.770960,0.000000,0,0.000,0.000,NO VALID CONTACT,NO BUNDLE,0,0,0,,,,0,1,0,1,0.882674,0.626142,618,332,0.827132,ACQUIRING STAND 1/4,,,,,,,,,,
789,26.300000,24.152,20.610,1227,1263,74,0.857616,0.747085,0.757868,0.802351,0.000000,0,0.000,0.000,COMPONENTS TOO FAR,NO BUNDLE,0,0,0,,,,0,1,0,1,0.882674,0.626142,618,332,0.827132,ACQUIRING STAND 1/4,,,,,,,,,,
790,26.333333,18.502,19.557,1022,796,0,0.858151,0.723692,0.000000,0.790922,0.000000,0,0.000,0.000,GEOMETRY FAIL,NO BUNDLE,0,0,0,,,,0,1,0,1,0.897500,0.701331,542,321,0.825196,ACQUIRING STAND 2/4,,,,,,,,,,
791,26.366667,21.670,20.294,454,661,0,0.778772,0.742554,0.000000,0.760663,0.000000,0,0.000,0.000,GEOMETRY FAIL,NO BUNDLE,0,0,0,,,,0,1,0,1,0.897500,0.701331,542,321,0.825196,ACQUIRING STAND 2/4,,,,,,,,,,
792,26.400000,17.760,19.444,603,476,0,0.848823,0.710337,0.000000,0.779580,0.000000,0,0.000,0.000,GEOMETRY FAIL,NO BUNDLE,0,0,0,,,,0,1,0,0,0.897500,0.701331,542,321,0.825196,STAND TARGET JUMP REJECTED,,,,,,,,,,
793,26.433333,17.489,21.660,595,380,0,0.840057,0.680510,0.000000,0.760283,0.000000,0,0.000,0.000,GEOMETRY FAIL,NO BUNDLE,0,0,0,,,,0,1,0,0,0.897500,0.701331,542,321,0.825196,STAND TARGET JUMP REJECTED,,,,,,,,,,
794,26.466667,22.711,20.052,624,925,0,0.806528,0.775006,0.000000,0.790767,0.000000,0,0.000,0.000,GEOMETRY FAIL,NO BUNDLE,0,0,0,,,,0,1,0,1,0.943870,0.672119,513,297,0.786894,ACQUIRING STAND 1/4,,,,,,,,,,
795,26.500000,18.804,21.491,937,1007,0,0.828906,0.765461,0.000000,0.797183,0.000000,0,0.000,0.000,GEOMETRY FAIL,NO BUNDLE,0,0,0,,,,0,1,0,1,0.943870,0.672119,513,297,0.786894,ACQUIRING STAND 1/4,,,,,,,,,,
796,26.533333,19.868,20.396,691,240,0,0.833214,0.688556,0.000000,0.760885,0.000000,0,0.000,0.000,COMPONENTS TOO FAR,NO BUNDLE,0,0,0,,,,0,1,0,0,0.943870,0.672119,513,297,0.786894,STAND TARGET JUMP REJECTED,,,,,,,,,,
797,26.566667,19.291,21.706,512,533,0,0.818016,0.705700,0.000000,0.761858,0.000000,0,0.000,0.000,COMPONENTS TOO FAR,NO BUNDLE,0,0,0,,,,0,1,0,0,0.943870,0.672119,513,297,0.786894,STAND TARGET JUMP REJECTED,,,,,,,,,,
798,26.600000,18.103,20.038,326,623,0,0.782007,0.713264,0.000000,0.747635,0.000000,0,0.000,0.000,COMPONENTS TOO FAR,NO BUNDLE,0,0,0,,,,0,1,0,1,0.910833,0.718884,563,309,0.767366,ACQUIRING STAND 1/4,,,,,,,,,,
799,26.633333,28.607,19.820,926,1111,0,0.861028,0.756224,0.000000,0.808626,0.000000,0,0.000,0.000,NO VALID CONTACT,NO BUNDLE,0,0,0,,,,0,1,0,1,0.910833,0.718884,563,309,0.767366,ACQUIRING STAND 1/4,,,,,,,,,,
800,26.666667,17.396,18.961,596,581,0,0.782241,0.727425,0.000000,0.754833,0.000000,0,0.000,0.000,COMPONENTS TOO FAR,NO BUNDLE,0,0,0,,,,0,1,0,1,0.884906,0.659641,614,213,0.544690,ACQUIRING STAND 2/4,,,,,,,,,,
801,26.700000,19.553,20.359,717,97,0,0.800754,0.652461,0.000000,0.726607,0.000000,0,0.000,0.000,NO VALID CONTACT,NO BUNDLE,0,0,0,,,,0,1,0,1,0.884906,0.659641,614,213,0.544690,ACQUIRING STAND 2/4,,,,,,,,,,
802,26.733333,19.402,19.245,266,253,0,0.807436,0.763353,0.000000,0.785394,0.000000,0,0.000,0.000,GEOMETRY FAIL,NO BUNDLE,0,0,0,,,,0,1,0,0,0.884906,0.659641,614,213,0.544690,STAND TARGET JUMP REJECTED,,,,,,,,,,
803,26.766667,26.388,20.993,330,13,0,0.771876,0.612852,0.000000,0.692364,0.000000,0,0.000,0.000,NO LASHING,NO BUNDLE,0,0,0,,,,0,1,0,0,0.884906,0.659641,614,213,0.544690,STAND TARGET JUMP REJECTED,,,,,,,,,,
804,26.800000,17.557,20.121,472,314,0,0.834500,0.766986,0.000000,0.800743,0.000000,0,0.000,0.000,GEOMETRY FAIL,NO BUNDLE,0,0,0,,,,0,1,0,0,0.884906,0.659641,614,213,0.544690,STAND TARGET JUMP REJECTED,,,,,,,,,,
805,26.833333,29.146,20.524,779,543,0,0.840726,0.805699,0.000000,0.823212,0.000000,0,0.000,0.000,GEOMETRY FAIL,NO BUNDLE,0,0,0,,,,0,1,0,0,0.884906,0.659641,614,213,0.544690,STAND TARGET JUMP REJECTED,,,,,,,,,,
806,26.866667,20.228,19.380,517,316,0,0.836374,0.681811,0.000000,0.759092,0.000000,0,0.000,0.000,NO VALID CONTACT,NO BUNDLE,0,0,0,,,,0,1,0,0,0.884906,0.659641,614,213,0.544690,STAND TARGET JUMP REJECTED,,,,,,,,,,
807,26.900000,22.265,20.989,490,384,0,0.822565,0.776401,0.000000,0.799483,0.000000,0,0.000,0.000,GEOMETRY FAIL,NO BUNDLE,0,0,0,,,,0,1,0,0,0.884906,0.659641,614,213,0.544690,STAND TARGET JUMP REJECTED,,,,,,,,,,
808,26.933333,25.929,19.758,793,231,0,0.794471,0.702781,0.000000,0.748626,0.000000,0,0.000,0.000,GEOMETRY FAIL,NO BUNDLE,0,0,0,,,,0,1,0,1,0.871114,0.590257,643,307,0.750805,ACQUIRING STAND 1/4,,,,,,,,,,
809,26.966667,23.394,21.046,636,441,0,0.828309,0.791825,0.000000,0.810067,0.000000,0,0.000,0.000,GEOMETRY FAIL,NO BUNDLE,0,0,0,,,,0,1,0,1,0.871114,0.590257,643,307,0.750805,ACQUIRING STAND 1/4,,,,,,,,,,
810,27.000000,23.504,19.876,1475,210,0,0.788553,0.680432,0.000000,0.734492,0.000000,0,0.000,0.000,GEOMETRY FAIL,NO BUNDLE,0,0,0,,,,0,1,0,0,0.871114,0.590257,643,307,0.750805,STAND TARGET JUMP REJECTED,,,,,,,,,,
811,27.033333,22.316,20.990,488,374,4,0.805547,0.671318,0.708730,0.738433,0.000000,0,0.000,0.000,COMPONENTS TOO FAR,NO BUNDLE,0,0,0,,,,0,1,0,0,0.871114,0.590257,643,307,0.750805,STAND TARGET JUMP REJECTED,,,,,,,,,,
812,27.066667,19.886,19.768,1862,231,0,0.836999,0.743239,0.000000,0.790119,0.000000,0,0.000,0.000,GEOMETRY FAIL,NO BUNDLE,0,0,0,,,,0,1,0,1,0.939017,0.640014,622,328,0.865709,ACQUIRING STAND 1/4,,,,,,,,,,
813,27.100000,24.130,20.411,1348,721,0,0.817608,0.742804,0.000000,0.780206,0.000000,0,0.000,0.000,COMPONENTS TOO FAR,NO BUNDLE,0,0,0,,,,0,1,0,1,0.939017,0.640014,622,328,0.865709,ACQUIRING STAND 1/4,,,,,,,,,,
814,27.133333,20.651,19.161,1085,2149,0,0.833734,0.740467,0.000000,0.787100,0.000000,0,0.000,0.000,GEOMETRY FAIL,NO BUNDLE,0,0,0,,,,0,1,0,0,0.939017,0.640014,622,328,0.865709,STAND TARGET JUMP REJECTED,,,,,,,,,,
815,27.166667,23.022,20.198,1474,93,0,0.817650,0.650709,0.000000,0.734180,0.000000,0,0.000,0.000,GEOMETRY FAIL,NO BUNDLE,0,0,0,,,,0,1,0,0,0.939017,0.640014,622,328,0.865709,STAND TARGET JUMP REJECTED,,,,,,,,,,
816,27.200000,22.801,18.948,1706,115,23,0.824484,0.682828,0.731613,0.753656,0.000000,0,0.000,0.000,NO VALID CONTACT,NO BUNDLE,0,0,0,,,,0,1,0,1,0.758424,0.572851,631,228,0.613389,ACQUIRING STAND 1/4,,,,,,,,,,
817,27.233333,22.569,20.215,1716,242,0,0.820182,0.736429,0.000000,0.778305,0.000000,0,0.000,0.000,GEOMETRY FAIL,NO BUNDLE,0,0,0,,,,0,1,0,1,0.758424,0.572851,631,228,0.613389,ACQUIRING STAND 1/4,,,,,,,,,,
818,27.266667,20.173,19.050,1974,186,0,0.841731,0.708704,0.000000,0.775217,0.000000,0,0.000,0.000,GEOMETRY FAIL,NO BUNDLE,0,0,0,,,,0,1,0,0,0.758424,0.572851,631,228,0.613389,STAND TARGET JUMP REJECTED,,,,,,,,,,
819,27.300000,24.698,21.634,228,0,8,0.755944,0.000000,0.722774,0.000000,0.000000,0,0.000,0.000,NO BLACK,NO BUNDLE,0,0,0,,,,0,1,0,0,0.758424,0.572851,631,228,0.613389,STAND TARGET JUMP REJECTED,,,,,,,,,,
820,27.333333,20.705,20.677,1545,0,348,0.831725,0.000000,0.777916,0.000000,0.000000,0,0.000,0.000,NO LASHING,NO BUNDLE,0,0,0,,,,0,1,0,1,0.940617,0.563779,638,296,0.745053,ACQUIRING STAND 1/4,,,,,,,,,,
821,27.366667,34.188,21.449,1458,0,94,0.866054,0.000000,0.742062,0.000000,0.000000,0,0.000,0.000,NO LASHING,NO BUNDLE,0,0,0,,,,0,1,0,1,0.940617,0.563779,638,296,0.745053,ACQUIRING STAND 1/4,,,,,,,,,,
822,27.400000,22.117,20.460,1375,0,214,0.814544,0.000000,0.813979,0.000000,0.000000,0,0.000,0.000,NO LASHING,NO BUNDLE,0,0,0,,,,0,1,0,1,0.997139,0.608719,710,331,0.868468,ACQUIRING STAND 2/4,,,,,,,,,,
823,27.433333,27.930,21.832,2305,48,34,0.857498,0.629297,0.748112,0.743397,0.000000,0,0.000,0.000,NO LASHING,NO BUNDLE,0,0,0,,,,0,1,0,1,0.997139,0.608719,710,331,0.868468,ACQUIRING STAND 2/4,,,,,,,,,,
824,27.466667,24.553,20.533,2430,18,1,0.827749,0.628122,0.713796,0.727936,0.000000,0,0.000,0.000,NO LASHING,NO BUNDLE,0,0,0,,,,0,1,0,1,0.944090,0.630634,716,326,0.743727,ACQUIRING STAND 3/4,,,,,,,,,,
825,27.500000,21.161,21.840,1676,163,85,0.780122,0.663505,0.783077,0.721814,0.000000,0,0.000,0.000,COMPONENTS TOO FAR,NO BUNDLE,0,0,0,,,,0,1,0,1,0.944090,0.630634,716,326,0.743727,ACQUIRING STAND 3/4,,,,,,,,,,
826,27.533333,23.414,20.797,287,61,0,0.729938,0.668968,0.000000,0.699453,0.000000,0,0.000,0.000,GEOMETRY FAIL,NO BUNDLE,0,0,0,,,,0,1,0,0,0.944090,0.630634,716,326,0.743727,STAND TARGET JUMP REJECTED,,,,,,,,,,
827,27.566667,33.679,19.882,12910,1258,2044,0.921535,0.815684,0.810123,0.868609,0.000000,0,0.000,0.000,INSUFFICIENT LASHING PATTERN,NO BUNDLE,0,0,0,,,,0,1,0,0,0.944090,0.630634,716,326,0.743727,STAND TARGET JUMP REJECTED,,,,,,,,,,
828,27.600000,22.274,18.648,1092,822,85,0.841738,0.699872,0.742737,0.770805,0.000000,0,0.000,0.000,INSUFFICIENT LASHING PATTERN,NO BUNDLE,0,0,0,,,,0,1,0,1,0.885147,0.694843,778,279,0.689122,ACQUIRING STAND 1/4,,,,,,,,,,
829,27.633333,22.186,18.953,3250,1932,535,0.782296,0.761048,0.769495,0.771672,0.000000,0,0.000,0.000,GEOMETRY FAIL,NO BUNDLE,0,0,0,,,,0,1,0,1,0.885147,0.694843,778,279,0.689122,ACQUIRING STAND 1/4,,,,,,,,,,
830,27.666667,24.821,17.411,5491,1951,2907,0.818575,0.741901,0.834635,0.780238,0.000000,0,0.000,0.000,GEOMETRY FAIL,NO BUNDLE,0,0,0,,,,0,1,0,0,0.885147,0.694843,778,279,0.689122,STAND TEMPORARILY LOST (1),,,,,,,,,,
831,27.700000,23.744,16.646,7075,4102,668,0.832898,0.808438,0.777329,0.820668,0.000000,0,0.000,0.000,GEOMETRY FAIL,NO BUNDLE,0,0,0,,,,0,1,0,0,0.885147,0.694843,778,279,0.689122,STAND TEMPORARILY LOST (1),,,,,,,,,,
832,27.733333,23.307,15.418,22253,10560,3040,0.881733,0.826968,0.860070,0.854351,0.000000,0,0.000,0.000,GEOMETRY FAIL,NO BUNDLE,0,0,0,,,,0,1,0,0,0.885147,0.694843,778,279,0.689122,STAND TEMPORARILY LOST (2),,,,,,,,,,
833,27.766667,23.478,14.344,12794,7489,1695,0.860650,0.797271,0.794224,0.817382,0.884878,1,194.092,8.107,VALID,CANDIDATE,1,1,0,376,120,127.000,0,1,0,0,0.885147,0.694843,778,279,0.689122,STAND TEMPORARILY LOST (2),,,,,,,,,,
834,27.800000,21.524,14.583,0,0,0,0.000000,0.000000,0.000000,0.000000,0.000000,0,0.000,0.000,NO BLACK,NO BUNDLE,0,0,0,,,,0,1,0,0,0.885147,0.694843,778,279,0.689122,STAND TEMPORARILY LOST (3),168,6,552,222,,,,,,
835,27.833333,21.440,18.345,0,34,0,0.000000,0.652382,0.000000,0.000000,0.000000,0,0.000,0.000,NO BLACK,NO BUNDLE,0,0,0,,,,0,1,0,0,0.885147,0.694843,778,279,0.689122,STAND TEMPORARILY LOST (3),168,6,552,222,,,,,,
836,27.866667,23.263,17.523,0,0,0,0.000000,0.000000,0.000000,0.000000,0.000000,0,0.000,0.000,NO BLACK,NO BUNDLE,0,0,0,,,,0,0,0,0,0.000000,0.000000,,,,NEED TWO DARK RAILS AND AN UPRIGHT,168,6,552,222,,,,,,
837,27.900000,21.299,17.242,0,0,0,0.000000,0.000000,0.000000,0.000000,0.000000,0,0.000,0.000,NO BLACK,NO BUNDLE,0,0,0,,,,0,0,0,0,0.000000,0.000000,,,,NEED TWO DARK RAILS AND AN UPRIGHT,168,6,552,222,,,,,,
838,27.933333,24.135,17.070,0,0,0,0.000000,0.000000,0.000000,0.000000,0.000000,0,0.000,0.000,NO BLACK,NO BUNDLE,0,0,0,,,,0,0,0,0,0.000000,0.000000,,,,NEED TWO DARK RAILS AND AN UPRIGHT,168,6,552,222,,,,,,
839,27.966667,25.587,16.423,10915,1146,1542,0.906765,0.704820,0.867691,0.805793,0.000000,0,0.000,0.000,GEOMETRY FAIL,NO BUNDLE,0,0,0,,,,0,1,0,1,0.680247,0.551273,598,64,0.143056,ACQUIRING STAND 1/4,,,,,,,,,,
840,28.000000,23.342,16.733,0,3,0,0.000000,0.623642,0.000000,0.000000,0.000000,0,0.000,0.000,NO BLACK,NO BUNDLE,0,0,0,,,,0,1,0,1,0.692012,0.523933,707,90,0.175903,ACQUIRING STAND 2/4,168,6,552,222,,,,,,
841,28.033333,20.289,20.426,61,18,0,0.822099,0.678917,0.000000,0.750508,0.000000,0,0.000,0.000,NO BLACK,NO BUNDLE,0,0,0,,,,0,1,0,1,0.692012,0.523933,707,90,0.175903,ACQUIRING STAND 2/4,168,6,552,222,,,,,,
842,28.066667,30.059,19.773,104,82,0,0.807566,0.689251,0.000000,0.748409,0.000000,0,0.000,0.000,NO BLACK,NO BUNDLE,0,0,0,,,,0,1,0,0,0.692012,0.523933,707,90,0.175903,STAND TARGET JUMP REJECTED,168,6,552,222,,,,,,
843,28.100000,25.958,21.698,88,69,0,0.832216,0.678591,0.000000,0.755403,0.000000,0,0.000,0.000,NO BLACK,NO BUNDLE,0,0,0,,,,0,1,0,0,0.692012,0.523933,707,90,0.175903,STAND TARGET JUMP REJECTED,168,6,552,222,,,,,,
844,28.133333,21.378,21.338,225,70,0,0.820854,0.729586,0.000000,0.775220,0.000000,0,0.000,0.000,NO BLACK,NO BUNDLE,0,0,0,,,,0,1,0,0,0.692012,0.523933,707,90,0.175903,STAND TEMPORARILY LOST (2),168,6,552,222,,,,,,
845,28.166667,30.911,22.263,104,69,0,0.810357,0.689272,0.000000,0.749814,0.000000,0,0.000,0.000,NO BLACK,NO BUNDLE,0,0,0,,,,0,1,0,0,0.692012,0.523933,707,90,0.175903,STAND TEMPORARILY LOST (2),168,6,552,222,,,,,,
846,28.200000,23.405,21.490,145,64,0,0.776327,0.690541,0.000000,0.733434,0.000000,0,0.000,0.000,NO BLACK,NO BUNDLE,0,0,0,,,,0,1,0,0,0.692012,0.523933,707,90,0.175903,STAND TEMPORARILY LOST (3),168,6,552,222,,,,,,
847,28.233333,19.739,24.793,120,45,0,0.832212,0.685028,0.000000,0.758620,0.000000,0,0.000,0.000,NO BLACK,NO BUNDLE,0,0,0,,,,0,1,0,0,0.692012,0.523933,707,90,0.175903,STAND TEMPORARILY LOST (3),168,6,552,222,,,,,,
848,28.266667,26.375,23.763,124,37,0,0.831717,0.704819,0.000000,0.768268,0.000000,0,0.000,0.000,NO BLACK,NO BUNDLE,0,0,0,,,,0,0,0,0,0.466964,0.000000,,,,WEAK STAND GEOMETRY,168,6,552,222,,,,,,
849,28.300000,24.103,23.008,75,18,0,0.800511,0.674032,0.000000,0.737272,0.000000,0,0.000,0.000,NO BLACK,NO BUNDLE,0,0,0,,,,0,1,0,1,0.596574,0.576105,210,291,0.244444,ACQUIRING STAND 1/4,168,6,552,222,,,,,,
850,28.333333,26.306,22.289,137,38,0,0.822962,0.659568,0.000000,0.741265,0.000000,0,0.000,0.000,NO BLACK,NO BUNDLE,0,0,0,,,,0,1,0,0,0.596574,0.576105,210,291,0.244444,STAND TARGET JUMP REJECTED,168,6,552,222,,,,,,
851,28.366667,25.208,24.188,276,38,2,0.866044,0.752767,0.730402,0.809406,0.000000,0,0.000,0.000,NO LASHING,NO BUNDLE,0,0,0,,,,0,1,0,0,0.596574,0.576105,210,291,0.244444,STAND TARGET JUMP REJECTED,168,6,552,222,,,,,,
852,28.400000,20.281,23.722,304,4,1,0.894719,0.649321,0.728035,0.772020,0.000000,0,0.000,0.000,NO LASHING,NO BUNDLE,0,0,0,,,,0,1,0,0,0.596574,0.576105,210,291,0.244444,STAND TEMPORARILY LOST (2),168,6,552,222,,,,,,
853,28.433333,27.442,24.579,195,13,0,0.866482,0.725881,0.000000,0.796181,0.000000,0,0.000,0.000,NO BLACK,NO BUNDLE,0,0,0,,,,0,1,0,0,0.596574,0.576105,210,291,0.244444,STAND TEMPORARILY LOST (2),168,6,552,222,,,,,,
854,28.466667,21.212,23.097,9364,3636,29,0.910856,0.741362,0.777818,0.826109,0.000000,0,0.000,0.000,GEOMETRY FAIL,NO BUNDLE,0,0,0,,,,0,1,0,0,0.596574,0.576105,210,291,0.244444,STAND TEMPORARILY LOST (3),,,,,,,,,,
855,28.500000,26.260,22.391,9090,2982,42,0.904824,0.762858,0.801644,0.833841,0.000000,0,0.000,0.000,GEOMETRY FAIL,NO BUNDLE,0,0,0,,,,0,1,0,0,0.596574,0.576105,210,291,0.244444,STAND TEMPORARILY LOST (3),,,,,,,,,,
856,28.533333,20.142,21.284,7828,3011,61,0.903620,0.741673,0.778484,0.822647,0.000000,0,0.000,0.000,GEOMETRY FAIL,NO BUNDLE,0,0,0,,,,0,0,0,0,0.000000,0.000000,,,,STAND TARGET JUMP REJECTED,,,,,,,,,,
857,28.566667,24.158,19.968,6834,2319,41,0.902124,0.760781,0.000000,0.831453,0.860892,1,0.000,0.000,VALID,CANDIDATE,1,1,0,1158,231,469.000,0,1,0,1,0.769404,0.614887,622,140,0.291667,ACQUIRING STAND 1/4,,,,,,,,,,
858,28.600000,19.986,19.523,6190,693,0,0.912708,0.703679,0.000000,0.808194,0.000000,0,0.000,0.000,GEOMETRY FAIL,NO BUNDLE,0,0,0,,,,0,1,0,0,0.769404,0.614887,622,140,0.291667,STAND TEMPORARILY LOST (1),290,0,1280,557,,,,,,
859,28.633333,21.286,20.128,4925,1673,0,0.899364,0.723135,0.000000,0.811249,0.000000,0,0.000,0.000,INSUFFICIENT LASHING PATTERN,NO BUNDLE,0,0,0,,,,0,1,0,0,0.769404,0.614887,622,140,0.291667,STAND TEMPORARILY LOST (1),290,0,1280,557,,,,,,
860,28.666667,22.782,19.597,4491,724,90,0.915529,0.702228,0.818932,0.808878,0.000000,0,0.000,0.000,GEOMETRY FAIL,NO BUNDLE,0,0,0,,,,0,1,0,0,0.769404,0.614887,622,140,0.291667,STAND TEMPORARILY LOST (2),290,0,1280,557,,,,,,
861,28.700000,21.710,19.646,3863,1323,145,0.902154,0.750266,0.801054,0.826210,0.000000,0,0.000,0.000,GEOMETRY FAIL,NO BUNDLE,0,0,0,,,,0,1,0,0,0.769404,0.614887,622,140,0.291667,STAND TEMPORARILY LOST (2),290,0,1280,557,,,,,,
862,28.733333,24.256,18.867,3459,847,45,0.902193,0.731090,0.757185,0.816642,0.000000,0,0.000,0.000,INSUFFICIENT LASHING PATTERN,NO BUNDLE,0,0,0,,,,0,1,0,1,0.642994,0.529819,631,136,0.256528,ACQUIRING STAND 1/4,290,0,1280,557,,,,,,
863,28.766667,20.755,19.025,3961,1216,17,0.904808,0.748936,0.711970,0.826872,0.000000,0,0.000,0.000,GEOMETRY FAIL,NO BUNDLE,0,0,0,,,,0,1,0,1,0.642994,0.529819,631,136,0.256528,ACQUIRING STAND 1/4,290,0,1280,557,,,,,,
864,28.800000,22.428,17.941,4388,1824,0,0.914174,0.772211,0.000000,0.843192,0.837480,1,0.000,0.000,VALID,CANDIDATE,1,1,0,1039,241,494.000,0,1,0,0,0.642994,0.529819,631,136,0.256528,STAND TEMPORARILY LOST (1),290,0,1280,557,,,,,,
865,28.833333,20.238,17.667,4682,2463,0,0.911120,0.797669,0.000000,0.854394,0.843598,1,0.000,0.000,VALID,CANDIDATE,2,1,0,1053,241,493.350,0,1,0,0,0.642994,0.529819,631,136,0.256528,STAND TEMPORARILY LOST (1),278,0,1280,564,,,,,,
866,28.866667,19.249,17.059,4268,1860,27,0.906921,0.765803,0.000000,0.836362,0.819354,1,0.000,0.000,VALID,CANDIDATE,3,1,0,1049,241,486.622,0,1,0,0,0.642994,0.529819,631,136,0.256528,STAND TEMPORARILY LOST (2),269,0,1280,569,,,,,,
867,28.900000,20.007,17.172,4638,2860,82,0.919131,0.788303,0.000000,0.853717,0.865257,1,0.000,0.000,VALID,CANDIDATE,4,1,0,1045,238,468.018,0,1,0,0,0.642994,0.529819,631,136,0.256528,STAND TEMPORARILY LOST (2),267,0,1280,570,,,,,,
868,28.933333,17.056,16.968,4561,2414,0,0.907723,0.779193,0.000000,0.843458,0.000000,0,0.000,0.000,GEOMETRY FAIL,NO BUNDLE,0,0,0,,,,0,1,0,0,0.642994,0.529819,631,136,0.256528,STAND TEMPORARILY LOST (3),277,0,1280,564,,,,,,
869,28.966667,25.274,17.005,5562,2654,442,0.908672,0.807384,0.833265,0.858028,0.000000,0,0.000,0.000,COMPONENTS TOO FAR,NO BUNDLE,0,0,0,,,,0,1,0,0,0.642994,0.529819,631,136,0.256528,STAND TEMPORARILY LOST (3),,,,,,,,,,
870,29.000000,20.264,16.624,4653,2071,0,0.913950,0.808029,0.000000,0.860990,0.866050,1,0.000,0.000,VALID,CANDIDATE,1,1,0,1052,241,499.000,0,0,0,0,0.000000,0.000000,,,,STAND TARGET JUMP REJECTED,277,0,1280,564,,,,,,
