frame,timestamp,inference_ms,processing_fps,black_pixels,lashing_pixels,messenger_pixels,black_confidence,lashing_confidence,messenger_confidence,bundle_confidence,contact_confidence,bundle_valid,messenger_intensity_mean,messenger_intensity_std,validation_reason,target_state,consecutive_valid_frames,target_found,target_locked,target_x,target_y,target_proximity,stale_frames,stand_found,stand_locked,stand_fresh,stand_confidence,stand_black_support,stand_x,stand_y,stand_proximity,stand_reason,pidnet_roi_x1,pidnet_roi_y1,pidnet_roi_x2,pidnet_roi_y2,mission_state,mission_reason,command_forward,command_right,command_down,command_yaw_rate
0,0.000000,312.921,2.612,16,1203,0,0.716072,0.738475,0.000000,0.727274,0.000000,0,0.000,0.000,NO BLACK,NO BUNDLE,0,0,0,,,,0,0,0,0,0.000000,0.000000,,,,WEAK STAND GEOMETRY,,,,,,,,,,
1,0.033333,24.585,5.044,0,1576,0,0.000000,0.777738,0.000000,0.000000,0.000000,0,0.000,0.000,NO BLACK,NO BUNDLE,0,0,0,,,,0,0,0,0,0.000000,0.000000,,,,WEAK STAND GEOMETRY,,,,,,,,,,
2,0.066667,26.873,6.828,5,1258,0,0.712382,0.758691,0.000000,0.735536,0.000000,0,0.000,0.000,NO BLACK,NO BUNDLE,0,0,0,,,,0,0,0,0,0.000000,0.000000,,,,WEAK STAND GEOMETRY,,,,,,,,,,
3,0.100000,28.400,8.202,13,1500,0,0.715858,0.773230,0.000000,0.744544,0.000000,0,0.000,0.000,NO BLACK,NO BUNDLE,0,0,0,,,,0,0,0,0,0.000000,0.000000,,,,WEAK STAND GEOMETRY,,,,,,,,,,
4,0.133333,22.528,9.644,0,1216,0,0.000000,0.761009,0.000000,0.000000,0.000000,0,0.000,0.000,NO BLACK,NO BUNDLE,0,0,0,,,,0,0,0,0,0.000000,0.000000,,,,WEAK STAND GEOMETRY,,,,,,,,,,
5,0.166667,31.969,10.508,47,1428,0,0.748089,0.768357,0.000000,0.758223,0.000000,0,0.000,0.000,NO BLACK,NO BUNDLE,0,0,0,,,,0,0,0,0,0.000000,0.000000,,,,NEED TWO DARK RAILS AND AN UPRIGHT,,,,,,,,,,
6,0.200000,29.054,11.569,28,1428,0,0.728160,0.764885,0.000000,0.746522,0.000000,0,0.000,0.000,NO BLACK,NO BUNDLE,0,0,0,,,,0,0,0,0,0.000000,0.000000,,,,WEAK STAND GEOMETRY,,,,,,,,,,
7,0.233333,23.656,12.497,15,1359,0,0.717903,0.756109,0.000000,0.737006,0.000000,0,0.000,0.000,NO BLACK,NO BUNDLE,0,0,0,,,,0,0,0,0,0.000000,0.000000,,,,WEAK STAND GEOMETRY,,,,,,,,,,
8,0.266667,24.396,13.238,0,1370,0,0.000000,0.751994,0.000000,0.000000,0.000000,0,0.000,0.000,NO BLACK,NO BUNDLE,0,0,0,,,,0,0,0,0,0.000000,0.000000,,,,WEAK STAND GEOMETRY,,,,,,,,,,
9,0.300000,24.192,14.024,0,1256,0,0.000000,0.756782,0.000000,0.000000,0.000000,0,0.000,0.000,NO BLACK,NO BUNDLE,0,0,0,,,,0,0,0,0,0.000000,0.000000,,,,WEAK STAND GEOMETRY,,,,,,,,,,
10,0.333333,38.817,14.091,0,1403,0,0.000000,0.776337,0.000000,0.000000,0.000000,0,0.000,0.000,NO BLACK,NO BUNDLE,0,0,0,,,,0,0,0,0,0.000000,0.000000,,,,WEAK STAND GEOMETRY,,,,,,,,,,
11,0.366667,24.967,14.445,0,1331,0,0.000000,0.774789,0.000000,0.000000,0.000000,0,0.000,0.000,NO BLACK,NO BUNDLE,0,0,0,,,,0,0,0,0,0.000000,0.000000,,,,WEAK STAND GEOMETRY,,,,,,,,,,
12,0.400000,20.753,15.231,0,1245,0,0.000000,0.770512,0.000000,0.000000,0.000000,0,0.000,0.000,NO BLACK,NO BUNDLE,0,0,0,,,,0,0,0,0,0.000000,0.000000,,,,WEAK STAND GEOMETRY,,,,,,,,,,
13,0.433333,23.344,15.749,0,1208,0,0.000000,0.769438,0.000000,0.000000,0.000000,0,0.000,0.000,NO BLACK,NO BUNDLE,0,0,0,,,,0,0,0,0,0.000000,0.000000,,,,NEED TWO DARK RAILS AND AN UPRIGHT,,,,,,,,,,
14,0.466667,29.009,15.863,0,1163,0,0.000000,0.769918,0.000000,0.000000,0.000000,0,0.000,0.000,NO BLACK,NO BUNDLE,0,0,0,,,,0,0,0,0,0.000000,0.000000,,,,WEAK STAND GEOMETRY,,,,,,,,,,
15,0.500000,22.868,15.369,0,1156,0,0.000000,0.751603,0.000000,0.000000,0.000000,0,0.000,0.000,NO BLACK,NO BUNDLE,0,0,0,,,,0,0,0,0,0.000000,0.000000,,,,WEAK STAND GEOMETRY,,,,,,,,,,
16,0.533333,22.033,15.760,0,1017,0,0.000000,0.745414,0.000000,0.000000,0.000000,0,0.000,0.000,NO BLACK,NO BUNDLE,0,0,0,,,,0,0,0,0,0.000000,0.000000,,,,WEAK STAND GEOMETRY,,,,,,,,,,
17,0.566667,29.023,15.986,10,1030,0,0.715989,0.735595,0.000000,0.725792,0.000000,0,0.000,0.000,NO BLACK,NO BUNDLE,0,0,0,,,,0,0,0,0,0.000000,0.000000,,,,WEAK STAND GEOMETRY,,,,,,,,,,
18,0.600000,23.597,16.332,0,1496,0,0.000000,0.769734,0.000000,0.000000,0.000000,0,0.000,0.000,NO BLACK,NO BUNDLE,0,0,0,,,,0,0,0,0,0.000000,0.000000,,,,WEAK STAND GEOMETRY,,,,,,,,,,
19,0.633333,31.679,16.303,0,1050,0,0.000000,0.734231,0.000000,0.000000,0.000000,0,0.000,0.000,NO BLACK,NO BUNDLE,0,0,0,,,,0,0,0,0,0.000000,0.000000,,,,WEAK STAND GEOMETRY,,,,,,,,,,
20,0.666667,22.057,16.616,19,1321,0,0.724821,0.760026,0.000000,0.742423,0.000000,0,0.000,0.000,NO BLACK,NO BUNDLE,0,0,0,,,,0,0,0,0,0.000000,0.000000,,,,WEAK STAND GEOMETRY,,,,,,,,,,
21,0.700000,24.872,16.935,0,1161,0,0.000000,0.736481,0.000000,0.000000,0.000000,0,0.000,0.000,NO BLACK,NO BUNDLE,0,0,0,,,,0,0,0,0,0.000000,0.000000,,,,WEAK STAND GEOMETRY,,,,,,,,,,
22,0.733333,31.335,16.866,25,1463,0,0.716516,0.767155,0.000000,0.741835,0.000000,0,0.000,0.000,NO BLACK,NO BUNDLE,0,0,0,,,,0,0,0,0,0.000000,0.000000,,,,WEAK STAND GEOMETRY,,,,,,,,,,
23,0.766667,26.781,16.966,0,1229,0,0.000000,0.749040,0.000000,0.000000,0.000000,0,0.000,0.000,NO BLACK,NO BUNDLE,0,0,0,,,,0,0,0,0,0.000000,0.000000,,,,NEED TWO DARK RAILS AND AN UPRIGHT,,,,,,,,,,
24,0.800000,28.481,16.998,0,1543,0,0.000000,0.761647,0.000000,0.000000,0.000000,0,0.000,0.000,NO BLACK,NO BUNDLE,0,0,0,,,,0,0,0,0,0.000000,0.000000,,,,WEAK STAND GEOMETRY,,,,,,,,,,
25,0.833333,28.666,17.082,0,1538,0,0.000000,0.760583,0.000000,0.000000,0.000000,0,0.000,0.000,NO BLACK,NO BUNDLE,0,0,0,,,,0,0,0,0,0.000000,0.000000,,,,NEED TWO DARK RAILS AND AN UPRIGHT,,,,,,,,,,
26,0.866667,24.878,17.099,0,1150,0,0.000000,0.755748,0.000000,0.000000,0.000000,0,0.000,0.000,NO BLACK,NO BUNDLE,0,0,0,,,,0,0,0,0,0.000000,0.000000,,,,WEAK STAND GEOMETRY,,,,,,,,,,
27,0.900000,25.754,17.293,0,1364,0,0.000000,0.768448,0.000000,0.000000,0.000000,0,0.000,0.000,NO BLACK,NO BUNDLE,0,0,0,,,,0,0,0,0,0.000000,0.000000,,,,WEAK STAND GEOMETRY,,,,,,,,,,
28,0.933333,27.749,17.392,0,1013,0,0.000000,0.740677,0.000000,0.000000,0.000000,0,0.000,0.000,NO BLACK,NO BUNDLE,0,0,0,,,,0,0,0,0,0.000000,0.000000,,,,WEAK STAND GEOMETRY,,,,,,,,,,
29,0.966667,22.742,17.144,0,1229,0,0.000000,0.770329,0.000000,0.000000,0.000000,0,0.000,0.000,NO BLACK,NO BUNDLE,0,0,0,,,,0,1,0,1,0.714604,0.714404,588,46,0.118056,ACQUIRING STAND 1/4,,,,,,,,,,
30,1.000000,42.954,16.596,0,896,0,0.000000,0.742298,0.000000,0.000000,0.000000,0,0.000,0.000,NO BLACK,NO BUNDLE,0,0,0,,,,0,1,0,0,0.714604,0.714404,588,46,0.118056,STAND TEMPORARILY LOST (1),,,,,,,,,,
31,1.033333,30.741,18.287,0,615,0,0.000000,0.718899,0.000000,0.000000,0.000000,0,0.000,0.000,NO BLACK,NO BUNDLE,0,0,0,,,,0,1,0,0,0.714604,0.714404,588,46,0.118056,STAND TEMPORARILY LOST (1),,,,,,,,,,
32,1.066667,26.734,18.293,0,844,0,0.000000,0.724679,0.000000,0.000000,0.000000,0,0.000,0.000,NO BLACK,NO BUNDLE,0,0,0,,,,0,1,0,0,0.714604,0.714404,588,46,0.118056,STAND TEMPORARILY LOST (2),,,,,,,,,,
33,1.100000,35.351,19.346,0,267,0,0.000000,0.714886,0.000000,0.000000,0.000000,0,0.000,0.000,NO BLACK,NO BUNDLE,0,0,0,,,,0,1,0,0,0.714604,0.714404,588,46,0.118056,STAND TEMPORARILY LOST (2),,,,,,,,,,
34,1.133333,21.781,19.116,0,168,0,0.000000,0.692310,0.000000,0.000000,0.000000,0,0.000,0.000,NO BLACK,NO BUNDLE,0,0,0,,,,0,1,0,0,0.714604,0.714404,588,46,0.118056,STAND TEMPORARILY LOST (3),,,,,,,,,,
35,1.166667,33.786,20.268,0,219,0,0.000000,0.669875,0.000000,0.000000,0.000000,0,0.000,0.000,NO BLACK,NO BUNDLE,0,0,0,,,,0,1,0,0,0.714604,0.714404,588,46,0.118056,STAND TEMPORARILY LOST (3),,,,,,,,,,
36,1.200000,23.043,20.154,0,0,0,0.000000,0.000000,0.000000,0.000000,0.000000,0,0.000,0.000,NO BLACK,NO BUNDLE,0,0,0,,,,0,0,0,0,0.000000,0.000000,,,,WEAK STAND GEOMETRY,,,,,,,,,,
37,1.233333,24.385,19.933,0,361,0,0.000000,0.681092,0.000000,0.000000,0.000000,0,0.000,0.000,NO BLACK,NO BUNDLE,0,0,0,,,,0,0,0,0,0.000000,0.000000,,,,WEAK STAND GEOMETRY,,,,,,,,,,
38,1.266667,26.075,19.708,0,0,0,0.000000,0.000000,0.000000,0.000000,0.000000,0,0.000,0.000,NO BLACK,NO BUNDLE,0,0,0,,,,0,0,0,0,0.000000,0.000000,,,,WEAK STAND GEOMETRY,,,,,,,,,,
39,1.300000,29.007,19.231,0,0,0,0.000000,0.000000,0.000000,0.000000,0.000000,0,0.000,0.000,NO BLACK,NO BUNDLE,0,0,0,,,,0,0,0,0,0.000000,0.000000,,,,NEED TWO DARK RAILS AND AN UPRIGHT,,,,,,,,,,
40,1.333333,24.356,18.990,0,0,0,0.000000,0.000000,0.000000,0.000000,0.000000,0,0.000,0.000,NO BLACK,NO BUNDLE,0,0,0,,,,0,0,0,0,0.000000,0.000000,,,,WEAK STAND GEOMETRY,,,,,,,,,,
41,1.366667,26.764,18.925,0,145,0,0.000000,0.652849,0.000000,0.000000,0.000000,0,0.000,0.000,NO BLACK,NO BUNDLE,0,0,0,,,,0,0,0,0,0.000000,0.000000,,,,WEAK STAND GEOMETRY,,,,,,,,,,
42,1.400000,21.869,18.997,0,0,0,0.000000,0.000000,0.000000,0.000000,0.000000,0,0.000,0.000,NO BLACK,NO BUNDLE,0,0,0,,,,0,0,0,0,0.000000,0.000000,,,,WEAK STAND GEOMETRY,,,,,,,,,,
43,1.433333,25.343,18.695,0,107,0,0.000000,0.680554,0.000000,0.000000,0.000000,0,0.000,0.000,NO BLACK,NO BUNDLE,0,0,0,,,,0,0,0,0,0.000000,0.000000,,,,WEAK STAND GEOMETRY,,,,,,,,,,
44,1.466667,27.290,18.282,0,256,0,0.000000,0.729615,0.000000,0.000000,0.000000,0,0.000,0.000,NO BLACK,NO BUNDLE,0,0,0,,,,0,0,0,0,0.000000,0.000000,,,,WEAK STAND GEOMETRY,,,,,,,,,,
45,1.500000,24.429,17.969,0,3,0,0.000000,0.605329,0.000000,0.000000,0.000000,0,0.000,0.000,NO BLACK,NO BUNDLE,0,0,0,,,,0,0,0,0,0.000000,0.000000,,,,NEED TWO DARK RAILS AND AN UPRIGHT,,,,,,,,,,
46,1.533333,27.938,17.404,0,0,0,0.000000,0.000000,0.000000,0.000000,0.000000,0,0.000,0.000,NO BLACK,NO BUNDLE,0,0,0,,,,0,0,0,0,0.000000,0.000000,,,,WEAK STAND GEOMETRY,,,,,,,,,,
47,1.566667,34.756,17.191,0,0,0,0.000000,0.000000,0.000000,0.000000,0.000000,0,0.000,0.000,NO BLACK,NO BUNDLE,0,0,0,,,,0,0,0,0,0.000000,0.000000,,,,NEED TWO DARK RAILS AND AN UPRIGHT,,,,,,,,,,
48,1.600000,30.545,16.904,0,0,0,0.000000,0.000000,0.000000,0.000000,0.000000,0,0.000,0.000,NO BLACK,NO BUNDLE,0,0,0,,,,0,0,0,0,0.000000,0.000000,,,,NEED TWO DARK RAILS AND AN UPRIGHT,,,,,,,,,,
49,1.633333,25.969,17.007,0,0,0,0.000000,0.000000,0.000000,0.000000,0.000000,0,0.000,0.000,NO BLACK,NO BUNDLE,0,0,0,,,,0,0,0,0,0.000000,0.000000,,,,NEED TWO DARK RAILS AND AN UPRIGHT,,,,,,,,,,
50,1.666667,30.107,17.088,0,0,0,0.000000,0.000000,0.000000,0.000000,0.000000,0,0.000,0.000,NO BLACK,NO BUNDLE,0,0,0,,,,0,0,0,0,0.000000,0.000000,,,,WEAK STAND GEOMETRY,,,,,,,,,,
51,1.700000,29.409,17.079,0,0,0,0.000000,0.000000,0.000000,0.000000,0.000000,0,0.000,0.000,NO BLACK,NO BUNDLE,0,0,0,,,,0,0,0,0,0.000000,0.000000,,,,NEED TWO DARK RAILS AND AN UPRIGHT,,,,,,,,,,
52,1.733333,27.112,17.208,0,0,0,0.000000,0.000000,0.000000,0.000000,0.000000,0,0.000,0.000,NO BLACK,NO BUNDLE,0,0,0,,,,0,0,0,0,0.000000,0.000000,,,,NEED TWO DARK RAILS AND AN UPRIGHT,,,,,,,,,,
53,1.766667,23.707,17.612,0,0,0,0.000000,0.000000,0.000000,0.000000,0.000000,0,0.000,0.000,NO BLACK,NO BUNDLE,0,0,0,,,,0,0,0,0,0.000000,0.000000,,,,NEED TWO DARK RAILS AND AN UPRIGHT,,,,,,,,,,
54,1.800000,27.585,17.674,0,0,0,0.000000,0.000000,0.000000,0.000000,0.000000,0,0.000,0.000,NO BLACK,NO BUNDLE,0,0,0,,,,0,0,0,0,0.000000,0.000000,,,,NEED TWO DARK RAILS AND AN UPRIGHT,,,,,,,,,,
55,1.833333,21.909,18.070,0,0,0,0.000000,0.000000,0.000000,0.000000,0.000000,0,0.000,0.000,NO BLACK,NO BUNDLE,0,0,0,,,,0,0,0,0,0.000000,0.000000,,,,NEED TWO DARK RAILS AND AN UPRIGHT,,,,,,,,,,
56,1.866667,28.843,18.288,0,0,0,0.000000,0.000000,0.000000,0.000000,0.000000,0,0.000,0.000,NO BLACK,NO BUNDLE,0,0,0,,,,0,0,0,0,0.000000,0.000000,,,,NEED TWO DARK RAILS AND AN UPRIGHT,,,,,,,,,,
57,1.900000,25.041,18.444,0,0,0,0.000000,0.000000,0.000000,0.000000,0.000000,0,0.000,0.000,NO BLACK,NO BUNDLE,0,0,0,,,,0,0,0,0,0.000000,0.000000,,,,NEED TWO DARK RAILS AND AN UPRIGHT,,,,,,,,,,
58,1.933333,23.562,18.593,0,0,0,0.000000,0.000000,0.000000,0.000000,0.000000,0,0.000,0.000,NO BLACK,NO BUNDLE,0,0,0,,,,0,0,0,0,0.000000,0.000000,,,,NEED TWO DARK RAILS AND AN UPRIGHT,,,,,,,,,,
59,1.966667,22.721,18.712,0,0,0,0.000000,0.000000,0.000000,0.000000,0.000000,0,0.000,0.000,NO BLACK,NO BUNDLE,0,0,0,,,,0,0,0,0,0.000000,0.000000,,,,NEED TWO DARK RAILS AND AN UPRIGHT,,,,,,,,,,
60,2.000000,22.858,18.854,0,0,0,0.000000,0.000000,0.000000,0.000000,0.000000,0,0.000,0.000,NO BLACK,NO BUNDLE,0,0,0,,,,0,0,0,0,0.000000,0.000000,,,,NEED TWO DARK RAILS AND AN UPRIGHT,,,,,,,,,,
61,2.033333,29.418,18.501,105,0,0,0.748201,0.000000,0.000000,0.000000,0.000000,0,0.000,0.000,NO BLACK,NO BUNDLE,0,0,0,,,,0,0,0,0,0.000000,0.000000,,,,NEED TWO DARK RAILS AND AN UPRIGHT,,,,,,,,,,
62,2.066667,34.430,17.898,0,0,0,0.000000,0.000000,0.000000,0.000000,0.000000,0,0.000,0.000,NO BLACK,NO BUNDLE,0,0,0,,,,0,0,0,0,0.000000,0.000000,,,,NEED TWO DARK RAILS AND AN UPRIGHT,,,,,,,,,,
63,2.100000,23.087,17.417,0,0,0,0.000000,0.000000,0.000000,0.000000,0.000000,0,0.000,0.000,NO BLACK,NO BUNDLE,0,0,0,,,,0,0,0,0,0.000000,0.000000,,,,WEAK STAND GEOMETRY,,,,,,,,,,
64,2.133333,27.969,16.820,321,0,0,0.753852,0.000000,0.000000,0.000000,0.000000,0,0.000,0.000,NO LASHING,NO BUNDLE,0,0,0,,,,0,0,0,0,0.000000,0.000000,,,,NEED TWO DARK RAILS AND AN UPRIGHT,,,,,,,,,,
65,2.166667,21.695,16.191,947,233,0,0.811614,0.760674,0.000000,0.786144,0.000000,0,0.000,0.000,NO VALID CONTACT,NO BUNDLE,0,0,0,,,,0,0,0,0,0.000000,0.000000,,,,NEED TWO DARK RAILS AND AN UPRIGHT,,,,,,,,,,
66,2.200000,25.067,15.724,1644,105,0,0.809051,0.698707,0.000000,0.753879,0.000000,0,0.000,0.000,GEOMETRY FAIL,NO BUNDLE,0,0,0,,,,0,1,0,1,0.711132,0.841003,730,52,0.144444,ACQUIRING STAND 1/4,,,,,,,,,,
67,2.233333,31.969,15.607,2641,237,26,0.887919,0.747122,0.731757,0.817520,0.000000,0,0.000,0.000,NO VALID CONTACT,NO BUNDLE,0,0,0,,,,0,1,0,1,0.711132,0.841003,730,52,0.144444,ACQUIRING STAND 1/4,,,,,,,,,,
68,2.266667,38.383,14.698,2785,419,103,0.904675,0.778943,0.782349,0.841809,0.000000,0,0.000,0.000,NO VALID CONTACT,NO BUNDLE,0,0,0,,,,0,1,0,1,0.773315,0.806428,682,54,0.150556,ACQUIRING STAND 2/4,,,,,,,,,,
69,2.300000,27.038,17.185,3604,0,49,0.913930,0.000000,0.744426,0.000000,0.000000,0,0.000,0.000,NO LASHING,NO BUNDLE,0,0,0,,,,0,1,0,1,0.773315,0.806428,682,54,0.150556,ACQUIRING STAND 2/4,,,,,,,,,,
70,2.333333,27.904,16.729,5241,55,482,0.915394,0.643183,0.791584,0.779288,0.000000,0,0.000,0.000,NO LASHING,NO BUNDLE,0,0,0,,,,0,1,0,1,0.783246,0.838323,724,60,0.166292,ACQUIRING STAND 3/4,,,,,,,,,,
71,2.366667,33.794,16.274,7108,317,1304,0.908340,0.751120,0.870095,0.829730,0.000000,0,0.000,0.000,GEOMETRY FAIL,NO BUNDLE,0,0,0,,,,0,1,0,1,0.783246,0.838323,724,60,0.166292,ACQUIRING STAND 3/4,,,,,,,,,,
72,2.400000,35.593,15.359,6632,220,1499,0.907975,0.688889,0.847982,0.798432,0.000000,0,0.000,0.000,GEOMETRY FAIL,NO BUNDLE,0,0,0,,,,0,1,1,1,0.856439,0.765252,674,85,0.206220,STAND LOCKED,,,,,,,,,,
73,2.433333,24.883,15.663,8672,531,1591,0.917227,0.716764,0.866836,0.816996,0.000000,0,0.000,0.000,NO VALID CONTACT,NO BUNDLE,0,0,0,,,,0,1,1,1,0.856439,0.765252,674,85,0.206220,STAND LOCKED,,,,,,,,,,
74,2.466667,28.918,14.768,8407,1099,2306,0.914414,0.795107,0.892677,0.854760,0.000000,0,0.000,0.000,INSUFFICIENT LASHING PATTERN,NO BUNDLE,0,0,0,,,,0,1,1,0,0.856439,0.765252,674,85,0.206220,STAND TEMPORARILY LOST (1),,,,,,,,,,
75,2.500000,29.664,13.857,9741,2198,1953,0.921534,0.776130,0.858860,0.848832,0.000000,0,0.000,0.000,GEOMETRY FAIL,NO BUNDLE,0,0,0,,,,0,1,1,0,0.856439,0.765252,674,85,0.206220,STAND TEMPORARILY LOST (1),,,,,,,,,,
76,2.533333,27.640,12.803,9544,2958,1944,0.914007,0.790946,0.873986,0.852476,0.000000,0,0.000,0.000,INSUFFICIENT LASHING PATTERN,NO BUNDLE,0,0,0,,,,0,1,1,1,0.814003,0.783889,649,124,0.303632,STAND LOCKED,,,,,,,,,,
77,2.566667,22.432,12.719,10537,2867,1696,0.932659,0.794156,0.818869,0.848561,0.709411,1,201.562,8.289,VALID,CANDIDATE,1,1,0,73,453,579.000,0,1,1,1,0.814003,0.783889,649,124,0.303632,STAND LOCKED,,,,,,,,,,
78,2.600000,30.198,12.149,10711,3183,1672,0.914908,0.781494,0.867915,0.848201,0.000000,0,0.000,0.000,GEOMETRY FAIL,NO BUNDLE,0,0,0,,,,0,1,1,0,0.814003,0.783889,649,124,0.303632,STAND TARGET JUMP REJECTED,0,25,1235,720,,,,,,
79,2.633333,31.763,11.569,16034,4305,3029,0.929557,0.722127,0.829509,0.827064,0.733760,1,191.654,10.676,VALID,CANDIDATE,1,1,0,81,503,567.000,0,1,1,0,0.814003,0.783889,649,124,0.303632,STAND TARGET JUMP REJECTED,0,25,1235,720,,,,,,
80,2.666667,24.212,10.432,14237,4171,4760,0.903387,0.749386,0.848356,0.826387,0.000000,0,133.820,44.851,APPEARANCE FAIL,NO BUNDLE,0,0,0,,,,0,1,1,1,0.934676,0.813915,643,185,0.417746,STAND LOCKED,0,28,1229,720,,,,,,
81,2.700000,31.499,9.969,12651,7458,4204,0.894711,0.806365,0.836297,0.850538,0.000000,0,174.929,46.027,APPEARANCE FAIL,NO BUNDLE,0,0,0,,,,0,1,1,1,0.934676,0.813915,643,185,0.417746,STAND LOCKED,0,28,1229,720,,,,,,
82,2.733333,25.805,9.341,11769,7664,4382,0.820849,0.692122,0.837277,0.783416,0.772076,1,192.282,29.786,VALID,CANDIDATE,1,1,0,164,468,212.000,0,1,1,1,0.887500,0.832414,572,176,0.389652,STAND LOCKED,0,28,1229,720,,,,,,
83,2.766667,27.921,8.952,10202,9155,2691,0.852992,0.756896,0.815053,0.808314,0.839722,1,200.717,6.491,TARGET JUMP,CANDIDATE,1,1,0,261,453,166.000,0,1,1,1,0.887500,0.832414,572,176,0.389652,STAND LOCKED,10,91,1116,714,,,,,,
84,2.800000,24.722,8.492,10644,7034,3640,0.860264,0.801062,0.847149,0.836158,0.813945,1,201.135,26.006,TARGET JUMP,CANDIDATE,1,1,0,169,576,164.000,0,1,1,1,1.000000,0.825868,518,223,0.407566,STAND LOCKED,14,133,1010,694,,,,,,
85,2.833333,23.145,8.143,10013,7144,3441,0.882995,0.782950,0.865574,0.843840,0.848594,1,198.092,34.369,VALID,CANDIDATE,2,1,0,168,574,195.850,0,1,1,1,1.000000,0.825868,518,223,0.407566,STAND LOCKED,13,190,909,695,,,,,,
86,2.866667,21.304,7.776,9465,5738,3383,0.884949,0.791700,0.847007,0.841219,0.863169,1,196.910,34.236,VALID,CANDIDATE,3,1,0,145,582,234.298,0,1,1,0,1.000000,0.825868,518,223,0.407566,STAND TARGET JUMP REJECTED,9,244,816,699,,,,,,
87,2.900000,28.816,7.933,9174,4977,3505,0.900918,0.820026,0.870319,0.863754,0.803968,1,189.915,36.400,VALID,CANDIDATE,4,1,0,128,545,222.404,0,1,1,0,1.000000,0.825868,518,223,0.407566,STAND TARGET JUMP REJECTED,7,276,765,704,,,,,,
88,2.933333,21.658,7.848,7661,2611,3652,0.890074,0.787083,0.889301,0.855486,0.866900,1,197.232,28.942,VALID,LOCKED,5,1,1,133,527,201.341,0,1,1,0,1.000000,0.825868,518,223,0.407566,STAND TARGET JUMP REJECTED,5,304,695,693,,,,,,
89,2.966667,27.573,8.114,8279,10990,1830,0.888838,0.821152,0.865272,0.854995,0.000000,0,166.200,52.396,APPEARANCE FAIL,LOST,5,1,0,133,527,201.341,1,1,1,0,1.000000,0.825868,518,223,0.407566,STAND TARGET JUMP REJECTED,,,,,,,,,,
90,3.000000,23.927,7.797,6931,2214,2945,0.887776,0.725333,0.886070,0.833059,0.799797,1,195.141,33.822,VALID,CANDIDATE,1,1,0,154,538,206.320,0,1,1,1,0.945000,0.838883,511,202,0.458405,STAND LOCKED,4,329,633,684,,,,,,
91,3.033333,25.584,8.408,7092,2487,2692,0.902105,0.789480,0.869707,0.853764,0.858196,1,198.448,33.091,TARGET JUMP,CANDIDATE,1,1,0,188,566,273.000,0,1,1,1,0.945000,0.838883,511,202,0.458405,STAND LOCKED,3,351,599,688,,,,,,
92,3.066667,29.085,7.903,6606,2344,3009,0.908086,0.744990,0.857369,0.836815,0.810360,1,210.263,17.731,TARGET JUMP,CANDIDATE,1,1,0,207,589,177.000,0,1,1,0,0.945000,0.838883,511,202,0.458405,STAND TEMPORARILY LOST (1),24,308,680,678,,,,,,
93,3.100000,25.318,8.135,6756,2124,2458,0.886650,0.829623,0.857482,0.857919,0.856954,1,210.437,26.671,TARGET JUMP,CANDIDATE,1,1,0,223,598,257.000,0,1,1,0,0.945000,0.838883,511,202,0.458405,STAND TEMPORARILY LOST (1),19,339,637,687,,,,,,
94,3.133333,20.810,7.845,5787,2414,2434,0.816743,0.708478,0.864877,0.796699,0.713873,1,220.337,12.362,TARGET JUMP,CANDIDATE,1,1,0,328,549,97.000,0,1,1,1,0.774406,0.905454,535,198,0.496560,STAND LOCKED,33,301,713,684,,,,,,
95,3.166667,33.937,7.562,5953,2464,2892,0.820683,0.767048,0.786821,0.791517,0.781087,1,216.619,8.214,TARGET JUMP,CANDIDATE,1,1,0,326,557,167.000,0,1,1,1,0.774406,0.905454,535,198,0.496560,STAND LOCKED,45,310,708,682,,,,,,
96,3.200000,29.369,7.160,6480,1978,2534,0.846927,0.774474,0.873673,0.831691,0.810319,1,211.013,30.147,VALID,CANDIDATE,2,1,0,326,557,165.050,0,1,1,1,0.968336,0.946269,554,204,0.525952,STAND LOCKED,55,347,657,685,,,,,,
97,3.233333,28.965,7.864,6525,2268,4063,0.906107,0.786410,0.842931,0.846259,0.000000,0,0.000,0.000,GEOMETRY FAIL,NO BUNDLE,0,0,0,,,,0,1,1,1,0.968336,0.946269,554,204,0.525952,STAND LOCKED,43,334,681,693,,,,,,
98,3.266667,25.503,7.838,6981,2058,3940,0.839153,0.778156,0.879513,0.832274,0.766945,1,202.335,35.194,VALID,CANDIDATE,1,1,0,331,554,232.000,0,1,1,0,0.968336,0.946269,554,204,0.525952,STAND TARGET JUMP REJECTED,43,334,681,693,,,,,,
99,3.300000,22.913,8.675,7442,1706,3567,0.902454,0.764600,0.888318,0.833527,0.000000,0,0.000,0.000,INSUFFICIENT LASHING PATTERN,NO BUNDLE,0,0,0,,,,0,1,1,0,0.968336,0.946269,554,204,0.525952,STAND TARGET JUMP REJECTED,34,351,652,699,,,,,,
100,3.333333,23.499,8.826,7592,1601,3582,0.908587,0.788251,0.893636,0.848419,0.000000,0,0.000,0.000,GEOMETRY FAIL,NO BUNDLE,0,0,0,,,,0,1,1,0,0.968336,0.946269,554,204,0.525952,STAND TARGET JUMP REJECTED,34,351,652,699,,,,,,
101,3.366667,27.803,9.393,7664,1529,3397,0.911123,0.778416,0.890265,0.844769,0.000000,0,0.000,0.000,GEOMETRY FAIL,NO BUNDLE,0,0,0,,,,0,1,1,0,0.968336,0.946269,554,204,0.525952,STAND TARGET JUMP REJECTED,34,351,652,699,,,,,,
102,3.400000,25.525,9.249,7241,1846,3533,0.907245,0.788075,0.893785,0.847660,0.000000,0,0.000,0.000,GEOMETRY FAIL,NO BUNDLE,0,0,0,,,,0,1,1,1,0.945000,0.864426,687,228,0.589595,STAND LOCKED,34,351,652,699,,,,,,
103,3.433333,38.661,9.621,8260,1471,3553,0.906295,0.788371,0.892277,0.847333,0.000000,0,0.000,0.000,GEOMETRY FAIL,NO BUNDLE,0,0,0,,,,0,1,1,1,0.945000,0.864426,687,228,0.589595,STAND LOCKED,34,351,652,699,,,,,,
104,3.466667,26.303,9.459,7826,1955,3296,0.910833,0.794352,0.898530,0.852593,0.000000,0,0.000,0.000,GEOMETRY FAIL,NO BUNDLE,0,0,0,,,,0,1,1,1,1.000000,0.847109,673,217,0.571637,STAND LOCKED,34,351,652,699,,,,,,
105,3.500000,26.944,9.946,8318,1427,3441,0.881841,0.843936,0.918130,0.881302,0.904460,1,193.601,37.505,VALID,CANDIDATE,1,1,0,344,550,73.000,0,1,1,1,1.000000,0.847109,673,217,0.571637,STAND LOCKED,34,351,652,699,,,,,,
106,3.533333,20.201,10.022,8320,1614,3395,0.906796,0.784988,0.891490,0.845892,0.000000,0,0.000,0.000,GEOMETRY FAIL,NO BUNDLE,0,0,0,,,,0,1,1,1,0.967629,0.918810,575,240,0.652167,STAND LOCKED,27,364,631,704,,,,,,
107,3.566667,35.353,10.278,8198,1749,3311,0.909413,0.791157,0.889909,0.850285,0.000000,0,0.000,0.000,GEOMETRY FAIL,NO BUNDLE,0,0,0,,,,0,1,1,1,0.967629,0.918810,575,240,0.652167,STAND LOCKED,27,364,631,704,,,,,,
108,3.600000,36.063,9.676,7828,2039,3542,0.950452,0.819806,0.883704,0.884654,0.895240,1,216.149,24.513,VALID,CANDIDATE,1,1,0,555,400,218.000,0,1,1,1,1.000000,0.879036,544,238,0.654031,STAND LOCKED,27,364,631,704,,,,,,
109,3.633333,27.622,9.447,7731,1723,3529,0.951467,0.815989,0.862242,0.876566,0.909120,1,223.061,10.217,VALID,CANDIDATE,2,1,0,562,402,214.750,0,1,1,1,1.000000,0.879036,544,238,0.654031,STAND LOCKED,47,344,664,691,,,,,,
110,3.666667,28.350,9.030,6792,1488,3570,0.919648,0.782524,0.891017,0.851086,0.000000,0,0.000,0.000,GEOMETRY FAIL,NO BUNDLE,0,0,0,,,,0,1,1,1,0.945000,0.861125,531,212,0.570842,STAND LOCKED,81,334,684,674,,,,,,
111,3.700000,27.187,9.755,6610,1634,3189,0.911341,0.780980,0.886896,0.846161,0.000000,0,0.000,0.000,GEOMETRY FAIL,NO BUNDLE,0,0,0,,,,0,1,1,1,0.945000,0.861125,531,212,0.570842,STAND LOCKED,81,334,684,674,,,,,,
112,3.733333,22.071,9.705,6429,1680,3442,0.917698,0.763538,0.894024,0.840618,0.000000,0,0.000,0.000,GEOMETRY FAIL,NO BUNDLE,0,0,0,,,,0,1,1,1,1.000000,0.895577,510,215,0.590698,STAND LOCKED,81,334,684,674,,,,,,
113,3.766667,22.463,11.250,6888,1119,3613,0.909203,0.790114,0.895364,0.849659,0.000000,0,0.000,0.000,GEOMETRY FAIL,NO BUNDLE,0,0,0,,,,0,1,1,1,1.000000,0.895577,510,215,0.590698,STAND LOCKED,81,334,684,674,,,,,,
114,3.800000,25.581,10.963,6780,1395,3641,0.915873,0.774915,0.890184,0.845394,0.000000,0,0.000,0.000,GEOMETRY FAIL,NO BUNDLE,0,0,0,,,,0,1,1,1,1.000000,0.825565,555,243,0.669911,STAND LOCKED,81,334,684,674,,,,,,
115,3.833333,24.725,11.342,6501,1699,3609,0.915083,0.791804,0.880315,0.853444,0.000000,0,0.000,0.000,GEOMETRY FAIL,NO BUNDLE,0,0,0,,,,0,1,1,1,1.000000,0.825565,555,243,0.669911,STAND LOCKED,81,334,684,674,,,,,,
116,3.866667,30.867,10.879,6773,1455,3739,0.909245,0.777534,0.886063,0.843390,0.000000,0,0.000,0.000,INSUFFICIENT LASHING PATTERN,NO BUNDLE,0,0,0,,,,0,1,1,1,1.000000,0.831290,536,263,0.729238,STAND LOCKED,81,334,684,674,,,,,,
117,3.900000,23.840,11.153,6385,1617,3567,0.868549,0.766018,0.871901,0.835489,0.741584,1,206.061,31.339,VALID,CANDIDATE,1,1,0,312,538,218.000,0,1,1,1,1.000000,0.831290,536,263,0.729238,STAND LOCKED,81,334,684,674,,,,,,
118,3.933333,23.362,10.742,6410,1899,3474,0.907860,0.778583,0.845956,0.843221,0.000000,0,0.000,0.000,GEOMETRY FAIL,NO BUNDLE,0,0,0,,,,0,1,1,1,1.000000,0.828721,550,227,0.624546,STAND LOCKED,63,359,640,684,,,,,,
119,3.966667,31.182,10.232,11056,9433,3216,0.921914,0.818339,0.896787,0.879013,0.832788,1,205.355,30.781,VALID,CANDIDATE,1,1,0,314,542,231.000,0,1,1,1,1.000000,0.828721,550,227,0.624546,STAND LOCKED,,,,,,,,,,
120,4.000000,21.192,9.908,6003,2290,3760,0.811289,0.782497,0.859682,0.817823,0.798713,1,202.294,34.059,TARGET JUMP,CANDIDATE,1,1,0,186,614,164.000,0,1,1,1,0.946667,0.807917,504,261,0.701185,STAND LOCKED,52,333,687,690,,,,,,
121,4.033333,25.686,9.954,5861,2215,2707,0.836613,0.785252,0.816089,0.812651,0.804831,1,202.742,28.650,VALID,CANDIDATE,2,1,0,181,612,152.950,0,1,1,1,0.946667,0.807917,504,261,0.701185,STAND LOCKED,41,368,626,697,,,,,,
122,4.066667,23.178,9.942,5254,2580,2086,0.912065,0.800194,0.852995,0.856130,0.000000,0,0.000,0.000,GEOMETRY FAIL,NO BUNDLE,0,0,0,,,,0,1,1,0,0.946667,0.807917,504,261,0.701185,STAND TARGET JUMP REJECTED,32,398,573,702,,,,,,
123,4.100000,29.582,9.914,5436,2354,2539,0.801161,0.759406,0.895436,0.818668,0.769771,1,218.562,19.418,VALID,CANDIDATE,1,1,0,226,571,76.000,0,1,1,0,0.946667,0.807917,504,261,0.701185,STAND TARGET JUMP REJECTED,32,398,573,702,,,,,,
124,4.133333,22.872,9.711,5738,2517,2698,0.822943,0.778233,0.884359,0.828512,0.803840,1,211.812,28.448,VALID,CANDIDATE,2,1,0,220,568,91.600,0,1,1,1,0.904645,0.906289,556,223,0.608866,STAND LOCKED,25,381,594,701,,,,,,
125,4.166667,27.097,10.077,5545,2628,2667,0.805879,0.773815,0.882953,0.820882,0.748897,1,219.212,15.343,VALID,CANDIDATE,3,1,0,193,574,97.710,0,1,1,1,0.904645,0.906289,556,223,0.608866,STAND LOCKED,20,365,616,701,,,,,,
126,4.200000,27.400,9.892,5213,2591,2710,0.818343,0.765234,0.879384,0.820987,0.770009,1,220.185,13.695,VALID,CANDIDATE,4,1,0,155,585,99.198,0,1,1,0,0.904645,0.906289,556,223,0.608866,STAND TARGET JUMP REJECTED,16,346,654,705,,,,,,
127,4.233333,20.914,10.995,5828,1854,1904,0.936720,0.800196,0.845909,0.868458,0.000000,0,0.000,0.000,GEOMETRY FAIL,NO BUNDLE,0,0,0,,,,0,1,1,0,0.904645,0.906289,556,223,0.608866,STAND TARGET JUMP REJECTED,12,337,672,708,,,,,,
128,4.266667,22.013,10.897,5490,2651,1305,0.943707,0.794309,0.810334,0.869008,0.000000,0,0.000,0.000,GEOMETRY FAIL,NO BUNDLE,0,0,0,,,,0,1,1,1,0.920769,0.867200,456,252,0.677323,STAND LOCKED,12,337,672,708,,,,,,
129,4.300000,29.550,11.537,4822,1854,1182,0.942926,0.817148,0.842261,0.880037,0.000000,0,0.000,0.000,GEOMETRY FAIL,NO BUNDLE,0,0,0,,,,0,1,1,1,0.920769,0.867200,456,252,0.677323,STAND LOCKED,12,337,672,708,,,,,,
130,4.333333,32.440,11.103,4317,2039,1168,0.936849,0.813248,0.841569,0.875048,0.000000,0,0.000,0.000,GEOMETRY FAIL,NO BUNDLE,0,0,0,,,,0,1,1,0,0.920769,0.867200,456,252,0.677323,STAND TARGET JUMP REJECTED,12,337,672,708,,,,,,
131,4.366667,22.114,12.218,3901,2013,517,0.937011,0.816504,0.868678,0.876757,0.000000,0,0.000,0.000,GEOMETRY FAIL,NO BUNDLE,0,0,0,,,,0,1,1,0,0.920769,0.867200,456,252,0.677323,STAND TARGET JUMP REJECTED,12,337,672,708,,,,,,
132,4.400000,24.412,11.775,2904,2276,123,0.934420,0.815975,0.767725,0.875198,0.000000,0,0.000,0.000,GEOMETRY FAIL,NO BUNDLE,0,0,0,,,,0,1,1,1,1.000000,0.834931,474,254,0.694379,STAND LOCKED,12,337,672,708,,,,,,
133,4.433333,32.564,12.154,1886,1384,366,0.928517,0.807943,0.882071,0.868230,0.000000,0,0.000,0.000,INSUFFICIENT LASHING PATTERN,NO BUNDLE,0,0,0,,,,0,1,1,1,1.000000,0.834931,474,254,0.694379,STAND LOCKED,12,337,672,708,,,,,,
134,4.466667,22.013,11.642,555,1237,43,0.816059,0.795953,0.771902,0.806006,0.000000,0,0.000,0.000,INSUFFICIENT LASHING PATTERN,NO BUNDLE,0,0,0,,,,0,1,1,1,1.000000,0.836364,499,251,0.690595,STAND LOCKED,12,337,672,708,,,,,,
135,4.500000,23.535,14.963,93,51,0,0.803546,0.662261,0.000000,0.732903,0.000000,0,0.000,0.000,NO BLACK,NO BUNDLE,0,0,0,,,,0,1,1,1,1.000000,0.836364,499,251,0.690595,STAND LOCKED,12,337,672,708,,,,,,
136,4.533333,23.412,15.496,76,22,0,0.771770,0.687621,0.000000,0.729695,0.000000,0,0.000,0.000,NO BLACK,NO BUNDLE,0,0,0,,,,0,1,1,0,1.000000,0.836364,499,251,0.690595,STAND TARGET JUMP REJECTED,12,337,672,708,,,,,,
137,4.566667,30.566,17.095,0,1,0,0.000000,0.609845,0.000000,0.000000,0.000000,0,0.000,0.000,NO BLACK,NO BUNDLE,0,0,0,,,,0,1,1,0,1.000000,0.836364,499,251,0.690595,STAND TARGET JUMP REJECTED,12,337,672,708,,,,,,
138,4.600000,42.537,16.079,17,81,0,0.752816,0.690124,0.000000,0.721470,0.000000,0,0.000,0.000,NO BLACK,NO BUNDLE,0,0,0,,,,0,1,1,1,0.928040,0.796722,481,181,0.489518,STAND LOCKED,12,337,672,708,,,,,,
139,4.633333,25.141,18.207,48,138,0,0.762937,0.744156,0.000000,0.753546,0.000000,0,0.000,0.000,NO BLACK,NO BUNDLE,0,0,0,,,,0,1,1,1,0.928040,0.796722,481,181,0.489518,STAND LOCKED,12,337,672,708,,,,,,
140,4.666667,25.135,17.795,3,105,0,0.711515,0.682005,0.000000,0.696760,0.000000,0,0.000,0.000,NO BLACK,NO BUNDLE,0,0,0,,,,0,1,1,1,1.000000,0.790937,518,189,0.515908,STAND LOCKED,12,337,672,708,,,,,,
141,4.700000,31.068,19.219,0,0,0,0.000000,0.000000,0.000000,0.000000,0.000000,0,0.000,0.000,NO BLACK,NO BUNDLE,0,0,0,,,,0,1,1,1,1.000000,0.790937,518,189,0.515908,STAND LOCKED,12,337,672,708,,,,,,
142,4.733333,30.255,18.250,0,0,0,0.000000,0.000000,0.000000,0.000000,0.000000,0,0.000,0.000,NO BLACK,NO BUNDLE,0,0,0,,,,0,1,1,1,0.966667,0.806354,505,229,0.445284,STAND LOCKED,12,337,672,708,,,,,,
143,4.766667,32.422,19.478,26,50,0,0.738010,0.660454,0.000000,0.699232,0.000000,0,0.000,0.000,NO BLACK,NO BUNDLE,0,0,0,,,,0,1,1,1,0.966667,0.806354,505,229,0.445284,STAND LOCKED,12,337,672,708,,,,,,
144,4.800000,24.873,19.372,0,0,0,0.000000,0.000000,0.000000,0.000000,0.000000,0,0.000,0.000,NO BLACK,NO BUNDLE,0,0,0,,,,0,1,1,1,0.976667,0.838187,524,212,0.504405,STAND LOCKED,12,337,672,708,,,,,,
145,4.833333,26.972,20.944,0,0,0,0.000000,0.000000,0.000000,0.000000,0.000000,0,0.000,0.000,NO BLACK,NO BUNDLE,0,0,0,,,,0,1,1,1,0.976667,0.838187,524,212,0.504405,STAND LOCKED,12,337,672,708,,,,,,
146,4.866667,18.687,21.348,0,0,0,0.000000,0.000000,0.000000,0.000000,0.000000,0,0.000,0.000,NO BLACK,NO BUNDLE,0,0,0,,,,0,1,1,1,0.961346,0.746482,483,164,0.417191,STAND LOCKED,12,337,672,708,,,,,,
147,4.900000,35.715,21.921,0,0,0,0.000000,0.000000,0.000000,0.000000,0.000000,0,0.000,0.000,NO BLACK,NO BUNDLE,0,0,0,,,,0,1,1,1,0.961346,0.746482,483,164,0.417191,STAND LOCKED,,,,,,,,,,
148,4.933333,38.678,20.243,0,0,0,0.000000,0.000000,0.000000,0.000000,0.000000,0,0.000,0.000,NO BLACK,NO BUNDLE,0,0,0,,,,0,1,1,1,0.948333,0.767207,522,183,0.478778,STAND LOCKED,,,,,,,,,,
149,4.966667,29.158,21.871,0,0,0,0.000000,0.000000,0.000000,0.000000,0.000000,0,0.000,0.000,NO BLACK,NO BUNDLE,0,0,0,,,,0,1,1,1,0.948333,0.767207,522,183,0.478778,STAND LOCKED,,,,,,,,,,
150,5.000000,23.776,21.791,0,0,0,0.000000,0.000000,0.000000,0.000000,0.000000,0,0.000,0.000,NO BLACK,NO BUNDLE,0,0,0,,,,0,1,1,1,0.942683,0.684110,516,202,0.547742,STAND LOCKED,,,,,,,,,,
151,5.033333,25.491,23.848,0,0,0,0.000000,0.000000,0.000000,0.000000,0.000000,0,0.000,0.000,NO BLACK,NO BUNDLE,0,0,0,,,,0,1,1,1,0.942683,0.684110,516,202,0.547742,STAND LOCKED,,,,,,,,,,
152,5.066667,25.795,23.340,0,0,0,0.000000,0.000000,0.000000,0.000000,0.000000,0,0.000,0.000,NO BLACK,NO BUNDLE,0,0,0,,,,0,1,1,1,1.000000,0.752129,464,199,0.545928,STAND LOCKED,,,,,,,,,,
153,5.100000,33.556,24.005,0,0,0,0.000000,0.000000,0.000000,0.000000,0.000000,0,0.000,0.000,NO BLACK,NO BUNDLE,0,0,0,,,,0,1,1,1,1.000000,0.752129,464,199,0.545928,STAND LOCKED,,,,,,,,,,
154,5.133333,28.350,22.241,0,99,0,0.000000,0.687989,0.000000,0.000000,0.000000,0,0.000,0.000,NO BLACK,NO BUNDLE,0,0,0,,,,0,1,1,1,0.945833,0.858190,494,196,0.541293,STAND LOCKED,,,,,,,,,,
155,5.166667,40.328,22.133,0,0,0,0.000000,0.000000,0.000000,0.000000,0.000000,0,0.000,0.000,NO BLACK,NO BUNDLE,0,0,0,,,,0,1,1,1,0.945833,0.858190,494,196,0.541293,STAND LOCKED,,,,,,,,,,
156,5.200000,30.294,20.912,0,0,0,0.000000,0.000000,0.000000,0.000000,0.000000,0,0.000,0.000,NO BLACK,NO BUNDLE,0,0,0,,,,0,1,1,1,1.000000,0.826985,501,194,0.538443,STAND LOCKED,,,,,,,,,,
157,5.233333,32.286,21.999,0,0,0,0.000000,0.000000,0.000000,0.000000,0.000000,0,0.000,0.000,NO BLACK,NO BUNDLE,0,0,0,,,,0,1,1,1,1.000000,0.826985,501,194,0.538443,STAND LOCKED,,,,,,,,,,
158,5.266667,32.647,21.161,0,230,0,0.000000,0.745790,0.000000,0.000000,0.000000,0,0.000,0.000,NO BLACK,NO BUNDLE,0,0,0,,,,0,1,1,1,0.933333,0.854579,517,192,0.532577,STAND LOCKED,,,,,,,,,,
159,5.300000,32.830,22.103,0,0,0,0.000000,0.000000,0.000000,0.000000,0.000000,0,0.000,0.000,NO BLACK,NO BUNDLE,0,0,0,,,,0,1,1,1,0.933333,0.854579,517,192,0.532577,STAND LOCKED,,,,,,,,,,
160,5.333333,28.086,21.077,0,0,0,0.000000,0.000000,0.000000,0.000000,0.000000,0,0.000,0.000,NO BLACK,NO BUNDLE,0,0,0,,,,0,1,1,1,0.982778,0.821919,520,188,0.516187,STAND LOCKED,,,,,,,,,,
161,5.366667,27.122,22.891,0,0,0,0.000000,0.000000,0.000000,0.000000,0.000000,0,0.000,0.000,NO BLACK,NO BUNDLE,0,0,0,,,,0,1,1,1,0.982778,0.821919,520,188,0.516187,STAND LOCKED,,,,,,,,,,
162,5.400000,27.588,22.535,0,40,0,0.000000,0.666439,0.000000,0.000000,0.000000,0,0.000,0.000,NO BLACK,NO BUNDLE,0,0,0,,,,0,1,1,1,1.000000,0.794923,526,189,0.521034,STAND LOCKED,,,,,,,,,,
163,5.433333,40.944,22.489,0,0,0,0.000000,0.000000,0.000000,0.000000,0.000000,0,0.000,0.000,NO BLACK,NO BUNDLE,0,0,0,,,,0,1,1,1,1.000000,0.794923,526,189,0.521034,STAND LOCKED,,,,,,,,,,
164,5.466667,37.134,21.287,0,88,0,0.000000,0.683296,0.000000,0.000000,0.000000,0,0.000,0.000,NO BLACK,NO BUNDLE,0,0,0,,,,0,1,1,1,0.967500,0.857344,534,196,0.539257,STAND LOCKED,,,,,,,,,,
165,5.500000,43.716,21.169,0,0,0,0.000000,0.000000,0.000000,0.000000,0.000000,0,0.000,0.000,NO BLACK,NO BUNDLE,0,0,0,,,,0,1,1,1,0.967500,0.857344,534,196,0.539257,STAND LOCKED,,,,,,,,,,
166,5.533333,25.235,20.086,0,0,0,0.000000,0.000000,0.000000,0.000000,0.000000,0,0.000,0.000,NO BLACK,NO BUNDLE,0,0,0,,,,0,1,1,1,1.000000,0.769756,525,205,0.565791,STAND LOCKED,,,,,,,,,,
167,5.566667,23.450,22.699,0,0,0,0.000000,0.000000,0.000000,0.000000,0.000000,0,0.000,0.000,NO BLACK,NO BUNDLE,0,0,0,,,,0,1,1,1,1.000000,0.769756,525,205,0.565791,STAND LOCKED,,,,,,,,,,
168,5.600000,35.114,21.723,0,0,0,0.000000,0.000000,0.000000,0.000000,0.000000,0,0.000,0.000,NO BLACK,NO BUNDLE,0,0,0,,,,0,1,1,1,1.000000,0.734041,532,201,0.550995,STAND LOCKED,,,,,,,,,,
169,5.633333,27.443,23.368,0,0,0,0.000000,0.000000,0.000000,0.000000,0.000000,0,0.000,0.000,NO BLACK,NO BUNDLE,0,0,0,,,,0,1,1,1,1.000000,0.734041,532,201,0.550995,STAND LOCKED,,,,,,,,,,
170,5.666667,40.153,21.939,0,0,0,0.000000,0.000000,0.000000,0.000000,0.000000,0,0.000,0.000,NO BLACK,NO BUNDLE,0,0,0,,,,0,1,1,1,1.000000,0.729215,473,209,0.566489,STAND LOCKED,,,,,,,,,,
171,5.700000,22.985,24.063,0,0,0,0.000000,0.000000,0.000000,0.000000,0.000000,0,0.000,0.000,NO BLACK,NO BUNDLE,0,0,0,,,,0,1,1,1,1.000000,0.729215,473,209,0.566489,STAND LOCKED,,,,,,,,,,
172,5.733333,26.335,23.248,0,0,0,0.000000,0.000000,0.000000,0.000000,0.000000,0,0.000,0.000,NO BLACK,NO BUNDLE,0,0,0,,,,0,1,1,1,1.000000,0.719005,540,211,0.577281,STAND LOCKED,,,,,,,,,,
173,5.766667,32.727,23.871,0,4,0,0.000000,0.603890,0.000000,0.000000,0.000000,0,0.000,0.000,NO BLACK,NO BUNDLE,0,0,0,,,,0,1,1,1,1.000000,0.719005,540,211,0.577281,STAND LOCKED,,,,,,,,,,
174,5.800000,27.709,22.610,0,0,0,0.000000,0.000000,0.000000,0.000000,0.000000,0,0.000,0.000,NO BLACK,NO BUNDLE,0,0,0,,,,0,1,1,1,0.945000,0.751150,570,197,0.537068,STAND LOCKED,,,,,,,,,,
175,5.833333,30.441,23.500,0,99,0,0.000000,0.661720,0.000000,0.000000,0.000000,0,0.000,0.000,NO BLACK,NO BUNDLE,0,0,0,,,,0,1,1,1,0.945000,0.751150,570,197,0.537068,STAND LOCKED,,,,,,,,,,
176,5.866667,29.205,22.312,0,1,0,0.000000,0.602872,0.000000,0.000000,0.000000,0,0.000,0.000,NO BLACK,NO BUNDLE,0,0,0,,,,0,1,1,1,1.000000,0.755266,528,210,0.577028,STAND LOCKED,,,,,,,,,,
177,5.900000,29.248,23.598,0,0,0,0.000000,0.000000,0.000000,0.000000,0.000000,0,0.000,0.000,NO BLACK,NO BUNDLE,0,0,0,,,,0,1,1,1,1.000000,0.755266,528,210,0.577028,STAND LOCKED,,,,,,,,,,
178,5.933333,31.904,22.623,0,0,0,0.000000,0.000000,0.000000,0.000000,0.000000,0,0.000,0.000,NO BLACK,NO BUNDLE,0,0,0,,,,0,1,1,0,1.000000,0.755266,528,210,0.577028,STAND TARGET JUMP REJECTED,,,,,,,,,,
179,5.966667,36.091,22.792,0,0,0,0.000000,0.000000,0.000000,0.000000,0.000000,0,0.000,0.000,NO BLACK,NO BUNDLE,0,0,0,,,,0,1,1,0,1.000000,0.755266,528,210,0.577028,STAND TARGET JUMP REJECTED,,,,,,,,,,
180,6.000000,26.404,22.209,0,0,0,0.000000,0.000000,0.000000,0.000000,0.000000,0,0.000,0.000,NO BLACK,NO BUNDLE,0,0,0,,,,0,1,1,1,0.935833,0.808928,555,238,0.461329,STAND LOCKED,,,,,,,,,,
181,6.033333,27.687,23.558,0,0,0,0.000000,0.000000,0.000000,0.000000,0.000000,0,0.000,0.000,NO BLACK,NO BUNDLE,0,0,0,,,,0,1,1,1,0.935833,0.808928,555,238,0.461329,STAND LOCKED,,,,,,,,,,
182,6.066667,33.228,22.221,24,0,0,0.705989,0.000000,0.000000,0.000000,0.000000,0,0.000,0.000,NO BLACK,NO BUNDLE,0,0,0,,,,0,1,1,1,0.953846,0.796709,562,173,0.389404,STAND LOCKED,,,,,,,,,,
183,6.100000,32.795,23.044,0,0,0,0.000000,0.000000,0.000000,0.000000,0.000000,0,0.000,0.000,NO BLACK,NO BUNDLE,0,0,0,,,,0,1,1,1,0.953846,0.796709,562,173,0.389404,STAND LOCKED,,,,,,,,,,
184,6.133333,33.448,21.329,0,0,0,0.000000,0.000000,0.000000,0.000000,0.000000,0,0.000,0.000,NO BLACK,NO BUNDLE,0,0,0,,,,0,1,1,0,0.953846,0.796709,562,173,0.389404,STAND TARGET JUMP REJECTED,,,,,,,,,,
185,6.166667,24.088,23.540,0,0,0,0.000000,0.000000,0.000000,0.000000,0.000000,0,0.000,0.000,NO BLACK,NO BUNDLE,0,0,0,,,,0,1,1,0,0.953846,0.796709,562,173,0.389404,STAND TARGET JUMP REJECTED,,,,,,,,,,
186,6.200000,32.268,21.628,0,4,0,0.000000,0.606698,0.000000,0.000000,0.000000,0,0.000,0.000,NO BLACK,NO BUNDLE,0,0,0,,,,0,1,1,0,0.953846,0.796709,562,173,0.389404,STAND TEMPORARILY LOST (2),,,,,,,,,,
187,6.233333,30.607,22.874,0,11,0,0.000000,0.614820,0.000000,0.000000,0.000000,0,0.000,0.000,NO BLACK,NO BUNDLE,0,0,0,,,,0,1,1,0,0.953846,0.796709,562,173,0.389404,STAND TEMPORARILY LOST (2),,,,,,,,,,
188,6.266667,29.472,21.426,54,146,8,0.734116,0.650310,0.715582,0.692213,0.000000,0,0.000,0.000,NO BLACK,NO BUNDLE,0,0,0,,,,0,1,1,1,1.000000,0.769908,566,188,0.460162,STAND LOCKED,,,,,,,,,,
189,6.300000,26.746,22.961,74,0,0,0.751192,0.000000,0.000000,0.000000,0.000000,0,0.000,0.000,NO BLACK,NO BUNDLE,0,0,0,,,,0,1,1,1,1.000000,0.769908,566,188,0.460162,STAND LOCKED,,,,,,,,,,
190,6.333333,26.855,22.274,51,71,0,0.720879,0.647185,0.000000,0.684032,0.000000,0,0.000,0.000,NO BLACK,NO BUNDLE,0,0,0,,,,0,1,1,1,0.948270,0.813955,573,220,0.412559,STAND LOCKED,,,,,,,,,,
191,6.366667,38.915,21.343,336,256,0,0.752479,0.714191,0.000000,0.733335,0.000000,0,0.000,0.000,NO VALID CONTACT,NO BUNDLE,0,0,0,,,,0,1,1,1,0.948270,0.813955,573,220,0.412559,STAND LOCKED,,,,,,,,,,
192,6.400000,33.203,19.535,548,275,0,0.809824,0.753915,0.000000,0.781869,0.000000,0,0.000,0.000,NO VALID CONTACT,NO BUNDLE,0,0,0,,,,0,1,1,1,0.945000,0.835959,612,229,0.520999,STAND LOCKED,,,,,,,,,,
193,6.433333,30.776,20.781,0,0,0,0.000000,0.000000,0.000000,0.000000,0.000000,0,0.000,0.000,NO BLACK,NO BUNDLE,0,0,0,,,,0,1,1,1,0.945000,0.835959,612,229,0.520999,STAND LOCKED,,,,,,,,,,
194,6.466667,23.378,19.865,0,13,0,0.000000,0.624059,0.000000,0.000000,0.000000,0,0.000,0.000,NO BLACK,NO BUNDLE,0,0,0,,,,0,1,1,1,0.965675,0.819302,634,172,0.421602,STAND LOCKED,,,,,,,,,,
195,6.500000,24.418,22.176,0,0,0,0.000000,0.000000,0.000000,0.000000,0.000000,0,0.000,0.000,NO BLACK,NO BUNDLE,0,0,0,,,,0,1,1,1,0.965675,0.819302,634,172,0.421602,STAND LOCKED,,,,,,,,,,
196,6.533333,30.975,21.497,529,0,0,0.844112,0.000000,0.000000,0.000000,0.000000,0,0.000,0.000,NO LASHING,NO BUNDLE,0,0,0,,,,0,1,1,1,1.000000,0.775948,592,152,0.397499,STAND LOCKED,,,,,,,,,,
197,6.566667,21.704,21.931,681,210,0,0.853846,0.680296,0.000000,0.767071,0.000000,0,0.000,0.000,NO VALID CONTACT,NO BUNDLE,0,0,0,,,,0,1,1,1,1.000000,0.775948,592,152,0.397499,STAND LOCKED,,,,,,,,,,
198,6.600000,33.404,20.235,4021,3416,917,0.868761,0.747453,0.859671,0.808107,0.000000,0,0.000,0.000,NO VALID CONTACT,NO BUNDLE,0,0,0,,,,0,1,1,0,1.000000,0.775948,592,152,0.397499,STAND TARGET JUMP REJECTED,,,,,,,,,,
199,6.633333,25.832,19.610,4584,5222,1198,0.880264,0.782780,0.840039,0.831522,0.000000,0,0.000,0.000,GEOMETRY FAIL,NO BUNDLE,0,0,0,,,,0,1,1,0,1.000000,0.775948,592,152,0.397499,STAND TARGET JUMP REJECTED,,,,,,,,,,
200,6.666667,21.965,17.787,4984,9134,905,0.889696,0.799840,0.872335,0.844768,0.000000,0,0.000,0.000,GEOMETRY FAIL,NO BUNDLE,0,0,0,,,,0,1,1,0,1.000000,0.775948,592,152,0.397499,STAND TARGET JUMP REJECTED,,,,,,,,,,
201,6.700000,30.161,17.412,5415,6066,1680,0.887306,0.803950,0.859993,0.845628,0.000000,0,0.000,0.000,COMPONENTS TOO FAR,NO BUNDLE,0,0,0,,,,0,1,1,0,1.000000,0.775948,592,152,0.397499,STAND TARGET JUMP REJECTED,,,,,,,,,,
202,6.733333,26.327,16.092,3971,8242,1589,0.885698,0.773499,0.858528,0.839242,0.768218,1,218.816,5.747,VALID,CANDIDATE,1,1,0,159,601,166.000,0,1,1,1,0.945000,0.758527,615,133,0.357624,STAND LOCKED,,,,,,,,,,
203,6.766667,21.180,17.492,852,139,297,0.871273,0.708662,0.846243,0.789968,0.000000,0,0.000,0.000,GEOMETRY FAIL,NO BUNDLE,0,0,0,,,,0,1,1,1,0.945000,0.758527,615,133,0.357624,STAND LOCKED,0,498,384,714,,,,,,
204,6.800000,21.982,17.081,1029,156,303,0.895056,0.696575,0.841686,0.795816,0.000000,0,0.000,0.000,GEOMETRY FAIL,NO BUNDLE,0,0,0,,,,0,1,1,0,0.945000,0.758527,615,133,0.357624,STAND TEMPORARILY LOST (1),0,498,384,714,,,,,,
205,6.833333,28.270,18.140,772,156,248,0.878862,0.721970,0.831619,0.800416,0.000000,0,0.000,0.000,GEOMETRY FAIL,NO BUNDLE,0,0,0,,,,0,1,1,0,0.945000,0.758527,615,133,0.357624,STAND TEMPORARILY LOST (1),0,498,384,714,,,,,,
206,6.866667,31.461,16.858,957,331,274,0.871156,0.720168,0.827473,0.795662,0.000000,0,0.000,0.000,GEOMETRY FAIL,NO BUNDLE,0,0,0,,,,0,1,1,1,1.000000,0.827414,668,179,0.490931,STAND LOCKED,0,498,384,714,,,,,,
207,6.900000,31.870,17.348,719,235,207,0.881068,0.699691,0.857068,0.790380,0.000000,0,0.000,0.000,GEOMETRY FAIL,NO BUNDLE,0,0,0,,,,0,1,1,1,1.000000,0.827414,668,179,0.490931,STAND LOCKED,0,498,384,714,,,,,,
208,6.933333,22.574,16.560,912,478,185,0.878002,0.741945,0.811075,0.809973,0.000000,0,0.000,0.000,NO VALID CONTACT,NO BUNDLE,0,0,0,,,,0,1,1,0,1.000000,0.827414,668,179,0.490931,STAND TARGET JUMP REJECTED,0,498,384,714,,,,,,
209,6.966667,28.142,15.400,7193,6196,2212,0.903371,0.775457,0.866324,0.839414,0.000000,0,0.000,0.000,GEOMETRY FAIL,NO BUNDLE,0,0,0,,,,0,1,1,0,1.000000,0.827414,668,179,0.490931,STAND TARGET JUMP REJECTED,,,,,,,,,,
210,7.000000,25.444,14.071,2254,949,244,0.864899,0.787039,0.000000,0.825969,0.816724,1,0.000,0.000,VALID,CANDIDATE,1,1,0,108,579,129.000,0,1,1,1,0.938612,0.779150,699,232,0.427169,STAND LOCKED,0,498,384,714,,,,,,
211,7.033333,27.540,14.343,2113,856,258,0.891498,0.737478,0.813189,0.814488,0.000000,0,0.000,0.000,GEOMETRY FAIL,NO BUNDLE,0,0,0,,,,0,1,1,1,0.938612,0.779150,699,232,0.427169,STAND LOCKED,0,498,384,714,,,,,,
212,7.066667,24.398,13.794,2088,740,290,0.875660,0.720766,0.820791,0.798213,0.000000,0,0.000,0.000,GEOMETRY FAIL,NO BUNDLE,0,0,0,,,,0,1,1,1,0.797195,0.800517,620,272,0.468754,STAND LOCKED,0,498,384,714,,,,,,
213,7.100000,34.398,13.739,2485,790,490,0.891445,0.746774,0.838342,0.819109,0.000000,0,0.000,0.000,GEOMETRY FAIL,NO BUNDLE,0,0,0,,,,0,1,1,1,0.797195,0.800517,620,272,0.468754,STAND LOCKED,0,498,384,714,,,,,,
214,7.133333,26.567,13.281,2565,651,473,0.891096,0.740231,0.825726,0.815663,0.000000,0,0.000,0.000,GEOMETRY FAIL,NO BUNDLE,0,0,0,,,,0,1,1,0,0.797195,0.800517,620,272,0.468754,STAND TEMPORARILY LOST (1),0,498,384,714,,,,,,
215,7.166667,28.691,13.611,2884,625,514,0.898515,0.737962,0.839977,0.818238,0.000000,0,0.000,0.000,GEOMETRY FAIL,NO BUNDLE,0,0,0,,,,0,1,1,0,0.797195,0.800517,620,272,0.468754,STAND TEMPORARILY LOST (1),0,498,384,714,,,,,,
216,7.200000,27.845,12.971,2357,540,406,0.897231,0.713776,0.837711,0.805503,0.000000,0,0.000,0.000,GEOMETRY FAIL,NO BUNDLE,0,0,0,,,,0,1,1,1,0.825765,0.893864,601,252,0.367536,STAND LOCKED,0,498,384,714,,,,,,
217,7.233333,22.889,13.787,2313,499,405,0.895637,0.737443,0.837223,0.816540,0.000000,0,0.000,0.000,GEOMETRY FAIL,NO BUNDLE,0,0,0,,,,0,1,1,1,0.825765,0.893864,601,252,0.367536,STAND LOCKED,0,498,384,714,,,,,,
218,7.266667,25.093,13.435,2426,531,261,0.884618,0.742374,0.811322,0.813496,0.000000,0,0.000,0.000,GEOMETRY FAIL,NO BUNDLE,0,0,0,,,,0,1,1,1,0.799119,0.893099,610,248,0.286086,STAND LOCKED,0,498,384,714,,,,,,
219,7.300000,24.583,14.615,2243,484,241,0.872963,0.735144,0.809965,0.804054,0.000000,0,0.000,0.000,GEOMETRY FAIL,NO BUNDLE,0,0,0,,,,0,1,1,1,0.799119,0.893099,610,248,0.286086,STAND LOCKED,0,498,384,714,,,,,,
220,7.333333,36.368,13.846,1076,262,75,0.843643,0.710286,0.770992,0.776964,0.000000,0,0.000,0.000,INSUFFICIENT LASHING PATTERN,NO BUNDLE,0,0,0,,,,0,1,1,1,0.945000,0.810837,626,280,0.293739,STAND LOCKED,0,498,384,714,,,,,,
221,7.366667,25.358,14.742,1325,306,115,0.865281,0.730032,0.791658,0.797656,0.000000,0,0.000,0.000,GEOMETRY FAIL,NO BUNDLE,0,0,0,,,,0,1,1,1,0.945000,0.810837,626,280,0.293739,STAND LOCKED,0,498,384,714,,,,,,
222,7.400000,28.749,14.194,1469,261,31,0.868745,0.726581,0.753284,0.797663,0.000000,0,0.000,0.000,GEOMETRY FAIL,NO BUNDLE,0,0,0,,,,0,1,1,0,0.945000,0.810837,626,280,0.293739,STAND TEMPORARILY LOST (1),0,498,384,714,,,,,,
223,7.433333,25.507,15.374,1461,205,43,0.871313,0.722132,0.775381,0.796723,0.000000,0,0.000,0.000,INSUFFICIENT LASHING PATTERN,NO BUNDLE,0,0,0,,,,0,1,1,0,0.945000,0.810837,626,280,0.293739,STAND TEMPORARILY LOST (1),0,498,384,714,,,,,,
224,7.466667,20.711,15.787,667,97,1,0.834509,0.707449,0.717871,0.770979,0.000000,0,0.000,0.000,GEOMETRY FAIL,NO BUNDLE,0,0,0,,,,0,1,1,1,0.817041,0.914877,576,218,0.263571,STAND LOCKED,0,498,384,714,,,,,,
225,7.500000,31.688,16.349,1728,304,90,0.870327,0.712942,0.766449,0.791635,0.000000,0,0.000,0.000,GEOMETRY FAIL,NO BUNDLE,0,0,0,,,,0,1,1,1,0.817041,0.914877,576,218,0.263571,STAND LOCKED,0,498,384,714,,,,,,
226,7.533333,34.266,15.394,2013,300,57,0.851638,0.712771,0.744236,0.782205,0.000000,0,0.000,0.000,GEOMETRY FAIL,NO BUNDLE,0,0,0,,,,0,1,1,1,0.936923,0.961694,554,184,0.322565,STAND LOCKED,0,498,384,714,,,,,,
227,7.566667,25.675,16.871,1692,247,80,0.852361,0.749734,0.760610,0.801047,0.000000,0,0.000,0.000,GEOMETRY FAIL,NO BUNDLE,0,0,0,,,,0,1,1,1,0.936923,0.961694,554,184,0.322565,STAND LOCKED,0,498,384,714,,,,,,
228,7.600000,33.289,15.307,2666,393,162,0.877014,0.722917,0.776406,0.799966,0.000000,0,0.000,0.000,GEOMETRY FAIL,NO BUNDLE,0,0,0,,,,0,1,1,1,0.991923,0.982762,560,180,0.336891,STAND LOCKED,0,498,384,714,,,,,,
229,7.633333,32.057,15.418,1907,300,27,0.861868,0.739074,0.744839,0.800471,0.000000,0,0.000,0.000,INSUFFICIENT LASHING PATTERN,NO BUNDLE,0,0,0,,,,0,1,1,1,0.991923,0.982762,560,180,0.336891,STAND LOCKED,0,498,384,714,,,,,,
230,7.666667,25.986,14.740,2253,416,120,0.870363,0.718860,0.778312,0.794611,0.000000,0,0.000,0.000,GEOMETRY FAIL,NO BUNDLE,0,0,0,,,,0,1,1,0,0.991923,0.982762,560,180,0.336891,STAND TEMPORARILY LOST (1),0,498,384,714,,,,,,
231,7.700000,25.688,14.002,9436,9141,1775,0.912654,0.801493,0.891981,0.857074,0.000000,0,0.000,0.000,GEOMETRY FAIL,NO BUNDLE,0,0,0,,,,0,1,1,0,0.991923,0.982762,560,180,0.336891,STAND TEMPORARILY LOST (1),,,,,,,,,,
232,7.733333,36.009,12.706,8545,6315,1622,0.901027,0.757544,0.886024,0.829285,0.000000,0,0.000,0.000,GEOMETRY FAIL,NO BUNDLE,0,0,0,,,,0,1,1,1,0.945000,0.876923,630,191,0.454865,STAND LOCKED,,,,,,,,,,
233,7.766667,25.439,12.065,9550,9529,2346,0.907723,0.787864,0.859130,0.847794,0.000000,0,0.000,0.000,GEOMETRY FAIL,NO BUNDLE,0,0,0,,,,0,1,1,1,0.945000,0.876923,630,191,0.454865,STAND LOCKED,,,,,,,,,,
234,7.800000,24.634,11.456,9674,8287,2023,0.905177,0.789595,0.894148,0.847386,0.000000,0,157.346,56.344,APPEARANCE FAIL,NO BUNDLE,0,0,0,,,,0,1,1,1,0.876403,0.834800,662,275,0.370453,STAND LOCKED,,,,,,,,,,
235,7.833333,27.086,11.072,11561,7347,2445,0.914083,0.786614,0.854080,0.850348,0.000000,0,0.000,0.000,GEOMETRY FAIL,NO BUNDLE,0,0,0,,,,0,1,1,1,0.876403,0.834800,662,275,0.370453,STAND LOCKED,,,,,,,,,,
236,7.866667,20.181,10.238,9968,5338,2366,0.893976,0.771024,0.888045,0.832500,0.000000,0,0.000,0.000,GEOMETRY FAIL,NO BUNDLE,0,0,0,,,,0,1,1,1,0.804889,0.862966,740,314,0.408857,STAND LOCKED,,,,,,,,,,
237,7.900000,33.829,9.917,11994,7607,2696,0.912308,0.805834,0.860671,0.859071,0.000000,0,0.000,0.000,GEOMETRY FAIL,NO BUNDLE,0,0,0,,,,0,1,1,1,0.804889,0.862966,740,314,0.408857,STAND LOCKED,,,,,,,,,,
238,7.933333,25.220,9.453,11345,7209,2122,0.917419,0.802978,0.857974,0.860198,0.000000,0,0.000,0.000,GEOMETRY FAIL,NO BUNDLE,0,0,0,,,,0,1,1,1,0.873974,0.769803,792,320,0.490305,STAND LOCKED,,,,,,,,,,
239,7.966667,28.696,9.387,11260,7995,2676,0.912659,0.791546,0.869115,0.852102,0.000000,0,0.000,0.000,GEOMETRY FAIL,NO BUNDLE,0,0,0,,,,0,1,1,1,0.873974,0.769803,792,320,0.490305,STAND LOCKED,,,,,,,,,,
240,8.000000,30.317,8.657,10621,7485,2816,0.910618,0.806960,0.856024,0.858789,0.000000,0,0.000,0.000,GEOMETRY FAIL,NO BUNDLE,0,0,0,,,,0,1,1,1,0.947570,0.759949,791,314,0.575082,STAND LOCKED,,,,,,,,,,
241,8.033333,27.306,8.810,10971,7606,3157,0.918802,0.778843,0.868815,0.848822,0.000000,0,0.000,0.000,GEOMETRY FAIL,NO BUNDLE,0,0,0,,,,0,1,1,1,0.947570,0.759949,791,314,0.575082,STAND LOCKED,,,,,,,,,,
242,8.066667,23.364,8.479,9702,6573,2991,0.899637,0.805912,0.851082,0.852774,0.000000,0,0.000,0.000,GEOMETRY FAIL,NO BUNDLE,0,0,0,,,,0,1,1,1,0.921667,0.736156,748,278,0.558231,STAND LOCKED,,,,,,,,,,
243,8.100000,34.538,8.404,11980,5409,2438,0.911600,0.774863,0.847496,0.843231,0.000000,0,0.000,0.000,GEOMETRY FAIL,NO BUNDLE,0,0,0,,,,0,1,1,1,0.921667,0.736156,748,278,0.558231,STAND LOCKED,,,,,,,,,,
244,8.133333,29.866,8.115,10414,6925,3266,0.906709,0.804045,0.865364,0.855377,0.000000,0,0.000,0.000,GEOMETRY FAIL,NO BUNDLE,0,0,0,,,,0,1,1,1,0.817980,0.718504,609,297,0.591135,STAND LOCKED,,,,,,,,,,
245,8.166667,32.292,8.426,11295,6916,3311,0.926198,0.788172,0.855598,0.857185,0.000000,0,0.000,0.000,GEOMETRY FAIL,NO BUNDLE,0,0,0,,,,0,1,1,1,0.817980,0.718504,609,297,0.591135,STAND LOCKED,,,,,,,,,,
246,8.200000,41.100,7.868,10578,7169,3277,0.945888,0.766728,0.771633,0.828083,0.792438,1,205.292,21.417,VALID,CANDIDATE,1,1,0,249,599,479.000,0,1,1,0,0.817980,0.718504,609,297,0.591135,STAND TARGET JUMP REJECTED,,,,,,,,,,
247,8.233333,37.501,7.836,10206,3234,2343,0.911713,0.779252,0.844017,0.845482,0.000000,0,0.000,0.000,GEOMETRY FAIL,NO BUNDLE,0,0,0,,,,0,1,1,0,0.817980,0.718504,609,297,0.591135,STAND TARGET JUMP REJECTED,0,151,1011,720,,,,,,
248,8.266667,25.319,7.578,10105,3016,2406,0.907522,0.782294,0.827871,0.844908,0.000000,0,0.000,0.000,GEOMETRY FAIL,NO BUNDLE,0,0,0,,,,0,1,1,1,0.933598,0.748378,608,255,0.462330,STAND LOCKED,0,151,1011,720,,,,,,
249,8.300000,24.144,7.591,10791,3160,3623,0.909121,0.792833,0.837274,0.850977,0.000000,0,176.162,47.071,APPEARANCE FAIL,NO BUNDLE,0,0,0,,,,0,1,1,1,0.933598,0.748378,608,255,0.462330,STAND LOCKED,0,151,1011,720,,,,,,
250,8.333333,21.075,7.467,9976,3137,3094,0.903847,0.797049,0.825374,0.850448,0.000000,0,0.000,0.000,GEOMETRY FAIL,NO BUNDLE,0,0,0,,,,0,1,1,1,0.937381,0.850934,621,215,0.374576,STAND LOCKED,0,151,1011,720,,,,,,
251,8.366667,26.117,7.291,11370,3601,2472,0.876944,0.703369,0.796835,0.792383,0.792654,1,208.713,16.409,VALID,CANDIDATE,1,1,0,700,512,99.000,0,1,1,1,0.937381,0.850934,621,215,0.374576,STAND LOCKED,0,151,1011,720,,,,,,
252,8.400000,25.307,6.950,9032,3301,3383,0.917117,0.788774,0.859951,0.855281,0.737176,1,216.793,10.459,TARGET JUMP,CANDIDATE,1,1,0,361,568,272.000,0,1,1,1,0.945000,0.874886,627,171,0.353420,STAND LOCKED,86,194,996,706,,,,,,
253,8.433333,18.622,7.179,8042,2683,2895,0.826039,0.750335,0.842848,0.806407,0.754363,1,217.941,9.115,TARGET JUMP,CANDIDATE,1,1,0,362,568,125.000,0,1,1,1,0.945000,0.874886,627,171,0.353420,STAND LOCKED,88,236,929,709,,,,,,
254,8.466667,27.355,7.067,7246,3349,3130,0.861709,0.753604,0.833610,0.816308,0.817463,1,212.861,18.040,TARGET JUMP,CANDIDATE,1,1,0,174,656,114.000,0,1,1,1,0.945000,0.886878,631,167,0.409595,STAND LOCKED,93,282,850,708,,,,,,
255,8.500000,21.140,8.138,5092,2942,2096,0.944690,0.740633,0.837859,0.841060,0.817616,1,215.552,10.769,TARGET JUMP,CANDIDATE,1,1,0,572,483,229.000,0,1,1,1,0.945000,0.886878,631,167,0.409595,STAND LOCKED,80,329,761,712,,,,,,
256,8.533333,23.417,8.309,5272,3225,2106,0.900981,0.785463,0.826098,0.843222,0.000000,0,0.000,0.000,GEOMETRY FAIL,NO BUNDLE,0,0,0,,,,0,1,1,1,0.945000,0.916634,652,208,0.334040,STAND LOCKED,153,325,789,682,,,,,,
257,8.566667,18.974,9.145,5097,3430,2117,0.755193,0.762191,0.858991,0.792125,0.734252,1,216.997,15.321,VALID,CANDIDATE,1,1,0,551,506,92.000,0,1,1,1,0.945000,0.916634,652,208,0.334040,STAND LOCKED,153,325,789,682,,,,,,
258,8.600000,22.138,8.991,4756,2903,2434,0.775672,0.759250,0.865382,0.800101,0.728581,1,210.531,25.192,VALID,CANDIDATE,2,1,0,554,507,93.300,0,1,1,1,1.000000,0.911699,663,226,0.390179,STAND LOCKED,202,328,806,666,,,,,,
259,8.633333,27.257,8.949,4544,2336,2135,0.764227,0.738892,0.813978,0.772366,0.760759,1,215.917,18.001,TARGET JUMP,CANDIDATE,1,1,0,504,530,97.000,0,1,1,1,1.000000,0.911699,663,226,0.390179,STAND LOCKED,236,327,823,656,,,,,,
260,8.666667,19.025,8.864,4539,2565,2345,0.859984,0.725918,0.783323,0.789742,0.796053,1,214.343,22.095,TARGET JUMP,CANDIDATE,1,1,0,295,638,101.000,0,1,1,1,0.945000,0.800080,676,236,0.442178,STAND LOCKED,226,347,792,665,,,,,,
261,8.700000,28.329,9.297,3712,1256,1782,0.864894,0.792034,0.820429,0.825785,0.851511,1,217.744,10.527,VALID,CANDIDATE,2,1,0,272,651,106.200,0,1,1,1,0.945000,0.800080,676,236,0.442178,STAND LOCKED,197,382,723,677,,,,,,
262,8.733333,30.151,8.873,3695,1492,1375,0.868886,0.765456,0.824131,0.819491,0.882737,1,218.610,12.150,TARGET JUMP,CANDIDATE,1,1,0,247,660,285.000,0,1,1,1,1.000000,0.724111,651,239,0.567938,STAND LOCKED,176,409,671,686,,,,,,
263,8.766667,25.994,8.898,4012,1773,1789,0.868600,0.772536,0.809480,0.816872,0.861399,1,223.743,6.360,VALID,CANDIDATE,2,1,0,235,660,238.850,0,1,1,1,1.000000,0.724111,651,239,0.567938,STAND LOCKED,139,396,671,693,,,,,,
264,8.800000,19.778,8.416,3927,1810,1975,0.847087,0.790708,0.843026,0.826940,0.811801,1,219.778,10.924,VALID,CANDIDATE,3,1,0,250,650,237.648,0,1,1,1,1.000000,0.764821,637,256,0.662725,STAND LOCKED,115,409,632,699,,,,,,
265,8.833333,21.817,8.658,4470,2175,2446,0.952347,0.760151,0.861400,0.857966,0.842733,1,214.805,24.913,TARGET JUMP,CANDIDATE,1,1,0,487,512,220.000,0,1,1,1,1.000000,0.764821,637,256,0.662725,STAND LOCKED,90,386,656,704,,,,,,
266,8.866667,28.249,8.167,5253,2369,2429,0.816018,0.784545,0.861500,0.820688,0.835414,1,215.021,23.909,TARGET JUMP,CANDIDATE,1,1,0,434,526,69.000,0,1,1,1,0.934295,0.756462,603,293,0.646560,STAND LOCKED,140,377,683,682,,,,,,
267,8.900000,25.226,8.808,4606,2240,2373,0.821885,0.808579,0.822886,0.817783,0.741960,1,216.210,20.503,TARGET JUMP,CANDIDATE,1,1,0,168,662,106.000,0,1,1,1,0.934295,0.756462,603,293,0.646560,STAND LOCKED,125,346,722,681,,,,,,
268,8.933333,23.241,8.730,4791,2803,2299,0.833060,0.825157,0.863543,0.840587,0.779691,1,212.888,25.295,TARGET JUMP,CANDIDATE,1,1,0,143,675,191.000,0,1,1,1,0.873709,0.821926,572,259,0.494146,STAND LOCKED,101,381,652,690,,,,,,
269,8.966667,26.372,8.926,10459,4837,3765,0.917326,0.788898,0.847114,0.853112,0.000000,0,0.000,0.000,GEOMETRY FAIL,NO BUNDLE,0,0,0,,,,0,1,1,1,0.873709,0.821926,572,259,0.494146,STAND LOCKED,,,,,,,,,,
270,9.000000,20.591,8.620,4895,2261,2892,0.783516,0.737828,0.824481,0.781942,0.740575,1,210.517,27.049,VALID,CANDIDATE,1,1,0,344,557,104.000,0,1,1,1,1.000000,0.808091,573,223,0.511116,STAND LOCKED,109,340,715,680,,,,,,
271,9.033333,23.862,8.562,5305,1953,2525,0.840127,0.799960,0.839738,0.826608,0.848789,1,208.558,31.137,VALID,CANDIDATE,2,1,0,300,575,94.900,0,1,1,1,1.000000,0.808091,573,223,0.511116,STAND LOCKED,91,362,674,689,,,,,,
272,9.066667,18.391,8.202,5712,2251,2325,0.831465,0.796654,0.856004,0.828041,0.837246,1,213.576,20.651,TARGET JUMP,CANDIDATE,1,1,0,272,579,142.000,0,1,1,1,0.874582,0.824029,531,206,0.364447,STAND LOCKED,74,388,623,696,,,,,,
273,9.100000,28.862,8.299,5813,2189,2440,0.862118,0.768205,0.857893,0.829405,0.800752,1,210.638,23.369,TARGET JUMP,CANDIDATE,1,1,0,254,578,260.000,0,1,1,1,0.874582,0.824029,531,206,0.364447,STAND LOCKED,58,395,602,701,,,,,,
274,9.133333,29.562,8.069,5603,2565,2332,0.827341,0.798911,0.818580,0.814944,0.793428,1,211.730,25.565,TARGET JUMP,CANDIDATE,1,1,0,253,565,120.000,0,1,1,1,0.854060,0.917480,659,157,0.336640,STAND LOCKED,45,393,600,705,,,,,,
275,9.166667,22.258,9.074,5199,2597,2162,0.904406,0.776936,0.842975,0.840671,0.000000,0,0.000,0.000,GEOMETRY FAIL,NO BUNDLE,0,0,0,,,,0,1,1,1,0.854060,0.917480,659,157,0.336640,STAND LOCKED,35,404,576,708,,,,,,
276,9.200000,21.117,8.884,4930,2049,2133,0.788254,0.771122,0.860274,0.806550,0.745585,1,209.802,26.406,VALID,CANDIDATE,1,1,0,214,575,107.000,0,1,1,1,0.926538,0.947917,647,175,0.433363,STAND LOCKED,35,404,576,708,,,,,,
277,9.233333,22.214,8.864,4683,1816,1573,0.881646,0.737594,0.858091,0.825777,0.781647,1,209.107,28.890,TARGET JUMP,CANDIDATE,1,1,0,172,597,195.000,0,1,1,1,0.926538,0.947917,647,175,0.433363,STAND LOCKED,27,420,534,705,,,,,,
278,9.266667,24.956,8.472,4677,1859,1631,0.882395,0.733278,0.850531,0.822068,0.865557,1,222.002,7.709,TARGET JUMP,CANDIDATE,1,1,0,388,461,163.000,0,1,1,1,0.945000,0.867201,686,209,0.434111,STAND LOCKED,21,431,515,708,,,,,,
279,9.300000,29.728,8.258,3840,1261,1071,0.890924,0.794016,0.859009,0.847983,0.878011,1,211.608,20.097,TARGET JUMP,CANDIDATE,1,1,0,187,585,178.000,0,1,1,1,0.945000,0.867201,686,209,0.434111,STAND LOCKED,51,419,520,683,,,,,,
280,9.333333,24.413,7.981,2745,1183,735,0.832255,0.756781,0.853356,0.814131,0.771889,1,213.270,22.268,VALID,CANDIDATE,2,1,0,189,584,160.450,0,1,1,0,0.945000,0.867201,686,209,0.434111,STAND TEMPORARILY LOST (1),40,436,494,691,,,,,,
281,9.366667,29.554,9.006,2617,632,522,0.865887,0.693299,0.834083,0.779593,0.000000,0,0.000,0.000,GEOMETRY FAIL,NO BUNDLE,0,0,0,,,,0,1,1,0,0.945000,0.867201,686,209,0.434111,STAND TEMPORARILY LOST (1),31,451,470,697,,,,,,
282,9.400000,21.846,9.325,2559,436,665,0.876266,0.736612,0.838428,0.806439,0.000000,0,0.000,0.000,INSUFFICIENT LASHING PATTERN,NO BUNDLE,0,0,0,,,,0,1,1,1,0.952151,0.908351,612,212,0.506253,STAND LOCKED,31,451,470,697,,,,,,
283,9.433333,28.477,10.097,2904,617,740,0.884862,0.777822,0.847778,0.836821,0.869400,1,219.588,14.195,VALID,CANDIDATE,1,1,0,227,584,250.000,0,1,1,1,0.952151,0.908351,612,212,0.506253,STAND LOCKED,31,451,470,697,,,,,,
284,9.466667,30.248,9.762,4043,927,1226,0.812398,0.770089,0.855189,0.812559,0.769044,1,219.098,14.817,TARGET JUMP,CANDIDATE,1,1,0,338,530,63.000,0,1,1,1,0.988993,0.876152,562,288,0.446286,STAND LOCKED,24,446,481,702,,,,,,
285,9.500000,21.980,9.964,3857,1100,1275,0.867503,0.767256,0.850223,0.828327,0.797210,1,218.997,15.689,TARGET JUMP,CANDIDATE,1,1,0,237,590,276.000,0,1,1,1,0.988993,0.876152,562,288,0.446286,STAND LOCKED,19,439,494,706,,,,,,
286,9.533333,28.072,9.164,4695,1377,1940,0.872869,0.768722,0.843359,0.828317,0.799152,1,217.205,20.025,VALID,CANDIDATE,2,1,0,254,582,302.650,0,1,1,1,1.000000,0.808679,532,334,0.465898,STAND LOCKED,15,428,514,709,,,,,,
287,9.566667,19.308,9.203,5845,1391,2342,0.831980,0.690072,0.821416,0.781156,0.774647,1,214.411,18.983,TARGET JUMP,CANDIDATE,1,1,0,295,557,75.000,0,1,1,1,1.000000,0.808679,532,334,0.465898,STAND LOCKED,12,410,547,711,,,,,,
288,9.600000,22.040,9.324,5323,936,2028,0.894974,0.726415,0.858045,0.810694,0.000000,0,0.000,0.000,GEOMETRY FAIL,NO BUNDLE,0,0,0,,,,0,1,1,1,0.945000,0.880386,541,280,0.440349,STAND LOCKED,21,423,523,705,,,,,,
289,9.633333,28.888,9.102,5780,1341,1812,0.816606,0.774018,0.859020,0.816548,0.750060,1,213.316,25.066,VALID,CANDIDATE,1,1,0,217,585,224.000,0,1,1,1,0.945000,0.880386,541,280,0.440349,STAND LOCKED,21,423,523,705,,,,,,
290,9.666667,22.049,9.091,6173,1266,1739,0.894374,0.742120,0.859612,0.818247,0.000000,0,0.000,0.000,GEOMETRY FAIL,NO BUNDLE,0,0,0,,,,0,1,1,1,0.945000,0.831345,519,290,0.563296,STAND LOCKED,16,431,510,708,,,,,,
291,9.700000,22.522,10.547,6555,1211,1682,0.902750,0.756219,0.852576,0.829484,0.000000,0,0.000,0.000,GEOMETRY FAIL,NO BUNDLE,0,0,0,,,,0,1,1,1,0.945000,0.831345,519,290,0.563296,STAND LOCKED,16,431,510,708,,,,,,
292,9.733333,23.454,10.166,5594,1491,1642,0.867506,0.742823,0.852324,0.820884,0.812115,1,215.830,22.709,VALID,CANDIDATE,1,1,0,172,609,218.000,0,1,1,1,1.000000,0.832438,529,287,0.678205,STAND LOCKED,16,431,510,708,,,,,,
293,9.766667,37.211,9.996,6245,1496,1671,0.823107,0.826383,0.866273,0.838588,0.851020,1,217.492,18.195,VALID,CANDIDATE,2,1,0,174,604,163.400,0,1,1,1,1.000000,0.832438,529,287,0.678205,STAND LOCKED,12,439,497,711,,,,,,
294,9.800000,22.372,9.738,4437,1018,1312,0.880951,0.742662,0.862253,0.828622,0.856201,1,218.803,20.198,TARGET JUMP,CANDIDATE,1,1,0,158,611,264.000,0,1,1,1,0.945000,0.881765,533,253,0.633665,STAND LOCKED,9,451,476,713,,,,,,
295,9.833333,26.950,10.223,6478,1112,1685,0.900397,0.737892,0.852010,0.819144,0.000000,0,0.000,0.000,GEOMETRY FAIL,NO BUNDLE,0,0,0,,,,0,1,1,1,0.945000,0.881765,533,253,0.633665,STAND LOCKED,7,442,492,715,,,,,,
296,9.866667,26.460,9.618,5761,1229,1572,0.902548,0.753722,0.876015,0.844095,0.844996,1,219.335,19.779,VALID,CANDIDATE,1,1,0,218,583,282.000,0,1,1,1,0.764560,0.784381,634,344,0.547927,STAND LOCKED,7,442,492,715,,,,,,
297,9.900000,23.003,9.929,6636,1676,2118,0.891067,0.742624,0.874526,0.836072,0.850732,1,215.260,26.858,VALID,CANDIDATE,2,1,0,193,595,284.600,0,1,1,1,0.764560,0.784381,634,344,0.547927,STAND LOCKED,5,431,513,716,,,,,,
298,9.933333,27.843,9.480,6742,1774,1931,0.832976,0.715995,0.860117,0.803029,0.755955,1,221.179,14.657,VALID,CANDIDATE,3,1,0,185,598,223.110,0,1,1,0,0.764560,0.784381,634,344,0.547927,STAND TEMPORARILY LOST (1),4,419,534,717,,,,,,
299,9.966667,30.486,9.747,8319,5693,2242,0.908551,0.767488,0.850702,0.838019,0.000000,0,0.000,0.000,NO VALID CONTACT,NO BUNDLE,0,0,0,,,,0,1,1,0,0.764560,0.784381,634,344,0.547927,STAND TEMPORARILY LOST (1),,,,,,,,,,
300,10.000000,23.652,9.291,5334,1205,2032,0.855554,0.754193,0.846310,0.818686,0.767532,1,221.485,13.484,VALID,CANDIDATE,1,1,0,219,579,193.000,0,1,1,1,0.939523,0.826301,600,300,0.442123,STAND LOCKED,3,425,523,718,,,,,,
301,10.033333,20.763,9.376,5437,1304,1994,0.847891,0.696114,0.846237,0.796748,0.794137,1,219.376,18.541,VALID,CANDIDATE,2,1,0,221,586,163.100,0,1,1,1,0.939523,0.826301,600,300,0.442123,STAND LOCKED,2,422,529,718,,,,,,
302,10.066667,22.776,8.821,5565,1147,2379,0.844360,0.759875,0.845651,0.816628,0.764607,1,218.703,20.402,TARGET JUMP,CANDIDATE,1,1,0,252,577,247.000,0,1,1,0,0.939523,0.826301,600,300,0.442123,STAND TARGET JUMP REJECTED,2,411,549,718,,,,,,
303,10.100000,30.005,8.604,6305,2478,2361,0.858825,0.784908,0.864522,0.836085,0.724187,1,212.897,28.516,VALID,CANDIDATE,2,1,0,255,579,257.400,0,1,1,0,0.939523,0.826301,600,300,0.442123,STAND TARGET JUMP REJECTED,26,367,628,705,,,,,,
304,10.133333,19.931,8.481,5772,2572,2749,0.853854,0.756789,0.857849,0.822831,0.730791,1,222.664,14.901,TARGET JUMP,CANDIDATE,1,1,0,224,598,177.000,0,1,1,1,0.865584,0.805986,608,332,0.354025,STAND LOCKED,41,325,704,696,,,,,,
305,10.166667,20.272,8.345,6195,2207,2140,0.858339,0.729604,0.852018,0.813320,0.777570,1,213.568,27.324,TARGET JUMP,CANDIDATE,1,1,0,248,595,191.000,0,1,1,1,0.865584,0.805986,608,332,0.354025,STAND LOCKED,32,364,634,701,,,,,,
306,10.200000,20.751,8.333,5899,2821,2381,0.867182,0.750198,0.834989,0.817456,0.739333,1,222.879,13.137,TARGET JUMP,CANDIDATE,1,1,0,269,588,277.000,0,1,1,1,1.000000,0.827278,659,359,0.411394,STAND LOCKED,42,325,704,695,,,,,,
307,10.233333,26.236,8.948,5894,3048,2545,0.898143,0.776138,0.832632,0.837141,0.000000,0,0.000,0.000,GEOMETRY FAIL,NO BUNDLE,0,0,0,,,,0,1,1,1,1.000000,0.827278,659,359,0.411394,STAND LOCKED,33,335,686,700,,,,,,
308,10.266667,28.913,8.729,5513,3370,2766,0.861459,0.755633,0.838710,0.818601,0.716059,1,217.443,22.109,VALID,CANDIDATE,1,1,0,288,585,286.000,0,1,1,1,0.903156,0.886521,647,316,0.309641,STAND LOCKED,33,335,686,700,,,,,,
309,10.300000,26.466,8.765,6590,2996,2696,0.861798,0.781093,0.825735,0.822875,0.791169,1,208.351,28.987,VALID,CANDIDATE,2,1,0,301,578,274.300,0,1,1,1,0.903156,0.886521,647,316,0.309641,STAND LOCKED,38,296,756,697,,,,,,
310,10.333333,22.157,8.681,6671,2913,2905,0.898117,0.781953,0.852494,0.840035,0.000000,0,201.134,41.086,APPEARANCE FAIL,NO BUNDLE,0,0,0,,,,0,1,1,0,0.903156,0.886521,647,316,0.309641,STAND TEMPORARILY LOST (1),30,284,777,702,,,,,,
311,10.366667,23.402,8.481,7202,2995,2831,0.889456,0.778384,0.832848,0.833563,0.785785,1,211.839,25.381,VALID,CANDIDATE,1,1,0,319,577,215.000,0,1,1,0,0.903156,0.886521,647,316,0.309641,STAND TEMPORARILY LOST (1),30,284,777,702,,,,,,
312,10.400000,28.356,7.889,6336,3620,2373,0.888085,0.779501,0.849661,0.839082,0.826376,1,208.271,32.042,TARGET JUMP,CANDIDATE,1,1,0,261,604,381.000,0,1,1,1,0.816858,0.803019,791,364,0.402116,STAND LOCKED,23,298,752,706,,,,,,
313,10.433333,29.815,7.515,7941,3442,2534,0.878144,0.799142,0.840583,0.839290,0.855245,1,222.197,9.305,TARGET JUMP,CANDIDATE,1,1,0,230,614,206.000,0,1,1,1,0.816858,0.803019,791,364,0.402116,STAND LOCKED,18,290,766,709,,,,,,
314,10.466667,28.438,7.345,6037,3462,2563,0.890812,0.789973,0.856119,0.845635,0.816430,1,217.811,18.446,VALID,CANDIDATE,2,1,0,259,595,207.300,0,1,1,1,0.882562,0.809166,781,375,0.323036,STAND LOCKED,27,331,703,710,,,,,,
315,10.500000,23.233,7.786,4579,2668,2649,0.909069,0.773604,0.854203,0.845625,0.850384,1,211.446,25.051,TARGET JUMP,CANDIDATE,1,1,0,101,654,106.000,0,1,1,1,0.882562,0.809166,781,375,0.323036,STAND LOCKED,29,362,651,711,,,,,,
316,10.533333,26.680,7.916,4403,2143,2794,0.866603,0.810853,0.862345,0.846601,0.836079,1,209.882,25.509,VALID,CANDIDATE,2,1,0,70,666,102.750,0,1,1,1,0.958270,0.752599,708,377,0.434116,STAND LOCKED,23,383,611,713,,,,,,
317,10.566667,21.057,8.726,5495,2908,2541,0.904758,0.761547,0.851843,0.833152,0.000000,0,0.000,0.000,INSUFFICIENT LASHING PATTERN,NO BUNDLE,0,0,0,,,,0,1,1,1,0.958270,0.752599,708,377,0.434116,STAND LOCKED,18,357,655,715,,,,,,
318,10.600000,22.581,8.859,5809,2588,2779,0.809006,0.755367,0.850196,0.804856,0.735343,1,205.521,30.561,VALID,CANDIDATE,1,1,0,272,558,138.000,0,1,1,1,0.856410,0.733466,751,391,0.455838,STAND LOCKED,18,357,655,715,,,,,,
319,10.633333,29.840,9.020,5428,2366,2951,0.844366,0.753765,0.848996,0.815709,0.752461,1,209.624,25.244,TARGET JUMP,CANDIDATE,1,1,0,184,591,211.000,0,1,1,1,0.856410,0.733466,751,391,0.455838,STAND LOCKED,14,356,655,716,,,,,,
320,10.666667,21.360,8.900,5738,2577,3363,0.837601,0.690635,0.847349,0.791862,0.721997,1,211.231,22.409,TARGET JUMP,CANDIDATE,1,1,0,84,639,101.000,0,1,1,1,0.789440,0.727065,638,403,0.459502,STAND LOCKED,16,318,721,714,,,,,,
321,10.700000,29.916,8.770,5153,2261,2923,0.798609,0.770093,0.865132,0.811278,0.772517,1,205.449,29.903,VALID,CANDIDATE,2,1,0,93,630,109.450,0,1,1,1,0.789440,0.727065,638,403,0.459502,STAND LOCKED,12,341,679,715,,,,,,
322,10.733333,34.787,8.412,5601,1636,2549,0.908765,0.800023,0.854423,0.854394,0.000000,0,0.000,0.000,INSUFFICIENT LASHING PATTERN,NO BUNDLE,0,0,0,,,,0,1,1,0,0.789440,0.727065,638,403,0.459502,STAND TEMPORARILY LOST (1),9,370,626,716,,,,,,
323,10.766667,25.294,8.891,5183,2131,2352,0.914655,0.808658,0.872649,0.861657,0.000000,0,0.000,0.000,GEOMETRY FAIL,NO BUNDLE,0,0,0,,,,0,1,1,0,0.789440,0.727065,638,403,0.459502,STAND TEMPORARILY LOST (1),9,370,626,716,,,,,,
324,10.800000,31.288,8.624,5561,2409,3004,0.912714,0.793580,0.880224,0.853147,0.000000,0,0.000,0.000,GEOMETRY FAIL,NO BUNDLE,0,0,0,,,,0,1,1,1,0.772600,0.767644,630,388,0.325943,STAND LOCKED,9,370,626,716,,,,,,
325,10.833333,24.272,9.271,5771,1866,2356,0.922010,0.806297,0.876120,0.864154,0.000000,0,0.000,0.000,GEOMETRY FAIL,NO BUNDLE,0,0,0,,,,0,1,1,1,0.772600,0.767644,630,388,0.325943,STAND LOCKED,9,370,626,716,,,,,,
326,10.866667,33.159,9.074,5518,1995,2314,0.923042,0.811076,0.873007,0.867059,0.000000,0,0.000,0.000,INSUFFICIENT LASHING PATTERN,NO BUNDLE,0,0,0,,,,0,1,1,1,0.905833,0.722824,578,404,0.433896,STAND LOCKED,9,370,626,716,,,,,,
327,10.900000,21.576,10.042,5293,1791,1769,0.926063,0.780022,0.870283,0.853042,0.000000,0,0.000,0.000,INSUFFICIENT LASHING PATTERN,NO BUNDLE,0,0,0,,,,0,1,1,1,0.905833,0.722824,578,404,0.433896,STAND LOCKED,9,370,626,716,,,,,,
328,10.933333,30.105,9.962,5042,1643,1709,0.934078,0.782686,0.877932,0.858382,0.000000,0,0.000,0.000,GEOMETRY FAIL,NO BUNDLE,0,0,0,,,,0,1,1,1,0.945000,0.729060,599,418,0.464906,STAND LOCKED,9,370,626,716,,,,,,
329,10.966667,27.132,10.399,6858,7386,1618,0.918344,0.786294,0.861776,0.852319,0.000000,0,0.000,0.000,GEOMETRY FAIL,NO BUNDLE,0,0,0,,,,0,1,1,1,0.945000,0.729060,599,418,0.464906,STAND LOCKED,,,,,,,,,,
330,11.000000,28.795,10.444,5356,1619,1391,0.939176,0.804866,0.867206,0.872021,0.000000,0,0.000,0.000,GEOMETRY FAIL,NO BUNDLE,0,0,0,,,,0,1,1,1,0.945000,0.753406,581,350,0.407819,STAND LOCKED,9,370,626,716,,,,,,
331,11.033333,28.565,11.163,5320,1540,1273,0.920089,0.816537,0.849047,0.868313,0.000000,0,0.000,0.000,NO VALID CONTACT,NO BUNDLE,0,0,0,,,,0,1,1,1,0.945000,0.753406,581,350,0.407819,STAND LOCKED,9,370,626,716,,,,,,
332,11.066667,24.655,11.361,5403,1453,1239,0.929144,0.823159,0.857661,0.876151,0.000000,0,0.000,0.000,GEOMETRY FAIL,NO BUNDLE,0,0,0,,,,0,1,1,1,0.848277,0.775691,457,394,0.434074,STAND LOCKED,9,370,626,716,,,,,,
333,11.100000,30.030,11.698,5036,1250,946,0.926436,0.801757,0.836887,0.864097,0.000000,0,0.000,0.000,GEOMETRY FAIL,NO BUNDLE,0,0,0,,,,0,1,1,1,0.848277,0.775691,457,394,0.434074,STAND LOCKED,9,370,626,716,,,,,,
334,11.133333,30.872,11.329,4501,1893,673,0.926405,0.814093,0.829151,0.870249,0.000000,0,0.000,0.000,GEOMETRY FAIL,NO BUNDLE,0,0,0,,,,0,1,1,0,0.848277,0.775691,457,394,0.434074,STAND TARGET JUMP REJECTED,9,370,626,716,,,,,,
335,11.166667,34.961,11.590,4717,1514,751,0.924130,0.806956,0.815530,0.865543,0.000000,0,0.000,0.000,GEOMETRY FAIL,NO BUNDLE,0,0,0,,,,0,1,1,0,0.848277,0.775691,457,394,0.434074,STAND TARGET JUMP REJECTED,9,370,626,716,,,,,,
336,11.200000,35.027,10.595,4543,1555,724,0.923921,0.798148,0.835919,0.861034,0.000000,0,0.000,0.000,GEOMETRY FAIL,NO BUNDLE,0,0,0,,,,0,1,1,0,0.848277,0.775691,457,394,0.434074,STAND TARGET JUMP REJECTED,9,370,626,716,,,,,,
337,11.233333,35.350,10.356,3943,2259,694,0.924864,0.808948,0.822921,0.866906,0.000000,0,0.000,0.000,GEOMETRY FAIL,NO BUNDLE,0,0,0,,,,0,1,1,0,0.848277,0.775691,457,394,0.434074,STAND TARGET JUMP REJECTED,9,370,626,716,,,,,,
338,11.266667,29.322,10.330,4695,1491,701,0.925796,0.806605,0.824587,0.866200,0.000000,0,0.000,0.000,GEOMETRY FAIL,NO BUNDLE,0,0,0,,,,0,1,1,1,0.911457,0.726347,509,377,0.335889,STAND LOCKED,9,370,626,716,,,,,,
339,11.300000,31.850,10.250,3845,2324,409,0.952252,0.745764,0.000000,0.849008,0.853941,1,0.000,0.000,VALID,CANDIDATE,1,1,0,125,538,150.000,0,1,1,1,0.911457,0.726347,509,377,0.335889,STAND LOCKED,9,370,626,716,,,,,,
340,11.333333,21.640,10.547,5369,1252,809,0.927704,0.815952,0.855734,0.871828,0.000000,0,0.000,0.000,GEOMETRY FAIL,NO BUNDLE,0,0,0,,,,0,1,1,1,0.945000,0.747722,545,401,0.419275,STAND LOCKED,7,380,607,717,,,,,,
341,11.366667,31.096,10.467,4710,1298,1059,0.858448,0.767844,0.849341,0.825211,0.855573,1,227.684,20.006,VALID,CANDIDATE,1,1,0,67,580,158.000,0,1,1,1,0.945000,0.747722,545,401,0.419275,STAND LOCKED,7,380,607,717,,,,,,
342,11.400000,21.738,10.598,5391,866,1234,0.902347,0.743573,0.876717,0.822960,0.000000,0,0.000,0.000,GEOMETRY FAIL,NO BUNDLE,0,0,0,,,,0,1,1,1,0.851042,0.774208,511,429,0.480479,STAND LOCKED,5,394,558,704,,,,,,
343,11.433333,20.381,12.344,5252,728,1367,0.904162,0.733959,0.879193,0.819061,0.000000,0,0.000,0.000,GEOMETRY FAIL,NO BUNDLE,0,0,0,,,,0,1,1,1,0.851042,0.774208,511,429,0.480479,STAND LOCKED,5,394,558,704,,,,,,
344,11.466667,23.548,12.206,5651,858,1381,0.905189,0.749246,0.882007,0.827218,0.000000,0,0.000,0.000,GEOMETRY FAIL,NO BUNDLE,0,0,0,,,,0,1,1,1,0.959879,0.756244,563,443,0.525591,STAND LOCKED,5,394,558,704,,,,,,
345,11.500000,30.487,12.462,5487,610,1435,0.901449,0.761925,0.858002,0.831687,0.000000,0,0.000,0.000,GEOMETRY FAIL,NO BUNDLE,0,0,0,,,,0,1,1,1,0.959879,0.756244,563,443,0.525591,STAND LOCKED,5,394,558,704,,,,,,
346,11.533333,25.271,12.090,5222,675,1517,0.894971,0.741849,0.854056,0.818410,0.000000,0,0.000,0.000,GEOMETRY FAIL,NO BUNDLE,0,0,0,,,,0,1,1,1,1.000000,0.743729,555,426,0.629919,STAND LOCKED,5,394,558,704,,,,,,
347,11.566667,23.480,12.704,5068,529,1451,0.892420,0.695470,0.836446,0.793945,0.000000,0,0.000,0.000,GEOMETRY FAIL,NO BUNDLE,0,0,0,,,,0,1,1,1,1.000000,0.743729,555,426,0.629919,STAND LOCKED,5,394,558,704,,,,,,
348,11.600000,25.724,12.439,5476,620,1720,0.902095,0.711186,0.847447,0.806641,0.000000,0,0.000,0.000,GEOMETRY FAIL,NO BUNDLE,0,0,0,,,,0,1,1,1,0.897179,0.713985,520,451,0.615755,STAND LOCKED,5,394,558,704,,,,,,
349,11.633333,18.241,14.443,5454,488,1568,0.895302,0.720059,0.847900,0.807680,0.000000,0,0.000,0.000,GEOMETRY FAIL,NO BUNDLE,0,0,0,,,,0,1,1,1,0.897179,0.713985,520,451,0.615755,STAND LOCKED,5,394,558,704,,,,,,
350,11.666667,24.952,13.825,5659,761,1473,0.893298,0.750708,0.850463,0.822003,0.000000,0,0.000,0.000,GEOMETRY FAIL,NO BUNDLE,0,0,0,,,,0,1,1,1,0.945000,0.809821,495,368,0.548270,STAND LOCKED,5,394,558,704,,,,,,
351,11.700000,26.871,14.321,5407,743,1382,0.898445,0.727724,0.846603,0.813084,0.000000,0,0.000,0.000,GEOMETRY FAIL,NO BUNDLE,0,0,0,,,,0,1,1,1,0.945000,0.809821,495,368,0.548270,STAND LOCKED,5,394,558,704,,,,,,
352,11.733333,27.015,13.787,5457,559,1341,0.895457,0.729656,0.852502,0.812556,0.000000,0,0.000,0.000,GEOMETRY FAIL,NO BUNDLE,0,0,0,,,,0,1,1,1,0.944887,0.725057,573,421,0.548458,STAND LOCKED,5,394,558,704,,,,,,
353,11.766667,24.075,13.761,5333,675,1217,0.847639,0.790843,0.867936,0.835473,0.770924,1,228.653,21.457,VALID,CANDIDATE,1,1,0,29,643,230.000,0,1,1,1,0.944887,0.725057,573,421,0.548458,STAND LOCKED,5,394,558,704,,,,,,
354,11.800000,28.210,12.840,5074,960,995,0.844337,0.734817,0.866246,0.815133,0.801076,1,227.605,22.982,TARGET JUMP,CANDIDATE,1,1,0,57,620,96.000,0,1,1,1,0.932392,0.860173,510,324,0.433959,STAND LOCKED,4,393,564,708,,,,,,
355,11.833333,25.583,12.560,5192,1183,580,0.812787,0.763916,0.807602,0.794768,0.789522,1,231.258,15.322,VALID,CANDIDATE,2,1,0,49,617,73.250,0,1,1,1,0.932392,0.860173,510,324,0.433959,STAND LOCKED,3,409,527,704,,,,,,
356,11.866667,26.687,11.734,4111,1002,436,0.869494,0.832571,0.000000,0.851033,0.845417,1,0.000,0.000,TARGET JUMP,CANDIDATE,1,1,0,198,667,64.000,0,1,1,1,0.992381,0.869423,441,315,0.538268,STAND LOCKED,2,429,496,706,,,,,,
357,11.900000,25.378,11.834,3698,733,575,0.883321,0.775214,0.828955,0.829268,0.000000,0,0.000,0.000,GEOMETRY FAIL,NO BUNDLE,0,0,0,,,,0,1,1,1,0.992381,0.869423,441,315,0.538268,STAND LOCKED,5,446,474,709,,,,,,
358,11.933333,24.234,11.264,2251,651,427,0.904803,0.757636,0.844964,0.831220,0.000000,0,0.000,0.000,INSUFFICIENT LASHING PATTERN,NO BUNDLE,0,0,0,,,,0,1,1,1,0.945000,0.898246,390,281,0.598193,STAND LOCKED,5,446,474,709,,,,,,
359,11.966667,30.315,13.875,0,472,0,0.000000,0.701873,0.000000,0.000000,0.000000,0,0.000,0.000,NO BLACK,NO BUNDLE,0,0,0,,,,0,1,1,1,0.945000,0.898246,390,281,0.598193,STAND LOCKED,,,,,,,,,,
360,12.000000,26.536,13.185,342,95,0,0.866244,0.740915,0.000000,0.803579,0.000000,0,0.000,0.000,GEOMETRY FAIL,NO BUNDLE,0,0,0,,,,0,1,1,1,1.000000,0.900515,360,274,0.677867,STAND LOCKED,5,446,474,709,,,,,,
361,12.033333,46.922,13.782,238,82,0,0.810338,0.736433,0.000000,0.773385,0.000000,0,0.000,0.000,NO BLACK,NO BUNDLE,0,0,0,,,,0,1,1,1,1.000000,0.900515,360,274,0.677867,STAND LOCKED,5,446,474,709,,,,,,
362,12.066667,35.604,13.033,0,128,0,0.000000,0.704848,0.000000,0.000000,0.000000,0,0.000,0.000,NO BLACK,NO BUNDLE,0,0,0,,,,0,1,1,1,1.000000,0.906985,347,255,0.672471,STAND LOCKED,5,446,474,709,,,,,,
363,12.100000,31.565,14.992,0,25,0,0.000000,0.708674,0.000000,0.000000,0.000000,0,0.000,0.000,NO BLACK,NO BUNDLE,0,0,0,,,,0,1,1,1,1.000000,0.906985,347,255,0.672471,STAND LOCKED,5,446,474,709,,,,,,
364,12.133333,24.809,14.132,45,6,0,0.766788,0.636539,0.000000,0.701663,0.000000,0,0.000,0.000,NO BLACK,NO BUNDLE,0,0,0,,,,0,1,1,1,1.000000,0.905125,342,267,0.724279,STAND LOCKED,5,446,474,709,,,,,,
365,12.166667,24.814,16.989,75,35,0,0.788549,0.695734,0.000000,0.742142,0.000000,0,0.000,0.000,NO BLACK,NO BUNDLE,0,0,0,,,,0,1,1,1,1.000000,0.905125,342,267,0.724279,STAND LOCKED,5,446,474,709,,,,,,
366,12.200000,36.250,15.289,29,67,0,0.740780,0.757811,0.000000,0.749295,0.000000,0,0.000,0.000,NO BLACK,NO BUNDLE,0,0,0,,,,0,1,1,1,1.000000,0.882740,346,252,0.691064,STAND LOCKED,5,446,474,709,,,,,,
367,12.233333,30.209,17.323,46,55,0,0.741659,0.692210,0.000000,0.716934,0.000000,0,0.000,0.000,NO BLACK,NO BUNDLE,0,0,0,,,,0,1,1,1,1.000000,0.882740,346,252,0.691064,STAND LOCKED,5,446,474,709,,,,,,
368,12.266667,33.915,16.022,84,11,0,0.834862,0.651689,0.000000,0.743276,0.000000,0,0.000,0.000,NO BLACK,NO BUNDLE,0,0,0,,,,0,1,1,1,1.000000,0.883936,361,264,0.730354,STAND LOCKED,5,446,474,709,,,,,,
369,12.300000,26.557,18.560,101,36,0,0.804774,0.695484,0.000000,0.750129,0.000000,0,0.000,0.000,NO BLACK,NO BUNDLE,0,0,0,,,,0,1,1,1,1.000000,0.883936,361,264,0.730354,STAND LOCKED,5,446,474,709,,,,,,
370,12.333333,30.339,17.223,198,8,0,0.802333,0.635884,0.000000,0.719109,0.000000,0,0.000,0.000,NO BLACK,NO BUNDLE,0,0,0,,,,0,1,1,1,1.000000,0.824818,365,279,0.774770,STAND LOCKED,5,446,474,709,,,,,,
371,12.366667,33.040,18.303,482,32,43,0.811555,0.691184,0.757968,0.751370,0.000000,0,0.000,0.000,NO LASHING,NO BUNDLE,0,0,0,,,,0,1,1,1,1.000000,0.824818,365,279,0.774770,STAND LOCKED,5,446,474,709,,,,,,
372,12.400000,33.847,16.812,1688,177,166,0.897007,0.692584,0.817843,0.794795,0.000000,0,0.000,0.000,GEOMETRY FAIL,NO BUNDLE,0,0,0,,,,0,1,1,1,0.945000,0.837512,374,269,0.747397,STAND LOCKED,5,446,474,709,,,,,,
373,12.433333,29.781,17.084,2643,321,367,0.894098,0.724301,0.843455,0.809200,0.000000,0,0.000,0.000,GEOMETRY FAIL,NO BUNDLE,0,0,0,,,,0,1,1,1,0.945000,0.837512,374,269,0.747397,STAND LOCKED,5,446,474,709,,,,,,
374,12.466667,29.059,15.664,3520,752,614,0.897643,0.755656,0.845578,0.826650,0.000000,0,0.000,0.000,NO VALID CONTACT,NO BUNDLE,0,0,0,,,,0,1,1,1,1.000000,0.864939,356,265,0.737370,STAND LOCKED,5,446,474,709,,,,,,
375,12.500000,27.143,15.022,4013,1119,874,0.902292,0.740169,0.886628,0.843030,0.821623,1,220.354,33.400,VALID,CANDIDATE,1,1,0,94,606,108.000,0,1,1,1,1.000000,0.864939,356,265,0.737370,STAND LOCKED,5,446,474,709,,,,,,
376,12.533333,21.237,13.710,4703,1015,1181,0.902468,0.801531,0.867100,0.852000,0.000000,0,0.000,0.000,GEOMETRY FAIL,NO BUNDLE,0,0,0,,,,0,1,1,1,1.000000,0.886985,409,240,0.665636,STAND LOCKED,4,459,454,711,,,,,,
377,12.566667,23.300,12.967,5273,778,1135,0.908791,0.800212,0.862009,0.857004,0.875589,1,230.900,21.234,VALID,CANDIDATE,1,1,0,146,598,190.000,0,1,1,1,1.000000,0.886985,409,240,0.665636,STAND LOCKED,4,459,454,711,,,,,,
378,12.600000,30.220,12.037,5751,978,1320,0.891873,0.771906,0.858736,0.840838,0.792300,1,230.904,21.635,VALID,CANDIDATE,2,1,0,186,592,200.400,0,1,1,1,1.000000,0.874721,488,249,0.623425,STAND LOCKED,3,452,468,713,,,,,,
379,12.633333,18.740,12.470,5676,905,1116,0.898731,0.747687,0.852565,0.832994,0.823197,1,234.367,15.370,VALID,CANDIDATE,3,1,0,231,598,184.540,0,1,1,1,1.000000,0.874721,488,249,0.623425,STAND LOCKED,2,437,496,715,,,,,,
380,12.666667,22.792,11.503,5876,1091,1037,0.871543,0.719655,0.847979,0.813059,0.799555,1,234.166,14.636,VALID,CANDIDATE,4,1,0,282,595,156.239,0,1,1,0,1.000000,0.874721,488,249,0.623425,STAND TARGET JUMP REJECTED,2,442,488,716,,,,,,
381,12.700000,25.517,12.005,4350,456,1154,0.877562,0.742474,0.858808,0.810018,0.000000,0,0.000,0.000,GEOMETRY FAIL,NO BUNDLE,0,0,0,,,,0,1,1,0,1.000000,0.874721,488,249,0.623425,STAND TARGET JUMP REJECTED,17,448,494,717,,,,,,
382,12.733333,35.599,11.283,3914,380,1050,0.890747,0.745867,0.870711,0.818307,0.000000,0,0.000,0.000,GEOMETRY FAIL,NO BUNDLE,0,0,0,,,,0,1,1,1,0.948027,0.780261,466,199,0.512000,STAND LOCKED,17,448,494,717,,,,,,
383,12.766667,27.388,12.034,2976,561,677,0.894924,0.734850,0.841299,0.814887,0.000000,0,0.000,0.000,INSUFFICIENT LASHING PATTERN,NO BUNDLE,0,0,0,,,,0,1,1,1,0.948027,0.780261,466,199,0.512000,STAND LOCKED,17,448,494,717,,,,,,
384,12.800000,24.707,11.113,2247,472,249,0.892447,0.735446,0.778685,0.813947,0.000000,0,0.000,0.000,INSUFFICIENT LASHING PATTERN,NO BUNDLE,0,0,0,,,,0,1,1,1,1.000000,0.773841,501,219,0.575678,STAND LOCKED,17,448,494,717,,,,,,
385,12.833333,29.281,11.015,2069,844,296,0.898987,0.751468,0.852234,0.834229,0.810486,1,228.710,21.142,VALID,CANDIDATE,1,1,0,431,635,96.000,0,1,1,1,1.000000,0.773841,501,219,0.575678,STAND LOCKED,17,448,494,717,,,,,,
386,12.866667,23.487,10.371,2972,520,658,0.900104,0.728384,0.855512,0.814244,0.000000,0,0.000,0.000,GEOMETRY FAIL,NO BUNDLE,0,0,0,,,,0,1,1,1,1.000000,0.767164,542,216,0.583708,STAND LOCKED,69,460,526,718,,,,,,
387,12.900000,30.306,10.636,3375,801,546,0.905253,0.748713,0.849355,0.826983,0.000000,0,0.000,0.000,GEOMETRY FAIL,NO BUNDLE,0,0,0,,,,0,1,1,1,1.000000,0.767164,542,216,0.583708,STAND LOCKED,69,460,526,718,,,,,,
388,12.933333,32.501,9.861,3515,1107,644,0.905085,0.756641,0.859092,0.840273,0.761615,1,223.354,19.339,VALID,CANDIDATE,1,1,0,468,605,275.000,0,1,1,1,0.973333,0.828173,656,239,0.630099,STAND LOCKED,69,460,526,718,,,,,,
389,12.966667,30.938,9.993,16789,3084,2445,0.881212,0.771218,0.832583,0.826215,0.000000,0,0.000,0.000,GEOMETRY FAIL,NO BUNDLE,0,0,0,,,,0,1,1,1,0.973333,0.828173,656,239,0.630099,STAND LOCKED,,,,,,,,,,
390,13.000000,20.259,9.641,4337,969,585,0.867629,0.765683,0.860497,0.831270,0.795978,1,225.437,10.837,VALID,CANDIDATE,1,1,0,496,570,81.000,0,1,1,0,0.973333,0.828173,656,239,0.630099,STAND TARGET JUMP REJECTED,76,446,559,718,,,,,,
391,13.033333,20.197,10.239,4887,1422,348,0.907946,0.739536,0.805269,0.817584,0.775617,1,221.239,11.075,TARGET JUMP,CANDIDATE,1,1,0,236,680,343.000,0,1,1,0,0.973333,0.828173,656,239,0.630099,STAND TARGET JUMP REJECTED,121,455,582,714,,,,,,
392,13.066667,20.627,10.164,4709,1126,158,0.888757,0.717266,0.000000,0.803012,0.780637,1,0.000,0.000,VALID,CANDIDATE,2,1,0,242,678,344.950,0,1,1,1,0.776218,0.826781,737,339,0.526461,STAND LOCKED,100,427,607,712,,,,,,
393,13.100000,30.197,10.078,4261,1352,112,0.864033,0.676348,0.000000,0.770190,0.745619,1,0.000,0.000,VALID,CANDIDATE,3,1,0,301,655,296.232,0,1,1,1,0.776218,0.826781,737,339,0.526461,STAND LOCKED,78,402,633,714,,,,,,
394,13.133333,24.227,10.200,4200,1762,312,0.865313,0.731487,0.789228,0.798400,0.000000,0,0.000,0.000,GEOMETRY FAIL,NO BUNDLE,0,0,0,,,,0,1,1,1,0.788461,0.740375,648,276,0.446213,STAND LOCKED,80,402,636,715,,,,,,
395,13.166667,25.174,11.032,4286,2041,322,0.878311,0.744499,0.790107,0.811405,0.000000,0,0.000,0.000,GEOMETRY FAIL,NO BUNDLE,0,0,0,,,,0,1,1,1,0.788461,0.740375,648,276,0.446213,STAND LOCKED,80,402,636,715,,,,,,
396,13.200000,21.951,10.618,4461,2177,588,0.814410,0.710548,0.771536,0.765498,0.734773,1,216.376,6.053,VALID,CANDIDATE,1,1,0,496,550,166.000,0,1,1,1,1.000000,0.798208,647,232,0.466629,STAND LOCKED,80,402,636,715,,,,,,
397,13.233333,22.327,10.891,4135,2123,677,0.828395,0.741916,0.850971,0.807094,0.749090,1,219.019,10.601,VALID,CANDIDATE,2,1,0,484,542,160.150,0,1,1,1,1.000000,0.798208,647,232,0.466629,STAND LOCKED,117,415,635,706,,,,,,
398,13.266667,32.263,10.288,4489,1332,678,0.830868,0.702102,0.810560,0.781177,0.785034,1,218.476,12.051,TARGET JUMP,CANDIDATE,1,1,0,366,572,230.000,0,1,1,0,1.000000,0.798208,647,232,0.466629,STAND TARGET JUMP REJECTED,146,420,635,695,,,,,,
399,13.300000,24.209,10.196,4550,1092,986,0.833615,0.747741,0.814463,0.798606,0.805466,1,217.451,8.230,VALID,CANDIDATE,2,1,0,376,563,185.800,0,1,1,0,1.000000,0.798208,647,232,0.466629,STAND TARGET JUMP REJECTED,151,421,637,694,,,,,,
400,13.333333,22.068,9.923,5231,879,1147,0.906875,0.746932,0.807888,0.820565,0.767574,1,214.452,16.661,TARGET JUMP,CANDIDATE,1,1,0,512,492,126.000,0,1,1,1,1.000000,0.830837,641,222,0.493386,STAND LOCKED,140,426,619,695,,,,,,
401,13.366667,28.828,11.356,4396,707,848,0.882771,0.736855,0.814914,0.809813,0.000000,0,0.000,0.000,GEOMETRY FAIL,NO BUNDLE,0,0,0,,,,0,1,1,1,1.000000,0.830837,641,222,0.493386,STAND LOCKED,189,415,647,672,,,,,,
402,13.400000,24.392,11.026,5022,1168,1113,0.892831,0.730137,0.839329,0.811484,0.000000,0,0.000,0.000,GEOMETRY FAIL,NO BUNDLE,0,0,0,,,,0,1,1,1,0.945000,0.783128,648,234,0.455774,STAND LOCKED,189,415,647,672,,,,,,
403,13.433333,24.061,11.712,4785,911,684,0.895552,0.719509,0.848958,0.807530,0.000000,0,0.000,0.000,GEOMETRY FAIL,NO BUNDLE,0,0,0,,,,0,1,1,1,0.945000,0.783128,648,234,0.455774,STAND LOCKED,189,415,647,672,,,,,,
404,13.466667,24.991,11.403,3954,986,660,0.907489,0.715011,0.846037,0.811250,0.000000,0,0.000,0.000,GEOMETRY FAIL,NO BUNDLE,0,0,0,,,,0,1,1,1,0.860312,0.857713,598,204,0.455654,STAND LOCKED,189,415,647,672,,,,,,
405,13.500000,18.739,11.543,3058,1074,514,0.919101,0.702674,0.871667,0.831147,0.830389,1,209.893,20.713,VALID,CANDIDATE,1,1,0,373,450,141.000,0,1,1,1,0.860312,0.857713,598,204,0.455654,STAND LOCKED,189,415,647,672,,,,,,
406,13.533333,21.306,11.075,3654,735,615,0.905952,0.724048,0.837485,0.815000,0.000000,0,0.000,0.000,GEOMETRY FAIL,NO BUNDLE,0,0,0,,,,0,1,1,0,0.860312,0.857713,598,204,0.455654,STAND TEMPORARILY LOST (1),179,404,620,652,,,,,,
407,13.566667,20.595,11.751,4019,579,645,0.906297,0.720068,0.860601,0.813183,0.000000,0,0.000,0.000,GEOMETRY FAIL,NO BUNDLE,0,0,0,,,,0,1,1,0,0.860312,0.857713,598,204,0.455654,STAND TEMPORARILY LOST (1),179,404,620,652,,,,,,
408,13.600000,25.363,11.326,4044,540,745,0.911050,0.707341,0.860691,0.809196,0.000000,0,0.000,0.000,GEOMETRY FAIL,NO BUNDLE,0,0,0,,,,0,1,1,1,0.945000,0.850672,563,197,0.460947,STAND LOCKED,179,404,620,652,,,,,,
409,13.633333,17.793,12.294,4050,899,677,0.908966,0.772025,0.853492,0.844827,0.862435,1,211.233,21.562,VALID,CANDIDATE,1,1,0,205,525,72.000,0,1,1,1,0.945000,0.850672,563,197,0.460947,STAND LOCKED,179,404,620,652,,,,,,
410,13.666667,20.384,12.244,5023,636,750,0.898654,0.705531,0.833976,0.802092,0.000000,0,0.000,0.000,GEOMETRY FAIL,NO BUNDLE,0,0,0,,,,0,1,1,1,0.945000,0.882062,558,184,0.472496,STAND LOCKED,157,401,587,643,,,,,,
411,13.700000,32.442,12.660,4707,516,562,0.894233,0.695974,0.788006,0.795103,0.000000,0,0.000,0.000,GEOMETRY FAIL,NO BUNDLE,0,0,0,,,,0,1,1,1,0.945000,0.882062,558,184,0.472496,STAND LOCKED,157,401,587,643,,,,,,
412,13.733333,18.346,12.186,5057,590,818,0.893161,0.718234,0.818818,0.805698,0.000000,0,0.000,0.000,GEOMETRY FAIL,NO BUNDLE,0,0,0,,,,0,1,1,1,1.000000,0.874839,565,208,0.505956,STAND LOCKED,157,401,587,643,,,,,,
413,13.766667,20.582,13.020,5256,501,1028,0.897348,0.722453,0.841943,0.809901,0.000000,0,0.000,0.000,GEOMETRY FAIL,NO BUNDLE,0,0,0,,,,0,1,1,1,1.000000,0.874839,565,208,0.505956,STAND LOCKED,157,401,587,643,,,,,,
414,13.800000,20.294,12.799,5893,540,1127,0.875779,0.749204,0.821399,0.812491,0.000000,0,0.000,0.000,GEOMETRY FAIL,NO BUNDLE,0,0,0,,,,0,1,1,1,0.951394,0.880685,626,229,0.596639,STAND LOCKED,157,401,587,643,,,,,,
415,13.833333,37.710,13.294,4868,166,1120,0.874795,0.697052,0.843407,0.785924,0.000000,0,0.000,0.000,GEOMETRY FAIL,NO BUNDLE,0,0,0,,,,0,1,1,1,0.951394,0.880685,626,229,0.596639,STAND LOCKED,157,401,587,643,,,,,,
416,13.866667,19.129,13.136,4709,176,957,0.878238,0.680383,0.822165,0.779310,0.000000,0,0.000,0.000,GEOMETRY FAIL,NO BUNDLE,0,0,0,,,,0,1,1,1,0.948654,0.857710,692,254,0.687862,STAND LOCKED,157,401,587,643,,,,,,
417,13.900000,19.419,14.621,4717,208,949,0.881236,0.698025,0.821974,0.789631,0.000000,0,0.000,0.000,GEOMETRY FAIL,NO BUNDLE,0,0,0,,,,0,1,1,1,0.948654,0.857710,692,254,0.687862,STAND LOCKED,157,401,587,643,,,,,,
418,13.933333,21.964,14.027,4585,215,924,0.883043,0.695589,0.815789,0.789316,0.000000,0,0.000,0.000,GEOMETRY FAIL,NO BUNDLE,0,0,0,,,,0,1,1,1,0.939964,0.803912,674,235,0.512733,STAND LOCKED,157,401,587,643,,,,,,
419,13.966667,27.641,13.848,7142,2901,1238,0.894043,0.795302,0.794204,0.844673,0.000000,0,0.000,0.000,GEOMETRY FAIL,NO BUNDLE,0,0,0,,,,0,1,1,1,0.939964,0.803912,674,235,0.512733,STAND LOCKED,,,,,,,,,,
420,14.000000,36.127,13.103,4747,272,1135,0.896307,0.706012,0.853098,0.801160,0.000000,0,0.000,0.000,GEOMETRY FAIL,NO BUNDLE,0,0,0,,,,0,1,1,1,0.945000,0.822799,632,199,0.491216,STAND LOCKED,157,401,587,643,,,,,,
421,14.033333,21.675,14.949,4959,330,985,0.883241,0.710598,0.844601,0.796919,0.000000,0,0.000,0.000,GEOMETRY FAIL,NO BUNDLE,0,0,0,,,,0,1,1,1,0.945000,0.822799,632,199,0.491216,STAND LOCKED,157,401,587,643,,,,,,
422,14.066667,34.669,14.169,4730,269,1094,0.891576,0.700622,0.851602,0.796099,0.000000,0,0.000,0.000,GEOMETRY FAIL,NO BUNDLE,0,0,0,,,,0,1,1,1,0.945000,0.778589,647,204,0.418894,STAND LOCKED,157,401,587,643,,,,,,
423,14.100000,27.704,15.078,5118,264,992,0.892243,0.688712,0.856830,0.790478,0.000000,0,0.000,0.000,GEOMETRY FAIL,NO BUNDLE,0,0,0,,,,0,1,1,1,0.945000,0.778589,647,204,0.418894,STAND LOCKED,157,401,587,643,,,,,,
424,14.133333,22.646,14.616,4921,376,928,0.897384,0.711172,0.848842,0.804278,0.000000,0,0.000,0.000,GEOMETRY FAIL,NO BUNDLE,0,0,0,,,,0,1,1,1,0.890000,0.815257,629,161,0.369544,STAND LOCKED,157,401,587,643,,,,,,
425,14.166667,33.775,14.599,5268,343,1150,0.901690,0.702178,0.851767,0.801934,0.000000,0,0.000,0.000,GEOMETRY FAIL,NO BUNDLE,0,0,0,,,,0,1,1,1,0.890000,0.815257,629,161,0.369544,STAND LOCKED,157,401,587,643,,,,,,
426,14.200000,23.068,13.655,5037,752,830,0.906862,0.725597,0.810768,0.814409,0.804851,1,206.443,12.876,VALID,CANDIDATE,1,1,0,472,419,150.000,0,1,1,1,0.945000,0.860399,599,175,0.380184,STAND LOCKED,157,401,587,643,,,,,,
427,14.233333,22.661,14.396,4943,564,688,0.891050,0.714703,0.819734,0.802876,0.000000,0,0.000,0.000,GEOMETRY FAIL,NO BUNDLE,0,0,0,,,,0,1,1,1,0.945000,0.860399,599,175,0.380184,STAND LOCKED,172,386,592,623,,,,,,
428,14.266667,22.842,13.882,4619,574,457,0.880245,0.685417,0.803355,0.782831,0.000000,0,0.000,0.000,GEOMETRY FAIL,NO BUNDLE,0,0,0,,,,0,1,1,1,1.000000,0.885979,552,166,0.413235,STAND LOCKED,172,386,592,623,,,,,,
429,14.300000,38.174,14.049,4746,643,478,0.872479,0.711828,0.806772,0.792154,0.000000,0,0.000,0.000,GEOMETRY FAIL,NO BUNDLE,0,0,0,,,,0,1,1,1,1.000000,0.885979,552,166,0.413235,STAND LOCKED,172,386,592,623,,,,,,
430,14.333333,21.625,13.699,4531,582,481,0.887805,0.717155,0.803642,0.802480,0.000000,0,0.000,0.000,GEOMETRY FAIL,NO BUNDLE,0,0,0,,,,0,1,1,1,0.945000,0.895809,551,174,0.431928,STAND LOCKED,172,386,592,623,,,,,,
431,14.366667,27.233,14.391,4585,647,606,0.880926,0.729804,0.801320,0.805365,0.000000,0,0.000,0.000,GEOMETRY FAIL,NO BUNDLE,0,0,0,,,,0,1,1,1,0.945000,0.895809,551,174,0.431928,STAND LOCKED,172,386,592,623,,,,,,
432,14.400000,31.020,13.566,4821,478,850,0.888341,0.726843,0.820335,0.807592,0.000000,0,0.000,0.000,GEOMETRY FAIL,NO BUNDLE,0,0,0,,,,0,1,1,0,0.945000,0.895809,551,174,0.431928,STAND TEMPORARILY LOST (1),172,386,592,623,,,,,,
433,14.433333,36.337,13.745,4578,405,614,0.872077,0.727235,0.812531,0.799656,0.000000,0,0.000,0.000,GEOMETRY FAIL,NO BUNDLE,0,0,0,,,,0,1,1,0,0.945000,0.895809,551,174,0.431928,STAND TEMPORARILY LOST (1),172,386,592,623,,,,,,
434,14.466667,29.189,13.105,4948,462,717,0.875854,0.735238,0.815034,0.805546,0.000000,0,0.000,0.000,GEOMETRY FAIL,NO BUNDLE,0,0,0,,,,0,1,1,1,0.938801,0.856111,539,176,0.326520,STAND LOCKED,172,386,592,623,,,,,,
435,14.500000,37.473,13.616,4990,381,680,0.876026,0.696905,0.812368,0.786466,0.000000,0,0.000,0.000,GEOMETRY FAIL,NO BUNDLE,0,0,0,,,,0,1,1,1,0.938801,0.856111,539,176,0.326520,STAND LOCKED,172,386,592,623,,,,,,
436,14.533333,23.939,13.320,4706,440,689,0.872144,0.701756,0.809064,0.786950,0.000000,0,0.000,0.000,GEOMETRY FAIL,NO BUNDLE,0,0,0,,,,0,1,1,1,0.889250,0.844802,559,156,0.347073,STAND LOCKED,172,386,592,623,,,,,,
437,14.566667,27.841,14.357,4804,577,665,0.874063,0.735444,0.812752,0.804753,0.000000,0,0.000,0.000,GEOMETRY FAIL,NO BUNDLE,0,0,0,,,,0,1,1,1,0.889250,0.844802,559,156,0.347073,STAND LOCKED,172,386,592,623,,,,,,
438,14.600000,22.747,14.031,4818,562,604,0.872973,0.735035,0.794411,0.804004,0.000000,0,0.000,0.000,GEOMETRY FAIL,NO BUNDLE,0,0,0,,,,0,1,1,1,0.884167,0.876401,556,220,0.303613,STAND LOCKED,172,386,592,623,,,,,,
439,14.633333,31.078,14.003,4521,362,558,0.873361,0.719537,0.797606,0.796449,0.000000,0,0.000,0.000,GEOMETRY FAIL,NO BUNDLE,0,0,0,,,,0,1,1,1,0.884167,0.876401,556,220,0.303613,STAND LOCKED,172,386,592,623,,,,,,
440,14.666667,23.855,13.253,4741,338,695,0.873216,0.771983,0.805231,0.822599,0.000000,0,0.000,0.000,NO VALID CONTACT,NO BUNDLE,0,0,0,,,,0,1,1,0,0.884167,0.876401,556,220,0.303613,STAND TEMPORARILY LOST (1),172,386,592,623,,,,,,
441,14.700000,37.267,13.380,3855,330,644,0.871534,0.759443,0.822219,0.815489,0.000000,0,0.000,0.000,GEOMETRY FAIL,NO BUNDLE,0,0,0,,,,0,1,1,0,0.884167,0.876401,556,220,0.303613,STAND TEMPORARILY LOST (1),172,386,592,623,,,,,,
442,14.733333,23.873,13.437,4181,363,777,0.876764,0.751519,0.828534,0.814142,0.000000,0,0.000,0.000,GEOMETRY FAIL,NO BUNDLE,0,0,0,,,,0,1,1,1,0.945000,0.816250,540,206,0.407807,STAND LOCKED,172,386,592,623,,,,,,
443,14.766667,21.635,14.963,4073,348,570,0.882906,0.727476,0.797008,0.805191,0.000000,0,0.000,0.000,GEOMETRY FAIL,NO BUNDLE,0,0,0,,,,0,1,1,1,0.945000,0.816250,540,206,0.407807,STAND LOCKED,172,386,592,623,,,,,,
444,14.800000,26.246,14.164,3924,526,618,0.882340,0.735082,0.818109,0.808711,0.000000,0,0.000,0.000,GEOMETRY FAIL,NO BUNDLE,0,0,0,,,,0,1,1,0,0.945000,0.816250,540,206,0.407807,STAND TEMPORARILY LOST (1),172,386,592,623,,,,,,
445,14.833333,24.347,15.436,2758,279,451,0.887525,0.712448,0.812870,0.799986,0.000000,0,0.000,0.000,COMPONENTS TOO FAR,NO BUNDLE,0,0,0,,,,0,1,1,0,0.945000,0.816250,540,206,0.407807,STAND TEMPORARILY LOST (1),172,386,592,623,,,,,,
446,14.866667,27.445,14.391,3152,309,381,0.888001,0.728034,0.816685,0.808017,0.000000,0,0.000,0.000,COMPONENTS TOO FAR,NO BUNDLE,0,0,0,,,,0,1,1,0,0.945000,0.816250,540,206,0.407807,STAND TEMPORARILY LOST (2),172,386,592,623,,,,,,
447,14.900000,26.503,13.796,7088,6960,678,0.886970,0.797740,0.000000,0.842355,0.837123,1,0.000,0.000,VALID,CANDIDATE,1,1,0,132,603,158.000,0,1,1,0,0.945000,0.816250,540,206,0.407807,STAND TEMPORARILY LOST (2),,,,,,,,,,
448,14.933333,26.414,13.185,4195,678,558,0.881499,0.735652,0.802998,0.808576,0.000000,0,0.000,0.000,GEOMETRY FAIL,NO BUNDLE,0,0,0,,,,0,1,1,1,0.675102,0.727153,527,274,0.367610,STAND LOCKED,0,504,384,720,,,,,,
449,14.966667,25.842,12.800,6879,6721,1448,0.895909,0.757874,0.782142,0.811975,0.750496,1,214.688,19.240,VALID,CANDIDATE,1,1,0,233,581,170.000,0,1,1,1,0.675102,0.727153,527,274,0.367610,STAND LOCKED,,,,,,,,,,
450,15.000000,19.926,12.187,4299,714,612,0.878599,0.721675,0.800091,0.800137,0.000000,0,0.000,0.000,GEOMETRY FAIL,NO BUNDLE,0,0,0,,,,0,1,1,1,0.945000,0.774632,531,247,0.428966,STAND LOCKED,8,501,392,717,,,,,,
451,15.033333,31.872,12.290,4650,905,593,0.885587,0.728112,0.794221,0.806849,0.000000,0,0.000,0.000,GEOMETRY FAIL,NO BUNDLE,0,0,0,,,,0,1,1,1,0.945000,0.774632,531,247,0.428966,STAND LOCKED,8,501,392,717,,,,,,
452,15.066667,25.005,11.942,4541,848,653,0.891448,0.723397,0.787008,0.807423,0.000000,0,0.000,0.000,GEOMETRY FAIL,NO BUNDLE,0,0,0,,,,0,1,1,0,0.945000,0.774632,531,247,0.428966,STAND TEMPORARILY LOST (1),8,501,392,717,,,,,,
453,15.100000,24.124,13.237,4442,982,502,0.892051,0.712827,0.792896,0.802439,0.000000,0,0.000,0.000,GEOMETRY FAIL,NO BUNDLE,0,0,0,,,,0,1,1,0,0.945000,0.774632,531,247,0.428966,STAND TEMPORARILY LOST (1),8,501,392,717,,,,,,
454,15.133333,29.641,12.621,4700,1153,534,0.892874,0.734247,0.792427,0.813561,0.000000,0,0.000,0.000,GEOMETRY FAIL,NO BUNDLE,0,0,0,,,,0,1,1,1,0.927117,0.869443,548,275,0.337410,STAND LOCKED,8,501,392,717,,,,,,
455,15.166667,25.438,13.271,4361,1154,543,0.890689,0.727333,0.789784,0.809011,0.000000,0,0.000,0.000,GEOMETRY FAIL,NO BUNDLE,0,0,0,,,,0,1,1,1,0.927117,0.869443,548,275,0.337410,STAND LOCKED,8,501,392,717,,,,,,
456,15.200000,21.755,12.830,4657,1159,414,0.896057,0.722317,0.788448,0.809187,0.000000,0,0.000,0.000,GEOMETRY FAIL,NO BUNDLE,0,0,0,,,,0,1,1,1,0.869403,0.857888,562,271,0.251140,STAND LOCKED,8,501,392,717,,,,,,
457,15.233333,24.984,13.423,3904,1490,559,0.885798,0.743778,0.799811,0.814788,0.000000,0,0.000,0.000,GEOMETRY FAIL,NO BUNDLE,0,0,0,,,,0,1,1,1,0.869403,0.857888,562,271,0.251140,STAND LOCKED,8,501,392,717,,,,,,
458,15.266667,24.093,12.542,3250,1622,423,0.864305,0.755538,0.000000,0.809921,0.835056,1,0.000,0.000,VALID,CANDIDATE,1,1,0,212,634,88.000,0,1,1,1,0.945000,0.826669,566,258,0.344471,STAND LOCKED,8,501,392,717,,,,,,
459,15.300000,22.182,12.330,3249,1642,227,0.871548,0.812923,0.000000,0.842235,0.803967,1,0.000,0.000,TARGET JUMP,CANDIDATE,1,1,0,268,619,209.000,0,1,1,1,0.945000,0.826669,566,258,0.344471,STAND LOCKED,8,502,392,718,,,,,,
460,15.333333,21.437,11.742,3754,1452,476,0.861270,0.755351,0.793114,0.803245,0.826445,1,223.923,3.855,VALID,CANDIDATE,2,1,0,254,622,164.800,0,1,1,1,1.000000,0.858732,573,277,0.311609,STAND LOCKED,23,497,417,718,,,,,,
461,15.366667,19.105,12.286,3787,1669,340,0.894365,0.742804,0.792805,0.818585,0.000000,0,0.000,0.000,COMPONENTS TOO FAR,NO BUNDLE,0,0,0,,,,0,1,1,1,1.000000,0.858732,573,277,0.311609,STAND LOCKED,22,499,414,718,,,,,,
462,15.400000,23.292,12.058,3128,1749,233,0.890829,0.740175,0.780070,0.815502,0.000000,0,0.000,0.000,GEOMETRY FAIL,NO BUNDLE,0,0,0,,,,0,1,1,1,0.945000,0.897552,585,251,0.394599,STAND LOCKED,22,499,414,718,,,,,,
463,15.433333,22.865,12.473,2876,1629,226,0.895502,0.755686,0.000000,0.825594,0.845741,1,0.000,0.000,VALID,CANDIDATE,1,1,0,355,598,303.000,0,1,1,1,0.945000,0.897552,585,251,0.394599,STAND LOCKED,22,499,414,718,,,,,,
464,15.466667,18.865,11.880,3346,1588,253,0.892413,0.773575,0.802348,0.822779,0.851851,1,222.245,5.595,VALID,CANDIDATE,2,1,0,365,592,296.500,0,1,1,1,1.000000,0.829876,630,308,0.381528,STAND LOCKED,24,473,455,714,,,,,,
465,15.500000,18.742,12.098,3839,1489,474,0.883939,0.768719,0.856489,0.836382,0.791845,1,222.637,4.976,TARGET JUMP,CANDIDATE,1,1,0,170,673,297.000,0,1,1,1,1.000000,0.829876,630,308,0.381528,STAND LOCKED,19,452,489,715,,,,,,
466,15.533333,21.992,11.741,4521,961,565,0.864625,0.717130,0.811252,0.790878,0.000000,0,0.000,0.000,GEOMETRY FAIL,NO BUNDLE,0,0,0,,,,0,1,1,1,0.917691,0.859215,600,296,0.312243,STAND LOCKED,15,434,518,716,,,,,,
467,15.566667,18.264,11.844,4818,1041,758,0.888688,0.746097,0.795871,0.810219,0.808514,1,220.506,5.066,VALID,CANDIDATE,1,1,0,362,577,308.000,0,1,1,1,0.917691,0.859215,600,296,0.312243,STAND LOCKED,15,434,518,716,,,,,,
468,15.600000,21.996,11.768,5592,1129,865,0.873642,0.737687,0.840083,0.805664,0.000000,0,0.000,0.000,GEOMETRY FAIL,NO BUNDLE,0,0,0,,,,0,1,1,1,0.779673,0.843841,743,340,0.271898,STAND LOCKED,12,417,546,717,,,,,,
469,15.633333,24.915,11.817,5246,1328,1096,0.880399,0.729998,0.832787,0.814395,0.828660,1,220.171,6.343,VALID,CANDIDATE,1,1,0,272,610,289.000,0,1,1,1,0.779673,0.843841,743,340,0.271898,STAND LOCKED,12,417,546,717,,,,,,
470,15.666667,19.356,11.678,5674,1146,1297,0.878050,0.752033,0.813599,0.814561,0.841416,1,219.357,6.036,VALID,CANDIDATE,2,1,0,282,607,270.800,0,1,1,1,0.995000,0.835457,698,359,0.369854,STAND LOCKED,9,409,559,718,,,,,,
471,15.700000,18.450,12.702,5312,1050,1065,0.877594,0.719973,0.832126,0.798783,0.000000,0,0.000,0.000,GEOMETRY FAIL,NO BUNDLE,0,0,0,,,,0,1,1,1,0.995000,0.835457,698,359,0.369854,STAND LOCKED,7,410,555,718,,,,,,
472,15.733333,21.027,12.027,5420,794,1104,0.813230,0.756161,0.831662,0.800351,0.796735,1,220.292,5.073,VALID,CANDIDATE,1,1,0,301,606,219.000,0,1,1,1,0.927334,0.860199,657,323,0.302407,STAND LOCKED,7,410,555,718,,,,,,
473,15.766667,27.867,12.190,4825,785,1029,0.867716,0.738147,0.809494,0.802932,0.000000,0,0.000,0.000,INSUFFICIENT LASHING PATTERN,NO BUNDLE,0,0,0,,,,0,1,1,1,0.927334,0.860199,657,323,0.302407,STAND LOCKED,5,422,532,718,,,,,,
474,15.800000,23.529,11.894,3655,1099,473,0.832366,0.766657,0.778425,0.792483,0.805161,1,219.645,10.706,VALID,CANDIDATE,1,1,0,466,566,87.000,0,1,1,1,0.884013,0.843122,625,312,0.259833,STAND LOCKED,5,422,532,718,,,,,,
475,15.833333,22.141,12.872,4034,832,434,0.879437,0.723919,0.797515,0.801678,0.000000,0,0.000,0.000,GEOMETRY FAIL,NO BUNDLE,0,0,0,,,,0,1,1,1,0.884013,0.843122,625,312,0.259833,STAND LOCKED,59,434,554,712,,,,,,
476,15.866667,24.616,12.548,3699,1127,310,0.883515,0.744007,0.767654,0.798392,0.805028,1,220.254,9.176,VALID,CANDIDATE,1,1,0,238,687,336.000,0,1,1,1,0.945000,0.859658,686,284,0.299494,STAND LOCKED,59,434,554,712,,,,,,
477,15.900000,17.397,14.069,3599,802,271,0.871930,0.717888,0.760011,0.794909,0.000000,0,0.000,0.000,GEOMETRY FAIL,NO BUNDLE,0,0,0,,,,0,1,1,1,0.945000,0.859658,686,284,0.299494,STAND LOCKED,46,410,587,714,,,,,,
478,15.933333,29.137,13.642,3735,880,346,0.884121,0.715568,0.794215,0.799844,0.000000,0,0.000,0.000,GEOMETRY FAIL,NO BUNDLE,0,0,0,,,,0,1,1,0,0.945000,0.859658,686,284,0.299494,STAND TEMPORARILY LOST (1),46,410,587,714,,,,,,
479,15.966667,22.732,13.514,16906,3653,6494,0.893936,0.761339,0.867559,0.827638,0.000000,0,0.000,0.000,GEOMETRY FAIL,NO BUNDLE,0,0,0,,,,0,1,1,0,0.945000,0.859658,686,284,0.299494,STAND TEMPORARILY LOST (1),,,,,,,,,,
480,16.000000,18.161,12.729,4206,981,256,0.870857,0.699455,0.768785,0.779699,0.750130,1,219.220,11.650,VALID,CANDIDATE,1,1,0,303,667,360.000,0,1,1,1,1.000000,0.861805,660,255,0.457134,STAND LOCKED,46,410,587,714,,,,,,
481,16.033333,21.189,13.686,4530,1157,633,0.862227,0.733490,0.828714,0.808144,0.840152,1,212.958,20.989,TARGET JUMP,CANDIDATE,1,1,0,507,581,371.000,0,1,1,1,1.000000,0.861805,660,255,0.457134,STAND LOCKED,36,384,625,715,,,,,,
482,16.066667,23.497,13.131,5482,1057,1439,0.858536,0.746385,0.889991,0.831637,0.838522,1,204.928,31.229,VALID,CANDIDATE,2,1,0,502,581,359.300,0,1,1,1,1.000000,0.838524,648,242,0.528071,STAND LOCKED,28,362,659,716,,,,,,
483,16.100000,28.175,13.473,5946,961,2331,0.848076,0.725894,0.874648,0.786985,0.000000,0,0.000,0.000,GEOMETRY FAIL,NO BUNDLE,0,0,0,,,,0,1,1,1,1.000000,0.838524,648,242,0.528071,STAND LOCKED,22,345,684,717,,,,,,
484,16.133333,20.700,12.646,5853,1321,2423,0.823609,0.697585,0.871718,0.797638,0.714111,1,211.920,27.430,VALID,CANDIDATE,1,1,0,380,631,110.000,0,1,1,1,0.993333,0.915539,688,233,0.565340,STAND LOCKED,22,345,684,717,,,,,,
485,16.166667,24.947,13.201,5989,717,1652,0.847211,0.721745,0.861441,0.784478,0.000000,0,0.000,0.000,GEOMETRY FAIL,NO BUNDLE,0,0,0,,,,0,1,1,1,0.993333,0.915539,688,233,0.565340,STAND LOCKED,51,358,691,718,,,,,,
486,16.200000,19.762,12.399,5948,984,1853,0.833519,0.680705,0.883277,0.799167,0.782088,1,204.327,33.292,VALID,CANDIDATE,1,1,0,319,662,266.000,0,1,1,1,1.000000,0.853028,658,254,0.657737,STAND LOCKED,51,358,691,718,,,,,,
487,16.233333,27.634,12.598,6191,1077,2210,0.814531,0.690803,0.887083,0.797473,0.722623,1,207.229,31.775,TARGET JUMP,CANDIDATE,1,1,0,609,551,113.000,0,1,1,1,1.000000,0.853028,658,254,0.657737,STAND LOCKED,57,352,709,718,,,,,,
488,16.266667,22.171,12.330,6171,835,2001,0.857524,0.720041,0.886548,0.788782,0.000000,0,0.000,0.000,GEOMETRY FAIL,NO BUNDLE,0,0,0,,,,0,1,1,1,0.968862,0.793889,766,290,0.731398,STAND LOCKED,101,358,742,718,,,,,,
489,16.300000,22.133,12.255,5928,885,2271,0.861999,0.683202,0.877255,0.807486,0.786942,1,205.819,32.056,VALID,CANDIDATE,1,1,0,352,674,335.000,0,1,1,1,0.968862,0.793889,766,290,0.731398,STAND LOCKED,101,358,742,718,,,,,,
490,16.333333,22.424,11.993,6356,742,2149,0.855148,0.710846,0.874861,0.782997,0.000000,0,0.000,0.000,GEOMETRY FAIL,NO BUNDLE,0,0,0,,,,0,1,1,1,0.945000,0.850204,729,237,0.617879,STAND LOCKED,97,345,760,718,,,,,,
491,16.366667,22.008,11.678,5347,857,2277,0.799314,0.657927,0.873756,0.776999,0.710108,1,207.225,31.604,VALID,CANDIDATE,1,1,0,434,644,92.000,0,1,1,1,0.945000,0.850204,729,237,0.617879,STAND LOCKED,97,345,760,718,,,,,,
492,16.400000,17.357,11.216,5485,847,1689,0.874520,0.672230,0.888731,0.811827,0.802519,1,200.382,34.965,TARGET JUMP,CANDIDATE,1,1,0,378,674,373.000,0,1,1,1,0.945000,0.868581,689,230,0.513323,STAND LOCKED,126,357,769,718,,,,,,
493,16.433333,28.859,11.299,5996,756,2445,0.828232,0.682854,0.858421,0.789836,0.751241,1,207.704,29.826,TARGET JUMP,CANDIDATE,1,1,0,381,671,173.000,0,1,1,1,0.945000,0.868581,689,230,0.513323,STAND LOCKED,114,340,788,718,,,,,,
494,16.466667,26.068,10.769,6311,856,2411,0.814043,0.705889,0.859960,0.793297,0.778359,1,212.269,26.341,TARGET JUMP,CANDIDATE,1,1,0,522,625,171.000,0,1,1,1,0.945000,0.846816,683,233,0.453287,STAND LOCKED,99,315,818,718,,,,,,
495,16.500000,30.607,10.993,6855,915,2355,0.855702,0.728542,0.869542,0.792122,0.000000,0,0.000,0.000,INSUFFICIENT LASHING PATTERN,NO BUNDLE,0,0,0,,,,0,1,1,1,0.945000,0.846816,683,233,0.453287,STAND LOCKED,142,335,825,718,,,,,,
496,16.533333,22.398,10.673,6486,812,2104,0.852878,0.709356,0.867719,0.781117,0.000000,0,0.000,0.000,GEOMETRY FAIL,NO BUNDLE,0,0,0,,,,0,1,1,1,0.987924,0.777753,658,207,0.469049,STAND LOCKED,142,335,825,718,,,,,,
497,16.566667,24.854,10.408,7841,848,2333,0.862212,0.712314,0.789669,0.788065,0.728067,1,221.984,4.964,VALID,CANDIDATE,1,1,0,447,668,224.000,0,1,1,1,0.987924,0.777753,658,207,0.469049,STAND LOCKED,142,335,825,718,,,,,,
498,16.600000,28.648,10.229,7112,1170,2059,0.851658,0.682650,0.878760,0.804356,0.788037,1,204.898,31.987,TARGET JUMP,CANDIDATE,1,1,0,542,635,205.000,0,1,1,1,0.945000,0.769362,649,187,0.434891,STAND LOCKED,151,362,785,718,,,,,,
499,16.633333,19.406,11.707,6969,1290,1628,0.866312,0.712552,0.872588,0.789432,0.000000,0,0.000,0.000,COMPONENTS TOO FAR,NO BUNDLE,0,0,0,,,,0,1,1,1,0.945000,0.769362,649,187,0.434891,STAND LOCKED,185,362,820,718,,,,,,
500,16.666667,20.384,11.425,6893,1524,1411,0.844824,0.700802,0.881913,0.809180,0.775946,1,204.900,29.543,VALID,CANDIDATE,1,1,0,709,591,208.000,0,1,1,1,0.739061,0.843578,729,240,0.311812,STAND LOCKED,185,362,820,718,,,,,,
501,16.700000,29.678,11.987,5879,1481,961,0.879666,0.710213,0.878312,0.794940,0.000000,0,0.000,0.000,GEOMETRY FAIL,NO BUNDLE,0,0,0,,,,0,1,1,1,0.739061,0.843578,729,240,0.311812,STAND LOCKED,232,377,841,718,,,,,,
502,16.733333,19.700,12.088,5709,1390,1159,0.873412,0.704498,0.886407,0.788955,0.000000,0,0.000,0.000,GEOMETRY FAIL,NO BUNDLE,0,0,0,,,,0,1,1,1,0.945000,0.800597,685,217,0.398510,STAND LOCKED,232,377,841,718,,,,,,
503,16.766667,22.014,12.141,5385,2219,847,0.853265,0.725143,0.881502,0.819970,0.808415,1,208.439,24.727,VALID,CANDIDATE,1,1,0,713,581,222.000,0,1,1,1,0.945000,0.800597,685,217,0.398510,STAND LOCKED,232,377,841,718,,,,,,
504,16.800000,24.546,11.818,5359,1376,544,0.853851,0.721973,0.844743,0.806855,0.802350,1,204.416,24.440,VALID,CANDIDATE,2,1,0,707,582,248.650,0,1,1,1,0.945000,0.750069,665,197,0.449746,STAND LOCKED,275,394,853,718,,,,,,
505,16.833333,21.391,11.432,4974,1719,452,0.866216,0.724762,0.857653,0.816211,0.800838,1,208.751,19.180,VALID,CANDIDATE,3,1,0,706,578,230.678,0,1,1,1,0.945000,0.750069,665,197,0.449746,STAND LOCKED,296,398,867,718,,,,,,
506,16.866667,20.063,11.405,4609,1173,504,0.885908,0.708751,0.838782,0.811147,0.784263,1,203.887,21.110,TARGET JUMP,CANDIDATE,1,1,0,502,629,448.000,0,1,1,0,0.945000,0.750069,665,197,0.449746,STAND TARGET JUMP REJECTED,327,412,872,718,,,,,,
507,16.900000,24.752,11.132,4937,1352,1078,0.901592,0.733714,0.875516,0.836941,0.811131,1,201.740,29.883,VALID,CANDIDATE,2,1,0,521,626,464.900,0,1,1,0,0.945000,0.750069,665,197,0.449746,STAND TARGET JUMP REJECTED,289,372,889,709,,,,,,
508,16.933333,21.622,10.371,6130,1965,1904,0.865289,0.760396,0.870172,0.831952,0.770969,1,204.281,26.748,VALID,CANDIDATE,3,1,0,539,623,392.165,0,1,1,1,1.000000,0.747663,665,170,0.422386,STAND LOCKED,246,330,906,701,,,,,,
509,16.966667,23.256,10.333,16330,3579,4809,0.904514,0.760042,0.875214,0.832278,0.000000,0,0.000,0.000,GEOMETRY FAIL,NO BUNDLE,0,0,0,,,,0,1,1,1,1.000000,0.747663,665,170,0.422386,STAND LOCKED,,,,,,,,,,
510,17.000000,19.909,9.929,5656,1669,2234,0.813524,0.682711,0.893025,0.796420,0.697420,1,207.282,27.786,VALID,CANDIDATE,1,1,0,681,589,158.000,0,1,1,1,0.945000,0.728574,651,181,0.469657,STAND LOCKED,232,323,911,705,,,,,,
511,17.033333,22.054,10.078,5976,1319,1481,0.890877,0.733604,0.854937,0.826473,0.873006,1,211.082,23.488,TARGET JUMP,CANDIDATE,1,1,0,693,592,409.000,0,1,1,1,0.945000,0.728574,651,181,0.469657,STAND LOCKED,278,361,896,708,,,,,,
512,17.066667,23.665,9.897,6470,1727,2229,0.851785,0.749623,0.888712,0.800704,0.000000,0,0.000,0.000,GEOMETRY FAIL,NO BUNDLE,0,0,0,,,,0,1,1,1,0.945000,0.736893,683,179,0.477943,STAND LOCKED,241,334,912,711,,,,,,
513,17.100000,23.536,10.361,6603,1985,2238,0.852694,0.755442,0.873989,0.804068,0.000000,0,0.000,0.000,GEOMETRY FAIL,NO BUNDLE,0,0,0,,,,0,1,1,1,0.945000,0.736893,683,179,0.477943,STAND LOCKED,241,334,912,711,,,,,,
514,17.133333,25.951,9.819,7235,1696,2177,0.876809,0.699180,0.873894,0.816628,0.720802,1,212.592,24.513,VALID,CANDIDATE,1,1,0,719,567,160.000,0,1,1,1,0.945000,0.742046,686,184,0.490074,STAND LOCKED,241,334,912,711,,,,,,
515,17.166667,19.531,9.983,6343,1349,1556,0.846020,0.739217,0.882732,0.822656,0.768121,1,208.426,27.705,TARGET JUMP,CANDIDATE,1,1,0,636,574,236.000,0,1,1,1,0.945000,0.742046,686,184,0.490074,STAND LOCKED,283,365,900,712,,,,,,
516,17.200000,19.387,9.869,8073,1633,706,0.825094,0.715154,0.786291,0.775513,0.694045,1,201.187,28.716,TARGET JUMP,CANDIDATE,1,1,0,414,642,204.000,0,1,1,1,0.945000,0.806667,704,184,0.484839,STAND LOCKED,292,381,884,714,,,,,,
517,17.233333,18.220,10.343,7657,2025,825,0.882633,0.726980,0.828857,0.804806,0.000000,0,0.000,0.000,GEOMETRY FAIL,NO BUNDLE,0,0,0,,,,0,1,1,1,0.945000,0.806667,704,184,0.484839,STAND LOCKED,274,385,862,715,,,,,,
518,17.266667,18.363,10.542,7460,1842,924,0.886471,0.739406,0.833750,0.812939,0.000000,0,0.000,0.000,GEOMETRY FAIL,NO BUNDLE,0,0,0,,,,0,1,1,1,0.833863,0.837003,770,244,0.380886,STAND LOCKED,274,385,862,715,,,,,,
519,17.300000,21.429,10.685,7490,1810,899,0.880142,0.752154,0.819599,0.817298,0.850094,1,221.160,14.048,VALID,CANDIDATE,1,1,0,543,561,328.000,0,1,1,1,0.833863,0.837003,770,244,0.380886,STAND LOCKED,274,385,862,715,,,,,,
520,17.333333,31.326,10.333,7641,1413,1218,0.858214,0.741447,0.800537,0.800066,0.816872,1,196.193,32.337,VALID,CANDIDATE,2,1,0,522,569,325.400,0,1,1,1,1.000000,0.847110,729,225,0.470843,STAND LOCKED,239,340,886,703,,,,,,
521,17.366667,20.515,10.680,8344,1949,1347,0.875585,0.745974,0.790885,0.810779,0.000000,0,0.000,0.000,COMPONENTS TOO FAR,NO BUNDLE,0,0,0,,,,0,1,1,1,1.000000,0.847110,729,225,0.470843,STAND LOCKED,203,338,860,707,,,,,,
522,17.400000,22.051,10.046,8076,1846,2044,0.848814,0.751182,0.801746,0.800581,0.779445,1,204.006,30.173,VALID,CANDIDATE,1,1,0,509,577,101.000,0,1,1,1,0.884972,0.834277,717,315,0.370768,STAND LOCKED,203,338,860,707,,,,,,
523,17.433333,21.673,11.158,7755,1588,834,0.863411,0.688305,0.813681,0.788465,0.822916,1,222.450,12.748,TARGET JUMP,CANDIDATE,1,1,0,297,657,339.000,0,1,1,1,0.884972,0.834277,717,315,0.370768,STAND LOCKED,230,369,827,705,,,,,,
524,17.466667,21.169,10.606,8284,1685,1353,0.853270,0.713852,0.768065,0.778395,0.781772,1,203.719,27.916,VALID,CANDIDATE,2,1,0,292,662,348.100,0,1,1,1,0.877500,0.776768,782,364,0.385318,STAND LOCKED,188,334,845,703,,,,,,
525,17.500000,20.593,10.730,8892,2059,1554,0.850468,0.762221,0.773296,0.795328,0.780050,1,195.374,33.725,TARGET JUMP,CANDIDATE,1,1,0,505,575,112.000,0,1,1,1,0.877500,0.776768,782,364,0.385318,STAND LOCKED,149,327,825,707,,,,,,
526,17.533333,22.218,10.496,7778,1804,962,0.863433,0.745997,0.775646,0.795025,0.818568,1,198.060,30.153,TARGET JUMP,CANDIDATE,1,1,0,519,571,369.000,0,1,1,1,0.855348,0.799177,837,414,0.378115,STAND LOCKED,189,358,801,702,,,,,,
527,17.566667,19.944,10.518,7588,1970,1425,0.828911,0.782042,0.838110,0.816354,0.758733,1,202.811,28.605,VALID,CANDIDATE,2,1,0,495,577,264.350,0,1,1,1,0.855348,0.799177,837,414,0.378115,STAND LOCKED,149,342,796,706,,,,,,
528,17.600000,19.871,10.795,6392,1160,864,0.879062,0.743662,0.812103,0.811362,0.000000,0,0.000,0.000,GEOMETRY FAIL,NO BUNDLE,0,0,0,,,,0,1,1,1,0.945833,0.786266,847,408,0.494805,STAND LOCKED,164,369,769,709,,,,,,
529,17.633333,21.308,11.501,6363,975,1218,0.873057,0.722112,0.822761,0.797584,0.000000,0,0.000,0.000,GEOMETRY FAIL,NO BUNDLE,0,0,0,,,,0,1,1,1,0.945833,0.786266,847,408,0.494805,STAND LOCKED,164,369,769,709,,,,,,
530,17.666667,31.045,11.057,6481,1219,1611,0.873087,0.745008,0.846210,0.821435,0.814202,1,204.351,31.897,VALID,CANDIDATE,1,1,0,553,568,443.000,0,1,1,1,0.876492,0.846613,852,352,0.416690,STAND LOCKED,164,369,769,709,,,,,,
531,17.700000,19.572,11.052,7469,1449,2819,0.821421,0.755178,0.859608,0.812069,0.746909,1,205.908,33.190,TARGET JUMP,CANDIDATE,1,1,0,442,604,140.000,0,1,1,1,0.876492,0.846613,852,352,0.416690,STAND LOCKED,134,334,799,708,,,,,,
532,17.733333,20.174,10.831,7772,1185,2879,0.875311,0.736728,0.855782,0.806020,0.000000,0,0.000,0.000,GEOMETRY FAIL,NO BUNDLE,0,0,0,,,,0,1,1,1,0.914799,0.920346,811,282,0.376191,STAND LOCKED,146,348,792,711,,,,,,
533,17.766667,20.341,11.981,8159,1265,2901,0.878992,0.752849,0.871203,0.815921,0.000000,0,0.000,0.000,NO VALID CONTACT,NO BUNDLE,0,0,0,,,,0,1,1,1,0.914799,0.920346,811,282,0.376191,STAND LOCKED,146,348,792,711,,,,,,
534,17.800000,20.680,11.743,8954,1808,2991,0.877106,0.731901,0.874905,0.804503,0.000000,0,0.000,0.000,COMPONENTS TOO FAR,NO BUNDLE,0,0,0,,,,0,1,1,1,1.000000,0.852273,799,250,0.434355,STAND LOCKED,146,348,792,711,,,,,,
535,17.833333,22.451,11.970,9291,2616,2892,0.854646,0.718277,0.890597,0.821173,0.779077,1,197.489,37.341,VALID,CANDIDATE,1,1,0,258,653,431.000,0,1,1,1,1.000000,0.852273,799,250,0.434355,STAND LOCKED,146,348,792,711,,,,,,
536,17.866667,19.429,11.450,10654,1970,3644,0.875135,0.753753,0.866117,0.814444,0.000000,0,0.000,0.000,GEOMETRY FAIL,NO BUNDLE,0,0,0,,,,0,1,1,1,1.000000,0.907296,771,257,0.486502,STAND LOCKED,114,313,825,713,,,,,,
537,17.900000,31.471,11.074,10096,1728,3464,0.833800,0.711966,0.856755,0.800840,0.753767,1,200.614,34.086,VALID,CANDIDATE,1,1,0,454,565,291.000,0,1,1,1,1.000000,0.907296,771,257,0.486502,STAND LOCKED,114,313,825,713,,,,,,
538,17.933333,19.851,10.614,9200,1725,3375,0.835146,0.730009,0.869113,0.811423,0.774895,1,205.029,29.474,TARGET JUMP,CANDIDATE,1,1,0,259,656,280.000,0,1,1,1,0.982525,0.894182,750,298,0.454967,STAND LOCKED,90,309,812,715,,,,,,
539,17.966667,20.384,10.629,18604,2676,5431,0.894772,0.794199,0.838415,0.844486,0.000000,0,0.000,0.000,GEOMETRY FAIL,NO BUNDLE,0,0,0,,,,0,1,1,1,0.982525,0.894182,750,298,0.454967,STAND LOCKED,,,,,,,,,,
540,18.000000,24.113,10.276,10434,1552,3716,0.877631,0.758847,0.879093,0.818239,0.000000,0,0.000,0.000,GEOMETRY FAIL,NO BUNDLE,0,0,0,,,,0,1,1,1,0.908856,0.887968,712,284,0.347583,STAND LOCKED,70,304,804,716,,,,,,
541,18.033333,24.121,10.799,9619,1680,3613,0.877796,0.742897,0.874119,0.810347,0.000000,0,0.000,0.000,GEOMETRY FAIL,NO BUNDLE,0,0,0,,,,0,1,1,1,0.908856,0.887968,712,284,0.347583,STAND LOCKED,70,304,804,716,,,,,,
542,18.066667,22.891,10.404,9525,1573,3440,0.878896,0.758455,0.877700,0.818676,0.000000,0,0.000,0.000,GEOMETRY FAIL,NO BUNDLE,0,0,0,,,,0,1,1,1,1.000000,0.861073,709,284,0.500926,STAND LOCKED,70,304,804,716,,,,,,
543,18.100000,24.204,10.419,10517,1334,3245,0.893143,0.734277,0.880614,0.836011,0.801689,1,194.383,35.840,VALID,CANDIDATE,1,1,0,500,555,99.000,0,1,1,1,1.000000,0.861073,709,284,0.500926,STAND LOCKED,70,304,804,716,,,,,,
544,18.133333,22.062,10.065,8728,1721,2896,0.873262,0.756333,0.865869,0.814798,0.000000,0,0.000,0.000,GEOMETRY FAIL,NO BUNDLE,0,0,0,,,,0,1,1,1,0.909577,0.878977,672,265,0.365972,STAND LOCKED,70,320,777,717,,,,,,
545,18.166667,27.467,10.443,9742,1097,1672,0.883558,0.756805,0.839633,0.820182,0.000000,0,0.000,0.000,GEOMETRY FAIL,NO BUNDLE,0,0,0,,,,0,1,1,1,0.909577,0.878977,672,265,0.365972,STAND LOCKED,70,320,777,717,,,,,,
546,18.200000,22.173,10.017,8844,1579,1144,0.878713,0.753440,0.840022,0.816077,0.000000,0,0.000,0.000,GEOMETRY FAIL,NO BUNDLE,0,0,0,,,,0,1,1,1,1.000000,0.885128,696,245,0.373993,STAND LOCKED,70,320,777,717,,,,,,
547,18.233333,24.441,10.280,7276,1390,1036,0.882772,0.749245,0.828415,0.816009,0.000000,0,0.000,0.000,GEOMETRY FAIL,NO BUNDLE,0,0,0,,,,0,1,1,1,1.000000,0.885128,696,245,0.373993,STAND LOCKED,70,320,777,717,,,,,,
548,18.266667,26.580,10.078,5264,662,722,0.891103,0.705653,0.823420,0.798378,0.000000,0,0.000,0.000,COMPONENTS TOO FAR,NO BUNDLE,0,0,0,,,,0,1,1,1,0.785136,0.874210,663,247,0.295102,STAND LOCKED,70,320,777,717,,,,,,
549,18.300000,24.730,11.568,4907,300,1039,0.899511,0.728358,0.813436,0.813935,0.000000,0,0.000,0.000,GEOMETRY FAIL,NO BUNDLE,0,0,0,,,,0,1,1,1,0.785136,0.874210,663,247,0.295102,STAND LOCKED,70,320,777,717,,,,,,
550,18.333333,24.340,11.555,5125,157,1054,0.898921,0.736875,0.820148,0.817898,0.000000,0,0.000,0.000,GEOMETRY FAIL,NO BUNDLE,0,0,0,,,,0,1,1,1,1.000000,0.816294,650,251,0.385643,STAND LOCKED,70,320,777,717,,,,,,
551,18.366667,23.499,11.939,5550,433,823,0.884207,0.688280,0.799795,0.786243,0.000000,0,0.000,0.000,COMPONENTS TOO FAR,NO BUNDLE,0,0,0,,,,0,1,1,1,1.000000,0.816294,650,251,0.385643,STAND LOCKED,70,320,777,717,,,,,,
552,18.400000,24.568,11.410,6022,660,1171,0.898319,0.706513,0.816689,0.802416,0.000000,0,0.000,0.000,GEOMETRY FAIL,NO BUNDLE,0,0,0,,,,0,1,1,1,1.000000,0.843055,680,241,0.444720,STAND LOCKED,70,320,777,717,,,,,,
553,18.433333,25.535,12.113,6253,1434,1151,0.905649,0.778417,0.837118,0.842033,0.000000,0,0.000,0.000,COMPONENTS TOO FAR,NO BUNDLE,0,0,0,,,,0,1,1,1,1.000000,0.843055,680,241,0.444720,STAND LOCKED,70,320,777,717,,,,,,
554,18.466667,23.582,11.671,6058,924,1649,0.904359,0.804808,0.846141,0.854583,0.000000,0,0.000,0.000,GEOMETRY FAIL,NO BUNDLE,0,0,0,,,,0,1,1,1,0.945000,0.765754,624,237,0.550749,STAND LOCKED,70,320,777,717,,,,,,
555,18.500000,23.993,11.839,5824,981,1606,0.908860,0.769202,0.863842,0.839031,0.000000,0,0.000,0.000,INSUFFICIENT LASHING PATTERN,NO BUNDLE,0,0,0,,,,0,1,1,1,0.945000,0.765754,624,237,0.550749,STAND LOCKED,70,320,777,717,,,,,,
556,18.533333,25.213,11.304,5222,1093,1601,0.910543,0.706425,0.860202,0.808484,0.000000,0,0.000,0.000,GEOMETRY FAIL,NO BUNDLE,0,0,0,,,,0,1,1,1,0.806226,0.802593,608,207,0.391448,STAND LOCKED,70,320,777,717,,,,,,
557,18.566667,29.824,11.222,5699,1194,1738,0.923769,0.745468,0.857188,0.834619,0.000000,0,0.000,0.000,NO VALID CONTACT,NO BUNDLE,0,0,0,,,,0,1,1,1,0.806226,0.802593,608,207,0.391448,STAND LOCKED,70,320,777,717,,,,,,
558,18.600000,26.288,10.656,6226,882,1703,0.907099,0.753991,0.866089,0.830545,0.000000,0,183.660,47.778,APPEARANCE FAIL,NO BUNDLE,0,0,0,,,,0,1,1,1,0.945000,0.848471,592,234,0.440457,STAND LOCKED,70,320,777,717,,,,,,
559,18.633333,31.035,10.722,5122,1028,1863,0.910228,0.767624,0.869689,0.838926,0.000000,0,0.000,0.000,GEOMETRY FAIL,NO BUNDLE,0,0,0,,,,0,1,1,1,0.945000,0.848471,592,234,0.440457,STAND LOCKED,70,320,777,717,,,,,,
560,18.666667,23.251,10.340,4893,1782,2149,0.917747,0.786384,0.869544,0.852065,0.000000,0,0.000,0.000,GEOMETRY FAIL,NO BUNDLE,0,0,0,,,,0,1,1,0,0.945000,0.848471,592,234,0.440457,STAND TARGET JUMP REJECTED,70,320,777,717,,,,,,
561,18.700000,23.074,11.317,5652,1423,1525,0.930341,0.791773,0.869531,0.861057,0.000000,0,0.000,0.000,GEOMETRY FAIL,NO BUNDLE,0,0,0,,,,0,1,1,0,0.945000,0.848471,592,234,0.440457,STAND TARGET JUMP REJECTED,70,320,777,717,,,,,,
562,18.733333,24.181,11.070,5956,1188,2373,0.924305,0.753750,0.862355,0.839028,0.000000,0,0.000,0.000,GEOMETRY FAIL,NO BUNDLE,0,0,0,,,,0,1,1,0,0.945000,0.848471,592,234,0.440457,STAND TARGET JUMP REJECTED,70,320,777,717,,,,,,
563,18.766667,23.155,11.655,5702,1476,2180,0.918666,0.783642,0.866385,0.851154,0.000000,0,0.000,0.000,GEOMETRY FAIL,NO BUNDLE,0,0,0,,,,0,1,1,0,0.945000,0.848471,592,234,0.440457,STAND TARGET JUMP REJECTED,70,320,777,717,,,,,,
564,18.800000,23.064,11.321,7266,8412,1237,0.907929,0.769304,0.856285,0.838617,0.000000,0,0.000,0.000,GEOMETRY FAIL,NO BUNDLE,0,0,0,,,,0,1,1,1,0.904615,0.884486,601,240,0.570984,STAND LOCKED,,,,,,,,,,
565,18.833333,28.444,11.473,6506,5080,1016,0.901002,0.765408,0.877616,0.833205,0.000000,0,0.000,0.000,GEOMETRY FAIL,NO BUNDLE,0,0,0,,,,0,1,1,1,0.904615,0.884486,601,240,0.570984,STAND LOCKED,,,,,,,,,,
566,18.866667,25.656,10.983,6994,6178,908,0.900271,0.763010,0.861001,0.831641,0.000000,0,0.000,0.000,GEOMETRY FAIL,NO BUNDLE,0,0,0,,,,0,1,1,0,0.904615,0.884486,601,240,0.570984,STAND TARGET JUMP REJECTED,,,,,,,,,,
567,18.900000,24.723,10.907,5997,5678,1136,0.889677,0.782440,0.851004,0.836058,0.000000,0,0.000,0.000,GEOMETRY FAIL,NO BUNDLE,0,0,0,,,,0,1,1,0,0.904615,0.884486,601,240,0.570984,STAND TARGET JUMP REJECTED,,,,,,,,,,
568,18.933333,27.173,10.359,6404,5225,905,0.785500,0.772169,0.816247,0.791305,0.694939,1,201.343,32.383,VALID,CANDIDATE,1,1,0,307,689,115.000,0,1,1,1,0.886899,0.920979,517,264,0.449443,STAND LOCKED,,,,,,,,,,
569,18.966667,25.558,10.544,6676,5415,848,0.826696,0.784144,0.806722,0.805854,0.820440,1,206.787,27.463,VALID,CANDIDATE,2,1,0,336,684,124.100,0,1,1,1,0.886899,0.920979,517,264,0.449443,STAND LOCKED,,,,,,,,,,
570,19.000000,22.468,10.416,3313,461,902,0.917343,0.711710,0.857274,0.814526,0.000000,0,0.000,0.000,GEOMETRY FAIL,NO BUNDLE,0,0,0,,,,0,1,1,1,0.945000,0.942412,524,209,0.451277,STAND LOCKED,152,488,563,720,,,,,,
571,19.033333,20.262,12.802,3457,331,754,0.907302,0.716597,0.836719,0.811949,0.000000,0,0.000,0.000,GEOMETRY FAIL,NO BUNDLE,0,0,0,,,,0,1,1,1,0.945000,0.942412,524,209,0.451277,STAND LOCKED,152,488,563,720,,,,,,
572,19.066667,26.901,12.560,3548,405,775,0.909370,0.714499,0.822958,0.811935,0.000000,0,0.000,0.000,GEOMETRY FAIL,NO BUNDLE,0,0,0,,,,0,1,1,1,0.939002,0.816448,588,296,0.334464,STAND LOCKED,152,488,563,720,,,,,,
573,19.100000,23.441,13.265,3817,475,1228,0.906039,0.711075,0.850071,0.808557,0.000000,0,0.000,0.000,GEOMETRY FAIL,NO BUNDLE,0,0,0,,,,0,1,1,1,0.939002,0.816448,588,296,0.334464,STAND LOCKED,152,488,563,720,,,,,,
574,19.133333,22.938,13.132,4261,286,1124,0.896100,0.699661,0.841270,0.797880,0.000000,0,0.000,0.000,GEOMETRY FAIL,NO BUNDLE,0,0,0,,,,0,1,1,1,0.790803,0.898321,593,271,0.312453,STAND LOCKED,152,488,563,720,,,,,,
575,19.166667,23.269,13.465,4588,426,1313,0.902098,0.701985,0.871433,0.802042,0.000000,0,0.000,0.000,COMPONENTS TOO FAR,NO BUNDLE,0,0,0,,,,0,1,1,1,0.790803,0.898321,593,271,0.312453,STAND LOCKED,152,488,563,720,,,,,,
576,19.200000,25.915,13.045,4659,442,1290,0.894753,0.695817,0.878456,0.795285,0.000000,0,0.000,0.000,GEOMETRY FAIL,NO BUNDLE,0,0,0,,,,0,1,1,1,0.945000,0.916545,540,230,0.346090,STAND LOCKED,152,488,563,720,,,,,,
577,19.233333,23.485,13.992,4461,435,1355,0.895663,0.686803,0.866432,0.791233,0.000000,0,0.000,0.000,GEOMETRY FAIL,NO BUNDLE,0,0,0,,,,0,1,1,1,0.945000,0.916545,540,230,0.346090,STAND LOCKED,152,488,563,720,,,,,,
578,19.266667,22.510,13.515,4730,649,1301,0.873188,0.716547,0.881426,0.823721,0.776893,1,226.033,20.360,VALID,CANDIDATE,1,1,0,238,682,154.000,0,1,1,1,0.830489,0.950066,589,163,0.301643,STAND LOCKED,152,488,563,720,,,,,,
579,19.300000,22.322,13.885,4820,588,1376,0.910968,0.732689,0.883222,0.842293,0.798046,1,222.674,27.795,TARGET JUMP,CANDIDATE,1,1,0,358,599,134.000,0,1,1,1,0.830489,0.950066,589,163,0.301643,STAND LOCKED,126,477,558,720,,,,,,
580,19.333333,20.987,13.355,4800,913,1268,0.914530,0.740338,0.873882,0.827434,0.000000,0,0.000,0.000,GEOMETRY FAIL,NO BUNDLE,0,0,0,,,,0,1,1,1,0.813560,0.962522,622,216,0.302267,STAND LOCKED,109,462,569,720,,,,,,
581,19.366667,23.292,13.341,5064,1079,1134,0.825969,0.736779,0.865177,0.809308,0.761526,1,226.059,20.811,VALID,CANDIDATE,1,1,0,408,578,72.000,0,1,1,1,0.813560,0.962522,622,216,0.302267,STAND LOCKED,109,462,569,720,,,,,,
582,19.400000,22.241,12.864,4997,1393,1292,0.882791,0.731175,0.885691,0.833219,0.809682,1,226.568,20.502,TARGET JUMP,CANDIDATE,1,1,0,294,678,158.000,0,1,1,0,0.813560,0.962522,622,216,0.302267,STAND TARGET JUMP REJECTED,112,462,571,720,,,,,,
583,19.433333,20.752,12.604,5107,1119,1350,0.913020,0.740367,0.862830,0.838739,0.812852,1,225.405,24.644,VALID,CANDIDATE,2,1,0,305,677,156.700,0,1,1,0,0.813560,0.962522,622,216,0.302267,STAND TARGET JUMP REJECTED,105,454,579,720,,,,,,
584,19.466667,20.003,12.522,5350,771,1073,0.902583,0.720570,0.823240,0.811576,0.000000,0,0.000,0.000,GEOMETRY FAIL,NO BUNDLE,0,0,0,,,,0,1,1,1,0.945000,0.978887,676,215,0.454562,STAND LOCKED,96,436,602,720,,,,,,
585,19.500000,22.400,13.302,4750,1192,1221,0.907748,0.736098,0.826294,0.821923,0.000000,0,0.000,0.000,GEOMETRY FAIL,NO BUNDLE,0,0,0,,,,0,1,1,1,0.945000,0.978887,676,215,0.454562,STAND LOCKED,96,436,602,720,,,,,,
586,19.533333,18.856,13.078,5377,728,1221,0.910003,0.707547,0.846260,0.808775,0.000000,0,0.000,0.000,GEOMETRY FAIL,NO BUNDLE,0,0,0,,,,0,1,1,0,0.945000,0.978887,676,215,0.454562,STAND TEMPORARILY LOST (1),96,436,602,720,,,,,,
587,19.566667,32.117,12.245,4295,1019,1430,0.815455,0.744370,0.865698,0.808508,0.736293,1,217.265,35.423,VALID,CANDIDATE,1,1,0,524,548,59.000,0,1,1,0,0.945000,0.978887,676,215,0.454562,STAND TEMPORARILY LOST (1),96,436,602,720,,,,,,
588,19.600000,18.518,11.860,4723,961,1427,0.918474,0.743935,0.853558,0.831204,0.000000,0,0.000,0.000,GEOMETRY FAIL,NO BUNDLE,0,0,0,,,,0,1,1,1,0.938077,0.968257,729,219,0.542192,STAND LOCKED,116,435,623,720,,,,,,
589,19.633333,19.542,11.478,4542,1262,1303,0.826268,0.684802,0.867918,0.792996,0.725311,1,215.907,38.170,VALID,CANDIDATE,1,1,0,548,549,64.000,0,1,1,1,0.938077,0.968257,729,219,0.542192,STAND LOCKED,116,435,623,720,,,,,,
590,19.666667,25.104,10.741,4559,1218,1202,0.827143,0.757776,0.866796,0.817238,0.764459,1,226.002,18.357,VALID,CANDIDATE,2,1,0,551,547,64.650,0,1,1,1,1.000000,0.963108,745,242,0.632042,STAND LOCKED,160,440,640,710,,,,,,
591,19.700000,34.778,10.508,4497,1181,1116,0.798030,0.772095,0.860085,0.810070,0.786347,1,222.873,25.395,TARGET JUMP,CANDIDATE,1,1,0,517,575,95.000,0,1,1,1,1.000000,0.963108,745,242,0.632042,STAND LOCKED,173,439,659,712,,,,,,
592,19.733333,22.254,9.968,4630,1555,1201,0.819768,0.806222,0.877622,0.834537,0.792039,1,224.527,24.559,VALID,CANDIDATE,2,1,0,526,571,89.150,0,1,1,1,0.945000,0.870524,731,270,0.725947,STAND LOCKED,191,446,667,714,,,,,,
593,19.766667,18.961,10.825,4414,844,1142,0.887847,0.828811,0.852468,0.856376,0.851640,1,226.513,18.710,VALID,CANDIDATE,3,1,0,521,583,107.903,0,1,1,1,0.945000,0.870524,731,270,0.725947,STAND LOCKED,201,445,681,715,,,,,,
594,19.800000,20.891,10.709,4989,556,1548,0.913811,0.717993,0.839916,0.815902,0.000000,0,0.000,0.000,GEOMETRY FAIL,NO BUNDLE,0,0,0,,,,0,1,1,1,0.945000,0.797052,691,304,0.825495,STAND LOCKED,208,441,697,716,,,,,,
595,19.833333,22.011,12.160,7335,878,1821,0.905058,0.712691,0.876472,0.808875,0.000000,0,0.000,0.000,GEOMETRY FAIL,NO BUNDLE,0,0,0,,,,0,1,1,1,0.945000,0.797052,691,304,0.825495,STAND LOCKED,208,441,697,716,,,,,,
596,19.866667,26.673,11.782,7459,1302,1732,0.922075,0.765754,0.875171,0.843915,0.000000,0,0.000,0.000,GEOMETRY FAIL,NO BUNDLE,0,0,0,,,,0,1,1,1,0.912115,0.778276,793,327,0.695362,STAND LOCKED,208,441,697,716,,,,,,
597,19.900000,22.953,12.037,7086,1680,825,0.931887,0.765096,0.820128,0.848491,0.000000,0,0.000,0.000,GEOMETRY FAIL,NO BUNDLE,0,0,0,,,,0,1,1,1,0.912115,0.778276,793,327,0.695362,STAND LOCKED,208,441,697,716,,,,,,
598,19.933333,28.713,11.346,5890,1375,488,0.944079,0.792130,0.000000,0.868105,0.896531,1,0.000,0.000,VALID,CANDIDATE,1,1,0,380,475,272.000,0,1,1,1,0.945000,0.836665,799,309,0.674232,STAND LOCKED,208,441,697,716,,,,,,
599,19.966667,29.221,10.551,16277,9190,5235,0.795498,0.765922,0.823236,0.794885,0.763910,1,207.948,9.313,VALID,CANDIDATE,2,1,0,343,463,266.800,0,1,1,1,0.945000,0.836665,799,309,0.674232,STAND LOCKED,,,,,,,,,,
600,20.000000,23.246,10.693,1226,453,0,0.922466,0.823178,0.000000,0.872822,0.000000,0,0.000,0.000,INSUFFICIENT LASHING PATTERN,NO BUNDLE,0,0,0,,,,0,1,1,0,0.945000,0.836665,799,309,0.674232,STAND TARGET JUMP REJECTED,136,401,652,691,,,,,,
601,20.033333,22.028,14.552,0,0,0,0.000000,0.000000,0.000000,0.000000,0.000000,0,0.000,0.000,NO BLACK,NO BUNDLE,0,0,0,,,,0,1,1,0,0.945000,0.836665,799,309,0.674232,STAND TARGET JUMP REJECTED,136,401,652,691,,,,,,
602,20.066667,26.809,14.633,0,0,0,0.000000,0.000000,0.000000,0.000000,0.000000,0,0.000,0.000,NO BLACK,NO BUNDLE,0,0,0,,,,0,1,1,0,0.945000,0.836665,799,309,0.674232,STAND TARGET JUMP REJECTED,136,401,652,691,,,,,,
603,20.100000,26.282,17.387,0,0,0,0.000000,0.000000,0.000000,0.000000,0.000000,0,0.000,0.000,NO BLACK,NO BUNDLE,0,0,0,,,,0,1,1,0,0.945000,0.836665,799,309,0.674232,STAND TARGET JUMP REJECTED,136,401,652,691,,,,,,
604,20.133333,22.476,16.151,0,0,0,0.000000,0.000000,0.000000,0.000000,0.000000,0,0.000,0.000,NO BLACK,NO BUNDLE,0,0,0,,,,0,1,1,0,0.945000,0.836665,799,309,0.674232,STAND TARGET JUMP REJECTED,136,401,652,691,,,,,,
605,20.166667,23.722,18.891,0,0,0,0.000000,0.000000,0.000000,0.000000,0.000000,0,0.000,0.000,NO BLACK,NO BUNDLE,0,0,0,,,,0,1,1,0,0.945000,0.836665,799,309,0.674232,STAND TARGET JUMP REJECTED,136,401,652,691,,,,,,
606,20.200000,26.021,17.526,0,0,0,0.000000,0.000000,0.000000,0.000000,0.000000,0,0.000,0.000,NO BLACK,NO BUNDLE,0,0,0,,,,0,0,0,0,0.000000,0.000000,,,,WEAK STAND GEOMETRY,136,401,652,691,,,,,,
607,20.233333,24.977,17.223,0,0,0,0.000000,0.000000,0.000000,0.000000,0.000000,0,0.000,0.000,NO BLACK,NO BUNDLE,0,0,0,,,,0,0,0,0,0.000000,0.000000,,,,WEAK STAND GEOMETRY,136,401,652,691,,,,,,
608,20.266667,19.500,17.036,0,0,0,0.000000,0.000000,0.000000,0.000000,0.000000,0,0.000,0.000,NO BLACK,NO BUNDLE,0,0,0,,,,0,1,0,1,0.817074,0.711160,607,92,0.247222,ACQUIRING STAND 1/4,136,401,652,691,,,,,,
609,20.300000,20.965,20.625,0,0,0,0.000000,0.000000,0.000000,0.000000,0.000000,0,0.000,0.000,NO BLACK,NO BUNDLE,0,0,0,,,,0,1,0,1,0.817074,0.711160,607,92,0.247222,ACQUIRING STAND 1/4,136,401,652,691,,,,,,
610,20.333333,24.712,19.498,0,0,0,0.000000,0.000000,0.000000,0.000000,0.000000,0,0.000,0.000,NO BLACK,NO BUNDLE,0,0,0,,,,0,1,0,0,0.817074,0.711160,607,92,0.247222,STAND TEMPORARILY LOST (1),136,401,652,691,,,,,,
611,20.366667,18.840,23.297,0,0,0,0.000000,0.000000,0.000000,0.000000,0.000000,0,0.000,0.000,NO BLACK,NO BUNDLE,0,0,0,,,,0,1,0,0,0.817074,0.711160,607,92,0.247222,STAND TEMPORARILY LOST (1),136,401,652,691,,,,,,
612,20.400000,32.576,21.572,0,0,0,0.000000,0.000000,0.000000,0.000000,0.000000,0,0.000,0.000,NO BLACK,NO BUNDLE,0,0,0,,,,0,1,0,0,0.817074,0.711160,607,92,0.247222,STAND TEMPORARILY LOST (2),136,401,652,691,,,,,,
613,20.433333,24.993,23.476,0,0,0,0.000000,0.000000,0.000000,0.000000,0.000000,0,0.000,0.000,NO BLACK,NO BUNDLE,0,0,0,,,,0,1,0,0,0.817074,0.711160,607,92,0.247222,STAND TEMPORARILY LOST (2),136,401,652,691,,,,,,
614,20.466667,20.200,21.977,0,0,0,0.000000,0.000000,0.000000,0.000000,0.000000,0,0.000,0.000,NO BLACK,NO BUNDLE,0,0,0,,,,0,1,0,0,0.817074,0.711160,607,92,0.247222,STAND TEMPORARILY LOST (3),136,401,652,691,,,,,,
615,20.500000,23.724,24.120,0,0,0,0.000000,0.000000,0.000000,0.000000,0.000000,0,0.000,0.000,NO BLACK,NO BUNDLE,0,0,0,,,,0,1,0,0,0.817074,0.711160,607,92,0.247222,STAND TEMPORARILY LOST (3),136,401,652,691,,,,,,
616,20.533333,33.951,21.915,0,0,0,0.000000,0.000000,0.000000,0.000000,0.000000,0,0.000,0.000,NO BLACK,NO BUNDLE,0,0,0,,,,0,0,0,0,0.000000,0.000000,,,,NEED TWO DARK RAILS AND AN UPRIGHT,136,401,652,691,,,,,,
617,20.566667,31.561,20.136,0,0,0,0.000000,0.000000,0.000000,0.000000,0.000000,0,0.000,0.000,NO BLACK,NO BUNDLE,0,0,0,,,,0,0,0,0,0.000000,0.000000,,,,NEED TWO DARK RAILS AND AN UPRIGHT,136,401,652,691,,,,,,
618,20.600000,23.602,18.737,0,0,0,0.000000,0.000000,0.000000,0.000000,0.000000,0,0.000,0.000,NO BLACK,NO BUNDLE,0,0,0,,,,0,0,0,0,0.000000,0.000000,,,,NEED TWO DARK RAILS AND AN UPRIGHT,136,401,652,691,,,,,,
619,20.633333,24.856,17.582,0,0,0,0.000000,0.000000,0.000000,0.000000,0.000000,0,0.000,0.000,NO BLACK,NO BUNDLE,0,0,0,,,,0,0,0,0,0.000000,0.000000,,,,NEED TWO DARK RAILS AND AN UPRIGHT,136,401,652,691,,,,,,
620,20.666667,22.728,16.542,0,0,0,0.000000,0.000000,0.000000,0.000000,0.000000,0,0.000,0.000,NO BLACK,NO BUNDLE,0,0,0,,,,0,0,0,0,0.000000,0.000000,,,,NEED TWO DARK RAILS AND AN UPRIGHT,,,,,,,,,,
621,20.700000,23.802,15.699,0,0,0,0.000000,0.000000,0.000000,0.000000,0.000000,0,0.000,0.000,NO BLACK,NO BUNDLE,0,0,0,,,,0,0,0,0,0.000000,0.000000,,,,NEED TWO DARK RAILS AND AN UPRIGHT,,,,,,,,,,
622,20.733333,25.335,14.993,0,0,0,0.000000,0.000000,0.000000,0.000000,0.000000,0,0.000,0.000,NO BLACK,NO BUNDLE,0,0,0,,,,0,0,0,0,0.000000,0.000000,,,,NEED TWO DARK RAILS AND AN UPRIGHT,,,,,,,,,,
623,20.766667,25.160,14.310,0,0,0,0.000000,0.000000,0.000000,0.000000,0.000000,0,0.000,0.000,NO BLACK,NO BUNDLE,0,0,0,,,,0,0,0,0,0.000000,0.000000,,,,NEED TWO DARK RAILS AND AN UPRIGHT,,,,,,,,,,
624,20.800000,20.627,13.897,0,0,0,0.000000,0.000000,0.000000,0.000000,0.000000,0,0.000,0.000,NO BLACK,NO BUNDLE,0,0,0,,,,0,0,0,0,0.000000,0.000000,,,,NEED TWO DARK RAILS AND AN UPRIGHT,,,,,,,,,,
625,20.833333,23.703,13.468,0,0,0,0.000000,0.000000,0.000000,0.000000,0.000000,0,0.000,0.000,NO BLACK,NO BUNDLE,0,0,0,,,,0,0,0,0,0.000000,0.000000,,,,NEED TWO DARK RAILS AND AN UPRIGHT,,,,,,,,,,
626,20.866667,23.469,13.082,0,0,0,0.000000,0.000000,0.000000,0.000000,0.000000,0,0.000,0.000,NO BLACK,NO BUNDLE,0,0,0,,,,0,0,0,0,0.000000,0.000000,,,,NEED TWO DARK RAILS AND AN UPRIGHT,,,,,,,,,,
627,20.900000,32.307,12.641,0,0,0,0.000000,0.000000,0.000000,0.000000,0.000000,0,0.000,0.000,NO BLACK,NO BUNDLE,0,0,0,,,,0,0,0,0,0.000000,0.000000,,,,NEED TWO DARK RAILS AND AN UPRIGHT,,,,,,,,,,
628,20.933333,31.286,12.239,0,0,0,0.000000,0.000000,0.000000,0.000000,0.000000,0,0.000,0.000,NO BLACK,NO BUNDLE,0,0,0,,,,0,0,0,0,0.000000,0.000000,,,,NEED TWO DARK RAILS AND AN UPRIGHT,,,,,,,,,,
629,20.966667,25.155,12.062,0,0,0,0.000000,0.000000,0.000000,0.000000,0.000000,0,0.000,0.000,NO BLACK,NO BUNDLE,0,0,0,,,,0,0,0,0,0.000000,0.000000,,,,NEED TWO DARK RAILS AND AN UPRIGHT,,,,,,,,,,
630,21.000000,24.094,11.878,0,0,0,0.000000,0.000000,0.000000,0.000000,0.000000,0,0.000,0.000,NO BLACK,NO BUNDLE,0,0,0,,,,0,1,0,1,0.702222,0.840773,638,44,0.120833,ACQUIRING STAND 1/4,,,,,,,,,,
631,21.033333,30.431,14.563,0,0,0,0.000000,0.000000,0.000000,0.000000,0.000000,0,0.000,0.000,NO BLACK,NO BUNDLE,0,0,0,,,,0,1,0,1,0.702222,0.840773,638,44,0.120833,ACQUIRING STAND 1/4,,,,,,,,,,
632,21.066667,22.646,14.039,0,0,0,0.000000,0.000000,0.000000,0.000000,0.000000,0,0.000,0.000,NO BLACK,NO BUNDLE,0,0,0,,,,0,1,0,0,0.702222,0.840773,638,44,0.120833,STAND TEMPORARILY LOST (1),,,,,,,,,,
633,21.100000,24.474,17.305,0,0,0,0.000000,0.000000,0.000000,0.000000,0.000000,0,0.000,0.000,NO BLACK,NO BUNDLE,0,0,0,,,,0,1,0,0,0.702222,0.840773,638,44,0.120833,STAND TEMPORARILY LOST (1),,,,,,,,,,
634,21.133333,23.694,16.363,0,0,0,0.000000,0.000000,0.000000,0.000000,0.000000,0,0.000,0.000,NO BLACK,NO BUNDLE,0,0,0,,,,0,1,0,0,0.702222,0.840773,638,44,0.120833,STAND TEMPORARILY LOST (2),,,,,,,,,,
635,21.166667,23.057,19.565,0,0,0,0.000000,0.000000,0.000000,0.000000,0.000000,0,0.000,0.000,NO BLACK,NO BUNDLE,0,0,0,,,,0,1,0,0,0.702222,0.840773,638,44,0.120833,STAND TEMPORARILY LOST (2),,,,,,,,,,
636,21.200000,24.653,18.241,0,0,0,0.000000,0.000000,0.000000,0.000000,0.000000,0,0.000,0.000,NO BLACK,NO BUNDLE,0,0,0,,,,0,1,0,0,0.702222,0.840773,638,44,0.120833,STAND TEMPORARILY LOST (3),,,,,,,,,,
637,21.233333,25.181,20.724,0,0,0,0.000000,0.000000,0.000000,0.000000,0.000000,0,0.000,0.000,NO BLACK,NO BUNDLE,0,0,0,,,,0,1,0,0,0.702222,0.840773,638,44,0.120833,STAND TEMPORARILY LOST (3),,,,,,,,,,
638,21.266667,24.445,19.274,0,0,0,0.000000,0.000000,0.000000,0.000000,0.000000,0,0.000,0.000,NO BLACK,NO BUNDLE,0,0,0,,,,0,0,0,0,0.000000,0.000000,,,,NEED TWO DARK RAILS AND AN UPRIGHT,,,,,,,,,,
639,21.300000,24.390,17.914,0,0,0,0.000000,0.000000,0.000000,0.000000,0.000000,0,0.000,0.000,NO BLACK,NO BUNDLE,0,0,0,,,,0,0,0,0,0.000000,0.000000,,,,NEED TWO DARK RAILS AND AN UPRIGHT,,,,,,,,,,
640,21.333333,24.198,16.788,0,0,0,0.000000,0.000000,0.000000,0.000000,0.000000,0,0.000,0.000,NO BLACK,NO BUNDLE,0,0,0,,,,0,0,0,0,0.000000,0.000000,,,,NEED TWO DARK RAILS AND AN UPRIGHT,,,,,,,,,,
641,21.366667,20.749,16.042,0,0,0,0.000000,0.000000,0.000000,0.000000,0.000000,0,0.000,0.000,NO BLACK,NO BUNDLE,0,0,0,,,,0,0,0,0,0.000000,0.000000,,,,NEED TWO DARK RAILS AND AN UPRIGHT,,,,,,,,,,
642,21.400000,21.313,15.402,0,0,0,0.000000,0.000000,0.000000,0.000000,0.000000,0,0.000,0.000,NO BLACK,NO BUNDLE,0,0,0,,,,0,0,0,0,0.000000,0.000000,,,,NEED TWO DARK RAILS AND AN UPRIGHT,,,,,,,,,,
643,21.433333,21.896,14.835,0,0,0,0.000000,0.000000,0.000000,0.000000,0.000000,0,0.000,0.000,NO BLACK,NO BUNDLE,0,0,0,,,,0,0,0,0,0.000000,0.000000,,,,NEED TWO DARK RAILS AND AN UPRIGHT,,,,,,,,,,
644,21.466667,23.768,14.263,0,0,0,0.000000,0.000000,0.000000,0.000000,0.000000,0,0.000,0.000,NO BLACK,NO BUNDLE,0,0,0,,,,0,1,0,1,0.705938,0.830069,570,48,0.109722,ACQUIRING STAND 1/4,,,,,,,,,,
645,21.500000,21.912,18.389,0,0,0,0.000000,0.000000,0.000000,0.000000,0.000000,0,0.000,0.000,NO BLACK,NO BUNDLE,0,0,0,,,,0,1,0,1,0.705938,0.830069,570,48,0.109722,ACQUIRING STAND 1/4,,,,,,,,,,
646,21.533333,29.242,17.230,0,0,0,0.000000,0.000000,0.000000,0.000000,0.000000,0,0.000,0.000,NO BLACK,NO BUNDLE,0,0,0,,,,0,1,0,0,0.705938,0.830069,570,48,0.109722,STAND TEMPORARILY LOST (1),,,,,,,,,,
647,21.566667,27.224,19.618,0,0,0,0.000000,0.000000,0.000000,0.000000,0.000000,0,0.000,0.000,NO BLACK,NO BUNDLE,0,0,0,,,,0,1,0,0,0.705938,0.830069,570,48,0.109722,STAND TEMPORARILY LOST (1),,,,,,,,,,
648,21.600000,28.590,18.274,0,0,0,0.000000,0.000000,0.000000,0.000000,0.000000,0,0.000,0.000,NO BLACK,NO BUNDLE,0,0,0,,,,0,1,0,1,0.760878,0.837274,568,52,0.130347,ACQUIRING STAND 1/4,,,,,,,,,,
649,21.633333,24.329,21.021,0,0,0,0.000000,0.000000,0.000000,0.000000,0.000000,0,0.000,0.000,NO BLACK,NO BUNDLE,0,0,0,,,,0,1,0,1,0.760878,0.837274,568,52,0.130347,ACQUIRING STAND 1/4,,,,,,,,,,
650,21.666667,24.977,19.594,0,0,0,0.000000,0.000000,0.000000,0.000000,0.000000,0,0.000,0.000,NO BLACK,NO BUNDLE,0,0,0,,,,0,1,0,0,0.760878,0.837274,568,52,0.130347,STAND TEMPORARILY LOST (1),,,,,,,,,,
651,21.700000,24.275,22.158,0,0,0,0.000000,0.000000,0.000000,0.000000,0.000000,0,0.000,0.000,NO BLACK,NO BUNDLE,0,0,0,,,,0,1,0,0,0.760878,0.837274,568,52,0.130347,STAND TEMPORARILY LOST (1),,,,,,,,,,
652,21.733333,23.827,20.614,0,0,0,0.000000,0.000000,0.000000,0.000000,0.000000,0,0.000,0.000,NO BLACK,NO BUNDLE,0,0,0,,,,0,1,0,0,0.760878,0.837274,568,52,0.130347,STAND TEMPORARILY LOST (2),,,,,,,,,,
653,21.766667,26.006,22.637,0,0,0,0.000000,0.000000,0.000000,0.000000,0.000000,0,0.000,0.000,NO BLACK,NO BUNDLE,0,0,0,,,,0,1,0,0,0.760878,0.837274,568,52,0.130347,STAND TEMPORARILY LOST (2),,,,,,,,,,
654,21.800000,29.205,20.830,0,0,0,0.000000,0.000000,0.000000,0.000000,0.000000,0,0.000,0.000,NO BLACK,NO BUNDLE,0,0,0,,,,0,1,0,0,0.760878,0.837274,568,52,0.130347,STAND TEMPORARILY LOST (3),,,,,,,,,,
655,21.833333,24.461,23.235,0,0,0,0.000000,0.000000,0.000000,0.000000,0.000000,0,0.000,0.000,NO BLACK,NO BUNDLE,0,0,0,,,,0,1,0,0,0.760878,0.837274,568,52,0.130347,STAND TEMPORARILY LOST (3),,,,,,,,,,
656,21.866667,22.125,21.453,0,0,0,0.000000,0.000000,0.000000,0.000000,0.000000,0,0.000,0.000,NO BLACK,NO BUNDLE,0,0,0,,,,0,1,0,1,0.655274,0.753501,582,49,0.124351,ACQUIRING STAND 1/4,,,,,,,,,,
657,21.900000,26.865,23.387,0,0,0,0.000000,0.000000,0.000000,0.000000,0.000000,0,0.000,0.000,NO BLACK,NO BUNDLE,0,0,0,,,,0,1,0,1,0.655274,0.753501,582,49,0.124351,ACQUIRING STAND 1/4,,,,,,,,,,
658,21.933333,23.962,21.561,0,0,0,0.000000,0.000000,0.000000,0.000000,0.000000,0,0.000,0.000,NO BLACK,NO BUNDLE,0,0,0,,,,0,1,0,0,0.655274,0.753501,582,49,0.124351,STAND TEMPORARILY LOST (1),,,,,,,,,,
