frame,timestamp,inference_ms,processing_fps,black_pixels,lashing_pixels,messenger_pixels,black_confidence,lashing_confidence,messenger_confidence,bundle_confidence,contact_confidence,bundle_valid,messenger_intensity_mean,messenger_intensity_std,validation_reason,target_state,consecutive_valid_frames,target_found,target_locked,target_x,target_y,target_proximity,stale_frames,stand_found,stand_locked,stand_fresh,stand_confidence,stand_black_support,stand_x,stand_y,stand_proximity,stand_reason,pidnet_roi_x1,pidnet_roi_y1,pidnet_roi_x2,pidnet_roi_y2,mission_state,mission_reason,command_forward,command_right,command_down,command_yaw_rate
0,0.000000,297.601,2.912,1619,0,0,0.792915,0.000000,0.000000,0.000000,0.000000,0,0.000,0.000,NO LASHING,NO BUNDLE,0,0,0,,,,0,1,0,1,0.744513,0.617225,842,92,0.225000,ACQUIRING STAND 1/4,,,,,,,,,,
1,0.033333,31.902,6.751,836,0,0,0.784276,0.000000,0.000000,0.000000,0.000000,0,0.000,0.000,NO LASHING,NO BUNDLE,0,0,0,,,,0,1,0,1,0.744513,0.617225,842,92,0.225000,ACQUIRING STAND 1/4,,,,,,,,,,
2,0.066667,32.175,7.823,951,0,0,0.783026,0.000000,0.000000,0.000000,0.000000,0,0.000,0.000,NO LASHING,NO BUNDLE,0,0,0,,,,0,1,0,1,0.718151,0.670851,812,69,0.169236,ACQUIRING STAND 2/4,,,,,,,,,,
3,0.100000,32.440,10.818,915,0,0,0.782632,0.000000,0.000000,0.000000,0.000000,0,0.000,0.000,NO LASHING,NO BUNDLE,0,0,0,,,,0,1,0,1,0.718151,0.670851,812,69,0.169236,ACQUIRING STAND 2/4,,,,,,,,,,
4,0.133333,31.986,11.365,916,0,0,0.781559,0.000000,0.000000,0.000000,0.000000,0,0.000,0.000,NO LASHING,NO BUNDLE,0,0,0,,,,0,1,0,1,0.658833,0.643709,865,70,0.172406,ACQUIRING STAND 3/4,,,,,,,,,,
5,0.166667,31.876,13.735,994,0,0,0.780528,0.000000,0.000000,0.000000,0.000000,0,0.000,0.000,NO LASHING,NO BUNDLE,0,0,0,,,,0,1,0,1,0.658833,0.643709,865,70,0.172406,ACQUIRING STAND 3/4,,,,,,,,,,
6,0.200000,30.465,13.879,1054,0,0,0.781607,0.000000,0.000000,0.000000,0.000000,0,0.000,0.000,NO LASHING,NO BUNDLE,0,0,0,,,,0,1,0,0,0.658833,0.643709,865,70,0.172406,STAND TARGET JUMP REJECTED,,,,,,,,,,
7,0.233333,32.165,15.935,1063,0,0,0.781748,0.000000,0.000000,0.000000,0.000000,0,0.000,0.000,NO LASHING,NO BUNDLE,0,0,0,,,,0,1,0,0,0.658833,0.643709,865,70,0.172406,STAND TARGET JUMP REJECTED,,,,,,,,,,
8,0.266667,30.907,15.668,1072,0,0,0.782445,0.000000,0.000000,0.000000,0.000000,0,0.000,0.000,NO LASHING,NO BUNDLE,0,0,0,,,,0,1,0,1,0.785633,0.627202,818,70,0.183763,ACQUIRING STAND 1/4,,,,,,,,,,
9,0.300000,32.462,17.583,1035,0,0,0.781397,0.000000,0.000000,0.000000,0.000000,0,0.000,0.000,NO LASHING,NO BUNDLE,0,0,0,,,,0,1,0,1,0.785633,0.627202,818,70,0.183763,ACQUIRING STAND 1/4,,,,,,,,,,
10,0.333333,28.116,17.149,951,0,0,0.778183,0.000000,0.000000,0.000000,0.000000,0,0.000,0.000,NO LASHING,NO BUNDLE,0,0,0,,,,0,1,0,0,0.785633,0.627202,818,70,0.183763,STAND TEMPORARILY LOST (1),,,,,,,,,,
11,0.366667,32.260,18.860,978,0,0,0.779644,0.000000,0.000000,0.000000,0.000000,0,0.000,0.000,NO LASHING,NO BUNDLE,0,0,0,,,,0,1,0,0,0.785633,0.627202,818,70,0.183763,STAND TEMPORARILY LOST (1),,,,,,,,,,
12,0.400000,34.838,18.090,882,0,0,0.788901,0.000000,0.000000,0.000000,0.000000,0,0.000,0.000,NO LASHING,NO BUNDLE,0,0,0,,,,0,1,0,1,0.773039,0.632687,724,79,0.207207,ACQUIRING STAND 1/4,,,,,,,,,,
13,0.433333,35.206,19.243,903,0,0,0.793367,0.000000,0.000000,0.000000,0.000000,0,0.000,0.000,NO LASHING,NO BUNDLE,0,0,0,,,,0,1,0,1,0.773039,0.632687,724,79,0.207207,ACQUIRING STAND 1/4,,,,,,,,,,
14,0.466667,29.514,18.606,930,0,0,0.790591,0.000000,0.000000,0.000000,0.000000,0,0.000,0.000,NO LASHING,NO BUNDLE,0,0,0,,,,0,1,0,1,0.575367,0.535674,677,83,0.225396,ACQUIRING STAND 2/4,,,,,,,,,,
15,0.500000,33.145,19.879,789,0,0,0.789991,0.000000,0.000000,0.000000,0.000000,0,0.000,0.000,NO LASHING,NO BUNDLE,0,0,0,,,,0,1,0,1,0.575367,0.535674,677,83,0.225396,ACQUIRING STAND 2/4,,,,,,,,,,
16,0.533333,35.637,18.916,782,0,0,0.786983,0.000000,0.000000,0.000000,0.000000,0,0.000,0.000,NO LASHING,NO BUNDLE,0,0,0,,,,0,1,0,0,0.575367,0.535674,677,83,0.225396,STAND TARGET JUMP REJECTED,,,,,,,,,,
17,0.566667,31.473,20.239,760,0,0,0.787479,0.000000,0.000000,0.000000,0.000000,0,0.000,0.000,NO LASHING,NO BUNDLE,0,0,0,,,,0,1,0,0,0.575367,0.535674,677,83,0.225396,STAND TARGET JUMP REJECTED,,,,,,,,,,
18,0.600000,28.905,19.393,772,0,0,0.786490,0.000000,0.000000,0.000000,0.000000,0,0.000,0.000,NO LASHING,NO BUNDLE,0,0,0,,,,0,1,0,1,0.699178,0.614274,827,66,0.180873,ACQUIRING STAND 1/4,,,,,,,,,,
19,0.633333,33.278,20.622,743,0,0,0.785443,0.000000,0.000000,0.000000,0.000000,0,0.000,0.000,NO LASHING,NO BUNDLE,0,0,0,,,,0,1,0,1,0.699178,0.614274,827,66,0.180873,ACQUIRING STAND 1/4,,,,,,,,,,
20,0.666667,31.445,19.580,735,0,0,0.784361,0.000000,0.000000,0.000000,0.000000,0,0.000,0.000,NO LASHING,NO BUNDLE,0,0,0,,,,0,1,0,0,0.699178,0.614274,827,66,0.180873,STAND TEMPORARILY LOST (1),,,,,,,,,,
21,0.700000,34.658,20.634,773,0,0,0.782565,0.000000,0.000000,0.000000,0.000000,0,0.000,0.000,NO LASHING,NO BUNDLE,0,0,0,,,,0,1,0,0,0.699178,0.614274,827,66,0.180873,STAND TEMPORARILY LOST (1),,,,,,,,,,
22,0.733333,29.815,19.640,767,0,0,0.782014,0.000000,0.000000,0.000000,0.000000,0,0.000,0.000,NO LASHING,NO BUNDLE,0,0,0,,,,0,1,0,1,0.594578,0.537583,723,77,0.213545,ACQUIRING STAND 1/4,,,,,,,,,,
23,0.766667,31.480,21.035,735,0,0,0.781695,0.000000,0.000000,0.000000,0.000000,0,0.000,0.000,NO LASHING,NO BUNDLE,0,0,0,,,,0,1,0,1,0.594578,0.537583,723,77,0.213545,ACQUIRING STAND 1/4,,,,,,,,,,
24,0.800000,30.594,19.983,1103,0,0,0.782572,0.000000,0.000000,0.000000,0.000000,0,0.000,0.000,NO LASHING,NO BUNDLE,0,0,0,,,,0,1,0,1,0.693722,0.569061,676,82,0.228248,ACQUIRING STAND 2/4,,,,,,,,,,
25,0.833333,31.415,21.369,1130,0,0,0.784033,0.000000,0.000000,0.000000,0.000000,0,0.000,0.000,NO LASHING,NO BUNDLE,0,0,0,,,,0,1,0,1,0.693722,0.569061,676,82,0.228248,ACQUIRING STAND 2/4,,,,,,,,,,
26,0.866667,32.478,20.258,1142,0,0,0.784807,0.000000,0.000000,0.000000,0.000000,0,0.000,0.000,NO LASHING,NO BUNDLE,0,0,0,,,,0,1,0,1,0.729261,0.584339,668,84,0.234864,ACQUIRING STAND 3/4,,,,,,,,,,
27,0.900000,32.751,21.420,1104,0,0,0.784076,0.000000,0.000000,0.000000,0.000000,0,0.000,0.000,NO LASHING,NO BUNDLE,0,0,0,,,,0,1,0,1,0.729261,0.584339,668,84,0.234864,ACQUIRING STAND 3/4,,,,,,,,,,
28,0.933333,34.033,20.244,1123,0,0,0.785000,0.000000,0.000000,0.000000,0.000000,0,0.000,0.000,NO LASHING,NO BUNDLE,0,0,0,,,,0,1,1,1,0.776697,0.612566,695,82,0.227911,STAND LOCKED,,,,,,,,,,
29,0.966667,31.162,21.485,984,0,0,0.785387,0.000000,0.000000,0.000000,0.000000,0,0.000,0.000,NO LASHING,NO BUNDLE,0,0,0,,,,0,1,1,1,0.776697,0.612566,695,82,0.227911,STAND LOCKED,,,,,,,,,,
30,1.000000,32.163,21.625,995,0,0,0.784920,0.000000,0.000000,0.000000,0.000000,0,0.000,0.000,NO LASHING,NO BUNDLE,0,0,0,,,,0,1,1,0,0.776697,0.612566,695,82,0.227911,STAND TEMPORARILY LOST (1),,,,,,,,,,
31,1.033333,35.660,22.227,989,0,0,0.785401,0.000000,0.000000,0.000000,0.000000,0,0.000,0.000,NO LASHING,NO BUNDLE,0,0,0,,,,0,1,1,0,0.776697,0.612566,695,82,0.227911,STAND TEMPORARILY LOST (1),,,,,,,,,,
32,1.066667,31.025,20.633,1006,0,0,0.785618,0.000000,0.000000,0.000000,0.000000,0,0.000,0.000,NO LASHING,NO BUNDLE,0,0,0,,,,0,1,1,1,0.602229,0.541457,615,84,0.233185,STAND LOCKED,,,,,,,,,,
33,1.100000,31.326,21.724,997,0,0,0.785648,0.000000,0.000000,0.000000,0.000000,0,0.000,0.000,NO LASHING,NO BUNDLE,0,0,0,,,,0,1,1,1,0.602229,0.541457,615,84,0.233185,STAND LOCKED,,,,,,,,,,
34,1.133333,32.598,21.644,907,0,0,0.786893,0.000000,0.000000,0.000000,0.000000,0,0.000,0.000,NO LASHING,NO BUNDLE,0,0,0,,,,0,1,1,1,0.711083,0.475113,468,85,0.237086,STAND LOCKED,,,,,,,,,,
35,1.166667,32.242,22.530,862,0,0,0.785761,0.000000,0.000000,0.000000,0.000000,0,0.000,0.000,NO LASHING,NO BUNDLE,0,0,0,,,,0,1,1,1,0.711083,0.475113,468,85,0.237086,STAND LOCKED,,,,,,,,,,
36,1.200000,32.341,22.392,974,0,0,0.771193,0.000000,0.000000,0.000000,0.000000,0,0.000,0.000,NO LASHING,NO BUNDLE,0,0,0,,,,0,1,1,1,0.765049,0.451021,497,87,0.240369,STAND LOCKED,,,,,,,,,,
37,1.233333,35.036,22.885,978,0,0,0.771218,0.000000,0.000000,0.000000,0.000000,0,0.000,0.000,NO LASHING,NO BUNDLE,0,0,0,,,,0,1,1,1,0.765049,0.451021,497,87,0.240369,STAND LOCKED,,,,,,,,,,
38,1.266667,29.889,22.876,928,0,0,0.770573,0.000000,0.000000,0.000000,0.000000,0,0.000,0.000,NO LASHING,NO BUNDLE,0,0,0,,,,0,1,1,1,0.718512,0.470104,377,87,0.241083,STAND LOCKED,,,,,,,,,,
39,1.300000,29.625,24.080,833,0,0,0.773780,0.000000,0.000000,0.000000,0.000000,0,0.000,0.000,NO LASHING,NO BUNDLE,0,0,0,,,,0,1,1,1,0.718512,0.470104,377,87,0.241083,STAND LOCKED,,,,,,,,,,
40,1.333333,32.159,23.579,842,0,0,0.776143,0.000000,0.000000,0.000000,0.000000,0,0.000,0.000,NO LASHING,NO BUNDLE,0,0,0,,,,0,1,1,1,0.754585,0.461883,424,88,0.242932,STAND LOCKED,,,,,,,,,,
41,1.366667,31.588,24.314,832,0,0,0.776532,0.000000,0.000000,0.000000,0.000000,0,0.000,0.000,NO LASHING,NO BUNDLE,0,0,0,,,,0,1,1,1,0.754585,0.461883,424,88,0.242932,STAND LOCKED,,,,,,,,,,
42,1.400000,30.709,23.892,824,0,0,0.776460,0.000000,0.000000,0.000000,0.000000,0,0.000,0.000,NO LASHING,NO BUNDLE,0,0,0,,,,0,1,1,1,0.740227,0.476924,335,90,0.236125,STAND LOCKED,,,,,,,,,,
43,1.433333,30.376,24.769,803,0,0,0.775902,0.000000,0.000000,0.000000,0.000000,0,0.000,0.000,NO LASHING,NO BUNDLE,0,0,0,,,,0,1,1,1,0.740227,0.476924,335,90,0.236125,STAND LOCKED,,,,,,,,,,
44,1.466667,32.981,23.571,921,0,0,0.776980,0.000000,0.000000,0.000000,0.000000,0,0.000,0.000,NO LASHING,NO BUNDLE,0,0,0,,,,0,1,1,1,0.865661,0.543779,383,89,0.239937,STAND LOCKED,,,,,,,,,,
45,1.500000,35.257,23.922,921,0,0,0.777984,0.000000,0.000000,0.000000,0.000000,0,0.000,0.000,NO LASHING,NO BUNDLE,0,0,0,,,,0,1,1,1,0.865661,0.543779,383,89,0.239937,STAND LOCKED,,,,,,,,,,
46,1.533333,31.889,23.410,925,0,0,0.776684,0.000000,0.000000,0.000000,0.000000,0,0.000,0.000,NO LASHING,NO BUNDLE,0,0,0,,,,0,1,1,1,0.792522,0.512452,431,88,0.241652,STAND LOCKED,,,,,,,,,,
47,1.566667,30.487,24.290,917,0,0,0.778330,0.000000,0.000000,0.000000,0.000000,0,0.000,0.000,NO LASHING,NO BUNDLE,0,0,0,,,,0,1,1,1,0.792522,0.512452,431,88,0.241652,STAND LOCKED,,,,,,,,,,
48,1.600000,29.541,23.959,1121,0,0,0.786993,0.000000,0.000000,0.000000,0.000000,0,0.000,0.000,NO LASHING,NO BUNDLE,0,0,0,,,,0,1,1,1,0.759435,0.481791,480,88,0.243188,STAND LOCKED,,,,,,,,,,
49,1.633333,32.259,24.642,1135,0,0,0.788258,0.000000,0.000000,0.000000,0.000000,0,0.000,0.000,NO LASHING,NO BUNDLE,0,0,0,,,,0,1,1,1,0.759435,0.481791,480,88,0.243188,STAND LOCKED,,,,,,,,,,
50,1.666667,34.516,23.927,1137,0,0,0.788969,0.000000,0.000000,0.000000,0.000000,0,0.000,0.000,NO LASHING,NO BUNDLE,0,0,0,,,,0,1,1,1,0.679077,0.482006,342,88,0.243115,STAND LOCKED,,,,,,,,,,
51,1.700000,32.936,24.543,1081,0,0,0.790365,0.000000,0.000000,0.000000,0.000000,0,0.000,0.000,NO LASHING,NO BUNDLE,0,0,0,,,,0,1,1,1,0.679077,0.482006,342,88,0.243115,STAND LOCKED,,,,,,,,,,
52,1.733333,30.172,23.939,1109,0,0,0.789606,0.000000,0.000000,0.000000,0.000000,0,0.000,0.000,NO LASHING,NO BUNDLE,0,0,0,,,,0,1,1,1,0.750192,0.422068,378,88,0.243082,STAND LOCKED,,,,,,,,,,
53,1.766667,31.288,24.644,1201,0,0,0.793885,0.000000,0.000000,0.000000,0.000000,0,0.000,0.000,NO LASHING,NO BUNDLE,0,0,0,,,,0,1,1,1,0.750192,0.422068,378,88,0.243082,STAND LOCKED,,,,,,,,,,
54,1.800000,30.456,24.161,1150,0,0,0.795324,0.000000,0.000000,0.000000,0.000000,0,0.000,0.000,NO LASHING,NO BUNDLE,0,0,0,,,,0,1,1,1,0.891667,0.568991,426,88,0.243068,STAND LOCKED,,,,,,,,,,
55,1.833333,30.322,24.948,1182,0,0,0.795174,0.000000,0.000000,0.000000,0.000000,0,0.000,0.000,NO LASHING,NO BUNDLE,0,0,0,,,,0,1,1,1,0.891667,0.568991,426,88,0.243068,STAND LOCKED,,,,,,,,,,
56,1.866667,31.227,24.346,1129,0,0,0.796263,0.000000,0.000000,0.000000,0.000000,0,0.000,0.000,NO LASHING,NO BUNDLE,0,0,0,,,,0,1,1,1,0.761261,0.549098,415,87,0.242297,STAND LOCKED,,,,,,,,,,
57,1.900000,32.256,24.862,1064,0,0,0.794609,0.000000,0.000000,0.000000,0.000000,0,0.000,0.000,NO LASHING,NO BUNDLE,0,0,0,,,,0,1,1,1,0.761261,0.549098,415,87,0.242297,STAND LOCKED,,,,,,,,,,
58,1.933333,31.306,24.337,953,0,0,0.787353,0.000000,0.000000,0.000000,0.000000,0,0.000,0.000,NO LASHING,NO BUNDLE,0,0,0,,,,0,1,1,1,0.777579,0.512689,464,88,0.242714,STAND LOCKED,,,,,,,,,,
59,1.966667,33.086,24.805,955,0,0,0.786536,0.000000,0.000000,0.000000,0.000000,0,0.000,0.000,NO LASHING,NO BUNDLE,0,0,0,,,,0,1,1,1,0.777579,0.512689,464,88,0.242714,STAND LOCKED,,,,,,,,,,
60,2.000000,30.860,24.344,1116,0,0,0.781559,0.000000,0.000000,0.000000,0.000000,0,0.000,0.000,NO LASHING,NO BUNDLE,0,0,0,,,,0,1,1,0,0.777579,0.512689,464,88,0.242714,STAND TARGET JUMP REJECTED,,,,,,,,,,
61,2.033333,29.072,25.419,1073,0,0,0.780849,0.000000,0.000000,0.000000,0.000000,0,0.000,0.000,NO LASHING,NO BUNDLE,0,0,0,,,,0,1,1,0,0.777579,0.512689,464,88,0.242714,STAND TARGET JUMP REJECTED,,,,,,,,,,
62,2.066667,33.744,24.621,1091,0,0,0.779793,0.000000,0.000000,0.000000,0.000000,0,0.000,0.000,NO LASHING,NO BUNDLE,0,0,0,,,,0,1,1,0,0.777579,0.512689,464,88,0.242714,STAND TARGET JUMP REJECTED,,,,,,,,,,
63,2.100000,33.833,24.926,1082,0,0,0.779528,0.000000,0.000000,0.000000,0.000000,0,0.000,0.000,NO LASHING,NO BUNDLE,0,0,0,,,,0,1,1,0,0.777579,0.512689,464,88,0.242714,STAND TARGET JUMP REJECTED,,,,,,,,,,
64,2.133333,30.735,24.452,1096,0,0,0.780421,0.000000,0.000000,0.000000,0.000000,0,0.000,0.000,NO LASHING,NO BUNDLE,0,0,0,,,,0,1,1,1,0.764916,0.486776,494,87,0.241374,STAND LOCKED,,,,,,,,,,
65,2.166667,34.686,24.770,1128,0,0,0.781482,0.000000,0.000000,0.000000,0.000000,0,0.000,0.000,NO LASHING,NO BUNDLE,0,0,0,,,,0,1,1,1,0.764916,0.486776,494,87,0.241374,STAND LOCKED,,,,,,,,,,
66,2.200000,29.645,24.470,1139,0,0,0.781465,0.000000,0.000000,0.000000,0.000000,0,0.000,0.000,NO LASHING,NO BUNDLE,0,0,0,,,,0,1,1,1,0.738976,0.476446,542,85,0.236952,STAND LOCKED,,,,,,,,,,
67,2.233333,31.499,25.192,847,0,0,0.780507,0.000000,0.000000,0.000000,0.000000,0,0.000,0.000,NO LASHING,NO BUNDLE,0,0,0,,,,0,1,1,1,0.738976,0.476446,542,85,0.236952,STAND LOCKED,,,,,,,,,,
68,2.266667,33.130,24.537,831,0,0,0.780848,0.000000,0.000000,0.000000,0.000000,0,0.000,0.000,NO LASHING,NO BUNDLE,0,0,0,,,,0,1,1,1,0.757713,0.470763,518,86,0.238781,STAND LOCKED,,,,,,,,,,
69,2.300000,32.788,25.024,862,0,0,0.780062,0.000000,0.000000,0.000000,0.000000,0,0.000,0.000,NO LASHING,NO BUNDLE,0,0,0,,,,0,1,1,1,0.757713,0.470763,518,86,0.238781,STAND LOCKED,,,,,,,,,,
70,2.333333,30.090,24.628,876,0,0,0.779422,0.000000,0.000000,0.000000,0.000000,0,0.000,0.000,NO LASHING,NO BUNDLE,0,0,0,,,,0,1,1,1,0.784895,0.549902,519,85,0.235785,STAND LOCKED,,,,,,,,,,
71,2.366667,30.303,25.282,880,0,0,0.780721,0.000000,0.000000,0.000000,0.000000,0,0.000,0.000,NO LASHING,NO BUNDLE,0,0,0,,,,0,1,1,1,0.784895,0.549902,519,85,0.235785,STAND LOCKED,,,,,,,,,,
72,2.400000,31.438,24.801,740,0,0,0.776185,0.000000,0.000000,0.000000,0.000000,0,0.000,0.000,NO LASHING,NO BUNDLE,0,0,0,,,,0,1,1,1,0.562843,0.486482,380,84,0.234436,STAND LOCKED,,,,,,,,,,
73,2.433333,31.394,25.485,749,0,0,0.775435,0.000000,0.000000,0.000000,0.000000,0,0.000,0.000,NO LASHING,NO BUNDLE,0,0,0,,,,0,1,1,1,0.562843,0.486482,380,84,0.234436,STAND LOCKED,,,,,,,,,,
74,2.466667,31.549,24.690,726,0,0,0.776181,0.000000,0.000000,0.000000,0.000000,0,0.000,0.000,NO LASHING,NO BUNDLE,0,0,0,,,,0,1,1,1,0.799527,0.505177,367,86,0.239941,STAND LOCKED,,,,,,,,,,
75,2.500000,28.753,25.756,696,0,0,0.775266,0.000000,0.000000,0.000000,0.000000,0,0.000,0.000,NO LASHING,NO BUNDLE,0,0,0,,,,0,1,1,1,0.799527,0.505177,367,86,0.239941,STAND LOCKED,,,,,,,,,,
76,2.533333,28.736,25.225,725,0,0,0.778216,0.000000,0.000000,0.000000,0.000000,0,0.000,0.000,NO LASHING,NO BUNDLE,0,0,0,,,,0,1,1,1,0.862887,0.557807,383,87,0.241654,STAND LOCKED,,,,,,,,,,
77,2.566667,32.816,25.663,621,0,0,0.769881,0.000000,0.000000,0.000000,0.000000,0,0.000,0.000,NO LASHING,NO BUNDLE,0,0,0,,,,0,1,1,1,0.862887,0.557807,383,87,0.241654,STAND LOCKED,,,,,,,,,,
78,2.600000,30.365,25.076,573,0,0,0.768270,0.000000,0.000000,0.000000,0.000000,0,0.000,0.000,NO LASHING,NO BUNDLE,0,0,0,,,,0,1,1,1,0.802329,0.528215,432,88,0.242425,STAND LOCKED,,,,,,,,,,
79,2.633333,33.814,25.324,552,0,0,0.767781,0.000000,0.000000,0.000000,0.000000,0,0.000,0.000,NO LASHING,NO BUNDLE,0,0,0,,,,0,1,1,1,0.802329,0.528215,432,88,0.242425,STAND LOCKED,,,,,,,,,,
80,2.666667,29.573,24.892,652,0,0,0.772725,0.000000,0.000000,0.000000,0.000000,0,0.000,0.000,NO LASHING,NO BUNDLE,0,0,0,,,,0,1,1,0,0.802329,0.528215,432,88,0.242425,STAND TEMPORARILY LOST (1),,,,,,,,,,
81,2.700000,32.725,25.296,571,0,0,0.769637,0.000000,0.000000,0.000000,0.000000,0,0.000,0.000,NO LASHING,NO BUNDLE,0,0,0,,,,0,1,1,0,0.802329,0.528215,432,88,0.242425,STAND TEMPORARILY LOST (1),,,,,,,,,,
82,2.733333,36.176,23.210,530,0,0,0.769525,0.000000,0.000000,0.000000,0.000000,0,0.000,0.000,NO LASHING,NO BUNDLE,0,0,0,,,,0,1,1,0,0.802329,0.528215,432,88,0.242425,STAND TEMPORARILY LOST (2),,,,,,,,,,
83,2.766667,34.709,23.442,525,0,0,0.768818,0.000000,0.000000,0.000000,0.000000,0,0.000,0.000,NO LASHING,NO BUNDLE,0,0,0,,,,0,1,1,0,0.802329,0.528215,432,88,0.242425,STAND TEMPORARILY LOST (2),,,,,,,,,,
84,2.800000,32.766,22.874,1231,0,0,0.786258,0.000000,0.000000,0.000000,0.000000,0,0.000,0.000,NO LASHING,NO BUNDLE,0,0,0,,,,0,1,1,1,0.755949,0.491220,426,87,0.242008,STAND LOCKED,,,,,,,,,,
85,2.833333,28.813,24.149,1235,0,0,0.786340,0.000000,0.000000,0.000000,0.000000,0,0.000,0.000,NO LASHING,NO BUNDLE,0,0,0,,,,0,1,1,1,0.755949,0.491220,426,87,0.242008,STAND LOCKED,,,,,,,,,,
86,2.866667,31.935,23.714,1252,0,0,0.786544,0.000000,0.000000,0.000000,0.000000,0,0.000,0.000,NO LASHING,NO BUNDLE,0,0,0,,,,0,1,1,0,0.755949,0.491220,426,87,0.242008,STAND TEMPORARILY LOST (1),,,,,,,,,,
87,2.900000,32.487,24.270,1275,0,0,0.785889,0.000000,0.000000,0.000000,0.000000,0,0.000,0.000,NO LASHING,NO BUNDLE,0,0,0,,,,0,1,1,0,0.755949,0.491220,426,87,0.242008,STAND TEMPORARILY LOST (1),,,,,,,,,,
88,2.933333,32.599,22.336,1256,0,0,0.787502,0.000000,0.000000,0.000000,0.000000,0,0.000,0.000,NO LASHING,NO BUNDLE,0,0,0,,,,0,1,1,0,0.755949,0.491220,426,87,0.242008,STAND TEMPORARILY LOST (2),,,,,,,,,,
89,2.966667,29.421,23.675,1240,0,0,0.787693,0.000000,0.000000,0.000000,0.000000,0,0.000,0.000,NO LASHING,NO BUNDLE,0,0,0,,,,0,1,1,0,0.755949,0.491220,426,87,0.242008,STAND TEMPORARILY LOST (2),,,,,,,,,,
90,3.000000,34.130,23.081,1237,0,0,0.786209,0.000000,0.000000,0.000000,0.000000,0,0.000,0.000,NO LASHING,NO BUNDLE,0,0,0,,,,0,1,1,0,0.755949,0.491220,426,87,0.242008,STAND TARGET JUMP REJECTED,,,,,,,,,,
91,3.033333,32.025,23.968,1248,0,0,0.784530,0.000000,0.000000,0.000000,0.000000,0,0.000,0.000,NO LASHING,NO BUNDLE,0,0,0,,,,0,1,1,0,0.755949,0.491220,426,87,0.242008,STAND TARGET JUMP REJECTED,,,,,,,,,,
92,3.066667,31.906,23.536,1150,0,0,0.782878,0.000000,0.000000,0.000000,0.000000,0,0.000,0.000,NO LASHING,NO BUNDLE,0,0,0,,,,0,1,1,1,0.745957,0.496262,402,88,0.243348,STAND LOCKED,,,,,,,,,,
93,3.100000,33.431,24.070,1145,0,0,0.783183,0.000000,0.000000,0.000000,0.000000,0,0.000,0.000,NO LASHING,NO BUNDLE,0,0,0,,,,0,1,1,1,0.745957,0.496262,402,88,0.243348,STAND LOCKED,,,,,,,,,,
94,3.133333,29.143,23.860,1135,0,0,0.782033,0.000000,0.000000,0.000000,0.000000,0,0.000,0.000,NO LASHING,NO BUNDLE,0,0,0,,,,0,1,1,1,0.751474,0.522825,440,88,0.243951,STAND LOCKED,,,,,,,,,,
95,3.166667,33.602,24.331,1174,0,0,0.782654,0.000000,0.000000,0.000000,0.000000,0,0.000,0.000,NO LASHING,NO BUNDLE,0,0,0,,,,0,1,1,1,0.751474,0.522825,440,88,0.243951,STAND LOCKED,,,,,,,,,,
96,3.200000,30.959,23.884,1321,0,0,0.789986,0.000000,0.000000,0.000000,0.000000,0,0.000,0.000,NO LASHING,NO BUNDLE,0,0,0,,,,0,1,1,1,0.784959,0.499240,484,87,0.242695,STAND LOCKED,,,,,,,,,,
97,3.233333,29.981,24.902,1309,0,0,0.789620,0.000000,0.000000,0.000000,0.000000,0,0.000,0.000,NO LASHING,NO BUNDLE,0,0,0,,,,0,1,1,1,0.784959,0.499240,484,87,0.242695,STAND LOCKED,,,,,,,,,,
98,3.266667,33.188,24.302,1298,0,0,0.788079,0.000000,0.000000,0.000000,0.000000,0,0.000,0.000,NO LASHING,NO BUNDLE,0,0,0,,,,0,1,1,1,0.770960,0.490426,522,85,0.238310,STAND LOCKED,,,,,,,,,,
99,3.300000,30.954,25.029,1295,0,0,0.788317,0.000000,0.000000,0.000000,0.000000,0,0.000,0.000,NO LASHING,NO BUNDLE,0,0,0,,,,0,1,1,1,0.770960,0.490426,522,85,0.238310,STAND LOCKED,,,,,,,,,,
100,3.333333,30.298,24.682,1354,0,0,0.789003,0.000000,0.000000,0.000000,0.000000,0,0.000,0.000,NO LASHING,NO BUNDLE,0,0,0,,,,0,1,1,0,0.770960,0.490426,522,85,0.238310,STAND TARGET JUMP REJECTED,,,,,,,,,,
101,3.366667,33.088,25.096,1147,0,0,0.779206,0.000000,0.000000,0.000000,0.000000,0,0.000,0.000,NO LASHING,NO BUNDLE,0,0,0,,,,0,1,1,0,0.770960,0.490426,522,85,0.238310,STAND TARGET JUMP REJECTED,,,,,,,,,,
102,3.400000,31.095,24.635,1130,0,0,0.780903,0.000000,0.000000,0.000000,0.000000,0,0.000,0.000,NO LASHING,NO BUNDLE,0,0,0,,,,0,1,1,1,0.678570,0.442013,486,86,0.240156,STAND LOCKED,,,,,,,,,,
103,3.433333,30.909,25.298,1143,0,0,0.780819,0.000000,0.000000,0.000000,0.000000,0,0.000,0.000,NO LASHING,NO BUNDLE,0,0,0,,,,0,1,1,1,0.678570,0.442013,486,86,0.240156,STAND LOCKED,,,,,,,,,,
104,3.466667,31.671,24.711,1120,0,0,0.779480,0.000000,0.000000,0.000000,0.000000,0,0.000,0.000,NO LASHING,NO BUNDLE,0,0,0,,,,0,1,1,0,0.678570,0.442013,486,86,0.240156,STAND TARGET JUMP REJECTED,,,,,,,,,,
105,3.500000,32.311,25.253,1154,0,0,0.782153,0.000000,0.000000,0.000000,0.000000,0,0.000,0.000,NO LASHING,NO BUNDLE,0,0,0,,,,0,1,1,0,0.678570,0.442013,486,86,0.240156,STAND TARGET JUMP REJECTED,,,,,,,,,,
106,3.533333,33.837,23.205,986,0,0,0.782278,0.000000,0.000000,0.000000,0.000000,0,0.000,0.000,NO LASHING,NO BUNDLE,0,0,0,,,,0,1,1,1,0.608414,0.550627,409,88,0.236404,STAND LOCKED,,,,,,,,,,
107,3.566667,34.515,23.740,990,0,0,0.782472,0.000000,0.000000,0.000000,0.000000,0,0.000,0.000,NO LASHING,NO BUNDLE,0,0,0,,,,0,1,1,1,0.608414,0.550627,409,88,0.236404,STAND LOCKED,,,,,,,,,,
108,3.600000,29.252,23.436,1059,0,0,0.788402,0.000000,0.000000,0.000000,0.000000,0,0.000,0.000,NO LASHING,NO BUNDLE,0,0,0,,,,0,1,1,1,0.862511,0.555421,452,88,0.240826,STAND LOCKED,,,,,,,,,,
109,3.633333,29.525,24.584,1045,0,0,0.789654,0.000000,0.000000,0.000000,0.000000,0,0.000,0.000,NO LASHING,NO BUNDLE,0,0,0,,,,0,1,1,1,0.862511,0.555421,452,88,0.240826,STAND LOCKED,,,,,,,,,,
110,3.666667,31.876,24.065,1044,0,0,0.789802,0.000000,0.000000,0.000000,0.000000,0,0.000,0.000,NO LASHING,NO BUNDLE,0,0,0,,,,0,1,1,1,0.799056,0.544320,500,88,0.240525,STAND LOCKED,,,,,,,,,,
111,3.700000,31.517,24.830,806,0,0,0.784090,0.000000,0.000000,0.000000,0.000000,0,0.000,0.000,NO LASHING,NO BUNDLE,0,0,0,,,,0,1,1,1,0.799056,0.544320,500,88,0.240525,STAND LOCKED,,,,,,,,,,
112,3.733333,31.228,24.349,779,0,0,0.783455,0.000000,0.000000,0.000000,0.000000,0,0.000,0.000,NO LASHING,NO BUNDLE,0,0,0,,,,0,1,1,1,0.776697,0.584544,542,88,0.242680,STAND LOCKED,,,,,,,,,,
113,3.766667,29.895,25.148,791,0,0,0.784609,0.000000,0.000000,0.000000,0.000000,0,0.000,0.000,NO LASHING,NO BUNDLE,0,0,0,,,,0,1,1,1,0.776697,0.584544,542,88,0.242680,STAND LOCKED,,,,,,,,,,
114,3.800000,31.861,24.651,760,0,0,0.782439,0.000000,0.000000,0.000000,0.000000,0,0.000,0.000,NO LASHING,NO BUNDLE,0,0,0,,,,0,1,1,1,0.691076,0.523895,389,87,0.239831,STAND LOCKED,,,,,,,,,,
115,3.833333,34.701,24.832,748,0,0,0.781381,0.000000,0.000000,0.000000,0.000000,0,0.000,0.000,NO LASHING,NO BUNDLE,0,0,0,,,,0,1,1,1,0.691076,0.523895,389,87,0.239831,STAND LOCKED,,,,,,,,,,
116,3.866667,31.322,24.276,856,0,0,0.782240,0.000000,0.000000,0.000000,0.000000,0,0.000,0.000,NO LASHING,NO BUNDLE,0,0,0,,,,0,1,1,1,0.749378,0.517642,295,88,0.241605,STAND LOCKED,,,,,,,,,,
117,3.900000,30.685,25.027,818,0,0,0.782109,0.000000,0.000000,0.000000,0.000000,0,0.000,0.000,NO LASHING,NO BUNDLE,0,0,0,,,,0,1,1,1,0.749378,0.517642,295,88,0.241605,STAND LOCKED,,,,,,,,,,
118,3.933333,33.513,24.126,838,0,0,0.782723,0.000000,0.000000,0.000000,0.000000,0,0.000,0.000,NO LASHING,NO BUNDLE,0,0,0,,,,0,1,1,1,0.703699,0.497231,350,63,0.172889,STAND LOCKED,,,,,,,,,,
119,3.966667,32.412,24.703,852,0,0,0.784964,0.000000,0.000000,0.000000,0.000000,0,0.000,0.000,NO LASHING,NO BUNDLE,0,0,0,,,,0,1,1,1,0.703699,0.497231,350,63,0.172889,STAND LOCKED,,,,,,,,,,
120,4.000000,31.718,24.227,1383,0,0,0.792902,0.000000,0.000000,0.000000,0.000000,0,0.000,0.000,NO LASHING,NO BUNDLE,0,0,0,,,,0,1,1,1,0.841841,0.501902,395,77,0.211480,STAND LOCKED,,,,,,,,,,
121,4.033333,34.608,24.536,1383,0,0,0.790332,0.000000,0.000000,0.000000,0.000000,0,0.000,0.000,NO LASHING,NO BUNDLE,0,0,0,,,,0,1,1,1,0.841841,0.501902,395,77,0.211480,STAND LOCKED,,,,,,,,,,
122,4.066667,29.559,24.244,1338,0,0,0.790678,0.000000,0.000000,0.000000,0.000000,0,0.000,0.000,NO LASHING,NO BUNDLE,0,0,0,,,,0,1,1,1,0.757408,0.502772,322,83,0.226555,STAND LOCKED,,,,,,,,,,
123,4.100000,33.890,24.646,1365,0,0,0.790417,0.000000,0.000000,0.000000,0.000000,0,0.000,0.000,NO LASHING,NO BUNDLE,0,0,0,,,,0,1,1,1,0.757408,0.502772,322,83,0.226555,STAND LOCKED,,,,,,,,,,
124,4.133333,31.399,24.036,1224,0,0,0.786749,0.000000,0.000000,0.000000,0.000000,0,0.000,0.000,NO LASHING,NO BUNDLE,0,0,0,,,,0,1,1,1,0.902500,0.589956,361,86,0.236394,STAND LOCKED,,,,,,,,,,
125,4.166667,32.054,24.666,1461,0,0,0.790732,0.000000,0.000000,0.000000,0.000000,0,0.000,0.000,NO LASHING,NO BUNDLE,0,0,0,,,,0,1,1,1,0.902500,0.589956,361,86,0.236394,STAND LOCKED,,,,,,,,,,
126,4.200000,30.313,24.115,1404,0,0,0.787457,0.000000,0.000000,0.000000,0.000000,0,0.000,0.000,NO LASHING,NO BUNDLE,0,0,0,,,,0,1,1,1,0.811329,0.522946,409,87,0.239294,STAND LOCKED,,,,,,,,,,
127,4.233333,30.611,24.943,1392,0,0,0.786454,0.000000,0.000000,0.000000,0.000000,0,0.000,0.000,NO LASHING,NO BUNDLE,0,0,0,,,,0,1,1,1,0.811329,0.522946,409,87,0.239294,STAND LOCKED,,,,,,,,,,
128,4.266667,31.934,24.248,1369,0,0,0.786404,0.000000,0.000000,0.000000,0.000000,0,0.000,0.000,NO LASHING,NO BUNDLE,0,0,0,,,,0,1,1,1,0.752067,0.504107,338,87,0.240599,STAND LOCKED,,,,,,,,,,
129,4.300000,35.539,24.476,1322,0,0,0.784440,0.000000,0.000000,0.000000,0.000000,0,0.000,0.000,NO LASHING,NO BUNDLE,0,0,0,,,,0,1,1,1,0.752067,0.504107,338,87,0.240599,STAND LOCKED,,,,,,,,,,
130,4.333333,31.751,23.784,1302,0,0,0.787874,0.000000,0.000000,0.000000,0.000000,0,0.000,0.000,NO LASHING,NO BUNDLE,0,0,0,,,,0,1,1,1,0.817955,0.502097,376,86,0.240422,STAND LOCKED,,,,,,,,,,
131,4.366667,30.858,24.573,1325,0,0,0.786288,0.000000,0.000000,0.000000,0.000000,0,0.000,0.000,NO LASHING,NO BUNDLE,0,0,0,,,,0,1,1,1,0.817955,0.502097,376,86,0.240422,STAND LOCKED,,,,,,,,,,
132,4.400000,31.145,24.075,1067,0,0,0.791812,0.000000,0.000000,0.000000,0.000000,0,0.000,0.000,NO LASHING,NO BUNDLE,0,0,0,,,,0,1,1,1,0.764256,0.500950,310,87,0.241871,STAND LOCKED,,,,,,,,,,
133,4.433333,32.105,24.763,1060,0,0,0.792442,0.000000,0.000000,0.000000,0.000000,0,0.000,0.000,NO LASHING,NO BUNDLE,0,0,0,,,,0,1,1,1,0.764256,0.500950,310,87,0.241871,STAND LOCKED,,,,,,,,,,
134,4.466667,31.050,24.082,1101,0,0,0.796952,0.000000,0.000000,0.000000,0.000000,0,0.000,0.000,NO LASHING,NO BUNDLE,0,0,0,,,,0,1,1,1,0.910559,0.555948,356,88,0.242522,STAND LOCKED,,,,,,,,,,
135,4.500000,31.750,24.801,1065,0,0,0.797245,0.000000,0.000000,0.000000,0.000000,0,0.000,0.000,NO LASHING,NO BUNDLE,0,0,0,,,,0,1,1,1,0.910559,0.555948,356,88,0.242522,STAND LOCKED,,,,,,,,,,
136,4.533333,30.527,24.204,1096,0,0,0.796733,0.000000,0.000000,0.000000,0.000000,0,0.000,0.000,NO LASHING,NO BUNDLE,0,0,0,,,,0,1,1,1,0.903338,0.574740,407,88,0.243579,STAND LOCKED,,,,,,,,,,
137,4.566667,31.445,24.950,1070,0,0,0.796699,0.000000,0.000000,0.000000,0.000000,0,0.000,0.000,NO LASHING,NO BUNDLE,0,0,0,,,,0,1,1,1,0.903338,0.574740,407,88,0.243579,STAND LOCKED,,,,,,,,,,
138,4.600000,33.882,24.200,1042,0,0,0.795565,0.000000,0.000000,0.000000,0.000000,0,0.000,0.000,NO LASHING,NO BUNDLE,0,0,0,,,,0,1,1,0,0.903338,0.574740,407,88,0.243579,STAND TEMPORARILY LOST (1),,,,,,,,,,
139,4.633333,31.558,24.963,1182,0,0,0.792257,0.000000,0.000000,0.000000,0.000000,0,0.000,0.000,NO LASHING,NO BUNDLE,0,0,0,,,,0,1,1,0,0.903338,0.574740,407,88,0.243579,STAND TEMPORARILY LOST (1),,,,,,,,,,
140,4.666667,32.850,24.225,1216,0,0,0.793037,0.000000,0.000000,0.000000,0.000000,0,0.000,0.000,NO LASHING,NO BUNDLE,0,0,0,,,,0,1,1,1,0.729741,0.551972,274,88,0.243291,STAND LOCKED,,,,,,,,,,
141,4.700000,30.529,25.108,1295,0,0,0.788848,0.000000,0.000000,0.000000,0.000000,0,0.000,0.000,NO LASHING,NO BUNDLE,0,0,0,,,,0,1,1,1,0.729741,0.551972,274,88,0.243291,STAND LOCKED,,,,,,,,,,
142,4.733333,32.552,24.154,1309,0,0,0.789963,0.000000,0.000000,0.000000,0.000000,0,0.000,0.000,NO LASHING,NO BUNDLE,0,0,0,,,,0,1,1,1,0.904883,0.631780,321,73,0.200384,STAND LOCKED,,,,,,,,,,
143,4.766667,32.156,24.828,1373,0,0,0.793372,0.000000,0.000000,0.000000,0.000000,0,0.000,0.000,NO LASHING,NO BUNDLE,0,0,0,,,,0,1,1,1,0.904883,0.631780,321,73,0.200384,STAND LOCKED,,,,,,,,,,
144,4.800000,34.513,23.811,2145,0,0,0.801350,0.000000,0.000000,0.000000,0.000000,0,0.000,0.000,NO LASHING,NO BUNDLE,0,0,0,,,,0,1,1,1,0.869596,0.592303,361,81,0.223089,STAND LOCKED,,,,,,,,,,
145,4.833333,29.816,24.825,2106,0,0,0.798407,0.000000,0.000000,0.000000,0.000000,0,0.000,0.000,NO LASHING,NO BUNDLE,0,0,0,,,,0,1,1,1,0.869596,0.592303,361,81,0.223089,STAND LOCKED,,,,,,,,,,
146,4.866667,35.127,23.955,2080,0,0,0.798586,0.000000,0.000000,0.000000,0.000000,0,0.000,0.000,NO LASHING,NO BUNDLE,0,0,0,,,,0,1,1,1,0.822821,0.591261,403,85,0.234071,STAND LOCKED,,,,,,,,,,
147,4.900000,32.481,24.622,1563,0,0,0.794224,0.000000,0.000000,0.000000,0.000000,0,0.000,0.000,NO LASHING,NO BUNDLE,0,0,0,,,,0,1,1,1,0.822821,0.591261,403,85,0.234071,STAND LOCKED,,,,,,,,,,
148,4.933333,32.567,23.973,1470,0,0,0.795970,0.000000,0.000000,0.000000,0.000000,0,0.000,0.000,NO LASHING,NO BUNDLE,0,0,0,,,,0,1,1,1,0.840821,0.565998,451,86,0.236721,STAND LOCKED,,,,,,,,,,
149,4.966667,35.276,24.205,1540,0,0,0.793806,0.000000,0.000000,0.000000,0.000000,0,0.000,0.000,NO LASHING,NO BUNDLE,0,0,0,,,,0,1,1,1,0.840821,0.565998,451,86,0.236721,STAND LOCKED,,,,,,,,,,
150,5.000000,30.446,23.895,1423,0,0,0.793075,0.000000,0.000000,0.000000,0.000000,0,0.000,0.000,NO LASHING,NO BUNDLE,0,0,0,,,,0,1,1,1,0.738111,0.610601,489,86,0.237149,STAND LOCKED,,,,,,,,,,
151,5.033333,32.923,24.400,1208,0,0,0.791695,0.000000,0.000000,0.000000,0.000000,0,0.000,0.000,NO LASHING,NO BUNDLE,0,0,0,,,,0,1,1,1,0.738111,0.610601,489,86,0.237149,STAND LOCKED,,,,,,,,,,
152,5.066667,31.736,23.984,1211,0,0,0.791155,0.000000,0.000000,0.000000,0.000000,0,0.000,0.000,NO LASHING,NO BUNDLE,0,0,0,,,,0,1,1,0,0.738111,0.610601,489,86,0.237149,STAND TEMPORARILY LOST (1),,,,,,,,,,
153,5.100000,33.156,24.460,1151,0,0,0.789542,0.000000,0.000000,0.000000,0.000000,0,0.000,0.000,NO LASHING,NO BUNDLE,0,0,0,,,,0,1,1,0,0.738111,0.610601,489,86,0.237149,STAND TEMPORARILY LOST (1),,,,,,,,,,
154,5.133333,31.993,24.048,1130,0,0,0.789840,0.000000,0.000000,0.000000,0.000000,0,0.000,0.000,NO LASHING,NO BUNDLE,0,0,0,,,,0,1,1,1,0.760804,0.540059,524,86,0.235814,STAND LOCKED,,,,,,,,,,
155,5.166667,32.618,24.533,1053,0,0,0.792753,0.000000,0.000000,0.000000,0.000000,0,0.000,0.000,NO LASHING,NO BUNDLE,0,0,0,,,,0,1,1,1,0.760804,0.540059,524,86,0.235814,STAND LOCKED,,,,,,,,,,
156,5.200000,32.343,24.084,1372,0,0,0.787175,0.000000,0.000000,0.000000,0.000000,0,0.000,0.000,NO LASHING,NO BUNDLE,0,0,0,,,,0,1,1,0,0.760804,0.540059,524,86,0.235814,STAND TARGET JUMP REJECTED,,,,,,,,,,
157,5.233333,34.880,24.462,1401,0,0,0.788377,0.000000,0.000000,0.000000,0.000000,0,0.000,0.000,NO LASHING,NO BUNDLE,0,0,0,,,,0,1,1,0,0.760804,0.540059,524,86,0.235814,STAND TARGET JUMP REJECTED,,,,,,,,,,
158,5.266667,31.174,24.046,1366,0,0,0.787322,0.000000,0.000000,0.000000,0.000000,0,0.000,0.000,NO LASHING,NO BUNDLE,0,0,0,,,,0,1,1,1,0.739595,0.481122,575,85,0.235978,STAND LOCKED,,,,,,,,,,
159,5.300000,32.246,24.601,1484,0,0,0.791853,0.000000,0.000000,0.000000,0.000000,0,0.000,0.000,NO LASHING,NO BUNDLE,0,0,0,,,,0,1,1,1,0.739595,0.481122,575,85,0.235978,STAND LOCKED,,,,,,,,,,
160,5.333333,37.314,23.792,1529,0,0,0.793322,0.000000,0.000000,0.000000,0.000000,0,0.000,0.000,NO LASHING,NO BUNDLE,0,0,0,,,,0,1,1,1,0.761334,0.475152,610,86,0.238343,STAND LOCKED,,,,,,,,,,
161,5.366667,29.734,24.763,1477,0,0,0.791934,0.000000,0.000000,0.000000,0.000000,0,0.000,0.000,NO LASHING,NO BUNDLE,0,0,0,,,,0,1,1,1,0.761334,0.475152,610,86,0.238343,STAND LOCKED,,,,,,,,,,
162,5.400000,34.814,24.150,1415,0,0,0.790250,0.000000,0.000000,0.000000,0.000000,0,0.000,0.000,NO LASHING,NO BUNDLE,0,0,0,,,,0,1,1,1,0.702393,0.460575,625,86,0.237879,STAND LOCKED,,,,,,,,,,
163,5.433333,36.702,24.274,1615,0,0,0.792203,0.000000,0.000000,0.000000,0.000000,0,0.000,0.000,NO LASHING,NO BUNDLE,0,0,0,,,,0,1,1,1,0.702393,0.460575,625,86,0.237879,STAND LOCKED,,,,,,,,,,
164,5.466667,30.323,24.038,1578,0,0,0.793929,0.000000,0.000000,0.000000,0.000000,0,0.000,0.000,NO LASHING,NO BUNDLE,0,0,0,,,,0,1,1,0,0.702393,0.460575,625,86,0.237879,STAND TEMPORARILY LOST (1),,,,,,,,,,
165,5.500000,32.552,24.574,1500,0,0,0.793497,0.000000,0.000000,0.000000,0.000000,0,0.000,0.000,NO LASHING,NO BUNDLE,0,0,0,,,,0,1,1,0,0.702393,0.460575,625,86,0.237879,STAND TEMPORARILY LOST (1),,,,,,,,,,
166,5.533333,33.174,24.085,1479,0,0,0.793295,0.000000,0.000000,0.000000,0.000000,0,0.000,0.000,NO LASHING,NO BUNDLE,0,0,0,,,,0,1,1,1,0.723509,0.453829,483,84,0.233087,STAND LOCKED,,,,,,,,,,
167,5.566667,31.885,24.666,1459,0,0,0.791467,0.000000,0.000000,0.000000,0.000000,0,0.000,0.000,NO LASHING,NO BUNDLE,0,0,0,,,,0,1,1,1,0.723509,0.453829,483,84,0.233087,STAND LOCKED,,,,,,,,,,
168,5.600000,32.185,24.138,1502,0,0,0.791745,0.000000,0.000000,0.000000,0.000000,0,0.000,0.000,NO LASHING,NO BUNDLE,0,0,0,,,,0,1,1,1,0.793393,0.489537,503,85,0.236278,STAND LOCKED,,,,,,,,,,
169,5.633333,31.623,24.830,1510,0,0,0.789683,0.000000,0.000000,0.000000,0.000000,0,0.000,0.000,NO LASHING,NO BUNDLE,0,0,0,,,,0,1,1,1,0.793393,0.489537,503,85,0.236278,STAND LOCKED,,,,,,,,,,
170,5.666667,31.489,24.283,1548,0,0,0.789182,0.000000,0.000000,0.000000,0.000000,0,0.000,0.000,NO LASHING,NO BUNDLE,0,0,0,,,,0,1,1,1,0.691649,0.468583,537,84,0.234659,STAND LOCKED,,,,,,,,,,
171,5.700000,32.772,24.793,1321,0,0,0.783302,0.000000,0.000000,0.000000,0.000000,0,0.000,0.000,NO LASHING,NO BUNDLE,0,0,0,,,,0,1,1,1,0.691649,0.468583,537,84,0.234659,STAND LOCKED,,,,,,,,,,
172,5.733333,30.819,24.407,1333,0,0,0.783913,0.000000,0.000000,0.000000,0.000000,0,0.000,0.000,NO LASHING,NO BUNDLE,0,0,0,,,,0,1,1,1,0.725225,0.505083,412,85,0.236985,STAND LOCKED,,,,,,,,,,
173,5.766667,32.669,24.902,1293,0,0,0.784550,0.000000,0.000000,0.000000,0.000000,0,0.000,0.000,NO LASHING,NO BUNDLE,0,0,0,,,,0,1,1,1,0.725225,0.505083,412,85,0.236985,STAND LOCKED,,,,,,,,,,
174,5.800000,33.287,24.147,1273,0,0,0.783595,0.000000,0.000000,0.000000,0.000000,0,0.000,0.000,NO LASHING,NO BUNDLE,0,0,0,,,,0,1,1,1,0.805754,0.487869,370,87,0.240324,STAND LOCKED,,,,,,,,,,
175,5.833333,31.103,24.967,1305,0,0,0.789051,0.000000,0.000000,0.000000,0.000000,0,0.000,0.000,NO LASHING,NO BUNDLE,0,0,0,,,,0,1,1,1,0.805754,0.487869,370,87,0.240324,STAND LOCKED,,,,,,,,,,
176,5.866667,30.115,24.252,1317,0,0,0.790572,0.000000,0.000000,0.000000,0.000000,0,0.000,0.000,NO LASHING,NO BUNDLE,0,0,0,,,,0,1,1,1,0.863645,0.522382,385,87,0.241062,STAND LOCKED,,,,,,,,,,
177,5.900000,32.215,24.912,1306,0,0,0.790292,0.000000,0.000000,0.000000,0.000000,0,0.000,0.000,NO LASHING,NO BUNDLE,0,0,0,,,,0,1,1,1,0.863645,0.522382,385,87,0.241062,STAND LOCKED,,,,,,,,,,
178,5.933333,29.405,24.431,1337,0,0,0.790832,0.000000,0.000000,0.000000,0.000000,0,0.000,0.000,NO LASHING,NO BUNDLE,0,0,0,,,,0,1,1,1,0.836030,0.544318,410,86,0.235284,STAND LOCKED,,,,,,,,,,
179,5.966667,31.839,25.041,1338,0,0,0.791529,0.000000,0.000000,0.000000,0.000000,0,0.000,0.000,NO LASHING,NO BUNDLE,0,0,0,,,,0,1,1,1,0.836030,0.544318,410,86,0.235284,STAND LOCKED,,,,,,,,,,
180,6.000000,31.076,24.487,1269,0,0,0.784129,0.000000,0.000000,0.000000,0.000000,0,0.000,0.000,NO LASHING,NO BUNDLE,0,0,0,,,,0,1,1,1,0.843786,0.577227,447,87,0.239558,STAND LOCKED,,,,,,,,,,
181,6.033333,30.447,25.235,1276,0,0,0.784238,0.000000,0.000000,0.000000,0.000000,0,0.000,0.000,NO LASHING,NO BUNDLE,0,0,0,,,,0,1,1,1,0.843786,0.577227,447,87,0.239558,STAND LOCKED,,,,,,,,,,
182,6.066667,29.221,24.801,1251,0,0,0.783474,0.000000,0.000000,0.000000,0.000000,0,0.000,0.000,NO LASHING,NO BUNDLE,0,0,0,,,,0,1,1,1,0.819343,0.560930,479,99,0.198704,STAND LOCKED,,,,,,,,,,
183,6.100000,32.050,25.211,974,0,0,0.776255,0.000000,0.000000,0.000000,0.000000,0,0.000,0.000,NO LASHING,NO BUNDLE,0,0,0,,,,0,1,1,1,0.819343,0.560930,479,99,0.198704,STAND LOCKED,,,,,,,,,,
184,6.133333,31.134,24.737,977,0,0,0.776035,0.000000,0.000000,0.000000,0.000000,0,0.000,0.000,NO LASHING,NO BUNDLE,0,0,0,,,,0,1,1,0,0.819343,0.560930,479,99,0.198704,STAND TEMPORARILY LOST (1),,,,,,,,,,
185,6.166667,34.812,24.909,1019,0,0,0.775562,0.000000,0.000000,0.000000,0.000000,0,0.000,0.000,NO LASHING,NO BUNDLE,0,0,0,,,,0,1,1,0,0.819343,0.560930,479,99,0.198704,STAND TEMPORARILY LOST (1),,,,,,,,,,
186,6.200000,29.659,24.454,943,0,0,0.774165,0.000000,0.000000,0.000000,0.000000,0,0.000,0.000,NO LASHING,NO BUNDLE,0,0,0,,,,0,1,1,1,0.804045,0.540198,501,90,0.216222,STAND LOCKED,,,,,,,,,,
187,6.233333,34.937,24.641,1073,0,0,0.780257,0.000000,0.000000,0.000000,0.000000,0,0.000,0.000,NO LASHING,NO BUNDLE,0,0,0,,,,0,1,1,1,0.804045,0.540198,501,90,0.216222,STAND LOCKED,,,,,,,,,,
188,6.266667,29.666,24.353,1103,0,0,0.782158,0.000000,0.000000,0.000000,0.000000,0,0.000,0.000,NO LASHING,NO BUNDLE,0,0,0,,,,0,1,1,1,0.711693,0.476520,394,87,0.224869,STAND LOCKED,,,,,,,,,,
189,6.300000,35.044,24.626,1113,0,0,0.783049,0.000000,0.000000,0.000000,0.000000,0,0.000,0.000,NO LASHING,NO BUNDLE,0,0,0,,,,0,1,1,1,0.711693,0.476520,394,87,0.224869,STAND LOCKED,,,,,,,,,,
190,6.333333,30.529,24.011,1112,0,0,0.784006,0.000000,0.000000,0.000000,0.000000,0,0.000,0.000,NO LASHING,NO BUNDLE,0,0,0,,,,0,1,1,1,0.787705,0.478877,435,88,0.234872,STAND LOCKED,,,,,,,,,,
191,6.366667,30.978,24.799,1082,0,0,0.783284,0.000000,0.000000,0.000000,0.000000,0,0.000,0.000,NO LASHING,NO BUNDLE,0,0,0,,,,0,1,1,1,0.787705,0.478877,435,88,0.234872,STAND LOCKED,,,,,,,,,,
192,6.400000,31.128,24.193,810,0,0,0.768572,0.000000,0.000000,0.000000,0.000000,0,0.000,0.000,NO LASHING,NO BUNDLE,0,0,0,,,,0,1,1,0,0.787705,0.478877,435,88,0.234872,STAND TEMPORARILY LOST (1),,,,,,,,,,
193,6.433333,31.018,24.927,778,0,0,0.767604,0.000000,0.000000,0.000000,0.000000,0,0.000,0.000,NO LASHING,NO BUNDLE,0,0,0,,,,0,1,1,0,0.787705,0.478877,435,88,0.234872,STAND TEMPORARILY LOST (1),,,,,,,,,,
194,6.466667,30.449,24.373,818,0,0,0.770282,0.000000,0.000000,0.000000,0.000000,0,0.000,0.000,NO LASHING,NO BUNDLE,0,0,0,,,,0,1,1,1,0.708697,0.457255,482,88,0.239373,STAND LOCKED,,,,,,,,,,
195,6.500000,31.591,25.086,805,0,0,0.769064,0.000000,0.000000,0.000000,0.000000,0,0.000,0.000,NO LASHING,NO BUNDLE,0,0,0,,,,0,1,1,1,0.708697,0.457255,482,88,0.239373,STAND LOCKED,,,,,,,,,,
196,6.533333,30.365,24.564,960,0,0,0.776859,0.000000,0.000000,0.000000,0.000000,0,0.000,0.000,NO LASHING,NO BUNDLE,0,0,0,,,,0,1,1,1,0.755331,0.474752,522,87,0.240634,STAND LOCKED,,,,,,,,,,
197,6.566667,31.251,25.252,986,0,0,0.774961,0.000000,0.000000,0.000000,0.000000,0,0.000,0.000,NO LASHING,NO BUNDLE,0,0,0,,,,0,1,1,1,0.755331,0.474752,522,87,0.240634,STAND LOCKED,,,,,,,,,,
198,6.600000,31.184,24.769,935,0,0,0.774744,0.000000,0.000000,0.000000,0.000000,0,0.000,0.000,NO LASHING,NO BUNDLE,0,0,0,,,,0,1,1,0,0.755331,0.474752,522,87,0.240634,STAND TEMPORARILY LOST (1),,,,,,,,,,
199,6.633333,31.527,25.319,1051,0,0,0.776655,0.000000,0.000000,0.000000,0.000000,0,0.000,0.000,NO LASHING,NO BUNDLE,0,0,0,,,,0,1,1,0,0.755331,0.474752,522,87,0.240634,STAND TEMPORARILY LOST (1),,,,,,,,,,
200,6.666667,31.833,24.749,1121,0,0,0.779434,0.000000,0.000000,0.000000,0.000000,0,0.000,0.000,NO LASHING,NO BUNDLE,0,0,0,,,,0,1,1,1,0.728649,0.461386,415,85,0.235855,STAND LOCKED,,,,,,,,,,
201,6.700000,29.461,25.574,1077,0,0,0.780880,0.000000,0.000000,0.000000,0.000000,0,0.000,0.000,NO LASHING,NO BUNDLE,0,0,0,,,,0,1,1,1,0.728649,0.461386,415,85,0.235855,STAND LOCKED,,,,,,,,,,
202,6.733333,34.596,24.693,1084,0,0,0.780701,0.000000,0.000000,0.000000,0.000000,0,0.000,0.000,NO LASHING,NO BUNDLE,0,0,0,,,,0,1,1,1,0.716664,0.445867,403,86,0.239051,STAND LOCKED,,,,,,,,,,
203,6.766667,32.825,25.125,1089,0,0,0.780512,0.000000,0.000000,0.000000,0.000000,0,0.000,0.000,NO LASHING,NO BUNDLE,0,0,0,,,,0,1,1,1,0.716664,0.445867,403,86,0.239051,STAND LOCKED,,,,,,,,,,
204,6.800000,31.693,24.500,1383,0,0,0.787946,0.000000,0.000000,0.000000,0.000000,0,0.000,0.000,NO LASHING,NO BUNDLE,0,0,0,,,,0,1,1,1,0.658320,0.502103,245,87,0.241254,STAND LOCKED,,,,,,,,,,
205,6.833333,31.956,25.075,1366,0,0,0.786719,0.000000,0.000000,0.000000,0.000000,0,0.000,0.000,NO LASHING,NO BUNDLE,0,0,0,,,,0,1,1,1,0.658320,0.502103,245,87,0.241254,STAND LOCKED,,,,,,,,,,
206,6.866667,31.867,24.244,1388,0,0,0.787206,0.000000,0.000000,0.000000,0.000000,0,0.000,0.000,NO LASHING,NO BUNDLE,0,0,0,,,,0,1,1,1,0.673152,0.496505,261,62,0.171203,STAND LOCKED,,,,,,,,,,
207,6.900000,31.930,24.949,1451,0,0,0.790504,0.000000,0.000000,0.000000,0.000000,0,0.000,0.000,NO LASHING,NO BUNDLE,0,0,0,,,,0,1,1,1,0.673152,0.496505,261,62,0.171203,STAND LOCKED,,,,,,,,,,
208,6.933333,33.188,24.042,1451,0,0,0.791160,0.000000,0.000000,0.000000,0.000000,0,0.000,0.000,NO LASHING,NO BUNDLE,0,0,0,,,,0,1,1,1,0.792262,0.565325,182,104,0.134333,STAND LOCKED,,,,,,,,,,
209,6.966667,31.985,24.612,1349,0,0,0.784551,0.000000,0.000000,0.000000,0.000000,0,0.000,0.000,NO LASHING,NO BUNDLE,0,0,0,,,,0,1,1,1,0.792262,0.565325,182,104,0.134333,STAND LOCKED,,,,,,,,,,
210,7.000000,31.972,23.784,1271,0,0,0.782054,0.000000,0.000000,0.000000,0.000000,0,0.000,0.000,NO LASHING,NO BUNDLE,0,0,0,,,,0,1,1,1,0.748065,0.559882,143,122,0.119269,STAND LOCKED,,,,,,,,,,
211,7.033333,31.130,24.645,1255,0,0,0.781852,0.000000,0.000000,0.000000,0.000000,0,0.000,0.000,NO LASHING,NO BUNDLE,0,0,0,,,,0,1,1,1,0.748065,0.559882,143,122,0.119269,STAND LOCKED,,,,,,,,,,
212,7.066667,32.306,23.885,1193,0,0,0.782199,0.000000,0.000000,0.000000,0.000000,0,0.000,0.000,NO LASHING,NO BUNDLE,0,0,0,,,,0,1,1,1,0.850656,0.571634,191,129,0.114782,STAND LOCKED,,,,,,,,,,
213,7.100000,33.265,24.384,1047,0,0,0.780930,0.000000,0.000000,0.000000,0.000000,0,0.000,0.000,NO LASHING,NO BUNDLE,0,0,0,,,,0,1,1,1,0.850656,0.571634,191,129,0.114782,STAND LOCKED,,,,,,,,,,
214,7.133333,31.801,23.704,1106,0,0,0.784635,0.000000,0.000000,0.000000,0.000000,0,0.000,0.000,NO LASHING,NO BUNDLE,0,0,0,,,,0,1,1,1,0.629883,0.577364,141,136,0.101305,STAND LOCKED,,,,,,,,,,
215,7.166667,29.533,24.814,1085,0,0,0.780933,0.000000,0.000000,0.000000,0.000000,0,0.000,0.000,NO LASHING,NO BUNDLE,0,0,0,,,,0,1,1,1,0.629883,0.577364,141,136,0.101305,STAND LOCKED,,,,,,,,,,
216,7.200000,31.260,24.089,1374,0,0,0.795223,0.000000,0.000000,0.000000,0.000000,0,0.000,0.000,NO LASHING,NO BUNDLE,0,0,0,,,,0,1,1,0,0.629883,0.577364,141,136,0.101305,STAND TEMPORARILY LOST (1),,,,,,,,,,
217,7.233333,31.209,24.923,1402,0,0,0.796912,0.000000,0.000000,0.000000,0.000000,0,0.000,0.000,NO LASHING,NO BUNDLE,0,0,0,,,,0,1,1,0,0.629883,0.577364,141,136,0.101305,STAND TEMPORARILY LOST (1),,,,,,,,,,
218,7.266667,31.260,22.979,1460,0,0,0.803639,0.000000,0.000000,0.000000,0.000000,0,0.000,0.000,NO LASHING,NO BUNDLE,0,0,0,,,,0,1,1,0,0.629883,0.577364,141,136,0.101305,STAND TEMPORARILY LOST (2),,,,,,,,,,
219,7.300000,32.541,23.759,1461,0,0,0.801136,0.000000,0.000000,0.000000,0.000000,0,0.000,0.000,NO LASHING,NO BUNDLE,0,0,0,,,,0,1,1,0,0.629883,0.577364,141,136,0.101305,STAND TEMPORARILY LOST (2),,,,,,,,,,
220,7.333333,32.042,23.162,1499,0,0,0.803562,0.000000,0.000000,0.000000,0.000000,0,0.000,0.000,NO LASHING,NO BUNDLE,0,0,0,,,,0,1,1,1,0.858293,0.587691,192,134,0.109754,STAND LOCKED,,,,,,,,,,
221,7.366667,31.345,24.067,1407,0,0,0.800189,0.000000,0.000000,0.000000,0.000000,0,0.000,0.000,NO LASHING,NO BUNDLE,0,0,0,,,,0,1,1,1,0.858293,0.587691,192,134,0.109754,STAND LOCKED,,,,,,,,,,
222,7.400000,37.053,23.148,1458,0,0,0.802803,0.000000,0.000000,0.000000,0.000000,0,0.000,0.000,NO LASHING,NO BUNDLE,0,0,0,,,,0,1,1,1,0.778939,0.574087,160,135,0.110500,STAND LOCKED,,,,,,,,,,
223,7.433333,33.291,23.747,1208,0,0,0.795325,0.000000,0.000000,0.000000,0.000000,0,0.000,0.000,NO LASHING,NO BUNDLE,0,0,0,,,,0,1,1,1,0.778939,0.574087,160,135,0.110500,STAND LOCKED,,,,,,,,,,
224,7.466667,30.882,23.042,1160,0,0,0.792313,0.000000,0.000000,0.000000,0.000000,0,0.000,0.000,NO LASHING,NO BUNDLE,0,0,0,,,,0,1,1,1,0.837798,0.595011,208,134,0.113892,STAND LOCKED,,,,,,,,,,
225,7.500000,31.129,23.973,1144,0,0,0.791760,0.000000,0.000000,0.000000,0.000000,0,0.000,0.000,NO LASHING,NO BUNDLE,0,0,0,,,,0,1,1,1,0.837798,0.595011,208,134,0.113892,STAND LOCKED,,,,,,,,,,
226,7.533333,31.788,23.339,1140,0,0,0.790614,0.000000,0.000000,0.000000,0.000000,0,0.000,0.000,NO LASHING,NO BUNDLE,0,0,0,,,,0,1,1,0,0.837798,0.595011,208,134,0.113892,STAND TEMPORARILY LOST (1),,,,,,,,,,
227,7.566667,30.204,24.406,1018,0,0,0.788662,0.000000,0.000000,0.000000,0.000000,0,0.000,0.000,NO LASHING,NO BUNDLE,0,0,0,,,,0,1,1,0,0.837798,0.595011,208,134,0.113892,STAND TEMPORARILY LOST (1),,,,,,,,,,
228,7.600000,32.331,22.502,1292,0,0,0.784499,0.000000,0.000000,0.000000,0.000000,0,0.000,0.000,NO LASHING,NO BUNDLE,0,0,0,,,,0,1,1,0,0.837798,0.595011,208,134,0.113892,STAND TARGET JUMP REJECTED,,,,,,,,,,
229,7.633333,31.983,23.310,1181,0,0,0.783797,0.000000,0.000000,0.000000,0.000000,0,0.000,0.000,NO LASHING,NO BUNDLE,0,0,0,,,,0,1,1,0,0.837798,0.595011,208,134,0.113892,STAND TARGET JUMP REJECTED,,,,,,,,,,
230,7.666667,30.925,22.810,1272,0,0,0.784945,0.000000,0.000000,0.000000,0.000000,0,0.000,0.000,NO LASHING,NO BUNDLE,0,0,0,,,,0,1,1,1,0.695628,0.546509,243,84,0.118474,STAND LOCKED,,,,,,,,,,
231,7.700000,32.577,23.548,1212,0,0,0.784341,0.000000,0.000000,0.000000,0.000000,0,0.000,0.000,NO LASHING,NO BUNDLE,0,0,0,,,,0,1,1,1,0.695628,0.546509,243,84,0.118474,STAND LOCKED,,,,,,,,,,
232,7.733333,32.121,23.108,1445,0,0,0.785905,0.000000,0.000000,0.000000,0.000000,0,0.000,0.000,NO LASHING,NO BUNDLE,0,0,0,,,,0,1,1,0,0.695628,0.546509,243,84,0.118474,STAND TEMPORARILY LOST (1),,,,,,,,,,
233,7.766667,30.867,24.043,1434,0,0,0.785873,0.000000,0.000000,0.000000,0.000000,0,0.000,0.000,NO LASHING,NO BUNDLE,0,0,0,,,,0,1,1,0,0.695628,0.546509,243,84,0.118474,STAND TEMPORARILY LOST (1),,,,,,,,,,
234,7.800000,31.490,23.562,1439,0,0,0.784694,0.000000,0.000000,0.000000,0.000000,0,0.000,0.000,NO LASHING,NO BUNDLE,0,0,0,,,,0,1,1,1,0.877917,0.572579,240,110,0.118244,STAND LOCKED,,,,,,,,,,
235,7.833333,32.342,24.300,1427,0,0,0.784638,0.000000,0.000000,0.000000,0.000000,0,0.000,0.000,NO LASHING,NO BUNDLE,0,0,0,,,,0,1,1,1,0.877917,0.572579,240,110,0.118244,STAND LOCKED,,,,,,,,,,
236,7.866667,35.460,23.439,1431,0,0,0.784297,0.000000,0.000000,0.000000,0.000000,0,0.000,0.000,NO LASHING,NO BUNDLE,0,0,0,,,,0,1,1,1,0.705447,0.657867,172,124,0.110501,STAND LOCKED,,,,,,,,,,
237,7.900000,35.272,23.702,1334,0,0,0.786177,0.000000,0.000000,0.000000,0.000000,0,0.000,0.000,NO LASHING,NO BUNDLE,0,0,0,,,,0,1,1,1,0.705447,0.657867,172,124,0.110501,STAND LOCKED,,,,,,,,,,
238,7.933333,29.914,23.352,1310,0,0,0.784817,0.000000,0.000000,0.000000,0.000000,0,0.000,0.000,NO LASHING,NO BUNDLE,0,0,0,,,,0,1,1,1,0.806772,0.614751,149,131,0.110073,STAND LOCKED,,,,,,,,,,
239,7.966667,33.086,23.929,1302,0,0,0.785232,0.000000,0.000000,0.000000,0.000000,0,0.000,0.000,NO LASHING,NO BUNDLE,0,0,0,,,,0,1,1,1,0.806772,0.614751,149,131,0.110073,STAND LOCKED,,,,,,,,,,
240,8.000000,32.601,23.278,1406,0,0,0.787065,0.000000,0.000000,0.000000,0.000000,0,0.000,0.000,NO LASHING,NO BUNDLE,0,0,0,,,,0,1,1,1,0.793344,0.577615,146,133,0.108352,STAND LOCKED,,,,,,,,,,
241,8.033333,31.480,24.092,1119,0,0,0.782327,0.000000,0.000000,0.000000,0.000000,0,0.000,0.000,NO LASHING,NO BUNDLE,0,0,0,,,,0,1,1,1,0.793344,0.577615,146,133,0.108352,STAND LOCKED,,,,,,,,,,
242,8.066667,31.523,23.532,1122,0,0,0.781573,0.000000,0.000000,0.000000,0.000000,0,0.000,0.000,NO LASHING,NO BUNDLE,0,0,0,,,,0,1,1,1,0.805678,0.562714,145,135,0.107578,STAND LOCKED,,,,,,,,,,
243,8.100000,30.080,24.550,1153,0,0,0.782042,0.000000,0.000000,0.000000,0.000000,0,0.000,0.000,NO LASHING,NO BUNDLE,0,0,0,,,,0,1,1,1,0.805678,0.562714,145,135,0.107578,STAND LOCKED,,,,,,,,,,
244,8.133333,30.098,24.024,1189,0,0,0.783409,0.000000,0.000000,0.000000,0.000000,0,0.000,0.000,NO LASHING,NO BUNDLE,0,0,0,,,,0,1,1,0,0.805678,0.562714,145,135,0.107578,STAND TARGET JUMP REJECTED,,,,,,,,,,
245,8.166667,32.205,24.625,1193,0,0,0.783553,0.000000,0.000000,0.000000,0.000000,0,0.000,0.000,NO LASHING,NO BUNDLE,0,0,0,,,,0,1,1,0,0.805678,0.562714,145,135,0.107578,STAND TARGET JUMP REJECTED,,,,,,,,,,
246,8.200000,33.350,22.716,1276,0,0,0.788393,0.000000,0.000000,0.000000,0.000000,0,0.000,0.000,NO LASHING,NO BUNDLE,0,0,0,,,,0,1,1,0,0.805678,0.562714,145,135,0.107578,STAND TEMPORARILY LOST (2),,,,,,,,,,
247,8.233333,31.692,23.540,1224,0,0,0.788673,0.000000,0.000000,0.000000,0.000000,0,0.000,0.000,NO LASHING,NO BUNDLE,0,0,0,,,,0,1,1,0,0.805678,0.562714,145,135,0.107578,STAND TEMPORARILY LOST (2),,,,,,,,,,
248,8.266667,31.422,22.608,1277,0,0,0.787970,0.000000,0.000000,0.000000,0.000000,0,0.000,0.000,NO LASHING,NO BUNDLE,0,0,0,,,,0,1,1,1,0.870455,0.593192,194,133,0.112577,STAND LOCKED,,,,,,,,,,
249,8.300000,39.381,22.785,1262,0,0,0.787174,0.000000,0.000000,0.000000,0.000000,0,0.000,0.000,NO LASHING,NO BUNDLE,0,0,0,,,,0,1,1,1,0.870455,0.593192,194,133,0.112577,STAND LOCKED,,,,,,,,,,
250,8.333333,31.825,22.342,913,0,0,0.781033,0.000000,0.000000,0.000000,0.000000,0,0.000,0.000,NO LASHING,NO BUNDLE,0,0,0,,,,0,1,1,0,0.870455,0.593192,194,133,0.112577,STAND TEMPORARILY LOST (1),,,,,,,,,,
251,8.366667,35.252,22.832,903,0,0,0.781679,0.000000,0.000000,0.000000,0.000000,0,0.000,0.000,NO LASHING,NO BUNDLE,0,0,0,,,,0,1,1,0,0.870455,0.593192,194,133,0.112577,STAND TEMPORARILY LOST (1),,,,,,,,,,
252,8.400000,29.892,22.548,1013,0,0,0.785147,0.000000,0.000000,0.000000,0.000000,0,0.000,0.000,NO LASHING,NO BUNDLE,0,0,0,,,,0,1,1,1,0.756648,0.609898,151,136,0.107951,STAND LOCKED,,,,,,,,,,
253,8.433333,32.419,23.274,1007,0,0,0.784554,0.000000,0.000000,0.000000,0.000000,0,0.000,0.000,NO LASHING,NO BUNDLE,0,0,0,,,,0,1,1,1,0.756648,0.609898,151,136,0.107951,STAND LOCKED,,,,,,,,,,
254,8.466667,35.074,22.535,1068,0,0,0.788173,0.000000,0.000000,0.000000,0.000000,0,0.000,0.000,NO LASHING,NO BUNDLE,0,0,0,,,,0,1,1,1,0.847635,0.603948,198,133,0.112745,STAND LOCKED,,,,,,,,,,
255,8.500000,34.711,23.065,988,0,0,0.781730,0.000000,0.000000,0.000000,0.000000,0,0.000,0.000,NO LASHING,NO BUNDLE,0,0,0,,,,0,1,1,1,0.847635,0.603948,198,133,0.112745,STAND LOCKED,,,,,,,,,,
256,8.533333,41.316,22.093,936,0,0,0.780109,0.000000,0.000000,0.000000,0.000000,0,0.000,0.000,NO LASHING,NO BUNDLE,0,0,0,,,,0,1,1,1,0.823363,0.567868,229,120,0.147749,STAND LOCKED,,,,,,,,,,
257,8.566667,28.250,23.601,929,0,0,0.779755,0.000000,0.000000,0.000000,0.000000,0,0.000,0.000,NO LASHING,NO BUNDLE,0,0,0,,,,0,1,1,1,0.823363,0.567868,229,120,0.147749,STAND LOCKED,,,,,,,,,,
258,8.600000,30.657,23.120,941,0,0,0.780958,0.000000,0.000000,0.000000,0.000000,0,0.000,0.000,NO LASHING,NO BUNDLE,0,0,0,,,,0,1,1,1,0.766966,0.612999,165,129,0.126070,STAND LOCKED,,,,,,,,,,
259,8.633333,31.317,24.072,941,0,0,0.781568,0.000000,0.000000,0.000000,0.000000,0,0.000,0.000,NO LASHING,NO BUNDLE,0,0,0,,,,0,1,1,1,0.766966,0.612999,165,129,0.126070,STAND LOCKED,,,,,,,,,,
260,8.666667,33.175,23.368,917,0,0,0.779762,0.000000,0.000000,0.000000,0.000000,0,0.000,0.000,NO LASHING,NO BUNDLE,0,0,0,,,,0,1,1,1,0.750879,0.573863,214,132,0.116315,STAND LOCKED,,,,,,,,,,
261,8.700000,29.956,24.430,884,0,0,0.777069,0.000000,0.000000,0.000000,0.000000,0,0.000,0.000,NO LASHING,NO BUNDLE,0,0,0,,,,0,1,1,1,0.750879,0.573863,214,132,0.116315,STAND LOCKED,,,,,,,,,,
262,8.733333,31.927,23.697,903,0,0,0.778005,0.000000,0.000000,0.000000,0.000000,0,0.000,0.000,NO LASHING,NO BUNDLE,0,0,0,,,,0,1,1,0,0.750879,0.573863,214,132,0.116315,STAND TEMPORARILY LOST (1),,,,,,,,,,
263,8.766667,32.493,24.321,917,0,0,0.780267,0.000000,0.000000,0.000000,0.000000,0,0.000,0.000,NO LASHING,NO BUNDLE,0,0,0,,,,0,1,1,0,0.750879,0.573863,214,132,0.116315,STAND TEMPORARILY LOST (1),,,,,,,,,,
264,8.800000,30.787,23.726,779,0,0,0.770639,0.000000,0.000000,0.000000,0.000000,0,0.000,0.000,NO LASHING,NO BUNDLE,0,0,0,,,,0,1,1,1,0.863082,0.592302,239,133,0.114217,STAND LOCKED,,,,,,,,,,
265,8.833333,35.212,24.095,683,0,0,0.772789,0.000000,0.000000,0.000000,0.000000,0,0.000,0.000,NO LASHING,NO BUNDLE,0,0,0,,,,0,1,1,1,0.863082,0.592302,239,133,0.114217,STAND LOCKED,,,,,,,,,,
266,8.866667,30.357,23.480,789,0,0,0.772899,0.000000,0.000000,0.000000,0.000000,0,0.000,0.000,NO LASHING,NO BUNDLE,0,0,0,,,,0,1,1,1,0.716935,0.601056,164,135,0.107161,STAND LOCKED,,,,,,,,,,
267,8.900000,31.946,24.236,817,0,0,0.773208,0.000000,0.000000,0.000000,0.000000,0,0.000,0.000,NO LASHING,NO BUNDLE,0,0,0,,,,0,1,1,1,0.716935,0.601056,164,135,0.107161,STAND LOCKED,,,,,,,,,,
268,8.933333,30.917,23.633,821,0,0,0.772062,0.000000,0.000000,0.000000,0.000000,0,0.000,0.000,NO LASHING,NO BUNDLE,0,0,0,,,,0,1,1,1,0.789379,0.593761,134,134,0.108570,STAND LOCKED,,,,,,,,,,
269,8.966667,30.832,24.596,799,0,0,0.772260,0.000000,0.000000,0.000000,0.000000,0,0.000,0.000,NO LASHING,NO BUNDLE,0,0,0,,,,0,1,1,1,0.789379,0.593761,134,134,0.108570,STAND LOCKED,,,,,,,,,,
270,9.000000,30.583,24.071,798,0,0,0.772119,0.000000,0.000000,0.000000,0.000000,0,0.000,0.000,NO LASHING,NO BUNDLE,0,0,0,,,,0,1,1,1,0.753853,0.581867,132,100,0.159620,STAND LOCKED,,,,,,,,,,
271,9.033333,33.891,24.422,834,0,0,0.773430,0.000000,0.000000,0.000000,0.000000,0,0.000,0.000,NO LASHING,NO BUNDLE,0,0,0,,,,0,1,1,1,0.753853,0.581867,132,100,0.159620,STAND LOCKED,,,,,,,,,,
272,9.066667,33.334,23.703,1018,0,0,0.769539,0.000000,0.000000,0.000000,0.000000,0,0.000,0.000,NO LASHING,NO BUNDLE,0,0,0,,,,0,1,1,1,0.846705,0.581639,141,119,0.131412,STAND LOCKED,,,,,,,,,,
273,9.100000,32.648,24.350,1531,0,0,0.769459,0.000000,0.000000,0.000000,0.000000,0,0.000,0.000,NO LASHING,NO BUNDLE,0,0,0,,,,0,1,1,1,0.846705,0.581639,141,119,0.131412,STAND LOCKED,,,,,,,,,,
274,9.133333,32.003,23.745,1324,0,0,0.778228,0.000000,0.000000,0.000000,0.000000,0,0.000,0.000,NO LASHING,NO BUNDLE,0,0,0,,,,0,1,1,1,0.883050,0.613391,189,93,0.169136,STAND LOCKED,,,,,,,,,,
275,9.166667,34.108,24.104,1015,0,0,0.764435,0.000000,0.000000,0.000000,0.000000,0,0.000,0.000,NO LASHING,NO BUNDLE,0,0,0,,,,0,1,1,1,0.883050,0.613391,189,93,0.169136,STAND LOCKED,,,,,,,,,,
276,9.200000,34.733,22.833,1776,0,0,0.795791,0.000000,0.000000,0.000000,0.000000,0,0.000,0.000,NO LASHING,NO BUNDLE,0,0,0,,,,0,1,1,1,0.795768,0.581899,172,117,0.135694,STAND LOCKED,,,,,,,,,,
277,9.233333,32.650,23.614,1279,0,0,0.779208,0.000000,0.000000,0.000000,0.000000,0,0.000,0.000,NO LASHING,NO BUNDLE,0,0,0,,,,0,1,1,1,0.795768,0.581899,172,117,0.135694,STAND LOCKED,,,,,,,,,,
278,9.266667,31.315,23.067,1242,0,0,0.796797,0.000000,0.000000,0.000000,0.000000,0,0.000,0.000,NO LASHING,NO BUNDLE,0,0,0,,,,0,1,1,1,0.595650,0.561324,276,90,0.112243,STAND LOCKED,,,,,,,,,,
279,9.300000,34.473,23.624,1593,0,0,0.791089,0.000000,0.000000,0.000000,0.000000,0,0.000,0.000,NO LASHING,NO BUNDLE,0,0,0,,,,0,1,1,1,0.595650,0.561324,276,90,0.112243,STAND LOCKED,,,,,,,,,,
280,9.333333,32.141,23.203,1202,0,0,0.805131,0.000000,0.000000,0.000000,0.000000,0,0.000,0.000,NO LASHING,NO BUNDLE,0,0,0,,,,0,1,1,1,0.793261,0.613477,188,119,0.098634,STAND LOCKED,,,,,,,,,,
281,9.366667,29.607,24.404,789,0,0,0.748405,0.000000,0.000000,0.000000,0.000000,0,0.000,0.000,NO LASHING,NO BUNDLE,0,0,0,,,,0,1,1,1,0.793261,0.613477,188,119,0.098634,STAND LOCKED,,,,,,,,,,
282,9.400000,35.380,23.368,1448,0,0,0.791010,0.000000,0.000000,0.000000,0.000000,0,0.000,0.000,NO LASHING,NO BUNDLE,0,0,0,,,,0,1,1,1,0.759922,0.604264,145,132,0.094038,STAND LOCKED,,,,,,,,,,
283,9.433333,29.810,24.469,1317,0,0,0.794020,0.000000,0.000000,0.000000,0.000000,0,0.000,0.000,NO LASHING,NO BUNDLE,0,0,0,,,,0,1,1,1,0.759922,0.604264,145,132,0.094038,STAND LOCKED,,,,,,,,,,
284,9.466667,34.729,23.677,935,0,0,0.787235,0.000000,0.000000,0.000000,0.000000,0,0.000,0.000,NO LASHING,NO BUNDLE,0,0,0,,,,0,1,1,1,0.857360,0.634803,187,130,0.097317,STAND LOCKED,,,,,,,,,,
285,9.500000,30.322,24.590,1303,0,0,0.798331,0.000000,0.000000,0.000000,0.000000,0,0.000,0.000,NO LASHING,NO BUNDLE,0,0,0,,,,0,1,1,1,0.857360,0.634803,187,130,0.097317,STAND LOCKED,,,,,,,,,,
286,9.533333,34.619,23.789,1227,0,0,0.800504,0.000000,0.000000,0.000000,0.000000,0,0.000,0.000,NO LASHING,NO BUNDLE,0,0,0,,,,0,1,1,0,0.857360,0.634803,187,130,0.097317,STAND TARGET JUMP REJECTED,,,,,,,,,,
287,9.566667,35.537,24.072,825,0,0,0.763968,0.000000,0.000000,0.000000,0.000000,0,0.000,0.000,NO LASHING,NO BUNDLE,0,0,0,,,,0,1,1,0,0.857360,0.634803,187,130,0.097317,STAND TARGET JUMP REJECTED,,,,,,,,,,
288,9.600000,33.502,22.869,2518,0,0,0.803362,0.000000,0.000000,0.000000,0.000000,0,0.000,0.000,NO LASHING,NO BUNDLE,0,0,0,,,,0,1,1,0,0.857360,0.634803,187,130,0.097317,STAND TARGET JUMP REJECTED,,,,,,,,,,
289,9.633333,36.774,23.036,2061,0,0,0.815204,0.000000,0.000000,0.000000,0.000000,0,0.000,0.000,NO LASHING,NO BUNDLE,0,0,0,,,,0,1,1,0,0.857360,0.634803,187,130,0.097317,STAND TARGET JUMP REJECTED,,,,,,,,,,
290,9.666667,31.102,21.294,1512,0,0,0.783828,0.000000,0.000000,0.000000,0.000000,0,0.000,0.000,NO LASHING,NO BUNDLE,0,0,0,,,,0,1,1,0,0.857360,0.634803,187,130,0.097317,STAND TEMPORARILY LOST (3),,,,,,,,,,
291,9.700000,31.794,22.432,1688,0,0,0.793405,0.000000,0.000000,0.000000,0.000000,0,0.000,0.000,NO LASHING,NO BUNDLE,0,0,0,,,,0,1,1,0,0.857360,0.634803,187,130,0.097317,STAND TEMPORARILY LOST (3),,,,,,,,,,
292,9.733333,33.586,21.937,1316,0,0,0.791472,0.000000,0.000000,0.000000,0.000000,0,0.000,0.000,NO LASHING,NO BUNDLE,0,0,0,,,,0,1,1,1,0.688977,0.580877,189,134,0.101848,STAND LOCKED,,,,,,,,,,
293,9.766667,32.908,22.781,2267,0,0,0.825310,0.000000,0.000000,0.000000,0.000000,0,0.000,0.000,NO LASHING,NO BUNDLE,0,0,0,,,,0,1,1,1,0.688977,0.580877,189,134,0.101848,STAND LOCKED,,,,,,,,,,
294,9.800000,31.479,22.355,1429,0,0,0.800484,0.000000,0.000000,0.000000,0.000000,0,0.000,0.000,NO LASHING,NO BUNDLE,0,0,0,,,,0,1,1,1,0.749814,0.559266,179,135,0.103887,STAND LOCKED,,,,,,,,,,
295,9.833333,30.340,23.522,2010,0,0,0.814977,0.000000,0.000000,0.000000,0.000000,0,0.000,0.000,NO LASHING,NO BUNDLE,0,0,0,,,,0,1,1,1,0.749814,0.559266,179,135,0.103887,STAND LOCKED,,,,,,,,,,
296,9.866667,34.008,22.892,2445,0,0,0.848678,0.000000,0.000000,0.000000,0.000000,0,0.000,0.000,NO LASHING,NO BUNDLE,0,0,0,,,,0,1,1,1,0.763265,0.541255,155,134,0.107097,STAND LOCKED,,,,,,,,,,
297,9.900000,33.872,23.495,1036,0,0,0.798480,0.000000,0.000000,0.000000,0.000000,0,0.000,0.000,NO LASHING,NO BUNDLE,0,0,0,,,,0,1,1,1,0.763265,0.541255,155,134,0.107097,STAND LOCKED,,,,,,,,,,
298,9.933333,30.909,23.022,2213,0,0,0.821283,0.000000,0.000000,0.000000,0.000000,0,0.000,0.000,NO LASHING,NO BUNDLE,0,0,0,,,,0,1,1,1,0.707152,0.523729,202,136,0.103957,STAND LOCKED,,,,,,,,,,
299,9.966667,29.412,24.249,1863,0,0,0.811834,0.000000,0.000000,0.000000,0.000000,0,0.000,0.000,NO LASHING,NO BUNDLE,0,0,0,,,,0,1,1,1,0.707152,0.523729,202,136,0.103957,STAND LOCKED,,,,,,,,,,
300,10.000000,31.328,23.668,2725,0,53,0.844959,0.000000,0.774746,0.000000,0.000000,0,0.000,0.000,NO LASHING,NO BUNDLE,0,0,0,,,,0,1,1,1,0.754274,0.529297,166,134,0.105600,STAND LOCKED,,,,,,,,,,
301,10.033333,31.263,24.514,2531,0,38,0.841937,0.000000,0.758495,0.000000,0.000000,0,0.000,0.000,NO LASHING,NO BUNDLE,0,0,0,,,,0,1,1,1,0.754274,0.529297,166,134,0.105600,STAND LOCKED,,,,,,,,,,
302,10.066667,31.925,23.895,2458,0,0,0.855763,0.000000,0.000000,0.000000,0.000000,0,0.000,0.000,NO LASHING,NO BUNDLE,0,0,0,,,,0,1,1,1,0.847110,0.537938,215,91,0.127728,STAND LOCKED,,,,,,,,,,
303,10.100000,32.340,24.494,2188,0,0,0.829906,0.000000,0.000000,0.000000,0.000000,0,0.000,0.000,NO LASHING,NO BUNDLE,0,0,0,,,,0,1,1,1,0.847110,0.537938,215,91,0.127728,STAND LOCKED,,,,,,,,,,
304,10.133333,31.063,24.003,987,0,0,0.813294,0.000000,0.000000,0.000000,0.000000,0,0.000,0.000,NO LASHING,NO BUNDLE,0,0,0,,,,0,1,1,1,0.747641,0.547841,176,114,0.115533,STAND LOCKED,,,,,,,,,,
305,10.166667,33.133,24.520,2048,0,0,0.833667,0.000000,0.000000,0.000000,0.000000,0,0.000,0.000,NO LASHING,NO BUNDLE,0,0,0,,,,0,1,1,1,0.747641,0.547841,176,114,0.115533,STAND LOCKED,,,,,,,,,,
306,10.200000,31.670,24.077,1973,0,54,0.836358,0.000000,0.751180,0.000000,0.000000,0,0.000,0.000,NO LASHING,NO BUNDLE,0,0,0,,,,0,1,1,1,0.780545,0.576992,197,125,0.112337,STAND LOCKED,,,,,,,,,,
307,10.233333,34.309,24.453,1894,0,0,0.850872,0.000000,0.000000,0.000000,0.000000,0,0.000,0.000,NO LASHING,NO BUNDLE,0,0,0,,,,0,1,1,1,0.780545,0.576992,197,125,0.112337,STAND LOCKED,,,,,,,,,,
308,10.266667,29.031,23.998,381,0,0,0.803446,0.000000,0.000000,0.000000,0.000000,0,0.000,0.000,NO LASHING,NO BUNDLE,0,0,0,,,,0,1,1,0,0.780545,0.576992,197,125,0.112337,STAND TEMPORARILY LOST (1),,,,,,,,,,
309,10.300000,32.484,24.492,380,0,83,0.819178,0.000000,0.809672,0.000000,0.000000,0,0.000,0.000,NO LASHING,NO BUNDLE,0,0,0,,,,0,1,1,0,0.780545,0.576992,197,125,0.112337,STAND TEMPORARILY LOST (1),,,,,,,,,,
310,10.333333,31.603,22.576,0,0,0,0.000000,0.000000,0.000000,0.000000,0.000000,0,0.000,0.000,NO BLACK,NO BUNDLE,0,0,0,,,,0,1,1,0,0.780545,0.576992,197,125,0.112337,STAND TEMPORARILY LOST (2),,,,,,,,,,
311,10.366667,32.723,23.280,0,0,0,0.000000,0.000000,0.000000,0.000000,0.000000,0,0.000,0.000,NO BLACK,NO BUNDLE,0,0,0,,,,0,1,1,0,0.780545,0.576992,197,125,0.112337,STAND TEMPORARILY LOST (2),,,,,,,,,,
312,10.400000,31.846,21.484,4,0,0,0.714300,0.000000,0.000000,0.000000,0.000000,0,0.000,0.000,NO BLACK,NO BUNDLE,0,0,0,,,,0,1,1,0,0.780545,0.576992,197,125,0.112337,STAND TEMPORARILY LOST (3),,,,,,,,,,
313,10.433333,31.071,22.481,144,0,0,0.730359,0.000000,0.000000,0.000000,0.000000,0,0.000,0.000,NO BLACK,NO BUNDLE,0,0,0,,,,0,1,1,0,0.780545,0.576992,197,125,0.112337,STAND TEMPORARILY LOST (3),,,,,,,,,,
314,10.466667,32.183,20.880,642,0,0,0.820462,0.000000,0.000000,0.000000,0.000000,0,0.000,0.000,NO LASHING,NO BUNDLE,0,0,0,,,,0,0,0,0,0.000000,0.000000,,,,WEAK STAND GEOMETRY,,,,,,,,,,
315,10.500000,29.869,19.963,946,0,0,0.826926,0.000000,0.000000,0.000000,0.000000,0,0.000,0.000,NO LASHING,NO BUNDLE,0,0,0,,,,0,0,0,0,0.000000,0.000000,,,,NEED TWO DARK RAILS AND AN UPRIGHT,,,,,,,,,,
316,10.533333,33.905,19.087,339,0,0,0.836384,0.000000,0.000000,0.000000,0.000000,0,0.000,0.000,NO LASHING,NO BUNDLE,0,0,0,,,,0,0,0,0,0.000000,0.000000,,,,NEED TWO DARK RAILS AND AN UPRIGHT,,,,,,,,,,
317,10.566667,28.843,18.491,321,0,35,0.764865,0.000000,0.732087,0.000000,0.000000,0,0.000,0.000,NO LASHING,NO BUNDLE,0,0,0,,,,0,0,0,0,0.000000,0.000000,,,,WEAK STAND GEOMETRY,,,,,,,,,,
318,10.600000,29.991,17.957,657,0,591,0.862281,0.000000,0.871925,0.000000,0.000000,0,0.000,0.000,NO LASHING,NO BUNDLE,0,0,0,,,,0,0,0,0,0.000000,0.000000,,,,WEAK STAND GEOMETRY,,,,,,,,,,
319,10.633333,30.266,17.550,0,0,0,0.000000,0.000000,0.000000,0.000000,0.000000,0,0.000,0.000,NO BLACK,NO BUNDLE,0,0,0,,,,0,0,0,0,0.000000,0.000000,,,,WEAK STAND GEOMETRY,,,,,,,,,,
320,10.666667,31.945,17.179,84,0,154,0.723956,0.000000,0.777049,0.000000,0.000000,0,0.000,0.000,NO BLACK,NO BUNDLE,0,0,0,,,,0,0,0,0,0.399205,0.000000,,,,WEAK STAND GEOMETRY,,,,,,,,,,
321,10.700000,32.990,16.984,149,0,29,0.747120,0.000000,0.739846,0.000000,0.000000,0,0.000,0.000,NO BLACK,NO BUNDLE,0,0,0,,,,0,1,0,1,0.571446,0.524715,804,114,0.118056,ACQUIRING STAND 1/4,,,,,,,,,,
322,10.733333,30.365,16.932,4,0,0,0.703923,0.000000,0.000000,0.000000,0.000000,0,0.000,0.000,NO BLACK,NO BUNDLE,0,0,0,,,,0,1,0,0,0.571446,0.524715,804,114,0.118056,STAND TEMPORARILY LOST (1),,,,,,,,,,
323,10.766667,29.129,18.994,256,0,0,0.793918,0.000000,0.000000,0.000000,0.000000,0,0.000,0.000,NO LASHING,NO BUNDLE,0,0,0,,,,0,1,0,0,0.571446,0.524715,804,114,0.118056,STAND TEMPORARILY LOST (1),,,,,,,,,,
324,10.800000,32.830,18.620,5181,0,0,0.838693,0.000000,0.000000,0.000000,0.000000,0,0.000,0.000,NO LASHING,NO BUNDLE,0,0,0,,,,0,1,0,0,0.571446,0.524715,804,114,0.118056,STAND TARGET JUMP REJECTED,,,,,,,,,,
325,10.833333,31.379,20.193,3899,0,434,0.872706,0.000000,0.851090,0.000000,0.000000,0,0.000,0.000,NO LASHING,NO BUNDLE,0,0,0,,,,0,1,0,0,0.571446,0.524715,804,114,0.118056,STAND TARGET JUMP REJECTED,,,,,,,,,,
326,10.866667,35.592,19.651,777,0,34,0.808822,0.000000,0.758382,0.000000,0.000000,0,0.000,0.000,NO LASHING,NO BUNDLE,0,0,0,,,,0,1,0,0,0.571446,0.524715,804,114,0.118056,STAND TEMPORARILY LOST (3),,,,,,,,,,
327,10.900000,28.350,21.492,11321,0,808,0.899480,0.000000,0.909292,0.000000,0.000000,0,0.000,0.000,NO LASHING,NO BUNDLE,0,0,0,,,,0,1,0,0,0.571446,0.524715,804,114,0.118056,STAND TEMPORARILY LOST (3),,,,,,,,,,
328,10.933333,30.916,20.863,1675,0,18,0.815453,0.000000,0.754717,0.000000,0.000000,0,0.000,0.000,NO LASHING,NO BUNDLE,0,0,0,,,,0,0,0,0,0.000000,0.000000,,,,WEAK STAND GEOMETRY,,,,,,,,,,
329,10.966667,32.205,20.256,1510,0,24,0.759758,0.000000,0.732316,0.000000,0.000000,0,0.000,0.000,NO LASHING,NO BUNDLE,0,0,0,,,,0,0,0,0,0.000000,0.000000,,,,WEAK STAND GEOMETRY,,,,,,,,,,
330,11.000000,32.504,19.707,4995,0,0,0.819184,0.000000,0.000000,0.000000,0.000000,0,0.000,0.000,NO LASHING,NO BUNDLE,0,0,0,,,,0,1,0,1,0.693284,0.589970,638,126,0.218056,ACQUIRING STAND 1/4,,,,,,,,,,
331,11.033333,30.719,21.273,0,0,0,0.000000,0.000000,0.000000,0.000000,0.000000,0,0.000,0.000,NO BLACK,NO BUNDLE,0,0,0,,,,0,1,0,1,0.693284,0.589970,638,126,0.218056,ACQUIRING STAND 1/4,,,,,,,,,,
332,11.066667,30.737,20.577,0,0,0,0.000000,0.000000,0.000000,0.000000,0.000000,0,0.000,0.000,NO BLACK,NO BUNDLE,0,0,0,,,,0,1,0,0,0.693284,0.589970,638,126,0.218056,STAND TARGET JUMP REJECTED,,,,,,,,,,
333,11.100000,30.318,22.050,234,0,611,0.736351,0.000000,0.763515,0.000000,0.000000,0,0.000,0.000,NO BLACK,NO BUNDLE,0,0,0,,,,0,1,0,0,0.693284,0.589970,638,126,0.218056,STAND TARGET JUMP REJECTED,,,,,,,,,,
334,11.133333,31.906,21.166,90,0,0,0.796988,0.000000,0.000000,0.000000,0.000000,0,0.000,0.000,NO BLACK,NO BUNDLE,0,0,0,,,,0,1,0,0,0.693284,0.589970,638,126,0.218056,STAND TEMPORARILY LOST (2),,,,,,,,,,
335,11.166667,34.024,21.909,0,0,78,0.000000,0.000000,0.729604,0.000000,0.000000,0,0.000,0.000,NO BLACK,NO BUNDLE,0,0,0,,,,0,1,0,0,0.693284,0.589970,638,126,0.218056,STAND TEMPORARILY LOST (2),,,,,,,,,,
336,11.200000,32.601,20.891,0,0,0,0.000000,0.000000,0.000000,0.000000,0.000000,0,0.000,0.000,NO BLACK,NO BUNDLE,0,0,0,,,,0,1,0,0,0.693284,0.589970,638,126,0.218056,STAND TEMPORARILY LOST (3),,,,,,,,,,
337,11.233333,30.640,22.227,4407,0,26,0.904090,0.000000,0.740193,0.000000,0.000000,0,0.000,0.000,NO LASHING,NO BUNDLE,0,0,0,,,,0,1,0,0,0.693284,0.589970,638,126,0.218056,STAND TEMPORARILY LOST (3),,,,,,,,,,
338,11.266667,31.892,21.238,336,0,19,0.762456,0.000000,0.736854,0.000000,0.000000,0,0.000,0.000,NO LASHING,NO BUNDLE,0,0,0,,,,0,1,0,1,0.671027,0.561266,516,168,0.212708,ACQUIRING STAND 1/4,,,,,,,,,,
339,11.300000,32.247,22.214,427,0,0,0.766226,0.000000,0.000000,0.000000,0.000000,0,0.000,0.000,NO LASHING,NO BUNDLE,0,0,0,,,,0,1,0,1,0.671027,0.561266,516,168,0.212708,ACQUIRING STAND 1/4,,,,,,,,,,
340,11.333333,32.623,21.191,4043,0,30,0.827451,0.000000,0.745235,0.000000,0.000000,0,0.000,0.000,NO LASHING,NO BUNDLE,0,0,0,,,,0,1,0,0,0.671027,0.561266,516,168,0.212708,STAND TARGET JUMP REJECTED,,,,,,,,,,
341,11.366667,31.498,22.176,2731,0,0,0.847479,0.000000,0.000000,0.000000,0.000000,0,0.000,0.000,NO LASHING,NO BUNDLE,0,0,0,,,,0,1,0,0,0.671027,0.561266,516,168,0.212708,STAND TARGET JUMP REJECTED,,,,,,,,,,
342,11.400000,33.565,21.128,1247,0,0,0.768801,0.000000,0.000000,0.000000,0.000000,0,0.000,0.000,NO LASHING,NO BUNDLE,0,0,0,,,,0,1,0,0,0.671027,0.561266,516,168,0.212708,STAND TARGET JUMP REJECTED,,,,,,,,,,
343,11.433333,32.494,22.127,2497,0,0,0.792139,0.000000,0.000000,0.000000,0.000000,0,0.000,0.000,NO LASHING,NO BUNDLE,0,0,0,,,,0,1,0,0,0.671027,0.561266,516,168,0.212708,STAND TARGET JUMP REJECTED,,,,,,,,,,
344,11.466667,33.932,21.034,1442,0,44,0.833074,0.000000,0.768701,0.000000,0.000000,0,0.000,0.000,NO LASHING,NO BUNDLE,0,0,0,,,,0,1,0,0,0.671027,0.561266,516,168,0.212708,STAND TARGET JUMP REJECTED,,,,,,,,,,
345,11.500000,30.744,22.380,9,0,0,0.721978,0.000000,0.000000,0.000000,0.000000,0,0.000,0.000,NO BLACK,NO BUNDLE,0,0,0,,,,0,1,0,0,0.671027,0.561266,516,168,0.212708,STAND TARGET JUMP REJECTED,,,,,,,,,,
346,11.533333,33.075,21.314,0,0,0,0.000000,0.000000,0.000000,0.000000,0.000000,0,0.000,0.000,NO BLACK,NO BUNDLE,0,0,0,,,,0,0,0,0,0.000000,0.000000,,,,STAND TARGET JUMP REJECTED,,,,,,,,,,
347,11.566667,31.387,20.385,23,0,0,0.719376,0.000000,0.000000,0.000000,0.000000,0,0.000,0.000,NO BLACK,NO BUNDLE,0,0,0,,,,0,1,0,1,0.947480,0.586386,557,414,0.840278,ACQUIRING STAND 1/4,,,,,,,,,,
348,11.600000,32.194,19.579,0,0,0,0.000000,0.000000,0.000000,0.000000,0.000000,0,0.000,0.000,NO BLACK,NO BUNDLE,0,0,0,,,,0,1,0,1,0.877623,0.562937,628,411,0.849444,ACQUIRING STAND 2/4,,,,,,,,,,
349,11.633333,36.092,20.492,54,0,0,0.717472,0.000000,0.000000,0.000000,0.000000,0,0.000,0.000,NO BLACK,NO BUNDLE,0,0,0,,,,0,1,0,1,0.877623,0.562937,628,411,0.849444,ACQUIRING STAND 2/4,,,,,,,,,,
350,11.666667,30.964,19.741,85,0,0,0.728671,0.000000,0.000000,0.000000,0.000000,0,0.000,0.000,NO BLACK,NO BUNDLE,0,0,0,,,,0,1,0,1,0.945000,0.613362,658,385,0.921556,ACQUIRING STAND 3/4,,,,,,,,,,
351,11.700000,31.242,21.190,517,0,174,0.769108,0.000000,0.884371,0.000000,0.000000,0,0.000,0.000,NO LASHING,NO BUNDLE,0,0,0,,,,0,1,0,1,0.945000,0.613362,658,385,0.921556,ACQUIRING STAND 3/4,,,,,,,,,,
352,11.733333,32.060,20.356,598,0,22,0.825157,0.000000,0.714544,0.000000,0.000000,0,0.000,0.000,NO LASHING,NO BUNDLE,0,0,0,,,,0,1,1,1,0.945000,0.647968,646,365,0.928033,STAND LOCKED,,,,,,,,,,
353,11.766667,33.116,21.423,3671,0,712,0.880366,0.000000,0.841266,0.000000,0.000000,0,0.000,0.000,NO LASHING,NO BUNDLE,0,0,0,,,,0,1,1,1,0.945000,0.647968,646,365,0.928033,STAND LOCKED,,,,,,,,,,
354,11.800000,32.492,20.562,215,0,252,0.730129,0.000000,0.851487,0.000000,0.000000,0,0.000,0.000,NO BLACK,NO BUNDLE,0,0,0,,,,0,1,1,1,0.940129,0.644861,648,286,0.693379,STAND LOCKED,,,,,,,,,,
355,11.833333,29.717,22.056,37,0,176,0.723525,0.000000,0.825485,0.000000,0.000000,0,0.000,0.000,NO BLACK,NO BUNDLE,0,0,0,,,,0,1,1,1,0.940129,0.644861,648,286,0.693379,STAND LOCKED,,,,,,,,,,
356,11.866667,31.367,21.059,1875,0,237,0.803448,0.000000,0.887105,0.000000,0.000000,0,0.000,0.000,NO LASHING,NO BUNDLE,0,0,0,,,,0,1,1,0,0.940129,0.644861,648,286,0.693379,STAND TARGET JUMP REJECTED,,,,,,,,,,
357,11.900000,35.189,21.846,35,0,57,0.722737,0.000000,0.816778,0.000000,0.000000,0,0.000,0.000,NO BLACK,NO BUNDLE,0,0,0,,,,0,1,1,0,0.940129,0.644861,648,286,0.693379,STAND TARGET JUMP REJECTED,,,,,,,,,,
358,11.933333,32.428,20.859,1684,0,495,0.820445,0.000000,0.838491,0.000000,0.000000,0,0.000,0.000,NO LASHING,NO BUNDLE,0,0,0,,,,0,1,1,0,0.940129,0.644861,648,286,0.693379,STAND TARGET JUMP REJECTED,,,,,,,,,,
359,11.966667,31.294,21.879,2485,0,669,0.833265,0.000000,0.875311,0.000000,0.000000,0,0.000,0.000,NO LASHING,NO BUNDLE,0,0,0,,,,0,1,1,0,0.940129,0.644861,648,286,0.693379,STAND TARGET JUMP REJECTED,,,,,,,,,,
360,12.000000,33.196,20.885,242,0,218,0.757671,0.000000,0.816544,0.000000,0.000000,0,0.000,0.000,NO BLACK,NO BUNDLE,0,0,0,,,,0,1,1,1,0.882904,0.626051,597,234,0.592368,STAND LOCKED,,,,,,,,,,
361,12.033333,32.832,21.827,0,0,45,0.000000,0.000000,0.747434,0.000000,0.000000,0,0.000,0.000,NO BLACK,NO BUNDLE,0,0,0,,,,0,1,1,1,0.882904,0.626051,597,234,0.592368,STAND LOCKED,,,,,,,,,,
362,12.066667,35.019,20.803,48,0,0,0.760862,0.000000,0.000000,0.000000,0.000000,0,0.000,0.000,NO BLACK,NO BUNDLE,0,0,0,,,,0,1,1,1,0.897015,0.597606,612,281,0.613371,STAND LOCKED,,,,,,,,,,
363,12.100000,34.422,21.548,0,0,0,0.000000,0.000000,0.000000,0.000000,0.000000,0,0.000,0.000,NO BLACK,NO BUNDLE,0,0,0,,,,0,1,1,1,0.897015,0.597606,612,281,0.613371,STAND LOCKED,,,,,,,,,,
364,12.133333,32.385,20.608,159,0,0,0.790659,0.000000,0.000000,0.000000,0.000000,0,0.000,0.000,NO BLACK,NO BUNDLE,0,0,0,,,,0,1,1,0,0.897015,0.597606,612,281,0.613371,STAND TARGET JUMP REJECTED,,,,,,,,,,
365,12.166667,32.368,21.596,0,0,0,0.000000,0.000000,0.000000,0.000000,0.000000,0,0.000,0.000,NO BLACK,NO BUNDLE,0,0,0,,,,0,1,1,0,0.897015,0.597606,612,281,0.613371,STAND TARGET JUMP REJECTED,,,,,,,,,,
366,12.200000,34.294,20.592,0,0,7,0.000000,0.000000,0.723061,0.000000,0.000000,0,0.000,0.000,NO BLACK,NO BUNDLE,0,0,0,,,,0,1,1,1,0.973804,0.636795,606,297,0.732059,STAND LOCKED,,,,,,,,,,
367,12.233333,33.456,21.552,1221,0,333,0.828017,0.000000,0.824002,0.000000,0.000000,0,0.000,0.000,NO LASHING,NO BUNDLE,0,0,0,,,,0,1,1,1,0.973804,0.636795,606,297,0.732059,STAND LOCKED,,,,,,,,,,
368,12.266667,33.293,20.635,1139,0,209,0.822993,0.000000,0.782392,0.000000,0.000000,0,0.000,0.000,NO LASHING,NO BUNDLE,0,0,0,,,,0,1,1,0,0.973804,0.636795,606,297,0.732059,STAND TARGET JUMP REJECTED,,,,,,,,,,
369,12.300000,31.400,21.868,1006,0,240,0.824469,0.000000,0.795995,0.000000,0.000000,0,0.000,0.000,NO LASHING,NO BUNDLE,0,0,0,,,,0,1,1,0,0.973804,0.636795,606,297,0.732059,STAND TARGET JUMP REJECTED,,,,,,,,,,
370,12.333333,32.949,20.194,575,0,32,0.796921,0.000000,0.761760,0.000000,0.000000,0,0.000,0.000,NO LASHING,NO BUNDLE,0,0,0,,,,0,1,1,1,0.872801,0.581439,555,271,0.580746,STAND LOCKED,,,,,,,,,,
371,12.366667,35.672,21.021,39,0,0,0.730082,0.000000,0.000000,0.000000,0.000000,0,0.000,0.000,NO BLACK,NO BUNDLE,0,0,0,,,,0,1,1,1,0.872801,0.581439,555,271,0.580746,STAND LOCKED,,,,,,,,,,
372,12.400000,33.899,20.226,0,0,0,0.000000,0.000000,0.000000,0.000000,0.000000,0,0.000,0.000,NO BLACK,NO BUNDLE,0,0,0,,,,0,1,1,1,0.945000,0.662463,602,247,0.560780,STAND LOCKED,,,,,,,,,,
373,12.433333,31.641,21.478,141,0,107,0.752746,0.000000,0.820803,0.000000,0.000000,0,0.000,0.000,NO BLACK,NO BUNDLE,0,0,0,,,,0,1,1,1,0.945000,0.662463,602,247,0.560780,STAND LOCKED,,,,,,,,,,
374,12.466667,31.765,20.763,0,0,0,0.000000,0.000000,0.000000,0.000000,0.000000,0,0.000,0.000,NO BLACK,NO BUNDLE,0,0,0,,,,0,1,1,1,0.931795,0.715464,735,308,0.476170,STAND LOCKED,,,,,,,,,,
375,12.500000,39.779,21.156,179,0,137,0.740753,0.000000,0.820905,0.000000,0.000000,0,0.000,0.000,NO BLACK,NO BUNDLE,0,0,0,,,,0,1,1,1,0.931795,0.715464,735,308,0.476170,STAND LOCKED,,,,,,,,,,
376,12.533333,33.990,20.235,741,0,162,0.845132,0.000000,0.814291,0.000000,0.000000,0,0.000,0.000,NO LASHING,NO BUNDLE,0,0,0,,,,0,1,1,1,0.933837,0.737564,759,315,0.376985,STAND LOCKED,,,,,,,,,,
377,12.566667,34.453,21.026,45,0,553,0.726383,0.000000,0.854646,0.000000,0.000000,0,0.000,0.000,NO BLACK,NO BUNDLE,0,0,0,,,,0,1,1,1,0.933837,0.737564,759,315,0.376985,STAND LOCKED,,,,,,,,,,
378,12.600000,29.042,20.781,0,0,0,0.000000,0.000000,0.000000,0.000000,0.000000,0,0.000,0.000,NO BLACK,NO BUNDLE,0,0,0,,,,0,1,1,1,0.945000,0.712173,703,278,0.416379,STAND LOCKED,,,,,,,,,,
379,12.633333,31.992,21.848,364,0,19,0.778215,0.000000,0.733446,0.000000,0.000000,0,0.000,0.000,NO LASHING,NO BUNDLE,0,0,0,,,,0,1,1,1,0.945000,0.712173,703,278,0.416379,STAND LOCKED,,,,,,,,,,
380,12.666667,34.679,20.984,0,0,144,0.000000,0.000000,0.848222,0.000000,0.000000,0,0.000,0.000,NO BLACK,NO BUNDLE,0,0,0,,,,0,1,1,1,0.881462,0.756990,808,307,0.331746,STAND LOCKED,,,,,,,,,,
381,12.700000,31.947,22.144,0,0,307,0.000000,0.000000,0.867506,0.000000,0.000000,0,0.000,0.000,NO BLACK,NO BUNDLE,0,0,0,,,,0,1,1,1,0.881462,0.756990,808,307,0.331746,STAND LOCKED,,,,,,,,,,
382,12.733333,30.085,21.595,0,0,335,0.000000,0.000000,0.869367,0.000000,0.000000,0,0.000,0.000,NO BLACK,NO BUNDLE,0,0,0,,,,0,1,1,1,0.933333,0.781073,766,320,0.310466,STAND LOCKED,,,,,,,,,,
383,12.766667,31.218,22.697,0,0,512,0.000000,0.000000,0.862182,0.000000,0.000000,0,0.000,0.000,NO BLACK,NO BUNDLE,0,0,0,,,,0,1,1,1,0.933333,0.781073,766,320,0.310466,STAND LOCKED,,,,,,,,,,
384,12.800000,32.024,22.108,567,0,630,0.806184,0.000000,0.877218,0.000000,0.000000,0,0.000,0.000,NO LASHING,NO BUNDLE,0,0,0,,,,0,1,1,1,0.945000,0.734705,728,326,0.304710,STAND LOCKED,,,,,,,,,,
385,12.833333,31.780,23.135,1643,0,841,0.821293,0.000000,0.880846,0.000000,0.000000,0,0.000,0.000,NO LASHING,NO BUNDLE,0,0,0,,,,0,1,1,1,0.945000,0.734705,728,326,0.304710,STAND LOCKED,,,,,,,,,,
386,12.866667,31.967,22.507,1216,0,17,0.831609,0.000000,0.728178,0.000000,0.000000,0,0.000,0.000,NO LASHING,NO BUNDLE,0,0,0,,,,0,1,1,1,0.945000,0.728740,704,327,0.308231,STAND LOCKED,,,,,,,,,,
387,12.900000,28.942,23.844,1362,0,0,0.810432,0.000000,0.000000,0.000000,0.000000,0,0.000,0.000,NO LASHING,NO BUNDLE,0,0,0,,,,0,1,1,1,0.945000,0.728740,704,327,0.308231,STAND LOCKED,,,,,,,,,,
388,12.933333,35.898,22.949,1917,0,0,0.836860,0.000000,0.000000,0.000000,0.000000,0,0.000,0.000,NO LASHING,NO BUNDLE,0,0,0,,,,0,1,1,1,0.852035,0.604804,568,326,0.456482,STAND LOCKED,,,,,,,,,,
389,12.966667,32.864,23.563,1514,0,0,0.875456,0.000000,0.000000,0.000000,0.000000,0,0.000,0.000,NO LASHING,NO BUNDLE,0,0,0,,,,0,1,1,1,0.852035,0.604804,568,326,0.456482,STAND LOCKED,,,,,,,,,,
390,13.000000,31.569,22.625,1079,0,658,0.840008,0.000000,0.877705,0.000000,0.000000,0,0.000,0.000,NO LASHING,NO BUNDLE,0,0,0,,,,0,1,1,1,0.902413,0.677513,663,334,0.377292,STAND LOCKED,,,,,,,,,,
391,13.033333,31.571,23.640,0,0,161,0.000000,0.000000,0.847450,0.000000,0.000000,0,0.000,0.000,NO BLACK,NO BUNDLE,0,0,0,,,,0,1,1,1,0.902413,0.677513,663,334,0.377292,STAND LOCKED,,,,,,,,,,
392,13.066667,32.436,22.795,477,0,0,0.823112,0.000000,0.000000,0.000000,0.000000,0,0.000,0.000,NO LASHING,NO BUNDLE,0,0,0,,,,0,1,1,1,0.945000,0.749530,759,332,0.330962,STAND LOCKED,,,,,,,,,,
393,13.100000,29.521,24.023,0,0,75,0.000000,0.000000,0.795657,0.000000,0.000000,0,0.000,0.000,NO BLACK,NO BUNDLE,0,0,0,,,,0,1,1,1,0.945000,0.749530,759,332,0.330962,STAND LOCKED,,,,,,,,,,
394,13.133333,32.669,23.176,798,0,271,0.789270,0.000000,0.834811,0.000000,0.000000,0,0.000,0.000,NO LASHING,NO BUNDLE,0,0,0,,,,0,1,1,0,0.945000,0.749530,759,332,0.330962,STAND TEMPORARILY LOST (1),,,,,,,,,,
395,13.166667,31.902,23.903,151,0,0,0.775917,0.000000,0.000000,0.000000,0.000000,0,0.000,0.000,NO BLACK,NO BUNDLE,0,0,0,,,,0,1,1,0,0.945000,0.749530,759,332,0.330962,STAND TEMPORARILY LOST (1),,,,,,,,,,
396,13.200000,33.497,22.107,0,0,0,0.000000,0.000000,0.000000,0.000000,0.000000,0,0.000,0.000,NO BLACK,NO BUNDLE,0,0,0,,,,0,1,1,0,0.945000,0.749530,759,332,0.330962,STAND TARGET JUMP REJECTED,,,,,,,,,,
397,13.233333,28.390,23.602,0,0,0,0.000000,0.000000,0.000000,0.000000,0.000000,0,0.000,0.000,NO BLACK,NO BUNDLE,0,0,0,,,,0,1,1,0,0.945000,0.749530,759,332,0.330962,STAND TARGET JUMP REJECTED,,,,,,,,,,
398,13.266667,33.912,22.720,1173,0,6,0.770104,0.000000,0.729184,0.000000,0.000000,0,0.000,0.000,NO LASHING,NO BUNDLE,0,0,0,,,,0,1,1,1,0.945000,0.741389,820,341,0.352891,STAND LOCKED,,,,,,,,,,
399,13.300000,33.255,23.299,1540,0,980,0.786932,0.000000,0.875222,0.000000,0.000000,0,0.000,0.000,NO LASHING,NO BUNDLE,0,0,0,,,,0,1,1,1,0.945000,0.741389,820,341,0.352891,STAND LOCKED,,,,,,,,,,
400,13.333333,31.005,22.554,160,0,2,0.767565,0.000000,0.703740,0.000000,0.000000,0,0.000,0.000,NO BLACK,NO BUNDLE,0,0,0,,,,0,1,1,1,0.930658,0.753640,778,328,0.303940,STAND LOCKED,,,,,,,,,,
401,13.366667,30.071,23.756,479,0,398,0.795656,0.000000,0.820984,0.000000,0.000000,0,0.000,0.000,NO LASHING,NO BUNDLE,0,0,0,,,,0,1,1,1,0.930658,0.753640,778,328,0.303940,STAND LOCKED,,,,,,,,,,
402,13.400000,31.429,23.074,985,0,564,0.799117,0.000000,0.870824,0.000000,0.000000,0,0.000,0.000,NO LASHING,NO BUNDLE,0,0,0,,,,0,1,1,0,0.930658,0.753640,778,328,0.303940,STAND TEMPORARILY LOST (1),,,,,,,,,,
403,13.433333,30.690,24.117,1806,0,414,0.831713,0.000000,0.839192,0.000000,0.000000,0,0.000,0.000,NO LASHING,NO BUNDLE,0,0,0,,,,0,1,1,0,0.930658,0.753640,778,328,0.303940,STAND TEMPORARILY LOST (1),,,,,,,,,,
404,13.466667,33.034,23.249,1571,0,408,0.838136,0.000000,0.851492,0.000000,0.000000,0,0.000,0.000,NO LASHING,NO BUNDLE,0,0,0,,,,0,1,1,1,0.945000,0.717939,736,331,0.307120,STAND LOCKED,,,,,,,,,,
405,13.500000,32.170,23.982,1727,0,1069,0.795553,0.000000,0.890253,0.000000,0.000000,0,0.000,0.000,NO LASHING,NO BUNDLE,0,0,0,,,,0,1,1,1,0.945000,0.717939,736,331,0.307120,STAND LOCKED,,,,,,,,,,
406,13.533333,30.979,23.318,1172,0,197,0.834573,0.000000,0.842997,0.000000,0.000000,0,0.000,0.000,NO LASHING,NO BUNDLE,0,0,0,,,,0,1,1,1,0.864547,0.629586,598,330,0.459037,STAND LOCKED,,,,,,,,,,
407,13.566667,30.004,24.378,1897,0,479,0.815342,0.000000,0.834702,0.000000,0.000000,0,0.000,0.000,NO LASHING,NO BUNDLE,0,0,0,,,,0,1,1,1,0.864547,0.629586,598,330,0.459037,STAND LOCKED,,,,,,,,,,
408,13.600000,31.002,23.342,764,0,10,0.795306,0.000000,0.735798,0.000000,0.000000,0,0.000,0.000,NO LASHING,NO BUNDLE,0,0,0,,,,0,1,1,1,0.897881,0.599947,618,289,0.447192,STAND LOCKED,,,,,,,,,,
409,13.633333,31.987,24.158,1092,0,1144,0.798358,0.000000,0.846101,0.000000,0.000000,0,0.000,0.000,NO LASHING,NO BUNDLE,0,0,0,,,,0,1,1,1,0.897881,0.599947,618,289,0.447192,STAND LOCKED,,,,,,,,,,
410,13.666667,34.760,22.931,2043,0,748,0.807954,0.000000,0.880943,0.000000,0.000000,0,0.000,0.000,NO LASHING,NO BUNDLE,0,0,0,,,,0,1,1,0,0.897881,0.599947,618,289,0.447192,STAND TARGET JUMP REJECTED,,,,,,,,,,
411,13.700000,29.149,24.187,1793,0,1289,0.801750,0.000000,0.909019,0.000000,0.000000,0,0.000,0.000,NO LASHING,NO BUNDLE,0,0,0,,,,0,1,1,0,0.897881,0.599947,618,289,0.447192,STAND TARGET JUMP REJECTED,,,,,,,,,,
412,13.733333,30.132,23.171,1175,0,1352,0.815938,0.000000,0.907007,0.000000,0.000000,0,0.000,0.000,NO LASHING,NO BUNDLE,0,0,0,,,,0,1,1,0,0.897881,0.599947,618,289,0.447192,STAND TARGET JUMP REJECTED,,,,,,,,,,
413,13.766667,32.622,23.909,510,0,347,0.748328,0.000000,0.831942,0.000000,0.000000,0,0.000,0.000,NO LASHING,NO BUNDLE,0,0,0,,,,0,1,1,0,0.897881,0.599947,618,289,0.447192,STAND TARGET JUMP REJECTED,,,,,,,,,,
414,13.800000,34.924,22.714,523,0,261,0.782094,0.000000,0.816196,0.000000,0.000000,0,0.000,0.000,NO LASHING,NO BUNDLE,0,0,0,,,,0,1,1,1,0.932120,0.616305,619,306,0.541167,STAND LOCKED,,,,,,,,,,
415,13.833333,30.721,23.803,291,0,331,0.753719,0.000000,0.850175,0.000000,0.000000,0,0.000,0.000,NO LASHING,NO BUNDLE,0,0,0,,,,0,1,1,1,0.932120,0.616305,619,306,0.541167,STAND LOCKED,,,,,,,,,,
416,13.866667,33.747,22.468,552,0,605,0.772327,0.000000,0.902391,0.000000,0.000000,0,0.000,0.000,NO LASHING,NO BUNDLE,0,0,0,,,,0,1,1,1,0.965744,0.630657,648,335,0.610192,STAND LOCKED,,,,,,,,,,
417,13.900000,30.628,23.545,424,0,46,0.776721,0.000000,0.758568,0.000000,0.000000,0,0.000,0.000,NO LASHING,NO BUNDLE,0,0,0,,,,0,1,1,1,0.965744,0.630657,648,335,0.610192,STAND LOCKED,,,,,,,,,,
418,13.933333,30.306,22.372,563,0,0,0.825572,0.000000,0.000000,0.000000,0.000000,0,0.000,0.000,NO LASHING,NO BUNDLE,0,0,0,,,,0,1,1,1,0.955207,0.733538,661,402,0.592364,STAND LOCKED,,,,,,,,,,
419,13.966667,37.295,22.745,828,0,0,0.824108,0.000000,0.000000,0.000000,0.000000,0,0.000,0.000,NO LASHING,NO BUNDLE,0,0,0,,,,0,1,1,1,0.955207,0.733538,661,402,0.592364,STAND LOCKED,,,,,,,,,,
420,14.000000,38.382,21.576,566,0,0,0.761726,0.000000,0.000000,0.000000,0.000000,0,0.000,0.000,NO LASHING,NO BUNDLE,0,0,0,,,,0,1,1,1,0.879603,0.744148,668,375,0.426217,STAND LOCKED,,,,,,,,,,
421,14.033333,32.609,22.496,658,0,0,0.767096,0.000000,0.000000,0.000000,0.000000,0,0.000,0.000,NO LASHING,NO BUNDLE,0,0,0,,,,0,1,1,1,0.879603,0.744148,668,375,0.426217,STAND LOCKED,,,,,,,,,,
422,14.066667,31.658,21.826,1069,0,0,0.852603,0.000000,0.000000,0.000000,0.000000,0,0.000,0.000,NO LASHING,NO BUNDLE,0,0,0,,,,0,1,1,0,0.879603,0.744148,668,375,0.426217,STAND TEMPORARILY LOST (1),,,,,,,,,,
423,14.100000,30.595,23.075,1266,0,0,0.856200,0.000000,0.000000,0.000000,0.000000,0,0.000,0.000,NO LASHING,NO BUNDLE,0,0,0,,,,0,1,1,0,0.879603,0.744148,668,375,0.426217,STAND TEMPORARILY LOST (1),,,,,,,,,,
424,14.133333,33.263,22.283,23,0,0,0.719592,0.000000,0.000000,0.000000,0.000000,0,0.000,0.000,NO BLACK,NO BUNDLE,0,0,0,,,,0,1,1,1,0.851479,0.613424,596,375,0.579089,STAND LOCKED,,,,,,,,,,
425,14.166667,28.325,23.677,58,0,0,0.716350,0.000000,0.000000,0.000000,0.000000,0,0.000,0.000,NO BLACK,NO BUNDLE,0,0,0,,,,0,1,1,1,0.851479,0.613424,596,375,0.579089,STAND LOCKED,,,,,,,,,,
426,14.200000,31.578,22.614,0,0,0,0.000000,0.000000,0.000000,0.000000,0.000000,0,0.000,0.000,NO BLACK,NO BUNDLE,0,0,0,,,,0,1,1,1,0.731096,0.559079,553,316,0.490521,STAND LOCKED,,,,,,,,,,
427,14.233333,34.273,23.207,0,0,0,0.000000,0.000000,0.000000,0.000000,0.000000,0,0.000,0.000,NO BLACK,NO BUNDLE,0,0,0,,,,0,1,1,1,0.731096,0.559079,553,316,0.490521,STAND LOCKED,,,,,,,,,,
428,14.266667,32.591,22.202,0,0,0,0.000000,0.000000,0.000000,0.000000,0.000000,0,0.000,0.000,NO BLACK,NO BUNDLE,0,0,0,,,,0,1,1,0,0.731096,0.559079,553,316,0.490521,STAND TARGET JUMP REJECTED,,,,,,,,,,
429,14.300000,28.802,23.423,7,0,50,0.708692,0.000000,0.766614,0.000000,0.000000,0,0.000,0.000,NO BLACK,NO BUNDLE,0,0,0,,,,0,1,1,0,0.731096,0.559079,553,316,0.490521,STAND TARGET JUMP REJECTED,,,,,,,,,,
430,14.333333,36.420,21.408,5,0,0,0.705343,0.000000,0.000000,0.000000,0.000000,0,0.000,0.000,NO BLACK,NO BUNDLE,0,0,0,,,,0,1,1,1,0.903519,0.672200,708,350,0.401012,STAND LOCKED,,,,,,,,,,
431,14.366667,34.735,22.170,0,0,0,0.000000,0.000000,0.000000,0.000000,0.000000,0,0.000,0.000,NO BLACK,NO BUNDLE,0,0,0,,,,0,1,1,1,0.903519,0.672200,708,350,0.401012,STAND LOCKED,,,,,,,,,,
432,14.400000,34.676,21.437,311,0,0,0.748392,0.000000,0.000000,0.000000,0.000000,0,0.000,0.000,NO LASHING,NO BUNDLE,0,0,0,,,,0,1,1,0,0.903519,0.672200,708,350,0.401012,STAND TEMPORARILY LOST (1),,,,,,,,,,
433,14.433333,38.801,21.750,0,0,0,0.000000,0.000000,0.000000,0.000000,0.000000,0,0.000,0.000,NO BLACK,NO BUNDLE,0,0,0,,,,0,1,1,0,0.903519,0.672200,708,350,0.401012,STAND TEMPORARILY LOST (1),,,,,,,,,,
434,14.466667,31.381,20.256,159,0,0,0.760002,0.000000,0.000000,0.000000,0.000000,0,0.000,0.000,NO BLACK,NO BUNDLE,0,0,0,,,,0,1,1,0,0.903519,0.672200,708,350,0.401012,STAND TEMPORARILY LOST (2),,,,,,,,,,
435,14.500000,32.313,21.335,582,0,0,0.836266,0.000000,0.000000,0.000000,0.000000,0,0.000,0.000,NO LASHING,NO BUNDLE,0,0,0,,,,0,1,1,0,0.903519,0.672200,708,350,0.401012,STAND TEMPORARILY LOST (2),,,,,,,,,,
436,14.533333,31.540,20.923,2991,0,64,0.782412,0.000000,0.741197,0.000000,0.000000,0,0.000,0.000,NO LASHING,NO BUNDLE,0,0,0,,,,0,1,1,1,0.945000,0.689868,676,368,0.349275,STAND LOCKED,,,,,,,,,,
437,14.566667,31.206,22.214,167,0,0,0.758545,0.000000,0.000000,0.000000,0.000000,0,0.000,0.000,NO BLACK,NO BUNDLE,0,0,0,,,,0,1,1,1,0.945000,0.689868,676,368,0.349275,STAND LOCKED,,,,,,,,,,
438,14.600000,31.383,21.863,666,0,0,0.787452,0.000000,0.000000,0.000000,0.000000,0,0.000,0.000,NO LASHING,NO BUNDLE,0,0,0,,,,0,1,1,0,0.945000,0.689868,676,368,0.349275,STAND TEMPORARILY LOST (1),,,,,,,,,,
439,14.633333,30.756,23.087,1724,0,0,0.824096,0.000000,0.000000,0.000000,0.000000,0,0.000,0.000,NO LASHING,NO BUNDLE,0,0,0,,,,0,1,1,0,0.945000,0.689868,676,368,0.349275,STAND TEMPORARILY LOST (1),,,,,,,,,,
440,14.666667,32.019,22.505,658,0,0,0.785066,0.000000,0.000000,0.000000,0.000000,0,0.000,0.000,NO LASHING,NO BUNDLE,0,0,0,,,,0,1,1,1,0.945000,0.676319,648,370,0.311479,STAND LOCKED,,,,,,,,,,
441,14.700000,30.826,23.593,1502,0,0,0.816432,0.000000,0.000000,0.000000,0.000000,0,0.000,0.000,NO LASHING,NO BUNDLE,0,0,0,,,,0,1,1,1,0.945000,0.676319,648,370,0.311479,STAND LOCKED,,,,,,,,,,
442,14.733333,30.645,23.151,0,0,0,0.000000,0.000000,0.000000,0.000000,0.000000,0,0.000,0.000,NO BLACK,NO BUNDLE,0,0,0,,,,0,1,1,1,0.886190,0.686373,638,374,0.292943,STAND LOCKED,,,,,,,,,,
443,14.766667,29.847,24.212,105,0,201,0.727991,0.000000,0.772910,0.000000,0.000000,0,0.000,0.000,NO BLACK,NO BUNDLE,0,0,0,,,,0,1,1,1,0.886190,0.686373,638,374,0.292943,STAND LOCKED,,,,,,,,,,
444,14.800000,31.805,23.646,688,0,15,0.828290,0.000000,0.726802,0.000000,0.000000,0,0.000,0.000,NO LASHING,NO BUNDLE,0,0,0,,,,0,1,1,1,0.945000,0.675223,638,373,0.294533,STAND LOCKED,,,,,,,,,,
445,14.833333,30.451,24.616,0,0,2,0.000000,0.000000,0.708067,0.000000,0.000000,0,0.000,0.000,NO BLACK,NO BUNDLE,0,0,0,,,,0,1,1,1,0.945000,0.675223,638,373,0.294533,STAND LOCKED,,,,,,,,,,
446,14.866667,32.747,23.956,32,0,0,0.718679,0.000000,0.000000,0.000000,0.000000,0,0.000,0.000,NO BLACK,NO BUNDLE,0,0,0,,,,0,1,1,0,0.945000,0.675223,638,373,0.294533,STAND TEMPORARILY LOST (1),,,,,,,,,,
447,14.900000,33.556,24.464,0,0,0,0.000000,0.000000,0.000000,0.000000,0.000000,0,0.000,0.000,NO BLACK,NO BUNDLE,0,0,0,,,,0,1,1,0,0.945000,0.675223,638,373,0.294533,STAND TEMPORARILY LOST (1),,,,,,,,,,
448,14.933333,33.382,22.657,4,0,0,0.704411,0.000000,0.000000,0.000000,0.000000,0,0.000,0.000,NO BLACK,NO BUNDLE,0,0,0,,,,0,1,1,0,0.945000,0.675223,638,373,0.294533,STAND TEMPORARILY LOST (2),,,,,,,,,,
449,14.966667,30.838,23.712,270,0,0,0.741599,0.000000,0.000000,0.000000,0.000000,0,0.000,0.000,NO LASHING,NO BUNDLE,0,0,0,,,,0,1,1,0,0.945000,0.675223,638,373,0.294533,STAND TEMPORARILY LOST (2),,,,,,,,,,
450,15.000000,33.270,22.057,177,0,0,0.774486,0.000000,0.000000,0.000000,0.000000,0,0.000,0.000,NO BLACK,NO BUNDLE,0,0,0,,,,0,1,1,0,0.945000,0.675223,638,373,0.294533,STAND TEMPORARILY LOST (3),,,,,,,,,,
451,15.033333,30.618,23.294,406,0,0,0.757640,0.000000,0.000000,0.000000,0.000000,0,0.000,0.000,NO LASHING,NO BUNDLE,0,0,0,,,,0,1,1,0,0.945000,0.675223,638,373,0.294533,STAND TEMPORARILY LOST (3),,,,,,,,,,
452,15.066667,34.442,21.644,14,0,0,0.703651,0.000000,0.000000,0.000000,0.000000,0,0.000,0.000,NO BLACK,NO BUNDLE,0,0,0,,,,0,0,0,0,0.000000,0.000000,,,,STAND TARGET JUMP REJECTED,,,,,,,,,,
453,15.100000,28.472,20.747,0,0,0,0.000000,0.000000,0.000000,0.000000,0.000000,0,0.000,0.000,NO BLACK,NO BUNDLE,0,0,0,,,,0,0,0,0,0.000000,0.000000,,,,WEAK STAND GEOMETRY,,,,,,,,,,
454,15.133333,31.869,19.971,0,0,0,0.000000,0.000000,0.000000,0.000000,0.000000,0,0.000,0.000,NO BLACK,NO BUNDLE,0,0,0,,,,0,0,0,0,0.000000,0.000000,,,,NEED TWO DARK RAILS AND AN UPRIGHT,,,,,,,,,,
455,15.166667,30.861,19.227,0,0,0,0.000000,0.000000,0.000000,0.000000,0.000000,0,0.000,0.000,NO BLACK,NO BUNDLE,0,0,0,,,,0,0,0,0,0.000000,0.000000,,,,WEAK STAND GEOMETRY,,,,,,,,,,
456,15.200000,33.258,18.552,231,0,0,0.772025,0.000000,0.000000,0.000000,0.000000,0,0.000,0.000,NO BLACK,NO BUNDLE,0,0,0,,,,0,1,0,1,0.847836,0.524607,662,194,0.425000,ACQUIRING STAND 1/4,,,,,,,,,,
457,15.233333,31.211,20.019,0,0,0,0.000000,0.000000,0.000000,0.000000,0.000000,0,0.000,0.000,NO BLACK,NO BUNDLE,0,0,0,,,,0,1,0,1,0.847836,0.524607,662,194,0.425000,ACQUIRING STAND 1/4,,,,,,,,,,
458,15.266667,32.053,19.244,0,0,0,0.000000,0.000000,0.000000,0.000000,0.000000,0,0.000,0.000,NO BLACK,NO BUNDLE,0,0,0,,,,0,1,0,0,0.847836,0.524607,662,194,0.425000,STAND TARGET JUMP REJECTED,,,,,,,,,,
459,15.300000,30.310,20.773,170,0,16,0.727499,0.000000,0.731772,0.000000,0.000000,0,0.000,0.000,NO BLACK,NO BUNDLE,0,0,0,,,,0,1,0,0,0.847836,0.524607,662,194,0.425000,STAND TARGET JUMP REJECTED,,,,,,,,,,
460,15.333333,31.422,20.004,174,0,33,0.719066,0.000000,0.776375,0.000000,0.000000,0,0.000,0.000,NO BLACK,NO BUNDLE,0,0,0,,,,0,1,0,1,0.808528,0.518720,613,234,0.426528,ACQUIRING STAND 1/4,,,,,,,,,,
461,15.366667,32.899,21.227,652,0,141,0.782056,0.000000,0.830565,0.000000,0.000000,0,0.000,0.000,NO LASHING,NO BUNDLE,0,0,0,,,,0,1,0,1,0.808528,0.518720,613,234,0.426528,ACQUIRING STAND 1/4,,,,,,,,,,
462,15.400000,30.221,20.492,344,0,47,0.757755,0.000000,0.778292,0.000000,0.000000,0,0.000,0.000,NO LASHING,NO BUNDLE,0,0,0,,,,0,1,0,0,0.808528,0.518720,613,234,0.426528,STAND TARGET JUMP REJECTED,,,,,,,,,,
463,15.433333,33.202,21.601,906,0,72,0.762089,0.000000,0.803534,0.000000,0.000000,0,0.000,0.000,NO LASHING,NO BUNDLE,0,0,0,,,,0,1,0,0,0.808528,0.518720,613,234,0.426528,STAND TARGET JUMP REJECTED,,,,,,,,,,
464,15.466667,34.317,20.533,747,0,117,0.744901,0.000000,0.745744,0.000000,0.000000,0,0.000,0.000,NO LASHING,NO BUNDLE,0,0,0,,,,0,1,0,1,0.863242,0.578218,667,326,0.353118,ACQUIRING STAND 1/4,,,,,,,,,,
465,15.500000,33.378,21.444,888,0,75,0.810810,0.000000,0.777909,0.000000,0.000000,0,0.000,0.000,NO LASHING,NO BUNDLE,0,0,0,,,,0,1,0,1,0.863242,0.578218,667,326,0.353118,ACQUIRING STAND 1/4,,,,,,,,,,
466,15.533333,32.543,20.440,1475,0,43,0.806554,0.000000,0.772797,0.000000,0.000000,0,0.000,0.000,NO LASHING,NO BUNDLE,0,0,0,,,,0,1,0,1,0.877809,0.655856,694,374,0.325431,ACQUIRING STAND 2/4,,,,,,,,,,
467,15.566667,30.835,21.537,1045,0,31,0.820249,0.000000,0.754530,0.000000,0.000000,0,0.000,0.000,NO LASHING,NO BUNDLE,0,0,0,,,,0,1,0,1,0.877809,0.655856,694,374,0.325431,ACQUIRING STAND 2/4,,,,,,,,,,
468,15.600000,31.592,20.570,1323,0,51,0.850711,0.000000,0.762430,0.000000,0.000000,0,0.000,0.000,NO LASHING,NO BUNDLE,0,0,0,,,,0,1,0,0,0.877809,0.655856,694,374,0.325431,STAND TARGET JUMP REJECTED,,,,,,,,,,
469,15.633333,33.628,21.602,588,9,78,0.772835,0.615692,0.764394,0.694264,0.000000,0,0.000,0.000,NO LASHING,NO BUNDLE,0,0,0,,,,0,1,0,0,0.877809,0.655856,694,374,0.325431,STAND TARGET JUMP REJECTED,,,,,,,,,,
470,15.666667,32.143,20.615,711,1,229,0.773004,0.600582,0.803301,0.686793,0.000000,0,0.000,0.000,NO LASHING,NO BUNDLE,0,0,0,,,,0,1,0,1,0.795928,0.552254,619,343,0.406166,ACQUIRING STAND 1/4,,,,,,,,,,
471,15.700000,30.480,21.843,1416,0,207,0.802467,0.000000,0.815203,0.000000,0.000000,0,0.000,0.000,NO LASHING,NO BUNDLE,0,0,0,,,,0,1,0,1,0.795928,0.552254,619,343,0.406166,ACQUIRING STAND 1/4,,,,,,,,,,
472,15.733333,31.242,20.832,927,34,240,0.779777,0.646334,0.779189,0.713055,0.000000,0,0.000,0.000,NO LASHING,NO BUNDLE,0,0,0,,,,0,1,0,1,0.802301,0.522035,627,298,0.450900,ACQUIRING STAND 2/4,,,,,,,,,,
473,15.766667,34.345,21.566,922,0,206,0.767242,0.000000,0.811019,0.000000,0.000000,0,0.000,0.000,NO LASHING,NO BUNDLE,0,0,0,,,,0,1,0,1,0.802301,0.522035,627,298,0.450900,ACQUIRING STAND 2/4,,,,,,,,,,
474,15.800000,32.446,20.631,580,17,300,0.751375,0.632233,0.776869,0.691804,0.000000,0,0.000,0.000,NO LASHING,NO BUNDLE,0,0,0,,,,0,1,0,1,0.827822,0.503296,534,302,0.493183,ACQUIRING STAND 3/4,,,,,,,,,,
475,15.833333,36.045,21.317,771,0,0,0.749743,0.000000,0.000000,0.000000,0.000000,0,0.000,0.000,NO LASHING,NO BUNDLE,0,0,0,,,,0,1,0,1,0.827822,0.503296,534,302,0.493183,ACQUIRING STAND 3/4,,,,,,,,,,
476,15.866667,30.409,20.406,296,0,7,0.742922,0.000000,0.716260,0.000000,0.000000,0,0.000,0.000,NO LASHING,NO BUNDLE,0,0,0,,,,0,1,1,1,0.878947,0.526695,566,355,0.696307,STAND LOCKED,,,,,,,,,,
477,15.900000,34.947,21.226,136,8,24,0.740239,0.619555,0.735161,0.679897,0.000000,0,0.000,0.000,NO BLACK,NO BUNDLE,0,0,0,,,,0,1,1,1,0.878947,0.526695,566,355,0.696307,STAND LOCKED,,,,,,,,,,
478,15.933333,36.720,20.079,210,0,75,0.722983,0.000000,0.777487,0.000000,0.000000,0,0.000,0.000,NO BLACK,NO BUNDLE,0,0,0,,,,0,1,1,1,1.000000,0.619740,643,364,0.840422,STAND LOCKED,,,,,,,,,,
479,15.966667,38.147,20.443,7,160,32,0.707624,0.643244,0.729013,0.675434,0.000000,0,0.000,0.000,NO BLACK,NO BUNDLE,0,0,0,,,,0,1,1,1,1.000000,0.619740,643,364,0.840422,STAND LOCKED,,,,,,,,,,
480,16.000000,30.410,19.564,0,4,82,0.000000,0.606982,0.745114,0.000000,0.000000,0,0.000,0.000,NO BLACK,NO BUNDLE,0,0,0,,,,0,1,1,1,0.758590,0.552431,641,463,0.642495,STAND LOCKED,,,,,,,,,,
481,16.033333,30.869,21.068,0,0,0,0.000000,0.000000,0.000000,0.000000,0.000000,0,0.000,0.000,NO BLACK,NO BUNDLE,0,0,0,,,,0,1,1,1,0.758590,0.552431,641,463,0.642495,STAND LOCKED,,,,,,,,,,
482,16.066667,33.799,20.371,284,0,13,0.729065,0.000000,0.717425,0.000000,0.000000,0,0.000,0.000,NO LASHING,NO BUNDLE,0,0,0,,,,0,1,1,1,0.816694,0.494814,615,428,0.666484,STAND LOCKED,,,,,,,,,,
483,16.100000,31.772,21.566,924,51,0,0.760185,0.635728,0.000000,0.697957,0.000000,0,0.000,0.000,NO LASHING,NO BUNDLE,0,0,0,,,,0,1,1,1,0.816694,0.494814,615,428,0.666484,STAND LOCKED,,,,,,,,,,
484,16.133333,33.233,20.622,1558,0,2,0.793635,0.000000,0.708998,0.000000,0.000000,0,0.000,0.000,NO LASHING,NO BUNDLE,0,0,0,,,,0,1,1,1,0.935591,0.572005,661,414,0.778876,STAND LOCKED,,,,,,,,,,
485,16.166667,28.141,22.401,1166,0,0,0.776952,0.000000,0.000000,0.000000,0.000000,0,0.000,0.000,NO LASHING,NO BUNDLE,0,0,0,,,,0,1,1,1,0.935591,0.572005,661,414,0.778876,STAND LOCKED,,,,,,,,,,
486,16.200000,31.630,21.246,110,40,0,0.779339,0.628573,0.000000,0.703956,0.000000,0,0.000,0.000,NO BLACK,NO BUNDLE,0,0,0,,,,0,1,1,1,0.938817,0.609540,669,408,0.816466,STAND LOCKED,,,,,,,,,,
487,16.233333,32.382,21.713,317,235,0,0.736596,0.695869,0.000000,0.716232,0.000000,0,0.000,0.000,GEOMETRY FAIL,NO BUNDLE,0,0,0,,,,0,1,1,1,0.938817,0.609540,669,408,0.816466,STAND LOCKED,,,,,,,,,,
488,16.266667,30.673,20.405,1662,349,31,0.794648,0.665879,0.738046,0.730264,0.000000,0,0.000,0.000,NO VALID CONTACT,NO BUNDLE,0,0,0,,,,0,1,1,1,0.876946,0.576601,654,424,0.792896,STAND LOCKED,,,,,,,,,,
489,16.300000,33.912,19.940,2193,159,436,0.836111,0.642340,0.834240,0.739225,0.000000,0,0.000,0.000,NO VALID CONTACT,NO BUNDLE,0,0,0,,,,0,1,1,1,0.876946,0.576601,654,424,0.792896,STAND LOCKED,,,,,,,,,,
490,16.333333,28.722,19.177,890,0,61,0.800095,0.000000,0.803320,0.000000,0.000000,0,0.000,0.000,NO LASHING,NO BUNDLE,0,0,0,,,,0,1,1,1,0.920077,0.547652,690,432,0.774650,STAND LOCKED,,,,,,,,,,
491,16.366667,33.724,20.383,1354,15,29,0.788671,0.619119,0.755792,0.703895,0.000000,0,0.000,0.000,NO LASHING,NO BUNDLE,0,0,0,,,,0,1,1,1,0.920077,0.547652,690,432,0.774650,STAND LOCKED,,,,,,,,,,
492,16.400000,33.185,19.553,1579,0,93,0.823324,0.000000,0.813438,0.000000,0.000000,0,0.000,0.000,NO LASHING,NO BUNDLE,0,0,0,,,,0,1,1,1,0.871380,0.540093,684,440,0.764148,STAND LOCKED,,,,,,,,,,
493,16.433333,37.531,20.328,1420,0,149,0.798725,0.000000,0.801361,0.000000,0.000000,0,0.000,0.000,NO LASHING,NO BUNDLE,0,0,0,,,,0,1,1,1,0.871380,0.540093,684,440,0.764148,STAND LOCKED,,,,,,,,,,
494,16.466667,32.625,19.592,1773,0,269,0.790131,0.000000,0.825568,0.000000,0.000000,0,0.000,0.000,NO LASHING,NO BUNDLE,0,0,0,,,,0,1,1,1,0.874758,0.539620,682,443,0.761714,STAND LOCKED,,,,,,,,,,
495,16.500000,32.802,20.751,2175,0,339,0.788535,0.000000,0.822532,0.000000,0.000000,0,0.000,0.000,NO LASHING,NO BUNDLE,0,0,0,,,,0,1,1,1,0.874758,0.539620,682,443,0.761714,STAND LOCKED,,,,,,,,,,
496,16.533333,32.842,19.930,1314,0,81,0.782481,0.000000,0.812714,0.000000,0.000000,0,0.000,0.000,NO LASHING,NO BUNDLE,0,0,0,,,,0,1,1,1,0.936305,0.565789,661,404,0.866035,STAND LOCKED,,,,,,,,,,
497,16.566667,34.134,20.959,2036,0,197,0.810559,0.000000,0.804185,0.000000,0.000000,0,0.000,0.000,NO LASHING,NO BUNDLE,0,0,0,,,,0,1,1,1,0.936305,0.565789,661,404,0.866035,STAND LOCKED,,,,,,,,,,
498,16.600000,31.357,19.911,1964,0,14,0.765596,0.000000,0.740007,0.000000,0.000000,0,0.000,0.000,NO LASHING,NO BUNDLE,0,0,0,,,,0,1,1,1,0.850131,0.530547,619,410,0.839646,STAND LOCKED,,,,,,,,,,
499,16.633333,31.205,21.336,1839,0,131,0.803913,0.000000,0.801313,0.000000,0.000000,0,0.000,0.000,NO LASHING,NO BUNDLE,0,0,0,,,,0,1,1,1,0.850131,0.530547,619,410,0.839646,STAND LOCKED,,,,,,,,,,
500,16.666667,31.879,20.318,2212,0,4,0.798746,0.000000,0.707505,0.000000,0.000000,0,0.000,0.000,NO LASHING,NO BUNDLE,0,0,0,,,,0,1,1,1,0.898653,0.559152,629,427,0.799508,STAND LOCKED,,,,,,,,,,
501,16.700000,29.926,21.815,2964,0,30,0.802550,0.000000,0.751458,0.000000,0.000000,0,0.000,0.000,NO LASHING,NO BUNDLE,0,0,0,,,,0,1,1,1,0.898653,0.559152,629,427,0.799508,STAND LOCKED,,,,,,,,,,
502,16.733333,31.124,20.789,3222,0,51,0.814656,0.000000,0.787030,0.000000,0.000000,0,0.000,0.000,NO LASHING,NO BUNDLE,0,0,0,,,,0,1,1,1,1.000000,0.629545,668,397,0.886862,STAND LOCKED,,,,,,,,,,
503,16.766667,32.332,21.797,2998,0,18,0.822227,0.000000,0.738664,0.000000,0.000000,0,0.000,0.000,NO LASHING,NO BUNDLE,0,0,0,,,,0,1,1,1,1.000000,0.629545,668,397,0.886862,STAND LOCKED,,,,,,,,,,
504,16.800000,31.461,20.771,2632,0,0,0.808916,0.000000,0.000000,0.000000,0.000000,0,0.000,0.000,NO LASHING,NO BUNDLE,0,0,0,,,,0,1,1,1,0.985842,0.628516,730,376,0.946796,STAND LOCKED,,,,,,,,,,
505,16.833333,33.168,21.693,2197,0,0,0.822417,0.000000,0.000000,0.000000,0.000000,0,0.000,0.000,NO LASHING,NO BUNDLE,0,0,0,,,,0,1,1,1,0.985842,0.628516,730,376,0.946796,STAND LOCKED,,,,,,,,,,
506,16.866667,31.409,20.682,2611,0,54,0.835414,0.000000,0.792141,0.000000,0.000000,0,0.000,0.000,NO LASHING,NO BUNDLE,0,0,0,,,,0,1,1,1,1.000000,0.648879,766,368,0.949322,STAND LOCKED,,,,,,,,,,
507,16.900000,35.728,21.387,2779,0,77,0.819610,0.000000,0.832185,0.000000,0.000000,0,0.000,0.000,NO LASHING,NO BUNDLE,0,0,0,,,,0,1,1,1,1.000000,0.648879,766,368,0.949322,STAND LOCKED,,,,,,,,,,
508,16.933333,33.650,20.197,2851,0,144,0.851057,0.000000,0.804689,0.000000,0.000000,0,0.000,0.000,NO LASHING,NO BUNDLE,0,0,0,,,,0,1,1,1,0.858946,0.574860,722,380,0.926778,STAND LOCKED,,,,,,,,,,
509,16.966667,28.456,21.920,2830,0,139,0.857120,0.000000,0.829957,0.000000,0.000000,0,0.000,0.000,NO LASHING,NO BUNDLE,0,0,0,,,,0,1,1,1,0.858946,0.574860,722,380,0.926778,STAND LOCKED,,,,,,,,,,
510,17.000000,32.520,20.809,2127,0,115,0.861145,0.000000,0.803769,0.000000,0.000000,0,0.000,0.000,NO LASHING,NO BUNDLE,0,0,0,,,,0,1,1,1,0.886251,0.565234,721,414,0.828786,STAND LOCKED,,,,,,,,,,
511,17.033333,32.322,21.774,2370,0,133,0.859575,0.000000,0.809822,0.000000,0.000000,0,0.000,0.000,NO LASHING,NO BUNDLE,0,0,0,,,,0,1,1,1,0.886251,0.565234,721,414,0.828786,STAND LOCKED,,,,,,,,,,
512,17.066667,29.987,20.810,2652,0,132,0.858582,0.000000,0.785607,0.000000,0.000000,0,0.000,0.000,NO LASHING,NO BUNDLE,0,0,0,,,,0,1,1,0,0.886251,0.565234,721,414,0.828786,STAND TARGET JUMP REJECTED,,,,,,,,,,
513,17.100000,33.856,21.793,2192,0,81,0.866737,0.000000,0.839716,0.000000,0.000000,0,0.000,0.000,NO LASHING,NO BUNDLE,0,0,0,,,,0,1,1,0,0.886251,0.565234,721,414,0.828786,STAND TARGET JUMP REJECTED,,,,,,,,,,
514,17.133333,32.422,20.727,2970,0,86,0.858213,0.000000,0.848741,0.000000,0.000000,0,0.000,0.000,NO LASHING,NO BUNDLE,0,0,0,,,,0,1,1,1,0.868730,0.545706,701,431,0.788509,STAND LOCKED,,,,,,,,,,
515,17.166667,32.581,21.876,2329,0,75,0.874938,0.000000,0.836519,0.000000,0.000000,0,0.000,0.000,NO LASHING,NO BUNDLE,0,0,0,,,,0,1,1,1,0.868730,0.545706,701,431,0.788509,STAND LOCKED,,,,,,,,,,
516,17.200000,36.408,20.612,2214,0,78,0.859138,0.000000,0.824809,0.000000,0.000000,0,0.000,0.000,NO LASHING,NO BUNDLE,0,0,0,,,,0,1,1,1,0.724411,0.515826,704,438,0.772676,STAND LOCKED,,,,,,,,,,
517,17.233333,35.194,21.368,2440,0,87,0.843827,0.000000,0.830353,0.000000,0.000000,0,0.000,0.000,NO LASHING,NO BUNDLE,0,0,0,,,,0,1,1,1,0.724411,0.515826,704,438,0.772676,STAND LOCKED,,,,,,,,,,
518,17.266667,32.092,20.419,2270,0,100,0.856934,0.000000,0.843997,0.000000,0.000000,0,0.000,0.000,NO LASHING,NO BUNDLE,0,0,0,,,,0,1,1,1,0.868003,0.522842,694,442,0.763260,STAND LOCKED,,,,,,,,,,
519,17.300000,34.581,21.225,2726,0,106,0.854163,0.000000,0.812340,0.000000,0.000000,0,0.000,0.000,NO LASHING,NO BUNDLE,0,0,0,,,,0,1,1,1,0.868003,0.522842,694,442,0.763260,STAND LOCKED,,,,,,,,,,
520,17.333333,33.170,20.312,2483,0,149,0.860301,0.000000,0.854437,0.000000,0.000000,0,0.000,0.000,NO LASHING,NO BUNDLE,0,0,0,,,,0,1,1,1,0.814759,0.518126,733,425,0.707842,STAND LOCKED,,,,,,,,,,
521,17.366667,32.254,21.427,2582,0,236,0.863752,0.000000,0.850492,0.000000,0.000000,0,0.000,0.000,NO LASHING,NO BUNDLE,0,0,0,,,,0,1,1,1,0.814759,0.518126,733,425,0.707842,STAND LOCKED,,,,,,,,,,
522,17.400000,33.852,20.497,2925,0,247,0.867263,0.000000,0.867653,0.000000,0.000000,0,0.000,0.000,NO LASHING,NO BUNDLE,0,0,0,,,,0,1,1,1,0.848955,0.507356,702,438,0.727973,STAND LOCKED,,,,,,,,,,
523,17.433333,35.813,21.193,2336,0,229,0.856773,0.000000,0.841528,0.000000,0.000000,0,0.000,0.000,NO LASHING,NO BUNDLE,0,0,0,,,,0,1,1,1,0.848955,0.507356,702,438,0.727973,STAND LOCKED,,,,,,,,,,
524,17.466667,30.200,20.299,2834,0,446,0.863469,0.000000,0.878813,0.000000,0.000000,0,0.000,0.000,NO LASHING,NO BUNDLE,0,0,0,,,,0,1,1,1,1.000000,0.590937,726,408,0.838630,STAND LOCKED,,,,,,,,,,
525,17.500000,36.264,21.046,2755,0,265,0.860673,0.000000,0.855177,0.000000,0.000000,0,0.000,0.000,NO LASHING,NO BUNDLE,0,0,0,,,,0,1,1,1,1.000000,0.590937,726,408,0.838630,STAND LOCKED,,,,,,,,,,
526,17.533333,34.665,19.989,1512,0,143,0.824412,0.000000,0.807546,0.000000,0.000000,0,0.000,0.000,NO LASHING,NO BUNDLE,0,0,0,,,,0,1,1,1,0.873917,0.600077,679,427,0.796758,STAND LOCKED,,,,,,,,,,
527,17.566667,31.473,21.378,1954,0,380,0.836216,0.000000,0.873125,0.000000,0.000000,0,0.000,0.000,NO LASHING,NO BUNDLE,0,0,0,,,,0,1,1,1,0.873917,0.600077,679,427,0.796758,STAND LOCKED,,,,,,,,,,
528,17.600000,32.708,20.317,1826,0,309,0.824367,0.000000,0.817413,0.000000,0.000000,0,0.000,0.000,NO LASHING,NO BUNDLE,0,0,0,,,,0,1,1,0,0.873917,0.600077,679,427,0.796758,STAND TEMPORARILY LOST (1),,,,,,,,,,
529,17.633333,32.139,21.551,692,0,126,0.769382,0.000000,0.766529,0.000000,0.000000,0,0.000,0.000,NO LASHING,NO BUNDLE,0,0,0,,,,0,1,1,0,0.873917,0.600077,679,427,0.796758,STAND TEMPORARILY LOST (1),,,,,,,,,,
530,17.666667,32.158,20.332,816,0,125,0.751378,0.000000,0.797271,0.000000,0.000000,0,0.000,0.000,NO LASHING,NO BUNDLE,0,0,0,,,,0,1,1,1,0.868823,0.561465,654,436,0.772569,STAND LOCKED,,,,,,,,,,
531,17.700000,33.637,21.344,267,0,104,0.738333,0.000000,0.835422,0.000000,0.000000,0,0.000,0.000,NO LASHING,NO BUNDLE,0,0,0,,,,0,1,1,1,0.868823,0.561465,654,436,0.772569,STAND LOCKED,,,,,,,,,,
532,17.733333,33.977,20.271,189,0,150,0.720703,0.000000,0.806269,0.000000,0.000000,0,0.000,0.000,NO BLACK,NO BUNDLE,0,0,0,,,,0,1,1,1,0.789440,0.486249,511,408,0.722726,STAND LOCKED,,,,,,,,,,
533,17.766667,31.159,21.481,1474,0,584,0.817801,0.000000,0.857830,0.000000,0.000000,0,0.000,0.000,NO LASHING,NO BUNDLE,0,0,0,,,,0,1,1,1,0.789440,0.486249,511,408,0.722726,STAND LOCKED,,,,,,,,,,
534,17.800000,33.103,20.330,0,0,1012,0.000000,0.000000,0.908027,0.000000,0.000000,0,0.000,0.000,NO BLACK,NO BUNDLE,0,0,0,,,,0,1,1,1,0.889153,0.527875,570,387,0.851546,STAND LOCKED,,,,,,,,,,
535,17.833333,32.781,21.407,25,0,1098,0.714612,0.000000,0.905174,0.000000,0.000000,0,0.000,0.000,NO BLACK,NO BUNDLE,0,0,0,,,,0,1,1,1,0.889153,0.527875,570,387,0.851546,STAND LOCKED,,,,,,,,,,
536,17.866667,28.904,20.496,0,0,1092,0.000000,0.000000,0.907304,0.000000,0.000000,0,0.000,0.000,NO BLACK,NO BUNDLE,0,0,0,,,,0,1,1,0,0.889153,0.527875,570,387,0.851546,STAND TEMPORARILY LOST (1),,,,,,,,,,
537,17.900000,34.198,21.482,2253,0,1208,0.811027,0.000000,0.909591,0.000000,0.000000,0,0.000,0.000,NO LASHING,NO BUNDLE,0,0,0,,,,0,1,1,0,0.889153,0.527875,570,387,0.851546,STAND TEMPORARILY LOST (1),,,,,,,,,,
538,17.933333,32.513,20.450,630,0,1083,0.752937,0.000000,0.930257,0.000000,0.000000,0,0.000,0.000,NO LASHING,NO BUNDLE,0,0,0,,,,0,1,1,0,0.889153,0.527875,570,387,0.851546,STAND TARGET JUMP REJECTED,,,,,,,,,,
539,17.966667,32.194,21.529,115,0,722,0.733865,0.000000,0.863960,0.000000,0.000000,0,0.000,0.000,NO BLACK,NO BUNDLE,0,0,0,,,,0,1,1,0,0.889153,0.527875,570,387,0.851546,STAND TARGET JUMP REJECTED,,,,,,,,,,
540,18.000000,31.469,20.450,0,0,0,0.000000,0.000000,0.000000,0.000000,0.000000,0,0.000,0.000,NO BLACK,NO BUNDLE,0,0,0,,,,0,1,1,0,0.889153,0.527875,570,387,0.851546,STAND TARGET JUMP REJECTED,,,,,,,,,,
541,18.033333,32.725,21.532,0,0,61,0.000000,0.000000,0.800331,0.000000,0.000000,0,0.000,0.000,NO BLACK,NO BUNDLE,0,0,0,,,,0,1,1,0,0.889153,0.527875,570,387,0.851546,STAND TARGET JUMP REJECTED,,,,,,,,,,
542,18.066667,29.215,20.614,0,0,0,0.000000,0.000000,0.000000,0.000000,0.000000,0,0.000,0.000,NO BLACK,NO BUNDLE,0,0,0,,,,0,1,1,1,0.925548,0.588517,607,418,0.664307,STAND LOCKED,,,,,,,,,,
543,18.100000,34.174,21.538,0,0,0,0.000000,0.000000,0.000000,0.000000,0.000000,0,0.000,0.000,NO BLACK,NO BUNDLE,0,0,0,,,,0,1,1,1,0.925548,0.588517,607,418,0.664307,STAND LOCKED,,,,,,,,,,
544,18.133333,35.893,20.541,40,0,2,0.742358,0.000000,0.706830,0.000000,0.000000,0,0.000,0.000,NO BLACK,NO BUNDLE,0,0,0,,,,0,1,1,0,0.925548,0.588517,607,418,0.664307,STAND TEMPORARILY LOST (1),,,,,,,,,,
545,18.166667,29.982,21.984,159,0,23,0.851040,0.000000,0.773750,0.000000,0.000000,0,0.000,0.000,NO BLACK,NO BUNDLE,0,0,0,,,,0,1,1,0,0.925548,0.588517,607,418,0.664307,STAND TEMPORARILY LOST (1),,,,,,,,,,
546,18.200000,31.913,21.119,511,0,158,0.813374,0.000000,0.856216,0.000000,0.000000,0,0.000,0.000,NO LASHING,NO BUNDLE,0,0,0,,,,0,1,1,1,0.843227,0.595089,624,406,0.538799,STAND LOCKED,,,,,,,,,,
547,18.233333,33.403,22.109,174,0,94,0.800581,0.000000,0.798094,0.000000,0.000000,0,0.000,0.000,NO BLACK,NO BUNDLE,0,0,0,,,,0,1,1,1,0.843227,0.595089,624,406,0.538799,STAND LOCKED,,,,,,,,,,
548,18.266667,29.869,21.361,81,0,232,0.808114,0.000000,0.892186,0.000000,0.000000,0,0.000,0.000,NO BLACK,NO BUNDLE,0,0,0,,,,0,1,1,1,0.677491,0.607582,785,396,0.492251,STAND LOCKED,,,,,,,,,,
549,18.300000,34.304,22.140,36,0,195,0.749294,0.000000,0.863096,0.000000,0.000000,0,0.000,0.000,NO BLACK,NO BUNDLE,0,0,0,,,,0,1,1,1,0.677491,0.607582,785,396,0.492251,STAND LOCKED,,,,,,,,,,
550,18.333333,37.463,21.039,329,0,73,0.866089,0.000000,0.758727,0.000000,0.000000,0,0.000,0.000,NO LASHING,NO BUNDLE,0,0,0,,,,0,1,1,0,0.677491,0.607582,785,396,0.492251,STAND TARGET JUMP REJECTED,,,,,,,,,,
551,18.366667,33.181,21.906,375,0,159,0.830718,0.000000,0.865191,0.000000,0.000000,0,0.000,0.000,NO LASHING,NO BUNDLE,0,0,0,,,,0,1,1,0,0.677491,0.607582,785,396,0.492251,STAND TARGET JUMP REJECTED,,,,,,,,,,
552,18.400000,37.577,20.864,339,0,215,0.836675,0.000000,0.862736,0.000000,0.000000,0,0.000,0.000,NO LASHING,NO BUNDLE,0,0,0,,,,0,1,1,1,0.892335,0.585235,861,447,0.471305,STAND LOCKED,,,,,,,,,,
553,18.433333,37.233,21.381,365,0,200,0.809928,0.000000,0.868734,0.000000,0.000000,0,0.000,0.000,NO LASHING,NO BUNDLE,0,0,0,,,,0,1,1,1,0.892335,0.585235,861,447,0.471305,STAND LOCKED,,,,,,,,,,
554,18.466667,31.390,20.524,79,0,123,0.740037,0.000000,0.845635,0.000000,0.000000,0,0.000,0.000,NO BLACK,NO BUNDLE,0,0,0,,,,0,1,1,1,0.841969,0.616253,922,416,0.458059,STAND LOCKED,,,,,,,,,,
555,18.500000,33.371,21.576,108,0,95,0.803450,0.000000,0.831661,0.000000,0.000000,0,0.000,0.000,NO BLACK,NO BUNDLE,0,0,0,,,,0,1,1,1,0.841969,0.616253,922,416,0.458059,STAND LOCKED,,,,,,,,,,
556,18.533333,32.664,20.484,175,0,211,0.840063,0.000000,0.871440,0.000000,0.000000,0,0.000,0.000,NO BLACK,NO BUNDLE,0,0,0,,,,0,1,1,1,0.917899,0.632725,947,392,0.471960,STAND LOCKED,,,,,,,,,,
557,18.566667,29.272,22.037,11,0,117,0.742069,0.000000,0.820754,0.000000,0.000000,0,0.000,0.000,NO BLACK,NO BUNDLE,0,0,0,,,,0,1,1,1,0.917899,0.632725,947,392,0.471960,STAND LOCKED,,,,,,,,,,
558,18.600000,35.299,20.607,0,0,211,0.000000,0.000000,0.861762,0.000000,0.000000,0,0.000,0.000,NO BLACK,NO BUNDLE,0,0,0,,,,0,1,1,0,0.917899,0.632725,947,392,0.471960,STAND TARGET JUMP REJECTED,,,,,,,,,,
559,18.633333,37.138,21.125,438,0,29,0.842049,0.000000,0.747944,0.000000,0.000000,0,0.000,0.000,NO LASHING,NO BUNDLE,0,0,0,,,,0,1,1,0,0.917899,0.632725,947,392,0.471960,STAND TARGET JUMP REJECTED,,,,,,,,,,
560,18.666667,31.808,19.402,0,0,159,0.000000,0.000000,0.855731,0.000000,0.000000,0,0.000,0.000,NO BLACK,NO BUNDLE,0,0,0,,,,0,1,1,0,0.917899,0.632725,947,392,0.471960,STAND TARGET JUMP REJECTED,,,,,,,,,,
561,18.700000,36.451,20.199,1,0,276,0.701847,0.000000,0.872135,0.000000,0.000000,0,0.000,0.000,NO BLACK,NO BUNDLE,0,0,0,,,,0,1,1,0,0.917899,0.632725,947,392,0.471960,STAND TARGET JUMP REJECTED,,,,,,,,,,
562,18.733333,32.687,19.168,0,0,258,0.000000,0.000000,0.899324,0.000000,0.000000,0,0.000,0.000,NO BLACK,NO BUNDLE,0,0,0,,,,0,1,1,0,0.917899,0.632725,947,392,0.471960,STAND TARGET JUMP REJECTED,,,,,,,,,,
563,18.766667,30.168,20.829,0,0,12,0.000000,0.000000,0.714170,0.000000,0.000000,0,0.000,0.000,NO BLACK,NO BUNDLE,0,0,0,,,,0,1,1,0,0.917899,0.632725,947,392,0.471960,STAND TARGET JUMP REJECTED,,,,,,,,,,
564,18.800000,33.557,19.586,0,0,66,0.000000,0.000000,0.819467,0.000000,0.000000,0,0.000,0.000,NO BLACK,NO BUNDLE,0,0,0,,,,0,0,0,0,0.000000,0.000000,,,,STAND TARGET JUMP REJECTED,,,,,,,,,,
565,18.833333,33.629,18.724,0,0,0,0.000000,0.000000,0.000000,0.000000,0.000000,0,0.000,0.000,NO BLACK,NO BUNDLE,0,0,0,,,,0,1,0,1,0.992500,0.683962,878,282,0.781944,ACQUIRING STAND 1/4,,,,,,,,,,
566,18.866667,35.297,17.964,0,0,0,0.000000,0.000000,0.000000,0.000000,0.000000,0,0.000,0.000,NO BLACK,NO BUNDLE,0,0,0,,,,0,1,0,1,0.714163,0.674659,922,361,0.586389,ACQUIRING STAND 2/4,,,,,,,,,,
567,18.900000,37.215,18.912,0,0,7,0.000000,0.000000,0.717553,0.000000,0.000000,0,0.000,0.000,NO BLACK,NO BUNDLE,0,0,0,,,,0,1,0,1,0.714163,0.674659,922,361,0.586389,ACQUIRING STAND 2/4,,,,,,,,,,
568,18.933333,32.414,18.188,0,0,0,0.000000,0.000000,0.000000,0.000000,0.000000,0,0.000,0.000,NO BLACK,NO BUNDLE,0,0,0,,,,0,1,0,0,0.714163,0.674659,922,361,0.586389,STAND TEMPORARILY LOST (1),,,,,,,,,,
569,18.966667,31.091,19.869,0,0,0,0.000000,0.000000,0.000000,0.000000,0.000000,0,0.000,0.000,NO BLACK,NO BUNDLE,0,0,0,,,,0,1,0,0,0.714163,0.674659,922,361,0.586389,STAND TEMPORARILY LOST (1),,,,,,,,,,
570,19.000000,31.728,19.023,5,0,0,0.736115,0.000000,0.000000,0.000000,0.000000,0,0.000,0.000,NO BLACK,NO BUNDLE,0,0,0,,,,0,1,0,0,0.714163,0.674659,922,361,0.586389,STAND TARGET JUMP REJECTED,,,,,,,,,,
571,19.033333,33.445,20.322,98,4,0,0.778677,0.623010,0.000000,0.700844,0.000000,0,0.000,0.000,NO BLACK,NO BUNDLE,0,0,0,,,,0,1,0,0,0.714163,0.674659,922,361,0.586389,STAND TARGET JUMP REJECTED,,,,,,,,,,
572,19.066667,29.627,19.546,336,0,0,0.829502,0.000000,0.000000,0.000000,0.000000,0,0.000,0.000,NO LASHING,NO BUNDLE,0,0,0,,,,0,1,0,0,0.714163,0.674659,922,361,0.586389,STAND TARGET JUMP REJECTED,,,,,,,,,,
573,19.100000,33.617,20.750,112,0,0,0.745548,0.000000,0.000000,0.000000,0.000000,0,0.000,0.000,NO BLACK,NO BUNDLE,0,0,0,,,,0,1,0,0,0.714163,0.674659,922,361,0.586389,STAND TARGET JUMP REJECTED,,,,,,,,,,
574,19.133333,33.818,19.676,80,0,0,0.752089,0.000000,0.000000,0.000000,0.000000,0,0.000,0.000,NO BLACK,NO BUNDLE,0,0,0,,,,0,0,0,0,0.000000,0.000000,,,,STAND TARGET JUMP REJECTED,,,,,,,,,,
575,19.166667,31.059,18.862,28,0,0,0.729029,0.000000,0.000000,0.000000,0.000000,0,0.000,0.000,NO BLACK,NO BUNDLE,0,0,0,,,,0,1,0,1,0.748254,0.636345,898,556,0.219444,ACQUIRING STAND 1/4,,,,,,,,,,
576,19.200000,32.842,18.200,0,0,0,0.000000,0.000000,0.000000,0.000000,0.000000,0,0.000,0.000,NO BLACK,NO BUNDLE,0,0,0,,,,0,1,0,1,0.599775,0.572925,887,588,0.187361,ACQUIRING STAND 2/4,,,,,,,,,,
577,19.233333,34.170,19.561,0,0,0,0.000000,0.000000,0.000000,0.000000,0.000000,0,0.000,0.000,NO BLACK,NO BUNDLE,0,0,0,,,,0,1,0,1,0.599775,0.572925,887,588,0.187361,ACQUIRING STAND 2/4,,,,,,,,,,
578,19.266667,29.658,18.874,0,0,0,0.000000,0.000000,0.000000,0.000000,0.000000,0,0.000,0.000,NO BLACK,NO BUNDLE,0,0,0,,,,0,1,0,0,0.599775,0.572925,887,588,0.187361,STAND TARGET JUMP REJECTED,,,,,,,,,,
579,19.300000,33.608,20.175,614,0,0,0.820195,0.000000,0.000000,0.000000,0.000000,0,0.000,0.000,NO LASHING,NO BUNDLE,0,0,0,,,,0,1,0,0,0.599775,0.572925,887,588,0.187361,STAND TARGET JUMP REJECTED,,,,,,,,,,
580,19.333333,33.816,19.260,246,0,0,0.772734,0.000000,0.000000,0.000000,0.000000,0,0.000,0.000,NO BLACK,NO BUNDLE,0,0,0,,,,0,1,0,0,0.599775,0.572925,887,588,0.187361,STAND TARGET JUMP REJECTED,,,,,,,,,,
581,19.366667,31.446,20.695,1528,0,0,0.861049,0.000000,0.000000,0.000000,0.000000,0,0.000,0.000,NO LASHING,NO BUNDLE,0,0,0,,,,0,1,0,0,0.599775,0.572925,887,588,0.187361,STAND TARGET JUMP REJECTED,,,,,,,,,,
582,19.400000,32.098,19.829,615,0,0,0.845013,0.000000,0.000000,0.000000,0.000000,0,0.000,0.000,NO LASHING,NO BUNDLE,0,0,0,,,,0,1,0,0,0.599775,0.572925,887,588,0.187361,STAND TARGET JUMP REJECTED,,,,,,,,,,
583,19.433333,32.203,21.126,0,0,0,0.000000,0.000000,0.000000,0.000000,0.000000,0,0.000,0.000,NO BLACK,NO BUNDLE,0,0,0,,,,0,1,0,0,0.599775,0.572925,887,588,0.187361,STAND TARGET JUMP REJECTED,,,,,,,,,,
584,19.466667,28.341,20.358,0,0,0,0.000000,0.000000,0.000000,0.000000,0.000000,0,0.000,0.000,NO BLACK,NO BUNDLE,0,0,0,,,,0,0,0,0,0.000000,0.000000,,,,STAND TARGET JUMP REJECTED,,,,,,,,,,
585,19.500000,30.083,19.585,3,0,0,0.708794,0.000000,0.000000,0.000000,0.000000,0,0.000,0.000,NO BLACK,NO BUNDLE,0,0,0,,,,0,1,0,1,0.907500,0.679739,581,264,0.719444,ACQUIRING STAND 1/4,,,,,,,,,,
586,19.533333,33.506,18.713,0,0,0,0.000000,0.000000,0.000000,0.000000,0.000000,0,0.000,0.000,NO BLACK,NO BUNDLE,0,0,0,,,,0,1,0,1,0.817298,0.648586,567,336,0.607153,ACQUIRING STAND 2/4,,,,,,,,,,
587,19.566667,27.908,20.672,2,0,0,0.705521,0.000000,0.000000,0.000000,0.000000,0,0.000,0.000,NO BLACK,NO BUNDLE,0,0,0,,,,0,1,0,1,0.817298,0.648586,567,336,0.607153,ACQUIRING STAND 2/4,,,,,,,,,,
588,19.600000,36.765,19.517,86,0,0,0.772504,0.000000,0.000000,0.000000,0.000000,0,0.000,0.000,NO BLACK,NO BUNDLE,0,0,0,,,,0,1,0,1,0.804970,0.680389,517,291,0.654399,ACQUIRING STAND 3/4,,,,,,,,,,
589,19.633333,36.026,20.333,0,0,0,0.000000,0.000000,0.000000,0.000000,0.000000,0,0.000,0.000,NO BLACK,NO BUNDLE,0,0,0,,,,0,1,0,1,0.804970,0.680389,517,291,0.654399,ACQUIRING STAND 3/4,,,,,,,,,,
590,19.666667,30.600,19.482,0,0,0,0.000000,0.000000,0.000000,0.000000,0.000000,0,0.000,0.000,NO BLACK,NO BUNDLE,0,0,0,,,,0,1,0,0,0.804970,0.680389,517,291,0.654399,STAND TARGET JUMP REJECTED,,,,,,,,,,
591,19.700000,33.504,20.602,0,0,0,0.000000,0.000000,0.000000,0.000000,0.000000,0,0.000,0.000,NO BLACK,NO BUNDLE,0,0,0,,,,0,1,0,0,0.804970,0.680389,517,291,0.654399,STAND TARGET JUMP REJECTED,,,,,,,,,,
592,19.733333,33.067,19.651,0,0,0,0.000000,0.000000,0.000000,0.000000,0.000000,0,0.000,0.000,NO BLACK,NO BUNDLE,0,0,0,,,,0,1,0,1,0.865000,0.675193,486,307,0.705452,ACQUIRING STAND 1/4,,,,,,,,,,
593,19.766667,31.505,21.091,0,0,0,0.000000,0.000000,0.000000,0.000000,0.000000,0,0.000,0.000,NO BLACK,NO BUNDLE,0,0,0,,,,0,1,0,1,0.865000,0.675193,486,307,0.705452,ACQUIRING STAND 1/4,,,,,,,,,,
594,19.800000,32.510,20.051,0,0,0,0.000000,0.000000,0.000000,0.000000,0.000000,0,0.000,0.000,NO BLACK,NO BUNDLE,0,0,0,,,,0,1,0,1,0.855350,0.627670,480,284,0.710856,ACQUIRING STAND 2/4,,,,,,,,,,
595,19.833333,33.380,21.239,0,0,0,0.000000,0.000000,0.000000,0.000000,0.000000,0,0.000,0.000,NO BLACK,NO BUNDLE,0,0,0,,,,0,1,0,1,0.855350,0.627670,480,284,0.710856,ACQUIRING STAND 2/4,,,,,,,,,,
596,19.866667,30.104,20.258,0,0,0,0.000000,0.000000,0.000000,0.000000,0.000000,0,0.000,0.000,NO BLACK,NO BUNDLE,0,0,0,,,,0,1,0,1,0.846667,0.659504,501,292,0.772107,ACQUIRING STAND 3/4,,,,,,,,,,
597,19.900000,33.395,21.387,0,0,0,0.000000,0.000000,0.000000,0.000000,0.000000,0,0.000,0.000,NO BLACK,NO BUNDLE,0,0,0,,,,0,1,0,1,0.846667,0.659504,501,292,0.772107,ACQUIRING STAND 3/4,,,,,,,,,,
598,19.933333,32.841,20.398,0,0,0,0.000000,0.000000,0.000000,0.000000,0.000000,0,0.000,0.000,NO BLACK,NO BUNDLE,0,0,0,,,,0,1,0,0,0.846667,0.659504,501,292,0.772107,STAND TARGET JUMP REJECTED,,,,,,,,,,
599,19.966667,30.435,21.913,0,0,0,0.000000,0.000000,0.000000,0.000000,0.000000,0,0.000,0.000,NO BLACK,NO BUNDLE,0,0,0,,,,0,1,0,0,0.846667,0.659504,501,292,0.772107,STAND TARGET JUMP REJECTED,,,,,,,,,,
600,20.000000,33.139,20.804,0,0,0,0.000000,0.000000,0.000000,0.000000,0.000000,0,0.000,0.000,NO BLACK,NO BUNDLE,0,0,0,,,,0,1,0,0,0.846667,0.659504,501,292,0.772107,STAND TEMPORARILY LOST (2),,,,,,,,,,
601,20.033333,32.369,21.953,0,0,0,0.000000,0.000000,0.000000,0.000000,0.000000,0,0.000,0.000,NO BLACK,NO BUNDLE,0,0,0,,,,0,1,0,0,0.846667,0.659504,501,292,0.772107,STAND TEMPORARILY LOST (2),,,,,,,,,,
602,20.066667,31.498,20.820,0,0,0,0.000000,0.000000,0.000000,0.000000,0.000000,0,0.000,0.000,NO BLACK,NO BUNDLE,0,0,0,,,,0,1,0,1,0.945000,0.665872,514,234,0.612518,ACQUIRING STAND 1/4,,,,,,,,,,
603,20.100000,33.193,21.846,0,0,0,0.000000,0.000000,0.000000,0.000000,0.000000,0,0.000,0.000,NO BLACK,NO BUNDLE,0,0,0,,,,0,1,0,1,0.945000,0.665872,514,234,0.612518,ACQUIRING STAND 1/4,,,,,,,,,,
604,20.133333,35.866,20.691,0,0,0,0.000000,0.000000,0.000000,0.000000,0.000000,0,0.000,0.000,NO BLACK,NO BUNDLE,0,0,0,,,,0,1,0,1,0.907982,0.642362,549,256,0.676675,ACQUIRING STAND 2/4,,,,,,,,,,
605,20.166667,30.245,22.096,0,0,0,0.000000,0.000000,0.000000,0.000000,0.000000,0,0.000,0.000,NO BLACK,NO BUNDLE,0,0,0,,,,0,1,0,1,0.907982,0.642362,549,256,0.676675,ACQUIRING STAND 2/4,,,,,,,,,,
606,20.200000,35.654,20.872,0,0,0,0.000000,0.000000,0.000000,0.000000,0.000000,0,0.000,0.000,NO BLACK,NO BUNDLE,0,0,0,,,,0,1,0,0,0.907982,0.642362,549,256,0.676675,STAND TARGET JUMP REJECTED,,,,,,,,,,
607,20.233333,34.243,21.776,0,0,0,0.000000,0.000000,0.000000,0.000000,0.000000,0,0.000,0.000,NO BLACK,NO BUNDLE,0,0,0,,,,0,1,0,0,0.907982,0.642362,549,256,0.676675,STAND TARGET JUMP REJECTED,,,,,,,,,,
608,20.266667,30.342,20.787,0,0,0,0.000000,0.000000,0.000000,0.000000,0.000000,0,0.000,0.000,NO BLACK,NO BUNDLE,0,0,0,,,,0,1,0,1,0.848415,0.619860,585,226,0.602420,ACQUIRING STAND 1/4,,,,,,,,,,
609,20.300000,35.337,21.632,0,0,0,0.000000,0.000000,0.000000,0.000000,0.000000,0,0.000,0.000,NO BLACK,NO BUNDLE,0,0,0,,,,0,1,0,1,0.848415,0.619860,585,226,0.602420,ACQUIRING STAND 1/4,,,,,,,,,,
610,20.333333,32.217,20.664,0,0,0,0.000000,0.000000,0.000000,0.000000,0.000000,0,0.000,0.000,NO BLACK,NO BUNDLE,0,0,0,,,,0,1,0,1,0.828088,0.627900,608,171,0.446784,ACQUIRING STAND 2/4,,,,,,,,,,
611,20.366667,31.403,21.828,0,0,0,0.000000,0.000000,0.000000,0.000000,0.000000,0,0.000,0.000,NO BLACK,NO BUNDLE,0,0,0,,,,0,1,0,1,0.828088,0.627900,608,171,0.446784,ACQUIRING STAND 2/4,,,,,,,,,,
612,20.400000,32.256,20.799,0,0,0,0.000000,0.000000,0.000000,0.000000,0.000000,0,0.000,0.000,NO BLACK,NO BUNDLE,0,0,0,,,,0,1,0,1,0.950143,0.661439,606,263,0.712094,ACQUIRING STAND 3/4,,,,,,,,,,
613,20.433333,33.912,21.636,0,0,0,0.000000,0.000000,0.000000,0.000000,0.000000,0,0.000,0.000,NO BLACK,NO BUNDLE,0,0,0,,,,0,1,0,1,0.950143,0.661439,606,263,0.712094,ACQUIRING STAND 3/4,,,,,,,,,,
614,20.466667,31.274,20.692,0,0,0,0.000000,0.000000,0.000000,0.000000,0.000000,0,0.000,0.000,NO BLACK,NO BUNDLE,0,0,0,,,,0,1,1,1,0.902766,0.658940,579,266,0.713081,STAND LOCKED,,,,,,,,,,
615,20.500000,34.518,21.529,0,0,0,0.000000,0.000000,0.000000,0.000000,0.000000,0,0.000,0.000,NO BLACK,NO BUNDLE,0,0,0,,,,0,1,1,1,0.902766,0.658940,579,266,0.713081,STAND LOCKED,,,,,,,,,,
616,20.533333,33.418,20.540,39,0,0,0.734752,0.000000,0.000000,0.000000,0.000000,0,0.000,0.000,NO BLACK,NO BUNDLE,0,0,0,,,,0,1,1,0,0.902766,0.658940,579,266,0.713081,STAND TARGET JUMP REJECTED,,,,,,,,,,
617,20.566667,32.182,21.557,149,0,0,0.781672,0.000000,0.000000,0.000000,0.000000,0,0.000,0.000,NO BLACK,NO BUNDLE,0,0,0,,,,0,1,1,0,0.902766,0.658940,579,266,0.713081,STAND TARGET JUMP REJECTED,,,,,,,,,,
618,20.600000,33.367,20.652,269,0,0,0.834225,0.000000,0.000000,0.000000,0.000000,0,0.000,0.000,NO LASHING,NO BUNDLE,0,0,0,,,,0,1,1,1,0.838015,0.638334,531,256,0.695956,STAND LOCKED,,,,,,,,,,
619,20.633333,35.681,21.361,0,0,0,0.000000,0.000000,0.000000,0.000000,0.000000,0,0.000,0.000,NO BLACK,NO BUNDLE,0,0,0,,,,0,1,1,1,0.838015,0.638334,531,256,0.695956,STAND LOCKED,,,,,,,,,,
620,20.666667,31.818,20.445,182,0,0,0.794128,0.000000,0.000000,0.000000,0.000000,0,0.000,0.000,NO BLACK,NO BUNDLE,0,0,0,,,,0,1,1,0,0.838015,0.638334,531,256,0.695956,STAND TARGET JUMP REJECTED,,,,,,,,,,
621,20.700000,34.811,21.246,338,0,0,0.823535,0.000000,0.000000,0.000000,0.000000,0,0.000,0.000,NO LASHING,NO BUNDLE,0,0,0,,,,0,1,1,0,0.838015,0.638334,531,256,0.695956,STAND TARGET JUMP REJECTED,,,,,,,,,,
622,20.733333,32.604,20.308,678,0,0,0.854759,0.000000,0.000000,0.000000,0.000000,0,0.000,0.000,NO LASHING,NO BUNDLE,0,0,0,,,,0,1,1,1,0.873055,0.599826,530,236,0.629430,STAND LOCKED,,,,,,,,,,
623,20.766667,32.072,21.329,1683,0,0,0.822356,0.000000,0.000000,0.000000,0.000000,0,0.000,0.000,NO LASHING,NO BUNDLE,0,0,0,,,,0,1,1,1,0.873055,0.599826,530,236,0.629430,STAND LOCKED,,,,,,,,,,
624,20.800000,33.280,20.492,347,0,0,0.777772,0.000000,0.000000,0.000000,0.000000,0,0.000,0.000,NO LASHING,NO BUNDLE,0,0,0,,,,0,1,1,0,0.873055,0.599826,530,236,0.629430,STAND TARGET JUMP REJECTED,,,,,,,,,,
625,20.833333,36.072,21.165,78,0,58,0.759697,0.000000,0.824290,0.000000,0.000000,0,0.000,0.000,NO BLACK,NO BUNDLE,0,0,0,,,,0,1,1,0,0.873055,0.599826,530,236,0.629430,STAND TARGET JUMP REJECTED,,,,,,,,,,
626,20.866667,28.584,19.649,27,0,0,0.731257,0.000000,0.000000,0.000000,0.000000,0,0.000,0.000,NO BLACK,NO BUNDLE,0,0,0,,,,0,1,1,1,0.873333,0.687341,609,217,0.569702,STAND LOCKED,,,,,,,,,,
627,20.900000,32.475,20.942,0,0,0,0.000000,0.000000,0.000000,0.000000,0.000000,0,0.000,0.000,NO BLACK,NO BUNDLE,0,0,0,,,,0,1,1,1,0.873333,0.687341,609,217,0.569702,STAND LOCKED,,,,,,,,,,
628,20.933333,32.311,20.398,14,0,0,0.741550,0.000000,0.000000,0.000000,0.000000,0,0.000,0.000,NO BLACK,NO BUNDLE,0,0,0,,,,0,1,1,1,0.875534,0.686230,639,259,0.602408,STAND LOCKED,,,,,,,,,,
629,20.966667,33.684,21.273,34,0,6,0.758467,0.000000,0.722468,0.000000,0.000000,0,0.000,0.000,NO BLACK,NO BUNDLE,0,0,0,,,,0,1,1,1,0.875534,0.686230,639,259,0.602408,STAND LOCKED,,,,,,,,,,
630,21.000000,34.053,20.470,624,0,0,0.821783,0.000000,0.000000,0.000000,0.000000,0,0.000,0.000,NO LASHING,NO BUNDLE,0,0,0,,,,0,1,1,0,0.875534,0.686230,639,259,0.602408,STAND TEMPORARILY LOST (1),,,,,,,,,,
631,21.033333,35.856,21.238,2,0,0,0.714744,0.000000,0.000000,0.000000,0.000000,0,0.000,0.000,NO BLACK,NO BUNDLE,0,0,0,,,,0,1,1,0,0.875534,0.686230,639,259,0.602408,STAND TEMPORARILY LOST (1),,,,,,,,,,
632,21.066667,28.651,19.746,0,0,0,0.000000,0.000000,0.000000,0.000000,0.000000,0,0.000,0.000,NO BLACK,NO BUNDLE,0,0,0,,,,0,1,1,0,0.875534,0.686230,639,259,0.602408,STAND TARGET JUMP REJECTED,,,,,,,,,,
633,21.100000,34.315,20.720,0,0,0,0.000000,0.000000,0.000000,0.000000,0.000000,0,0.000,0.000,NO BLACK,NO BUNDLE,0,0,0,,,,0,1,1,0,0.875534,0.686230,639,259,0.602408,STAND TARGET JUMP REJECTED,,,,,,,,,,
634,21.133333,30.664,19.288,0,0,0,0.000000,0.000000,0.000000,0.000000,0.000000,0,0.000,0.000,NO BLACK,NO BUNDLE,0,0,0,,,,0,1,1,1,0.958070,0.629937,638,273,0.680528,STAND LOCKED,,,,,,,,,,
635,21.166667,31.509,20.600,0,0,0,0.000000,0.000000,0.000000,0.000000,0.000000,0,0.000,0.000,NO BLACK,NO BUNDLE,0,0,0,,,,0,1,1,1,0.958070,0.629937,638,273,0.680528,STAND LOCKED,,,,,,,,,,
636,21.200000,33.891,19.683,0,0,13,0.000000,0.000000,0.736982,0.000000,0.000000,0,0.000,0.000,NO BLACK,NO BUNDLE,0,0,0,,,,0,1,1,0,0.958070,0.629937,638,273,0.680528,STAND TEMPORARILY LOST (1),,,,,,,,,,
637,21.233333,34.186,20.818,0,0,0,0.000000,0.000000,0.000000,0.000000,0.000000,0,0.000,0.000,NO BLACK,NO BUNDLE,0,0,0,,,,0,1,1,0,0.958070,0.629937,638,273,0.680528,STAND TEMPORARILY LOST (1),,,,,,,,,,
638,21.266667,34.149,19.178,0,0,0,0.000000,0.000000,0.000000,0.000000,0.000000,0,0.000,0.000,NO BLACK,NO BUNDLE,0,0,0,,,,0,1,1,0,0.958070,0.629937,638,273,0.680528,STAND TARGET JUMP REJECTED,,,,,,,,,,
639,21.300000,36.539,20.122,0,0,0,0.000000,0.000000,0.000000,0.000000,0.000000,0,0.000,0.000,NO BLACK,NO BUNDLE,0,0,0,,,,0,1,1,0,0.958070,0.629937,638,273,0.680528,STAND TARGET JUMP REJECTED,,,,,,,,,,
640,21.333333,39.399,18.500,0,0,19,0.000000,0.000000,0.739912,0.000000,0.000000,0,0.000,0.000,NO BLACK,NO BUNDLE,0,0,0,,,,0,1,1,0,0.958070,0.629937,638,273,0.680528,STAND TARGET JUMP REJECTED,,,,,,,,,,
641,21.366667,33.118,19.935,0,0,0,0.000000,0.000000,0.000000,0.000000,0.000000,0,0.000,0.000,NO BLACK,NO BUNDLE,0,0,0,,,,0,1,1,0,0.958070,0.629937,638,273,0.680528,STAND TARGET JUMP REJECTED,,,,,,,,,,
642,21.400000,34.182,19.173,0,0,4,0.000000,0.000000,0.713705,0.000000,0.000000,0,0.000,0.000,NO BLACK,NO BUNDLE,0,0,0,,,,0,0,0,0,0.000000,0.000000,,,,STAND TARGET JUMP REJECTED,,,,,,,,,,
643,21.433333,34.452,18.324,0,0,0,0.000000,0.000000,0.000000,0.000000,0.000000,0,0.000,0.000,NO BLACK,NO BUNDLE,0,0,0,,,,0,1,0,1,0.701269,0.664509,1006,575,0.322222,ACQUIRING STAND 1/4,,,,,,,,,,
644,21.466667,32.568,17.691,0,0,0,0.000000,0.000000,0.000000,0.000000,0.000000,0,0.000,0.000,NO BLACK,NO BUNDLE,0,0,0,,,,0,1,0,0,0.701269,0.664509,1006,575,0.322222,STAND TEMPORARILY LOST (1),,,,,,,,,,
645,21.500000,37.171,18.674,0,0,0,0.000000,0.000000,0.000000,0.000000,0.000000,0,0.000,0.000,NO BLACK,NO BUNDLE,0,0,0,,,,0,1,0,0,0.701269,0.664509,1006,575,0.322222,STAND TEMPORARILY LOST (1),,,,,,,,,,
646,21.533333,34.964,17.942,0,0,0,0.000000,0.000000,0.000000,0.000000,0.000000,0,0.000,0.000,NO BLACK,NO BUNDLE,0,0,0,,,,0,1,0,0,0.701269,0.664509,1006,575,0.322222,STAND TARGET JUMP REJECTED,,,,,,,,,,
647,21.566667,31.260,19.687,0,0,0,0.000000,0.000000,0.000000,0.000000,0.000000,0,0.000,0.000,NO BLACK,NO BUNDLE,0,0,0,,,,0,1,0,0,0.701269,0.664509,1006,575,0.322222,STAND TARGET JUMP REJECTED,,,,,,,,,,
648,21.600000,34.891,18.824,0,0,0,0.000000,0.000000,0.000000,0.000000,0.000000,0,0.000,0.000,NO BLACK,NO BUNDLE,0,0,0,,,,0,1,0,0,0.701269,0.664509,1006,575,0.322222,STAND TEMPORARILY LOST (3),,,,,,,,,,
649,21.633333,38.536,19.486,0,0,0,0.000000,0.000000,0.000000,0.000000,0.000000,0,0.000,0.000,NO BLACK,NO BUNDLE,0,0,0,,,,0,1,0,0,0.701269,0.664509,1006,575,0.322222,STAND TEMPORARILY LOST (3),,,,,,,,,,
650,21.666667,30.204,18.864,0,0,0,0.000000,0.000000,0.000000,0.000000,0.000000,0,0.000,0.000,NO BLACK,NO BUNDLE,0,0,0,,,,0,0,0,0,0.000000,0.000000,,,,STAND TARGET JUMP REJECTED,,,,,,,,,,
651,21.700000,32.786,18.230,0,0,0,0.000000,0.000000,0.000000,0.000000,0.000000,0,0.000,0.000,NO BLACK,NO BUNDLE,0,0,0,,,,0,0,0,0,0.550175,0.000000,,,,WEAK STAND GEOMETRY,,,,,,,,,,
652,21.733333,37.549,17.471,0,0,0,0.000000,0.000000,0.000000,0.000000,0.000000,0,0.000,0.000,NO BLACK,NO BUNDLE,0,0,0,,,,0,1,0,1,0.945000,0.672395,804,351,0.944444,ACQUIRING STAND 1/4,,,,,,,,,,
653,21.766667,32.912,18.943,0,0,0,0.000000,0.000000,0.000000,0.000000,0.000000,0,0.000,0.000,NO BLACK,NO BUNDLE,0,0,0,,,,0,1,0,1,0.945000,0.672395,804,351,0.944444,ACQUIRING STAND 1/4,,,,,,,,,,
654,21.800000,31.581,18.268,0,0,0,0.000000,0.000000,0.000000,0.000000,0.000000,0,0.000,0.000,NO BLACK,NO BUNDLE,0,0,0,,,,0,1,0,0,0.945000,0.672395,804,351,0.944444,STAND TARGET JUMP REJECTED,,,,,,,,,,
655,21.833333,35.230,19.384,4,0,0,0.709203,0.000000,0.000000,0.000000,0.000000,0,0.000,0.000,NO BLACK,NO BUNDLE,0,0,0,,,,0,1,0,0,0.945000,0.672395,804,351,0.944444,STAND TARGET JUMP REJECTED,,,,,,,,,,
656,21.866667,31.053,18.722,191,0,0,0.831086,0.000000,0.000000,0.000000,0.000000,0,0.000,0.000,NO BLACK,NO BUNDLE,0,0,0,,,,0,1,0,0,0.945000,0.672395,804,351,0.944444,STAND TARGET JUMP REJECTED,,,,,,,,,,
657,21.900000,32.811,20.086,47,0,0,0.759023,0.000000,0.000000,0.000000,0.000000,0,0.000,0.000,NO BLACK,NO BUNDLE,0,0,0,,,,0,1,0,0,0.945000,0.672395,804,351,0.944444,STAND TARGET JUMP REJECTED,,,,,,,,,,
658,21.933333,32.526,19.359,0,0,0,0.000000,0.000000,0.000000,0.000000,0.000000,0,0.000,0.000,NO BLACK,NO BUNDLE,0,0,0,,,,0,1,0,0,0.945000,0.672395,804,351,0.944444,STAND TEMPORARILY LOST (3),,,,,,,,,,
659,21.966667,30.282,20.998,5,0,0,0.708441,0.000000,0.000000,0.000000,0.000000,0,0.000,0.000,NO BLACK,NO BUNDLE,0,0,0,,,,0,1,0,0,0.945000,0.672395,804,351,0.944444,STAND TEMPORARILY LOST (3),,,,,,,,,,
660,22.000000,31.945,20.094,4,0,0,0.707451,0.000000,0.000000,0.000000,0.000000,0,0.000,0.000,NO BLACK,NO BUNDLE,0,0,0,,,,0,0,0,0,0.000000,0.000000,,,,WEAK STAND GEOMETRY,,,,,,,,,,
661,22.033333,33.656,19.290,3,0,0,0.708070,0.000000,0.000000,0.000000,0.000000,0,0.000,0.000,NO BLACK,NO BUNDLE,0,0,0,,,,0,1,0,1,0.783379,0.677715,636,58,0.137500,ACQUIRING STAND 1/4,,,,,,,,,,
662,22.066667,30.967,18.542,0,0,0,0.000000,0.000000,0.000000,0.000000,0.000000,0,0.000,0.000,NO BLACK,NO BUNDLE,0,0,0,,,,0,1,0,0,0.783379,0.677715,636,58,0.137500,STAND TARGET JUMP REJECTED,,,,,,,,,,
663,22.100000,35.580,19.621,29,0,0,0.748309,0.000000,0.000000,0.000000,0.000000,0,0.000,0.000,NO BLACK,NO BUNDLE,0,0,0,,,,0,1,0,0,0.783379,0.677715,636,58,0.137500,STAND TARGET JUMP REJECTED,,,,,,,,,,
664,22.133333,33.808,18.900,26,0,0,0.743212,0.000000,0.000000,0.000000,0.000000,0,0.000,0.000,NO BLACK,NO BUNDLE,0,0,0,,,,0,1,0,0,0.783379,0.677715,636,58,0.137500,STAND TARGET JUMP REJECTED,,,,,,,,,,
665,22.166667,33.702,20.164,0,0,0,0.000000,0.000000,0.000000,0.000000,0.000000,0,0.000,0.000,NO BLACK,NO BUNDLE,0,0,0,,,,0,1,0,0,0.783379,0.677715,636,58,0.137500,STAND TARGET JUMP REJECTED,,,,,,,,,,
666,22.200000,33.487,19.378,39,0,0,0.759605,0.000000,0.000000,0.000000,0.000000,0,0.000,0.000,NO BLACK,NO BUNDLE,0,0,0,,,,0,1,0,1,0.711711,0.723991,652,54,0.122222,ACQUIRING STAND 1/4,,,,,,,,,,
667,22.233333,34.603,20.375,25,0,0,0.729416,0.000000,0.000000,0.000000,0.000000,0,0.000,0.000,NO BLACK,NO BUNDLE,0,0,0,,,,0,1,0,1,0.711711,0.723991,652,54,0.122222,ACQUIRING STAND 1/4,,,,,,,,,,
668,22.266667,31.203,19.607,83,0,1,0.778297,0.000000,0.714939,0.000000,0.000000,0,0.000,0.000,NO BLACK,NO BUNDLE,0,0,0,,,,0,1,0,0,0.711711,0.723991,652,54,0.122222,STAND TEMPORARILY LOST (1),,,,,,,,,,
669,22.300000,35.654,20.470,0,0,0,0.000000,0.000000,0.000000,0.000000,0.000000,0,0.000,0.000,NO BLACK,NO BUNDLE,0,0,0,,,,0,1,0,0,0.711711,0.723991,652,54,0.122222,STAND TEMPORARILY LOST (1),,,,,,,,,,
670,22.333333,32.613,19.624,22,0,0,0.743309,0.000000,0.000000,0.000000,0.000000,0,0.000,0.000,NO BLACK,NO BUNDLE,0,0,0,,,,0,1,0,0,0.711711,0.723991,652,54,0.122222,STAND TARGET JUMP REJECTED,,,,,,,,,,
671,22.366667,31.490,21.008,9,0,0,0.724872,0.000000,0.000000,0.000000,0.000000,0,0.000,0.000,NO BLACK,NO BUNDLE,0,0,0,,,,0,1,0,0,0.711711,0.723991,652,54,0.122222,STAND TARGET JUMP REJECTED,,,,,,,,,,
672,22.400000,31.352,20.111,0,0,0,0.000000,0.000000,0.000000,0.000000,0.000000,0,0.000,0.000,NO BLACK,NO BUNDLE,0,0,0,,,,0,1,0,1,0.642790,0.650648,642,93,0.145139,ACQUIRING STAND 1/4,,,,,,,,,,
673,22.433333,33.775,20.956,37,0,0,0.776674,0.000000,0.000000,0.000000,0.000000,0,0.000,0.000,NO BLACK,NO BUNDLE,0,0,0,,,,0,1,0,1,0.642790,0.650648,642,93,0.145139,ACQUIRING STAND 1/4,,,,,,,,,,
674,22.466667,28.884,20.132,125,0,0,0.819995,0.000000,0.000000,0.000000,0.000000,0,0.000,0.000,NO BLACK,NO BUNDLE,0,0,0,,,,0,1,0,0,0.642790,0.650648,642,93,0.145139,STAND TEMPORARILY LOST (1),,,,,,,,,,
675,22.500000,33.991,21.132,43,0,0,0.768815,0.000000,0.000000,0.000000,0.000000,0,0.000,0.000,NO BLACK,NO BUNDLE,0,0,0,,,,0,1,0,0,0.642790,0.650648,642,93,0.145139,STAND TEMPORARILY LOST (1),,,,,,,,,,
676,22.533333,33.704,20.182,34,0,0,0.757343,0.000000,0.000000,0.000000,0.000000,0,0.000,0.000,NO BLACK,NO BUNDLE,0,0,0,,,,0,1,0,0,0.642790,0.650648,642,93,0.145139,STAND TARGET JUMP REJECTED,,,,,,,,,,
677,22.566667,32.084,21.257,10,0,0,0.721451,0.000000,0.000000,0.000000,0.000000,0,0.000,0.000,NO BLACK,NO BUNDLE,0,0,0,,,,0,1,0,0,0.642790,0.650648,642,93,0.145139,STAND TARGET JUMP REJECTED,,,,,,,,,,
678,22.600000,32.487,20.316,26,0,0,0.758312,0.000000,0.000000,0.000000,0.000000,0,0.000,0.000,NO BLACK,NO BUNDLE,0,0,0,,,,0,1,0,0,0.642790,0.650648,642,93,0.145139,STAND TEMPORARILY LOST (3),,,,,,,,,,
679,22.633333,34.409,21.155,5,0,0,0.704890,0.000000,0.000000,0.000000,0.000000,0,0.000,0.000,NO BLACK,NO BUNDLE,0,0,0,,,,0,1,0,0,0.642790,0.650648,642,93,0.145139,STAND TEMPORARILY LOST (3),,,,,,,,,,
680,22.666667,29.826,20.322,47,0,0,0.735765,0.000000,0.000000,0.000000,0.000000,0,0.000,0.000,NO BLACK,NO BUNDLE,0,0,0,,,,0,1,0,1,0.777254,0.699726,643,73,0.138646,ACQUIRING STAND 1/4,,,,,,,,,,
681,22.700000,34.324,21.199,1,0,0,0.700491,0.000000,0.000000,0.000000,0.000000,0,0.000,0.000,NO BLACK,NO BUNDLE,0,0,0,,,,0,1,0,1,0.777254,0.699726,643,73,0.138646,ACQUIRING STAND 1/4,,,,,,,,,,
682,22.733333,32.431,20.279,0,0,0,0.000000,0.000000,0.000000,0.000000,0.000000,0,0.000,0.000,NO BLACK,NO BUNDLE,0,0,0,,,,0,1,0,0,0.777254,0.699726,643,73,0.138646,STAND TEMPORARILY LOST (1),,,,,,,,,,
683,22.766667,32.749,21.345,0,0,0,0.000000,0.000000,0.000000,0.000000,0.000000,0,0.000,0.000,NO BLACK,NO BUNDLE,0,0,0,,,,0,1,0,0,0.777254,0.699726,643,73,0.138646,STAND TEMPORARILY LOST (1),,,,,,,,,,
684,22.800000,32.299,20.356,0,0,0,0.000000,0.000000,0.000000,0.000000,0.000000,0,0.000,0.000,NO BLACK,NO BUNDLE,0,0,0,,,,0,1,0,0,0.777254,0.699726,643,73,0.138646,STAND TEMPORARILY LOST (2),,,,,,,,,,
685,22.833333,33.697,21.257,0,0,0,0.000000,0.000000,0.000000,0.000000,0.000000,0,0.000,0.000,NO BLACK,NO BUNDLE,0,0,0,,,,0,1,0,0,0.777254,0.699726,643,73,0.138646,STAND TEMPORARILY LOST (2),,,,,,,,,,
686,22.866667,29.974,20.390,0,0,0,0.000000,0.000000,0.000000,0.000000,0.000000,0,0.000,0.000,NO BLACK,NO BUNDLE,0,0,0,,,,0,1,0,1,0.753152,0.664745,642,79,0.173918,ACQUIRING STAND 1/4,,,,,,,,,,
687,22.900000,37.008,21.092,0,0,108,0.000000,0.000000,0.830765,0.000000,0.000000,0,0.000,0.000,NO BLACK,NO BUNDLE,0,0,0,,,,0,1,0,1,0.753152,0.664745,642,79,0.173918,ACQUIRING STAND 1/4,,,,,,,,,,
688,22.933333,31.639,20.050,17,0,32,0.713666,0.000000,0.772114,0.000000,0.000000,0,0.000,0.000,NO BLACK,NO BUNDLE,0,0,0,,,,0,1,0,1,0.709292,0.659520,641,67,0.152361,ACQUIRING STAND 2/4,,,,,,,,,,
689,22.966667,31.381,21.385,13,0,0,0.737799,0.000000,0.000000,0.000000,0.000000,0,0.000,0.000,NO BLACK,NO BUNDLE,0,0,0,,,,0,1,0,1,0.709292,0.659520,641,67,0.152361,ACQUIRING STAND 2/4,,,,,,,,,,
690,23.000000,35.236,20.230,0,0,0,0.000000,0.000000,0.000000,0.000000,0.000000,0,0.000,0.000,NO BLACK,NO BUNDLE,0,0,0,,,,0,1,0,0,0.709292,0.659520,641,67,0.152361,STAND TEMPORARILY LOST (1),,,,,,,,,,
691,23.033333,36.027,21.029,28,0,0,0.744273,0.000000,0.000000,0.000000,0.000000,0,0.000,0.000,NO BLACK,NO BUNDLE,0,0,0,,,,0,1,0,0,0.709292,0.659520,641,67,0.152361,STAND TEMPORARILY LOST (1),,,,,,,,,,
692,23.066667,30.086,20.165,0,0,0,0.000000,0.000000,0.000000,0.000000,0.000000,0,0.000,0.000,NO BLACK,NO BUNDLE,0,0,0,,,,0,1,0,0,0.709292,0.659520,641,67,0.152361,STAND TARGET JUMP REJECTED,,,,,,,,,,
693,23.100000,35.986,20.974,5,0,0,0.729028,0.000000,0.000000,0.000000,0.000000,0,0.000,0.000,NO BLACK,NO BUNDLE,0,0,0,,,,0,1,0,0,0.709292,0.659520,641,67,0.152361,STAND TARGET JUMP REJECTED,,,,,,,,,,
694,23.133333,32.792,20.028,1,0,0,0.700607,0.000000,0.000000,0.000000,0.000000,0,0.000,0.000,NO BLACK,NO BUNDLE,0,0,0,,,,0,1,0,0,0.709292,0.659520,641,67,0.152361,STAND TEMPORARILY LOST (3),,,,,,,,,,
695,23.166667,31.811,21.281,40,0,0,0.741109,0.000000,0.000000,0.000000,0.000000,0,0.000,0.000,NO BLACK,NO BUNDLE,0,0,0,,,,0,1,0,0,0.709292,0.659520,641,67,0.152361,STAND TEMPORARILY LOST (3),,,,,,,,,,
696,23.200000,33.278,20.309,8,0,0,0.714978,0.000000,0.000000,0.000000,0.000000,0,0.000,0.000,NO BLACK,NO BUNDLE,0,0,0,,,,0,0,0,0,0.000000,0.000000,,,,STAND TARGET JUMP REJECTED,,,,,,,,,,
697,23.233333,32.822,19.506,1,0,0,0.702509,0.000000,0.000000,0.000000,0.000000,0,0.000,0.000,NO BLACK,NO BUNDLE,0,0,0,,,,0,1,0,1,0.964167,0.654022,576,312,0.844444,ACQUIRING STAND 1/4,,,,,,,,,,
698,23.266667,31.090,18.854,7,0,0,0.725475,0.000000,0.000000,0.000000,0.000000,0,0.000,0.000,NO BLACK,NO BUNDLE,0,0,0,,,,0,1,0,1,0.919167,0.677239,611,285,0.769583,ACQUIRING STAND 2/4,,,,,,,,,,
699,23.300000,31.304,20.373,15,0,0,0.735724,0.000000,0.000000,0.000000,0.000000,0,0.000,0.000,NO BLACK,NO BUNDLE,0,0,0,,,,0,1,0,1,0.919167,0.677239,611,285,0.769583,ACQUIRING STAND 2/4,,,,,,,,,,
700,23.333333,35.715,19.484,19,0,0,0.724224,0.000000,0.000000,0.000000,0.000000,0,0.000,0.000,NO BLACK,NO BUNDLE,0,0,0,,,,0,1,0,0,0.919167,0.677239,611,285,0.769583,STAND TARGET JUMP REJECTED,,,,,,,,,,
701,23.366667,31.188,20.879,192,0,0,0.815373,0.000000,0.000000,0.000000,0.000000,0,0.000,0.000,NO BLACK,NO BUNDLE,0,0,0,,,,0,1,0,0,0.919167,0.677239,611,285,0.769583,STAND TARGET JUMP REJECTED,,,,,,,,,,
702,23.400000,34.743,19.846,153,0,0,0.765099,0.000000,0.000000,0.000000,0.000000,0,0.000,0.000,NO BLACK,NO BUNDLE,0,0,0,,,,0,1,0,1,0.973333,0.681028,621,322,0.867285,ACQUIRING STAND 1/4,,,,,,,,,,
703,23.433333,35.854,20.489,8,0,0,0.707243,0.000000,0.000000,0.000000,0.000000,0,0.000,0.000,NO BLACK,NO BUNDLE,0,0,0,,,,0,1,0,1,0.973333,0.681028,621,322,0.867285,ACQUIRING STAND 1/4,,,,,,,,,,
704,23.466667,30.413,19.725,12,0,0,0.725321,0.000000,0.000000,0.000000,0.000000,0,0.000,0.000,NO BLACK,NO BUNDLE,0,0,0,,,,0,1,0,0,0.973333,0.681028,621,322,0.867285,STAND TEMPORARILY LOST (1),,,,,,,,,,
705,23.500000,35.332,20.602,24,0,0,0.722421,0.000000,0.000000,0.000000,0.000000,0,0.000,0.000,NO BLACK,NO BUNDLE,0,0,0,,,,0,1,0,0,0.973333,0.681028,621,322,0.867285,STAND TEMPORARILY LOST (1),,,,,,,,,,
706,23.533333,32.493,19.735,65,0,0,0.766194,0.000000,0.000000,0.000000,0.000000,0,0.000,0.000,NO BLACK,NO BUNDLE,0,0,0,,,,0,1,0,1,0.902896,0.661362,630,343,0.935695,ACQUIRING STAND 1/4,,,,,,,,,,
707,23.566667,31.797,20.965,0,0,0,0.000000,0.000000,0.000000,0.000000,0.000000,0,0.000,0.000,NO BLACK,NO BUNDLE,0,0,0,,,,0,1,0,1,0.902896,0.661362,630,343,0.935695,ACQUIRING STAND 1/4,,,,,,,,,,
708,23.600000,33.392,20.103,0,0,0,0.000000,0.000000,0.000000,0.000000,0.000000,0,0.000,0.000,NO BLACK,NO BUNDLE,0,0,0,,,,0,1,0,1,0.778183,0.598142,632,402,0.828215,ACQUIRING STAND 2/4,,,,,,,,,,
709,23.633333,35.870,20.935,0,0,0,0.000000,0.000000,0.000000,0.000000,0.000000,0,0.000,0.000,NO BLACK,NO BUNDLE,0,0,0,,,,0,1,0,1,0.778183,0.598142,632,402,0.828215,ACQUIRING STAND 2/4,,,,,,,,,,
710,23.666667,28.540,20.165,0,0,0,0.000000,0.000000,0.000000,0.000000,0.000000,0,0.000,0.000,NO BLACK,NO BUNDLE,0,0,0,,,,0,1,0,1,0.914167,0.634128,628,296,0.685891,ACQUIRING STAND 3/4,,,,,,,,,,
711,23.700000,37.722,20.854,0,0,0,0.000000,0.000000,0.000000,0.000000,0.000000,0,0.000,0.000,NO BLACK,NO BUNDLE,0,0,0,,,,0,1,0,1,0.914167,0.634128,628,296,0.685891,ACQUIRING STAND 3/4,,,,,,,,,,
712,23.733333,32.127,19.944,0,0,0,0.000000,0.000000,0.000000,0.000000,0.000000,0,0.000,0.000,NO BLACK,NO BUNDLE,0,0,0,,,,0,1,1,1,0.943603,0.641646,630,316,0.787609,STAND LOCKED,,,,,,,,,,
713,23.766667,31.099,21.217,0,0,0,0.000000,0.000000,0.000000,0.000000,0.000000,0,0.000,0.000,NO BLACK,NO BUNDLE,0,0,0,,,,0,1,1,1,0.943603,0.641646,630,316,0.787609,STAND LOCKED,,,,,,,,,,
714,23.800000,32.801,20.302,0,0,0,0.000000,0.000000,0.000000,0.000000,0.000000,0,0.000,0.000,NO BLACK,NO BUNDLE,0,0,0,,,,0,1,1,1,0.887661,0.642044,615,336,0.872341,STAND LOCKED,,,,,,,,,,
715,23.833333,36.506,21.089,0,0,0,0.000000,0.000000,0.000000,0.000000,0.000000,0,0.000,0.000,NO BLACK,NO BUNDLE,0,0,0,,,,0,1,1,1,0.887661,0.642044,615,336,0.872341,STAND LOCKED,,,,,,,,,,
716,23.866667,29.479,20.265,0,0,0,0.000000,0.000000,0.000000,0.000000,0.000000,0,0.000,0.000,NO BLACK,NO BUNDLE,0,0,0,,,,0,1,1,0,0.887661,0.642044,615,336,0.872341,STAND TEMPORARILY LOST (1),,,,,,,,,,
717,23.900000,35.482,20.984,0,0,0,0.000000,0.000000,0.000000,0.000000,0.000000,0,0.000,0.000,NO BLACK,NO BUNDLE,0,0,0,,,,0,1,1,0,0.887661,0.642044,615,336,0.872341,STAND TEMPORARILY LOST (1),,,,,,,,,,
718,23.933333,33.692,20.005,0,0,0,0.000000,0.000000,0.000000,0.000000,0.000000,0,0.000,0.000,NO BLACK,NO BUNDLE,0,0,0,,,,0,1,1,1,0.940545,0.642556,633,280,0.750817,STAND LOCKED,,,,,,,,,,
719,23.966667,31.904,21.325,0,0,0,0.000000,0.000000,0.000000,0.000000,0.000000,0,0.000,0.000,NO BLACK,NO BUNDLE,0,0,0,,,,0,1,1,1,0.940545,0.642556,633,280,0.750817,STAND LOCKED,,,,,,,,,,
720,24.000000,31.914,20.431,0,0,0,0.000000,0.000000,0.000000,0.000000,0.000000,0,0.000,0.000,NO BLACK,NO BUNDLE,0,0,0,,,,0,1,1,1,0.765154,0.540709,621,380,0.676271,STAND LOCKED,,,,,,,,,,
721,24.033333,33.623,21.377,0,0,0,0.000000,0.000000,0.000000,0.000000,0.000000,0,0.000,0.000,NO BLACK,NO BUNDLE,0,0,0,,,,0,1,1,1,0.765154,0.540709,621,380,0.676271,STAND LOCKED,,,,,,,,,,
722,24.066667,28.744,20.473,0,0,0,0.000000,0.000000,0.000000,0.000000,0.000000,0,0.000,0.000,NO BLACK,NO BUNDLE,0,0,0,,,,0,1,1,0,0.765154,0.540709,621,380,0.676271,STAND TARGET JUMP REJECTED,,,,,,,,,,
723,24.100000,34.513,21.282,0,0,0,0.000000,0.000000,0.000000,0.000000,0.000000,0,0.000,0.000,NO BLACK,NO BUNDLE,0,0,0,,,,0,1,1,0,0.765154,0.540709,621,380,0.676271,STAND TARGET JUMP REJECTED,,,,,,,,,,
724,24.133333,32.796,20.246,0,0,0,0.000000,0.000000,0.000000,0.000000,0.000000,0,0.000,0.000,NO BLACK,NO BUNDLE,0,0,0,,,,0,1,1,1,0.801204,0.554469,630,423,0.672516,STAND LOCKED,,,,,,,,,,
725,24.166667,32.059,21.483,0,7,0,0.000000,0.615637,0.000000,0.000000,0.000000,0,0.000,0.000,NO BLACK,NO BUNDLE,0,0,0,,,,0,1,1,1,0.801204,0.554469,630,423,0.672516,STAND LOCKED,,,,,,,,,,
726,24.200000,32.997,20.688,0,0,0,0.000000,0.000000,0.000000,0.000000,0.000000,0,0.000,0.000,NO BLACK,NO BUNDLE,0,0,0,,,,0,1,1,0,0.801204,0.554469,630,423,0.672516,STAND TARGET JUMP REJECTED,,,,,,,,,,
727,24.233333,35.429,21.291,50,0,0,0.731690,0.000000,0.000000,0.000000,0.000000,0,0.000,0.000,NO BLACK,NO BUNDLE,0,0,0,,,,0,1,1,0,0.801204,0.554469,630,423,0.672516,STAND TARGET JUMP REJECTED,,,,,,,,,,
728,24.266667,32.823,20.518,87,0,0,0.762656,0.000000,0.000000,0.000000,0.000000,0,0.000,0.000,NO BLACK,NO BUNDLE,0,0,0,,,,0,1,1,1,0.750137,0.529866,627,461,0.649438,STAND LOCKED,,,,,,,,,,
729,24.300000,35.592,21.292,0,0,0,0.000000,0.000000,0.000000,0.000000,0.000000,0,0.000,0.000,NO BLACK,NO BUNDLE,0,0,0,,,,0,1,1,1,0.750137,0.529866,627,461,0.649438,STAND LOCKED,,,,,,,,,,
730,24.333333,33.633,20.563,0,0,0,0.000000,0.000000,0.000000,0.000000,0.000000,0,0.000,0.000,NO BLACK,NO BUNDLE,0,0,0,,,,0,1,1,1,0.641897,0.517111,645,475,0.642108,STAND LOCKED,,,,,,,,,,
731,24.366667,30.642,21.943,0,0,0,0.000000,0.000000,0.000000,0.000000,0.000000,0,0.000,0.000,NO BLACK,NO BUNDLE,0,0,0,,,,0,1,1,1,0.641897,0.517111,645,475,0.642108,STAND LOCKED,,,,,,,,,,
732,24.400000,32.211,21.277,0,0,0,0.000000,0.000000,0.000000,0.000000,0.000000,0,0.000,0.000,NO BLACK,NO BUNDLE,0,0,0,,,,0,1,1,1,0.800369,0.517843,630,461,0.696101,STAND LOCKED,,,,,,,,,,
733,24.433333,33.751,22.074,0,0,0,0.000000,0.000000,0.000000,0.000000,0.000000,0,0.000,0.000,NO BLACK,NO BUNDLE,0,0,0,,,,0,1,1,1,0.800369,0.517843,630,461,0.696101,STAND LOCKED,,,,,,,,,,
734,24.466667,29.464,21.401,0,0,0,0.000000,0.000000,0.000000,0.000000,0.000000,0,0.000,0.000,NO BLACK,NO BUNDLE,0,0,0,,,,0,1,1,1,0.703912,0.542796,642,480,0.645537,STAND LOCKED,,,,,,,,,,
735,24.500000,34.560,22.174,0,0,0,0.000000,0.000000,0.000000,0.000000,0.000000,0,0.000,0.000,NO BLACK,NO BUNDLE,0,0,0,,,,0,1,1,1,0.703912,0.542796,642,480,0.645537,STAND LOCKED,,,,,,,,,,
736,24.533333,35.320,21.193,0,0,0,0.000000,0.000000,0.000000,0.000000,0.000000,0,0.000,0.000,NO BLACK,NO BUNDLE,0,0,0,,,,0,1,1,0,0.703912,0.542796,642,480,0.645537,STAND TARGET JUMP REJECTED,,,,,,,,,,
737,24.566667,32.088,22.124,240,0,0,0.782303,0.000000,0.000000,0.000000,0.000000,0,0.000,0.000,NO BLACK,NO BUNDLE,0,0,0,,,,0,1,1,0,0.703912,0.542796,642,480,0.645537,STAND TARGET JUMP REJECTED,,,,,,,,,,
738,24.600000,35.641,21.124,102,0,0,0.750253,0.000000,0.000000,0.000000,0.000000,0,0.000,0.000,NO BLACK,NO BUNDLE,0,0,0,,,,0,1,1,1,0.799418,0.532499,640,491,0.612853,STAND LOCKED,,,,,,,,,,
739,24.633333,32.570,22.178,759,0,0,0.803403,0.000000,0.000000,0.000000,0.000000,0,0.000,0.000,NO LASHING,NO BUNDLE,0,0,0,,,,0,1,1,1,0.799418,0.532499,640,491,0.612853,STAND LOCKED,,,,,,,,,,
740,24.666667,30.855,21.665,497,0,0,0.772596,0.000000,0.000000,0.000000,0.000000,0,0.000,0.000,NO LASHING,NO BUNDLE,0,0,0,,,,0,1,1,1,0.733661,0.508241,692,412,0.449187,STAND LOCKED,,,,,,,,,,
741,24.700000,34.721,22.240,661,0,0,0.792997,0.000000,0.000000,0.000000,0.000000,0,0.000,0.000,NO LASHING,NO BUNDLE,0,0,0,,,,0,1,1,1,0.733661,0.508241,692,412,0.449187,STAND LOCKED,,,,,,,,,,
742,24.733333,33.594,21.528,488,0,0,0.803728,0.000000,0.000000,0.000000,0.000000,0,0.000,0.000,NO LASHING,NO BUNDLE,0,0,0,,,,0,1,1,1,0.698574,0.530733,684,452,0.487828,STAND LOCKED,,,,,,,,,,
743,24.766667,30.511,22.770,360,0,0,0.783824,0.000000,0.000000,0.000000,0.000000,0,0.000,0.000,NO LASHING,NO BUNDLE,0,0,0,,,,0,1,1,1,0.698574,0.530733,684,452,0.487828,STAND LOCKED,,,,,,,,,,
744,24.800000,33.456,21.989,151,0,0,0.770410,0.000000,0.000000,0.000000,0.000000,0,0.000,0.000,NO BLACK,NO BUNDLE,0,0,0,,,,0,1,1,0,0.698574,0.530733,684,452,0.487828,STAND TEMPORARILY LOST (1),,,,,,,,,,
745,24.833333,33.061,22.855,32,0,0,0.742747,0.000000,0.000000,0.000000,0.000000,0,0.000,0.000,NO BLACK,NO BUNDLE,0,0,0,,,,0,1,1,0,0.698574,0.530733,684,452,0.487828,STAND TEMPORARILY LOST (1),,,,,,,,,,
746,24.866667,31.421,22.051,0,0,0,0.000000,0.000000,0.000000,0.000000,0.000000,0,0.000,0.000,NO BLACK,NO BUNDLE,0,0,0,,,,0,1,1,1,0.846252,0.548268,668,498,0.492995,STAND LOCKED,,,,,,,,,,
747,24.900000,34.924,22.642,0,0,0,0.000000,0.000000,0.000000,0.000000,0.000000,0,0.000,0.000,NO BLACK,NO BUNDLE,0,0,0,,,,0,1,1,1,0.846252,0.548268,668,498,0.492995,STAND LOCKED,,,,,,,,,,
748,24.933333,31.886,22.002,40,0,0,0.740861,0.000000,0.000000,0.000000,0.000000,0,0.000,0.000,NO BLACK,NO BUNDLE,0,0,0,,,,0,1,1,1,0.632186,0.480412,685,427,0.439556,STAND LOCKED,,,,,,,,,,
749,24.966667,30.904,23.163,231,0,0,0.812776,0.000000,0.000000,0.000000,0.000000,0,0.000,0.000,NO BLACK,NO BUNDLE,0,0,0,,,,0,1,1,1,0.632186,0.480412,685,427,0.439556,STAND LOCKED,,,,,,,,,,
750,25.000000,35.926,22.197,0,0,0,0.000000,0.000000,0.000000,0.000000,0.000000,0,0.000,0.000,NO BLACK,NO BUNDLE,0,0,0,,,,0,1,1,0,0.632186,0.480412,685,427,0.439556,STAND TEMPORARILY LOST (1),,,,,,,,,,
751,25.033333,35.160,22.715,215,0,0,0.779584,0.000000,0.000000,0.000000,0.000000,0,0.000,0.000,NO BLACK,NO BUNDLE,0,0,0,,,,0,1,1,0,0.632186,0.480412,685,427,0.439556,STAND TEMPORARILY LOST (1),,,,,,,,,,
752,25.066667,30.732,21.064,49,0,0,0.737106,0.000000,0.000000,0.000000,0.000000,0,0.000,0.000,NO BLACK,NO BUNDLE,0,0,0,,,,0,1,1,0,0.632186,0.480412,685,427,0.439556,STAND TARGET JUMP REJECTED,,,,,,,,,,
753,25.100000,33.827,21.895,0,0,0,0.000000,0.000000,0.000000,0.000000,0.000000,0,0.000,0.000,NO BLACK,NO BUNDLE,0,0,0,,,,0,1,1,0,0.632186,0.480412,685,427,0.439556,STAND TARGET JUMP REJECTED,,,,,,,,,,
754,25.133333,34.436,20.252,0,0,0,0.000000,0.000000,0.000000,0.000000,0.000000,0,0.000,0.000,NO BLACK,NO BUNDLE,0,0,0,,,,0,1,1,0,0.632186,0.480412,685,427,0.439556,STAND TARGET JUMP REJECTED,,,,,,,,,,
755,25.166667,30.299,21.705,0,0,0,0.000000,0.000000,0.000000,0.000000,0.000000,0,0.000,0.000,NO BLACK,NO BUNDLE,0,0,0,,,,0,1,1,0,0.632186,0.480412,685,427,0.439556,STAND TARGET JUMP REJECTED,,,,,,,,,,
756,25.200000,32.970,20.126,0,0,0,0.000000,0.000000,0.000000,0.000000,0.000000,0,0.000,0.000,NO BLACK,NO BUNDLE,0,0,0,,,,0,0,0,0,0.000000,0.000000,,,,STAND TARGET JUMP REJECTED,,,,,,,,,,
757,25.233333,34.060,19.269,32,0,0,0.737478,0.000000,0.000000,0.000000,0.000000,0,0.000,0.000,NO BLACK,NO BUNDLE,0,0,0,,,,0,1,0,1,0.776163,0.659913,650,418,0.406944,ACQUIRING STAND 1/4,,,,,,,,,,
758,25.266667,30.500,18.603,0,0,0,0.000000,0.000000,0.000000,0.000000,0.000000,0,0.000,0.000,NO BLACK,NO BUNDLE,0,0,0,,,,0,1,0,0,0.776163,0.659913,650,418,0.406944,STAND TARGET JUMP REJECTED,,,,,,,,,,
759,25.300000,33.196,20.027,0,0,0,0.000000,0.000000,0.000000,0.000000,0.000000,0,0.000,0.000,NO BLACK,NO BUNDLE,0,0,0,,,,0,1,0,0,0.776163,0.659913,650,418,0.406944,STAND TARGET JUMP REJECTED,,,,,,,,,,
760,25.333333,31.792,19.252,2,0,0,0.709434,0.000000,0.000000,0.000000,0.000000,0,0.000,0.000,NO BLACK,NO BUNDLE,0,0,0,,,,0,1,0,0,0.776163,0.659913,650,418,0.406944,STAND TARGET JUMP REJECTED,,,,,,,,,,
761,25.366667,30.847,20.634,0,0,0,0.000000,0.000000,0.000000,0.000000,0.000000,0,0.000,0.000,NO BLACK,NO BUNDLE,0,0,0,,,,0,1,0,0,0.776163,0.659913,650,418,0.406944,STAND TARGET JUMP REJECTED,,,,,,,,,,
762,25.400000,32.595,19.787,0,0,0,0.000000,0.000000,0.000000,0.000000,0.000000,0,0.000,0.000,NO BLACK,NO BUNDLE,0,0,0,,,,0,1,0,1,0.940388,0.650461,715,324,0.557431,ACQUIRING STAND 1/4,,,,,,,,,,
763,25.433333,34.440,20.714,0,0,0,0.000000,0.000000,0.000000,0.000000,0.000000,0,0.000,0.000,NO BLACK,NO BUNDLE,0,0,0,,,,0,1,0,1,0.940388,0.650461,715,324,0.557431,ACQUIRING STAND 1/4,,,,,,,,,,
764,25.466667,29.933,19.941,0,0,0,0.000000,0.000000,0.000000,0.000000,0.000000,0,0.000,0.000,NO BLACK,NO BUNDLE,0,0,0,,,,0,1,0,1,0.776381,0.582966,706,437,0.534247,ACQUIRING STAND 2/4,,,,,,,,,,
765,25.500000,33.427,20.973,0,0,0,0.000000,0.000000,0.000000,0.000000,0.000000,0,0.000,0.000,NO BLACK,NO BUNDLE,0,0,0,,,,0,1,0,1,0.776381,0.582966,706,437,0.534247,ACQUIRING STAND 2/4,,,,,,,,,,
766,25.533333,30.061,20.050,0,0,0,0.000000,0.000000,0.000000,0.000000,0.000000,0,0.000,0.000,NO BLACK,NO BUNDLE,0,0,0,,,,0,1,0,0,0.776381,0.582966,706,437,0.534247,STAND TARGET JUMP REJECTED,,,,,,,,,,
767,25.566667,31.065,21.279,0,0,0,0.000000,0.000000,0.000000,0.000000,0.000000,0,0.000,0.000,NO BLACK,NO BUNDLE,0,0,0,,,,0,1,0,0,0.776381,0.582966,706,437,0.534247,STAND TARGET JUMP REJECTED,,,,,,,,,,
768,25.600000,36.789,20.165,0,0,0,0.000000,0.000000,0.000000,0.000000,0.000000,0,0.000,0.000,NO BLACK,NO BUNDLE,0,0,0,,,,0,1,0,0,0.776381,0.582966,706,437,0.534247,STAND TARGET JUMP REJECTED,,,,,,,,,,
769,25.633333,36.726,20.963,0,0,0,0.000000,0.000000,0.000000,0.000000,0.000000,0,0.000,0.000,NO BLACK,NO BUNDLE,0,0,0,,,,0,1,0,0,0.776381,0.582966,706,437,0.534247,STAND TARGET JUMP REJECTED,,,,,,,,,,
770,25.666667,26.364,20.337,0,0,0,0.000000,0.000000,0.000000,0.000000,0.000000,0,0.000,0.000,NO BLACK,NO BUNDLE,0,0,0,,,,0,1,0,0,0.776381,0.582966,706,437,0.534247,STAND TARGET JUMP REJECTED,,,,,,,,,,
771,25.700000,36.532,21.075,0,0,0,0.000000,0.000000,0.000000,0.000000,0.000000,0,0.000,0.000,NO BLACK,NO BUNDLE,0,0,0,,,,0,1,0,0,0.776381,0.582966,706,437,0.534247,STAND TARGET JUMP REJECTED,,,,,,,,,,
772,25.733333,31.672,20.192,0,0,0,0.000000,0.000000,0.000000,0.000000,0.000000,0,0.000,0.000,NO BLACK,NO BUNDLE,0,0,0,,,,0,0,0,0,0.494868,0.000000,,,,WEAK STAND GEOMETRY,,,,,,,,,,
773,25.766667,29.661,19.489,0,0,0,0.000000,0.000000,0.000000,0.000000,0.000000,0,0.000,0.000,NO BLACK,NO BUNDLE,0,0,0,,,,0,1,0,1,0.898167,0.761104,642,325,0.888889,ACQUIRING STAND 1/4,,,,,,,,,,
774,25.800000,31.789,18.842,0,0,0,0.000000,0.000000,0.000000,0.000000,0.000000,0,0.000,0.000,NO BLACK,NO BUNDLE,0,0,0,,,,0,1,0,0,0.898167,0.761104,642,325,0.888889,STAND TEMPORARILY LOST (1),,,,,,,,,,
775,25.833333,31.056,20.479,0,0,0,0.000000,0.000000,0.000000,0.000000,0.000000,0,0.000,0.000,NO BLACK,NO BUNDLE,0,0,0,,,,0,1,0,0,0.898167,0.761104,642,325,0.888889,STAND TEMPORARILY LOST (1),,,,,,,,,,
776,25.866667,29.419,19.776,0,0,0,0.000000,0.000000,0.000000,0.000000,0.000000,0,0.000,0.000,NO BLACK,NO BUNDLE,0,0,0,,,,0,1,0,0,0.898167,0.761104,642,325,0.888889,STAND TARGET JUMP REJECTED,,,,,,,,,,
777,25.900000,31.381,21.263,0,0,0,0.000000,0.000000,0.000000,0.000000,0.000000,0,0.000,0.000,NO BLACK,NO BUNDLE,0,0,0,,,,0,1,0,0,0.898167,0.761104,642,325,0.888889,STAND TARGET JUMP REJECTED,,,,,,,,,,
778,25.933333,31.644,20.345,0,0,0,0.000000,0.000000,0.000000,0.000000,0.000000,0,0.000,0.000,NO BLACK,NO BUNDLE,0,0,0,,,,0,1,0,0,0.898167,0.761104,642,325,0.888889,STAND TARGET JUMP REJECTED,,,,,,,,,,
779,25.966667,33.483,21.341,0,0,0,0.000000,0.000000,0.000000,0.000000,0.000000,0,0.000,0.000,NO BLACK,NO BUNDLE,0,0,0,,,,0,1,0,0,0.898167,0.761104,642,325,0.888889,STAND TARGET JUMP REJECTED,,,,,,,,,,
780,26.000000,31.872,20.270,0,0,0,0.000000,0.000000,0.000000,0.000000,0.000000,0,0.000,0.000,NO BLACK,NO BUNDLE,0,0,0,,,,0,0,0,0,0.000000,0.000000,,,,STAND TARGET JUMP REJECTED,,,,,,,,,,
781,26.033333,34.796,19.309,0,0,0,0.000000,0.000000,0.000000,0.000000,0.000000,0,0.000,0.000,NO BLACK,NO BUNDLE,0,0,0,,,,0,1,0,1,0.855752,0.652086,989,456,0.711111,ACQUIRING STAND 1/4,,,,,,,,,,
782,26.066667,28.646,18.709,0,0,0,0.000000,0.000000,0.000000,0.000000,0.000000,0,0.000,0.000,NO BLACK,NO BUNDLE,0,0,0,,,,0,1,0,1,0.945000,0.660441,871,390,0.690486,ACQUIRING STAND 2/4,,,,,,,,,,
783,26.100000,33.486,20.050,0,0,0,0.000000,0.000000,0.000000,0.000000,0.000000,0,0.000,0.000,NO BLACK,NO BUNDLE,0,0,0,,,,0,1,0,1,0.945000,0.660441,871,390,0.690486,ACQUIRING STAND 2/4,,,,,,,,,,
784,26.133333,35.686,19.156,0,0,0,0.000000,0.000000,0.000000,0.000000,0.000000,0,0.000,0.000,NO BLACK,NO BUNDLE,0,0,0,,,,0,1,0,1,0.935181,0.646183,735,334,0.719399,ACQUIRING STAND 3/4,,,,,,,,,,
785,26.166667,29.459,20.952,0,0,0,0.000000,0.000000,0.000000,0.000000,0.000000,0,0.000,0.000,NO BLACK,NO BUNDLE,0,0,0,,,,0,1,0,1,0.935181,0.646183,735,334,0.719399,ACQUIRING STAND 3/4,,,,,,,,,,
786,26.200000,35.564,19.950,0,0,0,0.000000,0.000000,0.000000,0.000000,0.000000,0,0.000,0.000,NO BLACK,NO BUNDLE,0,0,0,,,,0,1,0,0,0.935181,0.646183,735,334,0.719399,STAND TARGET JUMP REJECTED,,,,,,,,,,
787,26.233333,32.111,21.241,0,0,0,0.000000,0.000000,0.000000,0.000000,0.000000,0,0.000,0.000,NO BLACK,NO BUNDLE,0,0,0,,,,0,1,0,0,0.935181,0.646183,735,334,0.719399,STAND TARGET JUMP REJECTED,,,,,,,,,,
788,26.266667,32.806,20.296,0,0,0,0.000000,0.000000,0.000000,0.000000,0.000000,0,0.000,0.000,NO BLACK,NO BUNDLE,0,0,0,,,,0,1,0,1,0.882674,0.626142,618,332,0.827132,ACQUIRING STAND 1/4,,,,,,,,,,
789,26.300000,35.062,21.234,0,0,0,0.000000,0.000000,0.000000,0.000000,0.000000,0,0.000,0.000,NO BLACK,NO BUNDLE,0,0,0,,,,0,1,0,1,0.882674,0.626142,618,332,0.827132,ACQUIRING STAND 1/4,,,,,,,,,,
790,26.333333,31.346,20.332,0,0,0,0.000000,0.000000,0.000000,0.000000,0.000000,0,0.000,0.000,NO BLACK,NO BUNDLE,0,0,0,,,,0,1,0,1,0.897500,0.701331,542,321,0.825196,ACQUIRING STAND 2/4,,,,,,,,,,
791,26.366667,31.412,21.573,0,0,0,0.000000,0.000000,0.000000,0.000000,0.000000,0,0.000,0.000,NO BLACK,NO BUNDLE,0,0,0,,,,0,1,0,1,0.897500,0.701331,542,321,0.825196,ACQUIRING STAND 2/4,,,,,,,,,,
792,26.400000,33.925,20.473,0,0,0,0.000000,0.000000,0.000000,0.000000,0.000000,0,0.000,0.000,NO BLACK,NO BUNDLE,0,0,0,,,,0,1,0,0,0.897500,0.701331,542,321,0.825196,STAND TARGET JUMP REJECTED,,,,,,,,,,
793,26.433333,32.536,21.606,0,0,0,0.000000,0.000000,0.000000,0.000000,0.000000,0,0.000,0.000,NO BLACK,NO BUNDLE,0,0,0,,,,0,1,0,0,0.897500,0.701331,542,321,0.825196,STAND TARGET JUMP REJECTED,,,,,,,,,,
794,26.466667,30.897,20.519,0,0,0,0.000000,0.000000,0.000000,0.000000,0.000000,0,0.000,0.000,NO BLACK,NO BUNDLE,0,0,0,,,,0,1,0,1,0.943870,0.672119,513,297,0.786894,ACQUIRING STAND 1/4,,,,,,,,,,
795,26.500000,32.565,21.664,0,0,0,0.000000,0.000000,0.000000,0.000000,0.000000,0,0.000,0.000,NO BLACK,NO BUNDLE,0,0,0,,,,0,1,0,1,0.943870,0.672119,513,297,0.786894,ACQUIRING STAND 1/4,,,,,,,,,,
796,26.533333,33.025,20.522,0,0,0,0.000000,0.000000,0.000000,0.000000,0.000000,0,0.000,0.000,NO BLACK,NO BUNDLE,0,0,0,,,,0,1,0,0,0.943870,0.672119,513,297,0.786894,STAND TARGET JUMP REJECTED,,,,,,,,,,
797,26.566667,34.495,21.361,0,0,0,0.000000,0.000000,0.000000,0.000000,0.000000,0,0.000,0.000,NO BLACK,NO BUNDLE,0,0,0,,,,0,1,0,0,0.943870,0.672119,513,297,0.786894,STAND TARGET JUMP REJECTED,,,,,,,,,,
798,26.600000,30.979,20.340,0,0,0,0.000000,0.000000,0.000000,0.000000,0.000000,0,0.000,0.000,NO BLACK,NO BUNDLE,0,0,0,,,,0,1,0,1,0.910833,0.718884,563,309,0.767366,ACQUIRING STAND 1/4,,,,,,,,,,
799,26.633333,34.905,21.277,0,0,0,0.000000,0.000000,0.000000,0.000000,0.000000,0,0.000,0.000,NO BLACK,NO BUNDLE,0,0,0,,,,0,1,0,1,0.910833,0.718884,563,309,0.767366,ACQUIRING STAND 1/4,,,,,,,,,,
800,26.666667,26.511,20.365,0,0,0,0.000000,0.000000,0.000000,0.000000,0.000000,0,0.000,0.000,NO BLACK,NO BUNDLE,0,0,0,,,,0,1,0,1,0.884906,0.659641,614,213,0.544690,ACQUIRING STAND 2/4,,,,,,,,,,
801,26.700000,34.942,21.304,0,0,0,0.000000,0.000000,0.000000,0.000000,0.000000,0,0.000,0.000,NO BLACK,NO BUNDLE,0,0,0,,,,0,1,0,1,0.884906,0.659641,614,213,0.544690,ACQUIRING STAND 2/4,,,,,,,,,,
802,26.733333,33.973,20.245,0,0,0,0.000000,0.000000,0.000000,0.000000,0.000000,0,0.000,0.000,NO BLACK,NO BUNDLE,0,0,0,,,,0,1,0,0,0.884906,0.659641,614,213,0.544690,STAND TARGET JUMP REJECTED,,,,,,,,,,
803,26.766667,32.777,21.465,0,0,0,0.000000,0.000000,0.000000,0.000000,0.000000,0,0.000,0.000,NO BLACK,NO BUNDLE,0,0,0,,,,0,1,0,0,0.884906,0.659641,614,213,0.544690,STAND TARGET JUMP REJECTED,,,,,,,,,,
804,26.800000,32.596,20.475,0,0,0,0.000000,0.000000,0.000000,0.000000,0.000000,0,0.000,0.000,NO BLACK,NO BUNDLE,0,0,0,,,,0,1,0,0,0.884906,0.659641,614,213,0.544690,STAND TARGET JUMP REJECTED,,,,,,,,,,
805,26.833333,32.200,21.736,0,0,0,0.000000,0.000000,0.000000,0.000000,0.000000,0,0.000,0.000,NO BLACK,NO BUNDLE,0,0,0,,,,0,1,0,0,0.884906,0.659641,614,213,0.544690,STAND TARGET JUMP REJECTED,,,,,,,,,,
806,26.866667,31.245,20.658,0,0,0,0.000000,0.000000,0.000000,0.000000,0.000000,0,0.000,0.000,NO BLACK,NO BUNDLE,0,0,0,,,,0,1,0,0,0.884906,0.659641,614,213,0.544690,STAND TARGET JUMP REJECTED,,,,,,,,,,
807,26.900000,31.793,21.882,0,0,0,0.000000,0.000000,0.000000,0.000000,0.000000,0,0.000,0.000,NO BLACK,NO BUNDLE,0,0,0,,,,0,1,0,0,0.884906,0.659641,614,213,0.544690,STAND TARGET JUMP REJECTED,,,,,,,,,,
808,26.933333,33.915,20.660,0,0,0,0.000000,0.000000,0.000000,0.000000,0.000000,0,0.000,0.000,NO BLACK,NO BUNDLE,0,0,0,,,,0,1,0,1,0.871114,0.590257,643,307,0.750805,ACQUIRING STAND 1/4,,,,,,,,,,
809,26.966667,30.461,22.113,0,0,0,0.000000,0.000000,0.000000,0.000000,0.000000,0,0.000,0.000,NO BLACK,NO BUNDLE,0,0,0,,,,0,1,0,1,0.871114,0.590257,643,307,0.750805,ACQUIRING STAND 1/4,,,,,,,,,,
810,27.000000,33.978,20.944,0,0,0,0.000000,0.000000,0.000000,0.000000,0.000000,0,0.000,0.000,NO BLACK,NO BUNDLE,0,0,0,,,,0,1,0,0,0.871114,0.590257,643,307,0.750805,STAND TARGET JUMP REJECTED,,,,,,,,,,
811,27.033333,32.042,22.156,0,0,0,0.000000,0.000000,0.000000,0.000000,0.000000,0,0.000,0.000,NO BLACK,NO BUNDLE,0,0,0,,,,0,1,0,0,0.871114,0.590257,643,307,0.750805,STAND TARGET JUMP REJECTED,,,,,,,,,,
812,27.066667,30.573,20.943,0,0,0,0.000000,0.000000,0.000000,0.000000,0.000000,0,0.000,0.000,NO BLACK,NO BUNDLE,0,0,0,,,,0,1,0,1,0.939017,0.640014,622,328,0.865709,ACQUIRING STAND 1/4,,,,,,,,,,
813,27.100000,34.956,21.680,0,0,0,0.000000,0.000000,0.000000,0.000000,0.000000,0,0.000,0.000,NO BLACK,NO BUNDLE,0,0,0,,,,0,1,0,1,0.939017,0.640014,622,328,0.865709,ACQUIRING STAND 1/4,,,,,,,,,,
814,27.133333,31.676,20.549,0,0,0,0.000000,0.000000,0.000000,0.000000,0.000000,0,0.000,0.000,NO BLACK,NO BUNDLE,0,0,0,,,,0,1,0,0,0.939017,0.640014,622,328,0.865709,STAND TARGET JUMP REJECTED,,,,,,,,,,
815,27.166667,31.179,21.832,0,0,0,0.000000,0.000000,0.000000,0.000000,0.000000,0,0.000,0.000,NO BLACK,NO BUNDLE,0,0,0,,,,0,1,0,0,0.939017,0.640014,622,328,0.865709,STAND TARGET JUMP REJECTED,,,,,,,,,,
816,27.200000,31.716,20.664,0,0,0,0.000000,0.000000,0.000000,0.000000,0.000000,0,0.000,0.000,NO BLACK,NO BUNDLE,0,0,0,,,,0,1,0,1,0.758424,0.572851,631,228,0.613389,ACQUIRING STAND 1/4,,,,,,,,,,
817,27.233333,32.222,21.772,0,0,0,0.000000,0.000000,0.000000,0.000000,0.000000,0,0.000,0.000,NO BLACK,NO BUNDLE,0,0,0,,,,0,1,0,1,0.758424,0.572851,631,228,0.613389,ACQUIRING STAND 1/4,,,,,,,,,,
818,27.266667,28.057,20.805,0,0,0,0.000000,0.000000,0.000000,0.000000,0.000000,0,0.000,0.000,NO BLACK,NO BUNDLE,0,0,0,,,,0,1,0,0,0.758424,0.572851,631,228,0.613389,STAND TARGET JUMP REJECTED,,,,,,,,,,
819,27.300000,37.103,21.455,0,0,0,0.000000,0.000000,0.000000,0.000000,0.000000,0,0.000,0.000,NO BLACK,NO BUNDLE,0,0,0,,,,0,1,0,0,0.758424,0.572851,631,228,0.613389,STAND TARGET JUMP REJECTED,,,,,,,,,,
820,27.333333,31.813,20.368,0,0,0,0.000000,0.000000,0.000000,0.000000,0.000000,0,0.000,0.000,NO BLACK,NO BUNDLE,0,0,0,,,,0,1,0,1,0.940617,0.563779,638,296,0.745053,ACQUIRING STAND 1/4,,,,,,,,,,
821,27.366667,30.818,21.718,0,0,51,0.000000,0.000000,0.780367,0.000000,0.000000,0,0.000,0.000,NO BLACK,NO BUNDLE,0,0,0,,,,0,1,0,1,0.940617,0.563779,638,296,0.745053,ACQUIRING STAND 1/4,,,,,,,,,,
822,27.400000,33.743,20.487,0,0,0,0.000000,0.000000,0.000000,0.000000,0.000000,0,0.000,0.000,NO BLACK,NO BUNDLE,0,0,0,,,,0,1,0,1,0.997139,0.608719,710,331,0.868468,ACQUIRING STAND 2/4,,,,,,,,,,
823,27.433333,35.194,21.313,0,0,0,0.000000,0.000000,0.000000,0.000000,0.000000,0,0.000,0.000,NO BLACK,NO BUNDLE,0,0,0,,,,0,1,0,1,0.997139,0.608719,710,331,0.868468,ACQUIRING STAND 2/4,,,,,,,,,,
824,27.466667,35.226,20.048,0,0,22,0.000000,0.000000,0.747090,0.000000,0.000000,0,0.000,0.000,NO BLACK,NO BUNDLE,0,0,0,,,,0,1,0,1,0.944090,0.630634,716,326,0.743727,ACQUIRING STAND 3/4,,,,,,,,,,
825,27.500000,33.686,21.097,0,0,0,0.000000,0.000000,0.000000,0.000000,0.000000,0,0.000,0.000,NO BLACK,NO BUNDLE,0,0,0,,,,0,1,0,1,0.944090,0.630634,716,326,0.743727,ACQUIRING STAND 3/4,,,,,,,,,,
826,27.533333,35.254,20.202,0,0,0,0.000000,0.000000,0.000000,0.000000,0.000000,0,0.000,0.000,NO BLACK,NO BUNDLE,0,0,0,,,,0,1,0,0,0.944090,0.630634,716,326,0.743727,STAND TARGET JUMP REJECTED,,,,,,,,,,
827,27.566667,32.787,20.665,2790,102,0,0.832846,0.636056,0.000000,0.734451,0.000000,0,0.000,0.000,GEOMETRY FAIL,NO BUNDLE,0,0,0,,,,0,1,0,0,0.944090,0.630634,716,326,0.743727,STAND TARGET JUMP REJECTED,,,,,,,,,,
828,27.600000,35.830,19.531,0,0,0,0.000000,0.000000,0.000000,0.000000,0.000000,0,0.000,0.000,NO BLACK,NO BUNDLE,0,0,0,,,,0,1,0,1,0.885147,0.694843,778,279,0.689122,ACQUIRING STAND 1/4,,,,,,,,,,
829,27.633333,35.389,20.478,0,0,0,0.000000,0.000000,0.000000,0.000000,0.000000,0,0.000,0.000,NO BLACK,NO BUNDLE,0,0,0,,,,0,1,0,1,0.885147,0.694843,778,279,0.689122,ACQUIRING STAND 1/4,,,,,,,,,,
830,27.666667,32.013,19.852,0,0,0,0.000000,0.000000,0.000000,0.000000,0.000000,0,0.000,0.000,NO BLACK,NO BUNDLE,0,0,0,,,,0,1,0,0,0.885147,0.694843,778,279,0.689122,STAND TEMPORARILY LOST (1),,,,,,,,,,
831,27.700000,31.544,21.240,0,0,0,0.000000,0.000000,0.000000,0.000000,0.000000,0,0.000,0.000,NO BLACK,NO BUNDLE,0,0,0,,,,0,1,0,0,0.885147,0.694843,778,279,0.689122,STAND TEMPORARILY LOST (1),,,,,,,,,,
832,27.733333,33.290,20.720,965,0,0,0.812621,0.000000,0.000000,0.000000,0.000000,0,0.000,0.000,NO LASHING,NO BUNDLE,0,0,0,,,,0,1,0,0,0.885147,0.694843,778,279,0.689122,STAND TEMPORARILY LOST (2),,,,,,,,,,
833,27.766667,34.387,21.585,0,0,0,0.000000,0.000000,0.000000,0.000000,0.000000,0,0.000,0.000,NO BLACK,NO BUNDLE,0,0,0,,,,0,1,0,0,0.885147,0.694843,778,279,0.689122,STAND TEMPORARILY LOST (2),,,,,,,,,,
834,27.800000,32.454,20.572,288,0,0,0.768931,0.000000,0.000000,0.000000,0.000000,0,0.000,0.000,NO LASHING,NO BUNDLE,0,0,0,,,,0,1,0,0,0.885147,0.694843,778,279,0.689122,STAND TEMPORARILY LOST (3),,,,,,,,,,
835,27.833333,33.551,21.554,589,0,0,0.783190,0.000000,0.000000,0.000000,0.000000,0,0.000,0.000,NO LASHING,NO BUNDLE,0,0,0,,,,0,1,0,0,0.885147,0.694843,778,279,0.689122,STAND TEMPORARILY LOST (3),,,,,,,,,,
836,27.866667,29.906,20.412,181,0,0,0.784664,0.000000,0.000000,0.000000,0.000000,0,0.000,0.000,NO BLACK,NO BUNDLE,0,0,0,,,,0,0,0,0,0.000000,0.000000,,,,NEED TWO DARK RAILS AND AN UPRIGHT,,,,,,,,,,
837,27.900000,31.398,19.593,136,0,0,0.765039,0.000000,0.000000,0.000000,0.000000,0,0.000,0.000,NO BLACK,NO BUNDLE,0,0,0,,,,0,0,0,0,0.000000,0.000000,,,,NEED TWO DARK RAILS AND AN UPRIGHT,,,,,,,,,,
838,27.933333,33.200,18.959,1731,0,0,0.826646,0.000000,0.000000,0.000000,0.000000,0,0.000,0.000,NO LASHING,NO BUNDLE,0,0,0,,,,0,0,0,0,0.000000,0.000000,,,,NEED TWO DARK RAILS AND AN UPRIGHT,,,,,,,,,,
839,27.966667,32.409,18.729,46,0,0,0.750510,0.000000,0.000000,0.000000,0.000000,0,0.000,0.000,NO BLACK,NO BUNDLE,0,0,0,,,,0,1,0,1,0.680247,0.551273,598,64,0.143056,ACQUIRING STAND 1/4,,,,,,,,,,
840,28.000000,31.385,18.654,2773,0,0,0.812193,0.000000,0.000000,0.000000,0.000000,0,0.000,0.000,NO LASHING,NO BUNDLE,0,0,0,,,,0,1,0,1,0.692012,0.523933,707,90,0.175903,ACQUIRING STAND 2/4,,,,,,,,,,
841,28.033333,31.520,20.242,3762,0,0,0.841103,0.000000,0.000000,0.000000,0.000000,0,0.000,0.000,NO LASHING,NO BUNDLE,0,0,0,,,,0,1,0,1,0.692012,0.523933,707,90,0.175903,ACQUIRING STAND 2/4,,,,,,,,,,
842,28.066667,30.968,19.758,1621,0,0,0.801708,0.000000,0.000000,0.000000,0.000000,0,0.000,0.000,NO LASHING,NO BUNDLE,0,0,0,,,,0,1,0,0,0.692012,0.523933,707,90,0.175903,STAND TARGET JUMP REJECTED,,,,,,,,,,
843,28.100000,36.265,20.518,95,0,0,0.737760,0.000000,0.000000,0.000000,0.000000,0,0.000,0.000,NO BLACK,NO BUNDLE,0,0,0,,,,0,1,0,0,0.692012,0.523933,707,90,0.175903,STAND TARGET JUMP REJECTED,,,,,,,,,,
844,28.133333,35.119,19.830,0,0,0,0.000000,0.000000,0.000000,0.000000,0.000000,0,0.000,0.000,NO BLACK,NO BUNDLE,0,0,0,,,,0,1,0,0,0.692012,0.523933,707,90,0.175903,STAND TEMPORARILY LOST (2),,,,,,,,,,
845,28.166667,31.336,21.179,0,0,0,0.000000,0.000000,0.000000,0.000000,0.000000,0,0.000,0.000,NO BLACK,NO BUNDLE,0,0,0,,,,0,1,0,0,0.692012,0.523933,707,90,0.175903,STAND TEMPORARILY LOST (2),,,,,,,,,,
846,28.200000,31.716,20.611,0,0,0,0.000000,0.000000,0.000000,0.000000,0.000000,0,0.000,0.000,NO BLACK,NO BUNDLE,0,0,0,,,,0,1,0,0,0.692012,0.523933,707,90,0.175903,STAND TEMPORARILY LOST (3),,,,,,,,,,
847,28.233333,32.606,21.806,0,0,0,0.000000,0.000000,0.000000,0.000000,0.000000,0,0.000,0.000,NO BLACK,NO BUNDLE,0,0,0,,,,0,1,0,0,0.692012,0.523933,707,90,0.175903,STAND TEMPORARILY LOST (3),,,,,,,,,,
848,28.266667,32.181,21.113,0,0,0,0.000000,0.000000,0.000000,0.000000,0.000000,0,0.000,0.000,NO BLACK,NO BUNDLE,0,0,0,,,,0,0,0,0,0.466964,0.000000,,,,WEAK STAND GEOMETRY,,,,,,,,,,
849,28.300000,34.896,20.451,0,0,0,0.000000,0.000000,0.000000,0.000000,0.000000,0,0.000,0.000,NO BLACK,NO BUNDLE,0,0,0,,,,0,1,0,1,0.596574,0.576105,210,291,0.244444,ACQUIRING STAND 1/4,,,,,,,,,,
850,28.333333,31.864,19.984,0,0,0,0.000000,0.000000,0.000000,0.000000,0.000000,0,0.000,0.000,NO BLACK,NO BUNDLE,0,0,0,,,,0,1,0,0,0.596574,0.576105,210,291,0.244444,STAND TARGET JUMP REJECTED,,,,,,,,,,
851,28.366667,29.841,21.620,0,0,0,0.000000,0.000000,0.000000,0.000000,0.000000,0,0.000,0.000,NO BLACK,NO BUNDLE,0,0,0,,,,0,1,0,0,0.596574,0.576105,210,291,0.244444,STAND TARGET JUMP REJECTED,,,,,,,,,,
852,28.400000,33.916,20.905,0,0,0,0.000000,0.000000,0.000000,0.000000,0.000000,0,0.000,0.000,NO BLACK,NO BUNDLE,0,0,0,,,,0,1,0,0,0.596574,0.576105,210,291,0.244444,STAND TEMPORARILY LOST (2),,,,,,,,,,
853,28.433333,36.087,21.593,0,0,0,0.000000,0.000000,0.000000,0.000000,0.000000,0,0.000,0.000,NO BLACK,NO BUNDLE,0,0,0,,,,0,1,0,0,0.596574,0.576105,210,291,0.244444,STAND TEMPORARILY LOST (2),,,,,,,,,,
854,28.466667,28.233,21.290,0,0,0,0.000000,0.000000,0.000000,0.000000,0.000000,0,0.000,0.000,NO BLACK,NO BUNDLE,0,0,0,,,,0,1,0,0,0.596574,0.576105,210,291,0.244444,STAND TEMPORARILY LOST (3),,,,,,,,,,
855,28.500000,32.922,22.325,0,0,0,0.000000,0.000000,0.000000,0.000000,0.000000,0,0.000,0.000,NO BLACK,NO BUNDLE,0,0,0,,,,0,1,0,0,0.596574,0.576105,210,291,0.244444,STAND TEMPORARILY LOST (3),,,,,,,,,,
856,28.533333,30.801,21.956,0,0,0,0.000000,0.000000,0.000000,0.000000,0.000000,0,0.000,0.000,NO BLACK,NO BUNDLE,0,0,0,,,,0,0,0,0,0.000000,0.000000,,,,STAND TARGET JUMP REJECTED,,,,,,,,,,
857,28.566667,29.106,21.741,0,0,0,0.000000,0.000000,0.000000,0.000000,0.000000,0,0.000,0.000,NO BLACK,NO BUNDLE,0,0,0,,,,0,1,0,1,0.769404,0.614887,622,140,0.291667,ACQUIRING STAND 1/4,,,,,,,,,,
858,28.600000,31.552,21.432,0,0,0,0.000000,0.000000,0.000000,0.000000,0.000000,0,0.000,0.000,NO BLACK,NO BUNDLE,0,0,0,,,,0,1,0,0,0.769404,0.614887,622,140,0.291667,STAND TEMPORARILY LOST (1),,,,,,,,,,
859,28.633333,32.803,22.402,0,0,0,0.000000,0.000000,0.000000,0.000000,0.000000,0,0.000,0.000,NO BLACK,NO BUNDLE,0,0,0,,,,0,1,0,0,0.769404,0.614887,622,140,0.291667,STAND TEMPORARILY LOST (1),,,,,,,,,,
860,28.666667,31.917,21.999,0,0,0,0.000000,0.000000,0.000000,0.000000,0.000000,0,0.000,0.000,NO BLACK,NO BUNDLE,0,0,0,,,,0,1,0,0,0.769404,0.614887,622,140,0.291667,STAND TEMPORARILY LOST (2),,,,,,,,,,
861,28.700000,32.306,23.005,0,0,0,0.000000,0.000000,0.000000,0.000000,0.000000,0,0.000,0.000,NO BLACK,NO BUNDLE,0,0,0,,,,0,1,0,0,0.769404,0.614887,622,140,0.291667,STAND TEMPORARILY LOST (2),,,,,,,,,,
862,28.733333,33.111,22.397,0,0,0,0.000000,0.000000,0.000000,0.000000,0.000000,0,0.000,0.000,NO BLACK,NO BUNDLE,0,0,0,,,,0,1,0,1,0.642994,0.529819,631,136,0.256528,ACQUIRING STAND 1/4,,,,,,,,,,
863,28.766667,30.955,23.528,0,0,0,0.000000,0.000000,0.000000,0.000000,0.000000,0,0.000,0.000,NO BLACK,NO BUNDLE,0,0,0,,,,0,1,0,1,0.642994,0.529819,631,136,0.256528,ACQUIRING STAND 1/4,,,,,,,,,,
864,28.800000,33.446,22.900,0,0,0,0.000000,0.000000,0.000000,0.000000,0.000000,0,0.000,0.000,NO BLACK,NO BUNDLE,0,0,0,,,,0,1,0,0,0.642994,0.529819,631,136,0.256528,STAND TEMPORARILY LOST (1),,,,,,,,,,
865,28.833333,31.688,23.878,0,0,0,0.000000,0.000000,0.000000,0.000000,0.000000,0,0.000,0.000,NO BLACK,NO BUNDLE,0,0,0,,,,0,1,0,0,0.642994,0.529819,631,136,0.256528,STAND TEMPORARILY LOST (1),,,,,,,,,,
866,28.866667,27.923,23.560,0,0,0,0.000000,0.000000,0.000000,0.000000,0.000000,0,0.000,0.000,NO BLACK,NO BUNDLE,0,0,0,,,,0,1,0,0,0.642994,0.529819,631,136,0.256528,STAND TEMPORARILY LOST (2),,,,,,,,,,
867,28.900000,31.475,24.457,0,0,0,0.000000,0.000000,0.000000,0.000000,0.000000,0,0.000,0.000,NO BLACK,NO BUNDLE,0,0,0,,,,0,1,0,0,0.642994,0.529819,631,136,0.256528,STAND TEMPORARILY LOST (2),,,,,,,,,,
868,28.933333,34.682,23.572,0,0,0,0.000000,0.000000,0.000000,0.000000,0.000000,0,0.000,0.000,NO BLACK,NO BUNDLE,0,0,0,,,,0,1,0,0,0.642994,0.529819,631,136,0.256528,STAND TEMPORARILY LOST (3),,,,,,,,,,
869,28.966667,29.434,24.648,0,0,0,0.000000,0.000000,0.000000,0.000000,0.000000,0,0.000,0.000,NO BLACK,NO BUNDLE,0,0,0,,,,0,1,0,0,0.642994,0.529819,631,136,0.256528,STAND TEMPORARILY LOST (3),,,,,,,,,,
870,29.000000,31.854,23.893,0,0,0,0.000000,0.000000,0.000000,0.000000,0.000000,0,0.000,0.000,NO BLACK,NO BUNDLE,0,0,0,,,,0,0,0,0,0.000000,0.000000,,,,STAND TARGET JUMP REJECTED,,,,,,,,,,
