frame,timestamp,inference_ms,processing_fps,black_pixels,lashing_pixels,messenger_pixels,black_confidence,lashing_confidence,messenger_confidence,bundle_confidence,contact_confidence,bundle_valid,messenger_intensity_mean,messenger_intensity_std,validation_reason,target_state,consecutive_valid_frames,target_found,target_locked,target_x,target_y,target_proximity,stale_frames,stand_found,stand_locked,stand_fresh,stand_confidence,stand_black_support,stand_x,stand_y,stand_proximity,stand_reason,pidnet_roi_x1,pidnet_roi_y1,pidnet_roi_x2,pidnet_roi_y2,mission_state,mission_reason,command_forward,command_right,command_down,command_yaw_rate
0,0.000000,263.050,3.105,0,0,0,0.000000,0.000000,0.000000,0.000000,0.000000,0,0.000,0.000,NO BLACK,NO BUNDLE,0,0,0,,,,0,0,0,0,0.000000,0.000000,,,,NEED TWO DARK RAILS AND AN UPRIGHT,,,,,,,,,,
1,0.033333,21.658,5.029,0,0,0,0.000000,0.000000,0.000000,0.000000,0.000000,0,0.000,0.000,NO BLACK,NO BUNDLE,0,0,0,,,,0,1,0,1,0.701628,0.723229,908,80,0.110185,ACQUIRING STAND 1/4,0,0,1920,1080,,,,,,
2,0.066667,18.856,7.092,0,0,0,0.000000,0.000000,0.000000,0.000000,0.000000,0,0.000,0.000,NO BLACK,NO BUNDLE,0,0,0,,,,0,1,0,0,0.701628,0.723229,908,80,0.110185,STAND TEMPORARILY LOST (1),0,0,1920,1080,,,,,,
3,0.100000,17.162,11.374,0,0,0,0.000000,0.000000,0.000000,0.000000,0.000000,0,0.000,0.000,NO BLACK,NO BUNDLE,0,0,0,,,,0,1,0,0,0.701628,0.723229,908,80,0.110185,STAND TEMPORARILY LOST (1),0,0,1920,1080,,,,,,
4,0.133333,16.623,12.566,0,0,0,0.000000,0.000000,0.000000,0.000000,0.000000,0,0.000,0.000,NO BLACK,NO BUNDLE,0,0,0,,,,0,1,0,0,0.701628,0.723229,908,80,0.110185,STAND TEMPORARILY LOST (2),0,0,1920,1080,,,,,,
5,0.166667,21.020,15.441,0,0,0,0.000000,0.000000,0.000000,0.000000,0.000000,0,0.000,0.000,NO BLACK,NO BUNDLE,0,0,0,,,,0,1,0,0,0.701628,0.723229,908,80,0.110185,STAND TEMPORARILY LOST (2),0,0,1920,1080,,,,,,
6,0.200000,17.064,16.075,0,0,0,0.000000,0.000000,0.000000,0.000000,0.000000,0,0.000,0.000,NO BLACK,NO BUNDLE,0,0,0,,,,0,1,0,0,0.701628,0.723229,908,80,0.110185,STAND TEMPORARILY LOST (3),0,0,1920,1080,,,,,,
7,0.233333,17.236,19.405,0,0,0,0.000000,0.000000,0.000000,0.000000,0.000000,0,0.000,0.000,NO BLACK,NO BUNDLE,0,0,0,,,,0,1,0,0,0.701628,0.723229,908,80,0.110185,STAND TEMPORARILY LOST (3),0,0,1920,1080,,,,,,
8,0.266667,21.339,19.098,0,0,0,0.000000,0.000000,0.000000,0.000000,0.000000,0,0.000,0.000,NO BLACK,NO BUNDLE,0,0,0,,,,0,0,0,0,0.000000,0.000000,,,,NEED TWO DARK RAILS AND AN UPRIGHT,0,0,1920,1080,,,,,,
9,0.300000,18.398,19.179,0,0,0,0.000000,0.000000,0.000000,0.000000,0.000000,0,0.000,0.000,NO BLACK,NO BUNDLE,0,0,0,,,,0,1,0,1,0.711150,0.706436,742,72,0.133333,ACQUIRING STAND 1/4,0,0,1920,1080,,,,,,
10,0.333333,16.508,19.320,0,0,0,0.000000,0.000000,0.000000,0.000000,0.000000,0,0.000,0.000,NO BLACK,NO BUNDLE,0,0,0,,,,0,1,0,0,0.711150,0.706436,742,72,0.133333,STAND TEMPORARILY LOST (1),0,0,1920,1080,,,,,,
11,0.366667,17.991,22.188,0,0,0,0.000000,0.000000,0.000000,0.000000,0.000000,0,0.000,0.000,NO BLACK,NO BUNDLE,0,0,0,,,,0,1,0,0,0.711150,0.706436,742,72,0.133333,STAND TEMPORARILY LOST (1),0,0,1920,1080,,,,,,
12,0.400000,17.335,21.725,0,0,0,0.000000,0.000000,0.000000,0.000000,0.000000,0,0.000,0.000,NO BLACK,NO BUNDLE,0,0,0,,,,0,1,0,0,0.711150,0.706436,742,72,0.133333,STAND TEMPORARILY LOST (2),0,0,1920,1080,,,,,,
13,0.433333,16.664,24.461,0,0,0,0.000000,0.000000,0.000000,0.000000,0.000000,0,0.000,0.000,NO BLACK,NO BUNDLE,0,0,0,,,,0,1,0,0,0.711150,0.706436,742,72,0.133333,STAND TEMPORARILY LOST (2),0,0,1920,1080,,,,,,
14,0.466667,20.139,23.372,0,0,0,0.000000,0.000000,0.000000,0.000000,0.000000,0,0.000,0.000,NO BLACK,NO BUNDLE,0,0,0,,,,0,1,0,0,0.711150,0.706436,742,72,0.133333,STAND TEMPORARILY LOST (3),0,0,1920,1080,,,,,,
15,0.500000,16.812,25.891,0,0,0,0.000000,0.000000,0.000000,0.000000,0.000000,0,0.000,0.000,NO BLACK,NO BUNDLE,0,0,0,,,,0,1,0,0,0.711150,0.706436,742,72,0.133333,STAND TEMPORARILY LOST (3),0,0,1920,1080,,,,,,
16,0.533333,20.653,24.621,0,0,0,0.000000,0.000000,0.000000,0.000000,0.000000,0,0.000,0.000,NO BLACK,NO BUNDLE,0,0,0,,,,0,0,0,0,0.000000,0.000000,,,,NEED TWO DARK RAILS AND AN UPRIGHT,0,0,1920,1080,,,,,,
17,0.566667,16.920,23.791,0,0,0,0.000000,0.000000,0.000000,0.000000,0.000000,0,0.000,0.000,NO BLACK,NO BUNDLE,0,0,0,,,,0,1,0,1,0.691790,0.755479,740,78,0.106481,ACQUIRING STAND 1/4,0,0,1920,1080,,,,,,
18,0.600000,17.739,22.987,0,0,0,0.000000,0.000000,0.000000,0.000000,0.000000,0,0.000,0.000,NO BLACK,NO BUNDLE,0,0,0,,,,0,1,0,0,0.691790,0.755479,740,78,0.106481,STAND TEMPORARILY LOST (1),0,0,1920,1080,,,,,,
19,0.633333,22.117,24.274,0,0,0,0.000000,0.000000,0.000000,0.000000,0.000000,0,0.000,0.000,NO BLACK,NO BUNDLE,0,0,0,,,,0,1,0,0,0.691790,0.755479,740,78,0.106481,STAND TEMPORARILY LOST (1),0,0,1920,1080,,,,,,
20,0.666667,16.951,23.510,0,0,0,0.000000,0.000000,0.000000,0.000000,0.000000,0,0.000,0.000,NO BLACK,NO BUNDLE,0,0,0,,,,0,1,0,0,0.691790,0.755479,740,78,0.106481,STAND TEMPORARILY LOST (2),0,0,1920,1080,,,,,,
21,0.700000,18.344,25.538,0,0,0,0.000000,0.000000,0.000000,0.000000,0.000000,0,0.000,0.000,NO BLACK,NO BUNDLE,0,0,0,,,,0,1,0,0,0.691790,0.755479,740,78,0.106481,STAND TEMPORARILY LOST (2),0,0,1920,1080,,,,,,
22,0.733333,17.831,24.616,0,0,0,0.000000,0.000000,0.000000,0.000000,0.000000,0,0.000,0.000,NO BLACK,NO BUNDLE,0,0,0,,,,0,1,0,0,0.691790,0.755479,740,78,0.106481,STAND TEMPORARILY LOST (3),0,0,1920,1080,,,,,,
23,0.766667,21.156,25.774,0,0,0,0.000000,0.000000,0.000000,0.000000,0.000000,0,0.000,0.000,NO BLACK,NO BUNDLE,0,0,0,,,,0,1,0,0,0.691790,0.755479,740,78,0.106481,STAND TEMPORARILY LOST (3),0,0,1920,1080,,,,,,
24,0.800000,17.609,24.909,0,0,0,0.000000,0.000000,0.000000,0.000000,0.000000,0,0.000,0.000,NO BLACK,NO BUNDLE,0,0,0,,,,0,0,0,0,0.000000,0.000000,,,,NEED TWO DARK RAILS AND AN UPRIGHT,0,0,1920,1080,,,,,,
25,0.833333,17.719,24.160,0,0,0,0.000000,0.000000,0.000000,0.000000,0.000000,0,0.000,0.000,NO BLACK,NO BUNDLE,0,0,0,,,,0,0,0,0,0.000000,0.000000,,,,NEED TWO DARK RAILS AND AN UPRIGHT,0,0,1920,1080,,,,,,
26,0.866667,16.490,23.526,0,0,0,0.000000,0.000000,0.000000,0.000000,0.000000,0,0.000,0.000,NO BLACK,NO BUNDLE,0,0,0,,,,0,0,0,0,0.000000,0.000000,,,,NEED TWO DARK RAILS AND AN UPRIGHT,0,0,1920,1080,,,,,,
27,0.900000,17.122,23.031,0,0,0,0.000000,0.000000,0.000000,0.000000,0.000000,0,0.000,0.000,NO BLACK,NO BUNDLE,0,0,0,,,,0,0,0,0,0.000000,0.000000,,,,NEED TWO DARK RAILS AND AN UPRIGHT,0,0,1920,1080,,,,,,
28,0.933333,17.874,22.436,0,0,0,0.000000,0.000000,0.000000,0.000000,0.000000,0,0.000,0.000,NO BLACK,NO BUNDLE,0,0,0,,,,0,0,0,0,0.000000,0.000000,,,,NEED TWO DARK RAILS AND AN UPRIGHT,0,0,1920,1080,,,,,,
29,0.966667,21.447,21.741,0,0,0,0.000000,0.000000,0.000000,0.000000,0.000000,0,0.000,0.000,NO BLACK,NO BUNDLE,0,0,0,,,,0,0,0,0,0.000000,0.000000,,,,NEED TWO DARK RAILS AND AN UPRIGHT,,,,,,,,,,
30,1.000000,17.669,21.344,0,0,0,0.000000,0.000000,0.000000,0.000000,0.000000,0,0.000,0.000,NO BLACK,NO BUNDLE,0,0,0,,,,0,1,0,1,0.705885,0.653299,932,76,0.118519,ACQUIRING STAND 1/4,0,0,1920,1080,,,,,,
31,1.033333,16.296,24.278,0,0,0,0.000000,0.000000,0.000000,0.000000,0.000000,0,0.000,0.000,NO BLACK,NO BUNDLE,0,0,0,,,,0,1,0,1,0.705885,0.653299,932,76,0.118519,ACQUIRING STAND 1/4,0,0,1920,1080,,,,,,
32,1.066667,16.078,23.711,0,0,0,0.000000,0.000000,0.000000,0.000000,0.000000,0,0.000,0.000,NO BLACK,NO BUNDLE,0,0,0,,,,0,1,0,0,0.705885,0.653299,932,76,0.118519,STAND TEMPORARILY LOST (1),0,0,1920,1080,,,,,,
33,1.100000,17.529,25.989,0,0,0,0.000000,0.000000,0.000000,0.000000,0.000000,0,0.000,0.000,NO BLACK,NO BUNDLE,0,0,0,,,,0,1,0,0,0.705885,0.653299,932,76,0.118519,STAND TEMPORARILY LOST (1),0,0,1920,1080,,,,,,
34,1.133333,16.203,25.103,0,0,0,0.000000,0.000000,0.000000,0.000000,0.000000,0,0.000,0.000,NO BLACK,NO BUNDLE,0,0,0,,,,0,1,0,0,0.705885,0.653299,932,76,0.118519,STAND TEMPORARILY LOST (2),0,0,1920,1080,,,,,,
35,1.166667,20.878,26.191,0,0,0,0.000000,0.000000,0.000000,0.000000,0.000000,0,0.000,0.000,NO BLACK,NO BUNDLE,0,0,0,,,,0,1,0,0,0.705885,0.653299,932,76,0.118519,STAND TEMPORARILY LOST (2),0,0,1920,1080,,,,,,
36,1.200000,16.847,25.197,0,0,0,0.000000,0.000000,0.000000,0.000000,0.000000,0,0.000,0.000,NO BLACK,NO BUNDLE,0,0,0,,,,0,1,0,0,0.705885,0.653299,932,76,0.118519,STAND TEMPORARILY LOST (3),0,0,1920,1080,,,,,,
37,1.233333,18.778,26.966,0,0,0,0.000000,0.000000,0.000000,0.000000,0.000000,0,0.000,0.000,NO BLACK,NO BUNDLE,0,0,0,,,,0,1,0,0,0.705885,0.653299,932,76,0.118519,STAND TEMPORARILY LOST (3),0,0,1920,1080,,,,,,
38,1.266667,16.954,25.824,0,0,0,0.000000,0.000000,0.000000,0.000000,0.000000,0,0.000,0.000,NO BLACK,NO BUNDLE,0,0,0,,,,0,0,0,0,0.000000,0.000000,,,,NEED TWO DARK RAILS AND AN UPRIGHT,0,0,1920,1080,,,,,,
39,1.300000,20.985,24.627,0,0,0,0.000000,0.000000,0.000000,0.000000,0.000000,0,0.000,0.000,NO BLACK,NO BUNDLE,0,0,0,,,,0,0,0,0,0.000000,0.000000,,,,NEED TWO DARK RAILS AND AN UPRIGHT,0,0,1920,1080,,,,,,
40,1.333333,17.028,23.858,0,0,0,0.000000,0.000000,0.000000,0.000000,0.000000,0,0.000,0.000,NO BLACK,NO BUNDLE,0,0,0,,,,0,0,0,0,0.000000,0.000000,,,,NEED TWO DARK RAILS AND AN UPRIGHT,0,0,1920,1080,,,,,,
41,1.366667,18.347,23.154,0,0,0,0.000000,0.000000,0.000000,0.000000,0.000000,0,0.000,0.000,NO BLACK,NO BUNDLE,0,0,0,,,,0,0,0,0,0.000000,0.000000,,,,NEED TWO DARK RAILS AND AN UPRIGHT,0,0,1920,1080,,,,,,
42,1.400000,17.020,22.584,0,0,0,0.000000,0.000000,0.000000,0.000000,0.000000,0,0.000,0.000,NO BLACK,NO BUNDLE,0,0,0,,,,0,0,0,0,0.000000,0.000000,,,,NEED TWO DARK RAILS AND AN UPRIGHT,0,0,1920,1080,,,,,,
43,1.433333,19.061,22.040,0,0,0,0.000000,0.000000,0.000000,0.000000,0.000000,0,0.000,0.000,NO BLACK,NO BUNDLE,0,0,0,,,,0,0,0,0,0.000000,0.000000,,,,NEED TWO DARK RAILS AND AN UPRIGHT,0,0,1920,1080,,,,,,
44,1.466667,17.178,21.728,0,0,0,0.000000,0.000000,0.000000,0.000000,0.000000,0,0.000,0.000,NO BLACK,NO BUNDLE,0,0,0,,,,0,0,0,0,0.000000,0.000000,,,,NEED TWO DARK RAILS AND AN UPRIGHT,0,0,1920,1080,,,,,,
45,1.500000,16.419,21.497,0,0,0,0.000000,0.000000,0.000000,0.000000,0.000000,0,0.000,0.000,NO BLACK,NO BUNDLE,0,0,0,,,,0,0,0,0,0.000000,0.000000,,,,NEED TWO DARK RAILS AND AN UPRIGHT,0,0,1920,1080,,,,,,
46,1.533333,18.028,21.144,0,0,0,0.000000,0.000000,0.000000,0.000000,0.000000,0,0.000,0.000,NO BLACK,NO BUNDLE,0,0,0,,,,0,1,0,1,0.692797,0.639567,592,96,0.140741,ACQUIRING STAND 1/4,0,0,1863,1048,,,,,,
47,1.566667,21.371,22.851,0,0,0,0.000000,0.000000,0.000000,0.000000,0.000000,0,0.000,0.000,NO BLACK,NO BUNDLE,0,0,0,,,,0,1,0,1,0.692797,0.639567,592,96,0.140741,ACQUIRING STAND 1/4,0,0,1863,1048,,,,,,
48,1.600000,16.547,22.193,0,0,0,0.000000,0.000000,0.000000,0.000000,0.000000,0,0.000,0.000,NO BLACK,NO BUNDLE,0,0,0,,,,0,1,0,0,0.692797,0.639567,592,96,0.140741,STAND TEMPORARILY LOST (1),0,0,1863,1048,,,,,,
49,1.633333,20.836,23.803,0,0,0,0.000000,0.000000,0.000000,0.000000,0.000000,0,0.000,0.000,NO BLACK,NO BUNDLE,0,0,0,,,,0,1,0,0,0.692797,0.639567,592,96,0.140741,STAND TEMPORARILY LOST (1),0,0,1863,1048,,,,,,
50,1.666667,16.569,23.218,0,0,0,0.000000,0.000000,0.000000,0.000000,0.000000,0,0.000,0.000,NO BLACK,NO BUNDLE,0,0,0,,,,0,1,0,0,0.692797,0.639567,592,96,0.140741,STAND TEMPORARILY LOST (2),0,0,1863,1048,,,,,,
51,1.700000,17.664,25.804,0,0,0,0.000000,0.000000,0.000000,0.000000,0.000000,0,0.000,0.000,NO BLACK,NO BUNDLE,0,0,0,,,,0,1,0,0,0.692797,0.639567,592,96,0.140741,STAND TEMPORARILY LOST (2),0,0,1863,1048,,,,,,
52,1.733333,17.046,24.869,0,0,0,0.000000,0.000000,0.000000,0.000000,0.000000,0,0.000,0.000,NO BLACK,NO BUNDLE,0,0,0,,,,0,1,0,0,0.692797,0.639567,592,96,0.140741,STAND TEMPORARILY LOST (3),0,0,1863,1048,,,,,,
53,1.766667,20.959,26.272,0,0,0,0.000000,0.000000,0.000000,0.000000,0.000000,0,0.000,0.000,NO BLACK,NO BUNDLE,0,0,0,,,,0,1,0,0,0.692797,0.639567,592,96,0.140741,STAND TEMPORARILY LOST (3),0,0,1863,1048,,,,,,
54,1.800000,17.648,25.241,0,0,0,0.000000,0.000000,0.000000,0.000000,0.000000,0,0.000,0.000,NO BLACK,NO BUNDLE,0,0,0,,,,0,0,0,0,0.000000,0.000000,,,,NEED TWO DARK RAILS AND AN UPRIGHT,0,0,1863,1048,,,,,,
55,1.833333,17.804,24.428,0,0,0,0.000000,0.000000,0.000000,0.000000,0.000000,0,0.000,0.000,NO BLACK,NO BUNDLE,0,0,0,,,,0,1,0,1,0.632505,0.608356,574,72,0.111111,ACQUIRING STAND 1/4,0,0,1607,904,,,,,,
56,1.866667,16.997,23.750,0,0,0,0.000000,0.000000,0.000000,0.000000,0.000000,0,0.000,0.000,NO BLACK,NO BUNDLE,0,0,0,,,,0,1,0,0,0.632505,0.608356,574,72,0.111111,STAND TEMPORARILY LOST (1),0,0,1607,904,,,,,,
57,1.900000,18.545,25.574,0,0,0,0.000000,0.000000,0.000000,0.000000,0.000000,0,0.000,0.000,NO BLACK,NO BUNDLE,0,0,0,,,,0,1,0,0,0.632505,0.608356,574,72,0.111111,STAND TEMPORARILY LOST (1),0,0,1607,904,,,,,,
58,1.933333,17.256,24.622,0,0,0,0.000000,0.000000,0.000000,0.000000,0.000000,0,0.000,0.000,NO BLACK,NO BUNDLE,0,0,0,,,,0,1,0,0,0.632505,0.608356,574,72,0.111111,STAND TEMPORARILY LOST (2),0,0,1607,904,,,,,,
59,1.966667,25.158,25.505,0,0,0,0.000000,0.000000,0.000000,0.000000,0.000000,0,0.000,0.000,NO BLACK,NO BUNDLE,0,0,0,,,,0,1,0,0,0.632505,0.608356,574,72,0.111111,STAND TEMPORARILY LOST (2),,,,,,,,,,
60,2.000000,17.762,24.347,0,0,0,0.000000,0.000000,0.000000,0.000000,0.000000,0,0.000,0.000,NO BLACK,NO BUNDLE,0,0,0,,,,0,1,0,0,0.632505,0.608356,574,72,0.111111,STAND TEMPORARILY LOST (3),0,0,1607,904,,,,,,
61,2.033333,18.926,26.393,0,0,0,0.000000,0.000000,0.000000,0.000000,0.000000,0,0.000,0.000,NO BLACK,NO BUNDLE,0,0,0,,,,0,1,0,0,0.632505,0.608356,574,72,0.111111,STAND TEMPORARILY LOST (3),0,0,1607,904,,,,,,
62,2.066667,20.379,25.109,0,0,0,0.000000,0.000000,0.000000,0.000000,0.000000,0,0.000,0.000,NO BLACK,NO BUNDLE,0,0,0,,,,0,1,0,1,0.731446,0.628223,793,80,0.137593,ACQUIRING STAND 1/4,0,0,1920,1080,,,,,,
63,2.100000,17.298,27.395,0,0,0,0.000000,0.000000,0.000000,0.000000,0.000000,0,0.000,0.000,NO BLACK,NO BUNDLE,0,0,0,,,,0,1,0,1,0.731446,0.628223,793,80,0.137593,ACQUIRING STAND 1/4,0,0,1920,1080,,,,,,
64,2.133333,21.056,25.986,0,0,0,0.000000,0.000000,0.000000,0.000000,0.000000,0,0.000,0.000,NO BLACK,NO BUNDLE,0,0,0,,,,0,1,0,0,0.731446,0.628223,793,80,0.137593,STAND TEMPORARILY LOST (1),0,0,1920,1080,,,,,,
65,2.166667,16.471,28.190,0,0,0,0.000000,0.000000,0.000000,0.000000,0.000000,0,0.000,0.000,NO BLACK,NO BUNDLE,0,0,0,,,,0,1,0,0,0.731446,0.628223,793,80,0.137593,STAND TEMPORARILY LOST (1),0,0,1920,1080,,,,,,
66,2.200000,18.805,26.764,0,28,0,0.000000,0.629173,0.000000,0.000000,0.000000,0,0.000,0.000,NO BLACK,NO BUNDLE,0,0,0,,,,0,1,0,0,0.731446,0.628223,793,80,0.137593,STAND TEMPORARILY LOST (2),0,0,1920,1080,,,,,,
67,2.233333,19.338,27.997,0,4,0,0.000000,0.608478,0.000000,0.000000,0.000000,0,0.000,0.000,NO BLACK,NO BUNDLE,0,0,0,,,,0,1,0,0,0.731446,0.628223,793,80,0.137593,STAND TEMPORARILY LOST (2),0,0,1920,1080,,,,,,
68,2.266667,21.559,26.418,0,0,0,0.000000,0.000000,0.000000,0.000000,0.000000,0,0.000,0.000,NO BLACK,NO BUNDLE,0,0,0,,,,0,1,0,0,0.731446,0.628223,793,80,0.137593,STAND TEMPORARILY LOST (3),0,0,1920,1080,,,,,,
69,2.300000,16.723,28.533,0,24,0,0.000000,0.626405,0.000000,0.000000,0.000000,0,0.000,0.000,NO BLACK,NO BUNDLE,0,0,0,,,,0,1,0,0,0.731446,0.628223,793,80,0.137593,STAND TEMPORARILY LOST (3),0,0,1920,1080,,,,,,
70,2.333333,20.633,27.006,0,0,0,0.000000,0.000000,0.000000,0.000000,0.000000,0,0.000,0.000,NO BLACK,NO BUNDLE,0,0,0,,,,0,0,0,0,0.000000,0.000000,,,,NEED TWO DARK RAILS AND AN UPRIGHT,0,0,1920,1080,,,,,,
71,2.366667,16.227,26.000,0,0,0,0.000000,0.000000,0.000000,0.000000,0.000000,0,0.000,0.000,NO BLACK,NO BUNDLE,0,0,0,,,,0,0,0,0,0.000000,0.000000,,,,NEED TWO DARK RAILS AND AN UPRIGHT,0,0,1920,1080,,,,,,
72,2.400000,18.619,24.938,0,0,0,0.000000,0.000000,0.000000,0.000000,0.000000,0,0.000,0.000,NO BLACK,NO BUNDLE,0,0,0,,,,0,0,0,0,0.000000,0.000000,,,,NEED TWO DARK RAILS AND AN UPRIGHT,0,0,1920,1080,,,,,,
73,2.433333,16.202,24.112,0,0,0,0.000000,0.000000,0.000000,0.000000,0.000000,0,0.000,0.000,NO BLACK,NO BUNDLE,0,0,0,,,,0,0,0,0,0.000000,0.000000,,,,NEED TWO DARK RAILS AND AN UPRIGHT,0,0,1920,1080,,,,,,
74,2.466667,18.270,23.462,0,0,0,0.000000,0.000000,0.000000,0.000000,0.000000,0,0.000,0.000,NO BLACK,NO BUNDLE,0,0,0,,,,0,0,0,0,0.000000,0.000000,,,,NEED TWO DARK RAILS AND AN UPRIGHT,0,0,1920,1080,,,,,,
75,2.500000,17.415,22.927,0,0,0,0.000000,0.000000,0.000000,0.000000,0.000000,0,0.000,0.000,NO BLACK,NO BUNDLE,0,0,0,,,,0,0,0,0,0.000000,0.000000,,,,NEED TWO DARK RAILS AND AN UPRIGHT,0,0,1920,1080,,,,,,
76,2.533333,16.939,21.346,9310,704,1106,0.897893,0.753201,0.827003,0.825547,0.000000,0,0.000,0.000,GEOMETRY FAIL,NO BUNDLE,0,0,0,,,,0,0,0,0,0.000000,0.000000,,,,NEED TWO DARK RAILS AND AN UPRIGHT,0,0,1920,1080,,,,,,
77,2.566667,17.074,21.446,11073,0,1022,0.921283,0.000000,0.796926,0.000000,0.000000,0,0.000,0.000,NO LASHING,NO BUNDLE,0,0,0,,,,0,0,0,0,0.000000,0.000000,,,,NEED TWO DARK RAILS AND AN UPRIGHT,0,0,1920,1080,,,,,,
78,2.600000,16.440,20.328,10875,167,1138,0.934476,0.685337,0.786266,0.809906,0.000000,0,0.000,0.000,GEOMETRY FAIL,NO BUNDLE,0,0,0,,,,0,1,0,1,0.828241,0.785160,728,148,0.274074,ACQUIRING STAND 1/4,0,0,1920,1080,,,,,,
79,2.633333,18.540,19.069,19857,8293,2734,0.862507,0.803603,0.845774,0.833055,0.000000,0,0.000,0.000,GEOMETRY FAIL,NO BUNDLE,0,0,0,,,,0,1,0,1,0.828241,0.785160,728,148,0.274074,ACQUIRING STAND 1/4,0,0,1920,1080,,,,,,
80,2.666667,17.088,17.899,12598,3155,2519,0.870157,0.688678,0.840068,0.779417,0.000000,0,0.000,0.000,COMPONENTS TOO FAR,NO BUNDLE,0,0,0,,,,0,1,0,1,0.999904,0.710739,798,217,0.402407,ACQUIRING STAND 2/4,0,0,1920,1080,,,,,,
81,2.700000,17.068,16.670,6959,2353,1889,0.835259,0.740798,0.870570,0.788028,0.000000,0,0.000,0.000,GEOMETRY FAIL,NO BUNDLE,0,0,0,,,,0,1,0,1,0.999904,0.710739,798,217,0.402407,ACQUIRING STAND 2/4,0,0,1920,1080,,,,,,
82,2.733333,17.295,15.395,19750,7662,4904,0.900825,0.783661,0.828832,0.842243,0.000000,0,125.744,11.533,APPEARANCE FAIL,NO BUNDLE,0,0,0,,,,0,1,0,1,0.818990,0.717983,786,356,0.404139,ACQUIRING STAND 3/4,0,0,1770,995,,,,,,
83,2.766667,18.152,14.571,28879,8135,10163,0.905199,0.799968,0.870961,0.852584,0.000000,0,0.000,0.000,GEOMETRY FAIL,NO BUNDLE,0,0,0,,,,0,1,0,1,0.818990,0.717983,786,356,0.404139,ACQUIRING STAND 3/4,0,0,1770,995,,,,,,
84,2.800000,18.165,13.923,26689,11816,3024,0.910602,0.809138,0.834772,0.859870,0.000000,0,0.000,0.000,GEOMETRY FAIL,NO BUNDLE,0,0,0,,,,0,1,0,0,0.818990,0.717983,786,356,0.404139,STAND TEMPORARILY LOST (1),0,0,1770,995,,,,,,
85,2.833333,20.949,13.540,26091,15238,2636,0.910869,0.805104,0.794634,0.857986,0.000000,0,0.000,0.000,GEOMETRY FAIL,NO BUNDLE,0,0,0,,,,0,1,0,0,0.818990,0.717983,786,356,0.404139,STAND TEMPORARILY LOST (1),0,0,1770,995,,,,,,
86,2.866667,17.083,12.584,26188,16335,4601,0.912758,0.802499,0.810473,0.857629,0.000000,0,0.000,0.000,GEOMETRY FAIL,NO BUNDLE,0,0,0,,,,0,1,0,0,0.818990,0.717983,786,356,0.404139,STAND TEMPORARILY LOST (2),0,0,1770,995,,,,,,
87,2.900000,20.703,12.437,25339,16813,2832,0.906483,0.809820,0.791073,0.858151,0.000000,0,0.000,0.000,COMPONENTS TOO FAR,NO BUNDLE,0,0,0,,,,0,1,0,0,0.818990,0.717983,786,356,0.404139,STAND TEMPORARILY LOST (2),0,0,1770,995,,,,,,
88,2.933333,18.249,12.015,25034,17210,2068,0.910194,0.784090,0.843746,0.847142,0.000000,0,0.000,0.000,GEOMETRY FAIL,NO BUNDLE,0,0,0,,,,0,1,0,1,0.758329,0.656592,688,480,0.452788,ACQUIRING STAND 2/4,0,1,1706,960,,,,,,
89,2.966667,18.407,12.325,26825,15052,3571,0.908046,0.817483,0.811258,0.862765,0.000000,0,0.000,0.000,GEOMETRY FAIL,NO BUNDLE,0,0,0,,,,0,1,0,1,0.758329,0.656592,688,480,0.452788,ACQUIRING STAND 2/4,,,,,,,,,,
90,3.000000,17.924,12.008,27615,16489,3307,0.903853,0.801937,0.797381,0.852895,0.000000,0,0.000,0.000,GEOMETRY FAIL,NO BUNDLE,0,0,0,,,,0,1,0,1,0.797853,0.636774,675,586,0.440051,ACQUIRING STAND 3/4,0,0,1920,1080,,,,,,
91,3.033333,18.865,11.816,26719,13789,3858,0.913879,0.796055,0.799346,0.854967,0.000000,0,0.000,0.000,GEOMETRY FAIL,NO BUNDLE,0,0,0,,,,0,1,0,1,0.797853,0.636774,675,586,0.440051,ACQUIRING STAND 3/4,0,0,1920,1080,,,,,,
92,3.066667,17.334,11.339,25714,14507,3044,0.904190,0.807810,0.792738,0.856000,0.000000,0,0.000,0.000,GEOMETRY FAIL,NO BUNDLE,0,0,0,,,,0,1,1,1,0.945000,0.651009,758,570,0.576403,STAND LOCKED,0,0,1920,1080,,,,,,
93,3.100000,18.861,11.408,23755,16275,3448,0.905555,0.804738,0.808052,0.855146,0.000000,0,0.000,0.000,GEOMETRY FAIL,NO BUNDLE,0,0,0,,,,0,1,1,1,0.945000,0.651009,758,570,0.576403,STAND LOCKED,0,0,1920,1080,,,,,,
94,3.133333,17.434,11.183,25140,19923,2944,0.908238,0.800002,0.805048,0.854120,0.000000,0,0.000,0.000,GEOMETRY FAIL,NO BUNDLE,0,0,0,,,,0,1,1,1,0.817895,0.655900,657,578,0.613316,STAND LOCKED,0,0,1920,1080,,,,,,
95,3.166667,19.167,11.428,25799,18343,1206,0.904394,0.798844,0.786185,0.851619,0.000000,0,0.000,0.000,GEOMETRY FAIL,NO BUNDLE,0,0,0,,,,0,1,1,1,0.817895,0.655900,657,578,0.613316,STAND LOCKED,0,0,1920,1080,,,,,,
96,3.200000,18.072,11.083,21278,16650,2776,0.895547,0.812258,0.819671,0.853903,0.000000,0,0.000,0.000,COMPONENTS TOO FAR,NO BUNDLE,0,0,0,,,,0,1,1,1,0.890816,0.753321,715,556,0.696131,STAND LOCKED,0,0,1920,1080,,,,,,
97,3.233333,18.003,11.226,22285,16577,2719,0.904560,0.762972,0.794514,0.833766,0.000000,0,0.000,0.000,COMPONENTS TOO FAR,NO BUNDLE,0,0,0,,,,0,1,1,1,0.890816,0.753321,715,556,0.696131,STAND LOCKED,0,0,1920,1080,,,,,,
98,3.266667,17.749,10.880,24734,15781,3518,0.911101,0.796726,0.815235,0.853914,0.000000,0,0.000,0.000,GEOMETRY FAIL,NO BUNDLE,0,0,0,,,,0,1,1,1,0.974878,0.802395,943,564,0.707935,STAND LOCKED,0,0,1920,1080,,,,,,
99,3.300000,19.930,10.951,23281,19245,1809,0.897975,0.778021,0.806543,0.837998,0.000000,0,0.000,0.000,GEOMETRY FAIL,NO BUNDLE,0,0,0,,,,0,1,1,1,0.974878,0.802395,943,564,0.707935,STAND LOCKED,0,0,1920,1080,,,,,,
100,3.333333,21.441,10.509,27356,19179,3772,0.908357,0.793295,0.819328,0.850826,0.000000,0,0.000,0.000,GEOMETRY FAIL,NO BUNDLE,0,0,0,,,,0,1,1,1,0.937642,0.712197,868,574,0.683200,STAND LOCKED,0,0,1920,1080,,,,,,
101,3.366667,18.609,10.356,23292,16533,2272,0.901938,0.774349,0.825668,0.838144,0.000000,0,0.000,0.000,GEOMETRY FAIL,NO BUNDLE,0,0,0,,,,0,1,1,1,0.937642,0.712197,868,574,0.683200,STAND LOCKED,0,0,1920,1080,,,,,,
102,3.400000,18.242,10.158,23457,21119,1757,0.900031,0.801095,0.843059,0.850563,0.000000,0,0.000,0.000,GEOMETRY FAIL,NO BUNDLE,0,0,0,,,,0,1,1,1,0.742188,0.733947,986,590,0.647116,STAND LOCKED,0,0,1920,1080,,,,,,
103,3.433333,18.590,10.530,20798,16319,3508,0.900311,0.803388,0.830235,0.851850,0.000000,0,0.000,0.000,GEOMETRY FAIL,NO BUNDLE,0,0,0,,,,0,1,1,1,0.742188,0.733947,986,590,0.647116,STAND LOCKED,0,0,1920,1080,,,,,,
104,3.466667,16.585,10.155,19113,17999,3687,0.893658,0.818161,0.798801,0.855910,0.000000,0,0.000,0.000,GEOMETRY FAIL,NO BUNDLE,0,0,0,,,,0,1,1,1,0.945000,0.705141,854,599,0.659906,STAND LOCKED,0,0,1920,1080,,,,,,
105,3.500000,20.448,10.255,21203,16634,4843,0.893674,0.784318,0.820855,0.838996,0.000000,0,0.000,0.000,COMPONENTS TOO FAR,NO BUNDLE,0,0,0,,,,0,1,1,1,0.945000,0.705141,854,599,0.659906,STAND LOCKED,0,0,1920,1080,,,,,,
106,3.533333,18.512,10.021,22199,14426,6477,0.906026,0.811228,0.830146,0.858627,0.000000,0,0.000,0.000,GEOMETRY FAIL,NO BUNDLE,0,0,0,,,,0,1,1,1,0.945000,0.692402,844,538,0.668208,STAND LOCKED,0,0,1920,1080,,,,,,
107,3.566667,16.749,10.228,22612,11263,7456,0.906473,0.799436,0.836240,0.852954,0.000000,0,0.000,0.000,GEOMETRY FAIL,NO BUNDLE,0,0,0,,,,0,1,1,1,0.945000,0.692402,844,538,0.668208,STAND LOCKED,0,0,1920,1080,,,,,,
108,3.600000,17.851,9.955,21679,14626,4122,0.901734,0.805919,0.825084,0.853826,0.000000,0,0.000,0.000,GEOMETRY FAIL,NO BUNDLE,0,0,0,,,,0,1,1,1,0.911048,0.656257,781,517,0.665323,STAND LOCKED,0,0,1920,1080,,,,,,
109,3.633333,16.424,10.074,21179,14904,3161,0.896143,0.808647,0.814112,0.852395,0.000000,0,0.000,0.000,GEOMETRY FAIL,NO BUNDLE,0,0,0,,,,0,1,1,1,0.911048,0.656257,781,517,0.665323,STAND LOCKED,0,0,1920,1080,,,,,,
110,3.666667,17.696,10.077,21105,14201,3539,0.900890,0.804475,0.824955,0.852683,0.000000,0,0.000,0.000,GEOMETRY FAIL,NO BUNDLE,0,0,0,,,,0,1,1,1,0.896923,0.666817,840,502,0.647219,STAND LOCKED,0,0,1920,1080,,,,,,
111,3.700000,17.410,10.419,25539,15586,3119,0.903348,0.838932,0.794027,0.871140,0.000000,0,0.000,0.000,GEOMETRY FAIL,NO BUNDLE,0,0,0,,,,0,1,1,1,0.896923,0.666817,840,502,0.647219,STAND LOCKED,0,0,1920,1080,,,,,,
112,3.733333,16.291,10.220,25113,12882,5663,0.901569,0.804433,0.816393,0.853001,0.000000,0,0.000,0.000,GEOMETRY FAIL,NO BUNDLE,0,0,0,,,,0,1,1,1,0.948658,0.707394,789,496,0.643656,STAND LOCKED,0,0,1920,1080,,,,,,
113,3.766667,18.895,10.618,27568,12653,6312,0.909770,0.813125,0.829140,0.861448,0.000000,0,0.000,0.000,GEOMETRY FAIL,NO BUNDLE,0,0,0,,,,0,1,1,1,0.948658,0.707394,789,496,0.643656,STAND LOCKED,0,0,1920,1080,,,,,,
114,3.800000,17.589,10.549,27887,9847,4531,0.909809,0.808471,0.815775,0.859140,0.000000,0,0.000,0.000,GEOMETRY FAIL,NO BUNDLE,0,0,0,,,,0,1,1,1,0.837188,0.721433,769,481,0.656821,STAND LOCKED,0,0,1920,1080,,,,,,
115,3.833333,20.946,10.679,26896,15590,6335,0.899033,0.810413,0.847978,0.854723,0.000000,0,0.000,0.000,GEOMETRY FAIL,NO BUNDLE,0,0,0,,,,0,1,1,1,0.837188,0.721433,769,481,0.656821,STAND LOCKED,0,0,1920,1080,,,,,,
116,3.866667,16.240,10.349,26710,9931,7447,0.906181,0.752667,0.836470,0.829424,0.000000,0,0.000,0.000,GEOMETRY FAIL,NO BUNDLE,0,0,0,,,,0,1,1,0,0.837188,0.721433,769,481,0.656821,STAND TEMPORARILY LOST (1),0,0,1920,1080,,,,,,
117,3.900000,21.335,10.334,24395,15179,6830,0.904596,0.804492,0.846158,0.854544,0.000000,0,0.000,0.000,GEOMETRY FAIL,NO BUNDLE,0,0,0,,,,0,1,1,0,0.837188,0.721433,769,481,0.656821,STAND TEMPORARILY LOST (1),0,0,1920,1080,,,,,,
118,3.933333,16.128,10.138,24285,11023,2787,0.899828,0.773978,0.834236,0.836903,0.000000,0,0.000,0.000,GEOMETRY FAIL,NO BUNDLE,0,0,0,,,,0,1,1,1,0.812877,0.708003,721,480,0.588903,STAND LOCKED,0,0,1854,1043,,,,,,
119,3.966667,18.080,10.271,23329,12735,4886,0.906815,0.757833,0.810778,0.832324,0.000000,0,0.000,0.000,GEOMETRY FAIL,NO BUNDLE,0,0,0,,,,0,1,1,1,0.812877,0.708003,721,480,0.588903,STAND LOCKED,,,,,,,,,,
120,4.000000,16.634,9.575,41529,12769,11185,0.903758,0.780958,0.822656,0.842358,0.000000,0,0.000,0.000,GEOMETRY FAIL,NO BUNDLE,0,0,0,,,,0,1,1,1,0.871851,0.641294,694,335,0.433571,STAND LOCKED,0,0,1873,1053,,,,,,
121,4.033333,17.345,9.015,40374,5072,10041,0.900419,0.780866,0.831873,0.840642,0.000000,0,131.713,32.009,APPEARANCE FAIL,NO BUNDLE,0,0,0,,,,0,1,1,1,0.871851,0.641294,694,335,0.433571,STAND LOCKED,0,0,1873,1053,,,,,,
122,4.066667,16.708,8.878,41555,2332,10114,0.909469,0.761222,0.836697,0.835345,0.000000,0,0.000,0.000,GEOMETRY FAIL,NO BUNDLE,0,0,0,,,,0,1,1,1,0.898704,0.605930,762,358,0.539876,STAND LOCKED,0,0,1920,1080,,,,,,
123,4.100000,19.318,8.961,35422,4170,8155,0.891598,0.760068,0.811336,0.825833,0.000000,0,0.000,0.000,GEOMETRY FAIL,NO BUNDLE,0,0,0,,,,0,1,1,1,0.898704,0.605930,762,358,0.539876,STAND LOCKED,0,0,1920,1080,,,,,,
124,4.133333,16.825,8.437,40966,8774,8937,0.895273,0.766120,0.825364,0.830696,0.000000,0,0.000,0.000,GEOMETRY FAIL,NO BUNDLE,0,0,0,,,,0,1,1,1,0.967632,0.605931,806,383,0.644240,STAND LOCKED,0,0,1920,1080,,,,,,
125,4.166667,18.515,8.546,39023,11793,9883,0.899939,0.756313,0.808155,0.828126,0.000000,0,0.000,0.000,GEOMETRY FAIL,NO BUNDLE,0,0,0,,,,0,1,1,1,0.967632,0.605931,806,383,0.644240,STAND LOCKED,0,0,1920,1080,,,,,,
126,4.200000,16.081,8.311,40244,10379,12995,0.901154,0.758986,0.821963,0.830070,0.000000,0,0.000,0.000,GEOMETRY FAIL,NO BUNDLE,0,0,0,,,,0,1,1,1,0.909436,0.613343,836,400,0.712084,STAND LOCKED,0,0,1920,1080,,,,,,
127,4.233333,18.865,8.105,35254,5062,14466,0.898535,0.786080,0.836214,0.842308,0.000000,0,132.646,29.326,APPEARANCE FAIL,NO BUNDLE,0,0,0,,,,0,1,1,1,0.909436,0.613343,836,400,0.712084,STAND LOCKED,0,0,1920,1080,,,,,,
128,4.266667,17.978,8.007,42433,4536,10288,0.904626,0.785484,0.826441,0.845055,0.000000,0,0.000,0.000,GEOMETRY FAIL,NO BUNDLE,0,0,0,,,,0,1,1,1,0.915045,0.607525,1063,419,0.729882,STAND LOCKED,0,0,1920,1080,,,,,,
129,4.300000,18.028,7.663,42725,4710,14662,0.905950,0.779518,0.843802,0.842734,0.000000,0,141.911,38.999,APPEARANCE FAIL,NO BUNDLE,0,0,0,,,,0,1,1,1,0.915045,0.607525,1063,419,0.729882,STAND LOCKED,0,0,1920,1080,,,,,,
130,4.333333,19.007,7.333,46174,6957,14928,0.913454,0.768580,0.843753,0.841017,0.000000,0,0.000,0.000,GEOMETRY FAIL,NO BUNDLE,0,0,0,,,,0,1,1,1,0.931875,0.619503,1023,398,0.662521,STAND LOCKED,0,0,1920,1080,,,,,,
131,4.366667,18.932,7.424,49639,9613,16441,0.919475,0.797649,0.850903,0.858562,0.000000,0,0.000,0.000,GEOMETRY FAIL,NO BUNDLE,0,0,0,,,,0,1,1,1,0.931875,0.619503,1023,398,0.662521,STAND LOCKED,0,0,1920,1080,,,,,,
132,4.400000,18.024,7.387,44995,10722,14201,0.915081,0.795150,0.854090,0.855115,0.000000,0,0.000,0.000,GEOMETRY FAIL,NO BUNDLE,0,0,0,,,,0,1,1,1,0.928811,0.641768,936,454,0.737625,STAND LOCKED,0,0,1920,1080,,,,,,
133,4.433333,16.924,7.610,48383,8539,14736,0.914736,0.778593,0.857704,0.846664,0.000000,0,0.000,0.000,GEOMETRY FAIL,NO BUNDLE,0,0,0,,,,0,1,1,1,0.928811,0.641768,936,454,0.737625,STAND LOCKED,0,0,1920,1080,,,,,,
134,4.466667,16.722,7.548,44200,12884,9093,0.902640,0.769333,0.827420,0.835986,0.000000,0,0.000,0.000,GEOMETRY FAIL,NO BUNDLE,0,0,0,,,,0,1,1,1,0.919897,0.624523,948,485,0.826931,STAND LOCKED,0,0,1920,1080,,,,,,
135,4.500000,17.464,7.530,51405,11982,12434,0.917711,0.794274,0.840310,0.855992,0.000000,0,178.225,43.252,APPEARANCE FAIL,NO BUNDLE,0,0,0,,,,0,1,1,1,0.919897,0.624523,948,485,0.826931,STAND LOCKED,0,0,1920,1080,,,,,,
136,4.533333,18.335,7.541,50152,12163,10449,0.914426,0.818030,0.840856,0.866228,0.000000,0,0.000,0.000,GEOMETRY FAIL,NO BUNDLE,0,0,0,,,,0,1,1,1,0.882043,0.583933,957,528,0.881378,STAND LOCKED,0,0,1920,1080,,,,,,
137,4.566667,20.860,7.544,51956,9094,8070,0.914366,0.787872,0.844693,0.851119,0.000000,0,0.000,0.000,GEOMETRY FAIL,NO BUNDLE,0,0,0,,,,0,1,1,1,0.882043,0.583933,957,528,0.881378,STAND LOCKED,0,0,1920,1080,,,,,,
138,4.600000,17.879,7.305,45513,9846,5909,0.902669,0.742189,0.835775,0.822429,0.000000,0,0.000,0.000,GEOMETRY FAIL,NO BUNDLE,0,0,0,,,,0,1,1,1,0.958856,0.597312,943,375,0.626805,STAND LOCKED,0,0,1920,1080,,,,,,
139,4.633333,21.508,7.712,47871,10490,5875,0.896636,0.768467,0.842752,0.832551,0.000000,0,0.000,0.000,GEOMETRY FAIL,NO BUNDLE,0,0,0,,,,0,1,1,1,0.958856,0.597312,943,375,0.626805,STAND LOCKED,0,0,1920,1080,,,,,,
140,4.666667,17.480,7.955,27960,2836,8579,0.896846,0.784036,0.846649,0.840441,0.000000,0,0.000,0.000,GEOMETRY FAIL,NO BUNDLE,0,0,0,,,,0,1,1,1,0.861073,0.555668,894,446,0.664007,STAND LOCKED,0,0,1920,1080,,,,,,
141,4.700000,16.790,8.564,34538,3041,9037,0.901966,0.757005,0.864296,0.829486,0.000000,0,0.000,0.000,GEOMETRY FAIL,NO BUNDLE,0,0,0,,,,0,1,1,1,0.861073,0.555668,894,446,0.664007,STAND LOCKED,0,0,1920,1080,,,,,,
142,4.733333,21.555,8.396,30638,2490,11203,0.894388,0.762453,0.877495,0.828421,0.000000,0,0.000,0.000,NO VALID CONTACT,NO BUNDLE,0,0,0,,,,0,1,1,1,0.983544,0.606288,884,400,0.667507,STAND LOCKED,0,0,1920,1080,,,,,,
143,4.766667,17.135,9.120,43466,3173,7721,0.908801,0.697021,0.861636,0.802911,0.000000,0,0.000,0.000,GEOMETRY FAIL,NO BUNDLE,0,0,0,,,,0,1,1,1,0.983544,0.606288,884,400,0.667507,STAND LOCKED,0,0,1920,1080,,,,,,
144,4.800000,17.343,9.126,43411,4080,7785,0.903044,0.753788,0.857361,0.828416,0.000000,0,0.000,0.000,COMPONENTS TOO FAR,NO BUNDLE,0,0,0,,,,0,1,1,1,0.914171,0.603591,905,463,0.717971,STAND LOCKED,0,0,1920,1080,,,,,,
145,4.833333,16.675,9.832,31976,2876,7268,0.899720,0.766100,0.850408,0.832910,0.000000,0,0.000,0.000,GEOMETRY FAIL,NO BUNDLE,0,0,0,,,,0,1,1,1,0.914171,0.603591,905,463,0.717971,STAND LOCKED,0,0,1920,1080,,,,,,
146,4.866667,18.526,9.834,32121,2200,6752,0.898169,0.743085,0.854946,0.820627,0.000000,0,0.000,0.000,GEOMETRY FAIL,NO BUNDLE,0,0,0,,,,0,1,1,1,1.000000,0.632505,939,494,0.852716,STAND LOCKED,0,0,1920,1080,,,,,,
147,4.900000,18.686,10.157,30775,2940,5975,0.898180,0.743808,0.865235,0.820994,0.000000,0,0.000,0.000,COMPONENTS TOO FAR,NO BUNDLE,0,0,0,,,,0,1,1,1,1.000000,0.632505,939,494,0.852716,STAND LOCKED,0,0,1920,1080,,,,,,
148,4.933333,20.815,9.950,27688,2879,9628,0.909238,0.723185,0.859408,0.816212,0.000000,0,0.000,0.000,COMPONENTS TOO FAR,NO BUNDLE,0,0,0,,,,0,1,1,1,0.968998,0.615239,936,532,0.905204,STAND LOCKED,0,0,1920,1080,,,,,,
149,4.966667,16.582,10.014,33669,2804,7949,0.894804,0.774272,0.866533,0.834538,0.000000,0,0.000,0.000,INSUFFICIENT LASHING PATTERN,NO BUNDLE,0,0,0,,,,0,1,1,1,0.968998,0.615239,936,532,0.905204,STAND LOCKED,,,,,,,,,,
150,5.000000,18.881,9.625,58969,9974,7186,0.908809,0.734498,0.871078,0.821654,0.000000,0,0.000,0.000,NO VALID CONTACT,NO BUNDLE,0,0,0,,,,0,1,1,1,0.896635,0.592410,888,535,0.955305,STAND LOCKED,0,0,1920,1080,,,,,,
151,5.033333,17.983,9.758,60499,7740,7285,0.911025,0.731249,0.841461,0.821137,0.000000,0,0.000,0.000,GEOMETRY FAIL,NO BUNDLE,0,0,0,,,,0,1,1,1,0.896635,0.592410,888,535,0.955305,STAND LOCKED,0,0,1920,1080,,,,,,
152,5.066667,17.019,9.538,43407,4526,6645,0.902364,0.708268,0.819244,0.805316,0.000000,0,0.000,0.000,GEOMETRY FAIL,NO BUNDLE,0,0,0,,,,0,1,1,1,0.954440,0.584570,844,543,0.965628,STAND LOCKED,0,0,1920,1080,,,,,,
153,5.100000,18.433,9.753,32681,3141,7440,0.902726,0.720039,0.833679,0.811382,0.000000,0,0.000,0.000,GEOMETRY FAIL,NO BUNDLE,0,0,0,,,,0,1,1,1,0.954440,0.584570,844,543,0.965628,STAND LOCKED,0,0,1920,1080,,,,,,
154,5.133333,18.068,9.577,56704,6495,7048,0.904393,0.748994,0.865798,0.826694,0.000000,0,0.000,0.000,COMPONENTS TOO FAR,NO BUNDLE,0,0,0,,,,0,1,1,1,0.973504,0.597576,896,545,0.962125,STAND LOCKED,0,0,1920,1080,,,,,,
155,5.166667,21.584,9.633,68025,7577,6785,0.904287,0.767017,0.853363,0.835652,0.000000,0,0.000,0.000,GEOMETRY FAIL,NO BUNDLE,0,0,0,,,,0,1,1,1,0.973504,0.597576,896,545,0.962125,STAND LOCKED,0,0,1920,1080,,,,,,
156,5.200000,16.969,9.485,72133,5362,9177,0.907934,0.771449,0.858438,0.839691,0.000000,0,0.000,0.000,GEOMETRY FAIL,NO BUNDLE,0,0,0,,,,0,1,1,1,0.984310,0.612801,1029,542,0.978882,STAND LOCKED,0,0,1920,1080,,,,,,
157,5.233333,21.840,9.880,45212,2647,8629,0.907992,0.718840,0.847778,0.813416,0.000000,0,0.000,0.000,COMPONENTS TOO FAR,NO BUNDLE,0,0,0,,,,0,1,1,1,0.984310,0.612801,1029,542,0.978882,STAND LOCKED,0,0,1920,1080,,,,,,
158,5.266667,16.414,9.752,45391,1413,11255,0.896661,0.712273,0.866179,0.804467,0.000000,0,0.000,0.000,GEOMETRY FAIL,NO BUNDLE,0,0,0,,,,0,1,1,1,1.000000,0.643388,989,564,0.943645,STAND LOCKED,0,0,1920,1080,,,,,,
159,5.300000,17.764,9.869,46910,2181,6452,0.902425,0.743408,0.846737,0.822916,0.000000,0,0.000,0.000,GEOMETRY FAIL,NO BUNDLE,0,0,0,,,,0,1,1,1,1.000000,0.643388,989,564,0.943645,STAND LOCKED,0,0,1920,1080,,,,,,
160,5.333333,18.012,9.450,78551,7649,7366,0.898870,0.766945,0.838193,0.832908,0.000000,0,0.000,0.000,GEOMETRY FAIL,NO BUNDLE,0,0,0,,,,0,1,1,1,0.799778,0.591494,1016,685,0.722048,STAND LOCKED,0,0,1920,1080,,,,,,
161,5.366667,21.467,9.396,54356,4166,6555,0.886354,0.727360,0.832710,0.806857,0.000000,0,0.000,0.000,COMPONENTS TOO FAR,NO BUNDLE,0,0,0,,,,0,1,1,1,0.799778,0.591494,1016,685,0.722048,STAND LOCKED,0,0,1920,1080,,,,,,
162,5.400000,17.831,9.506,37810,2937,10030,0.914327,0.721524,0.869944,0.817926,0.000000,0,0.000,0.000,COMPONENTS TOO FAR,NO BUNDLE,0,0,0,,,,0,1,1,1,0.945000,0.627605,916,485,0.551033,STAND LOCKED,0,0,1920,1080,,,,,,
163,5.433333,20.933,9.800,37358,5831,3270,0.905777,0.770599,0.810919,0.838188,0.000000,0,0.000,0.000,GEOMETRY FAIL,NO BUNDLE,0,0,0,,,,0,1,1,1,0.945000,0.627605,916,485,0.551033,STAND LOCKED,0,0,1920,1080,,,,,,
164,5.466667,17.925,9.470,41366,3473,7396,0.904031,0.726416,0.853240,0.815223,0.000000,0,0.000,0.000,GEOMETRY FAIL,NO BUNDLE,0,0,0,,,,0,1,1,1,0.880111,0.583644,928,483,0.700187,STAND LOCKED,0,0,1920,1080,,,,,,
165,5.500000,16.615,10.268,35715,1878,4325,0.907677,0.687226,0.864879,0.797452,0.000000,0,0.000,0.000,GEOMETRY FAIL,NO BUNDLE,0,0,0,,,,0,1,1,1,0.880111,0.583644,928,483,0.700187,STAND LOCKED,0,0,1920,1080,,,,,,
166,5.533333,17.555,10.103,35513,816,5560,0.906264,0.640207,0.840468,0.773235,0.000000,0,0.000,0.000,GEOMETRY FAIL,NO BUNDLE,0,0,0,,,,0,1,1,1,0.879286,0.541018,840,592,0.663417,STAND LOCKED,0,0,1920,1080,,,,,,
167,5.566667,17.962,10.676,36872,1385,1849,0.905057,0.688411,0.812653,0.796734,0.000000,0,0.000,0.000,GEOMETRY FAIL,NO BUNDLE,0,0,0,,,,0,1,1,1,0.879286,0.541018,840,592,0.663417,STAND LOCKED,0,0,1920,1080,,,,,,
168,5.600000,18.360,10.447,38173,423,2419,0.893885,0.637546,0.823431,0.765715,0.000000,0,0.000,0.000,GEOMETRY FAIL,NO BUNDLE,0,0,0,,,,0,1,1,1,0.972628,0.635641,878,462,0.604093,STAND LOCKED,0,0,1920,1080,,,,,,
169,5.633333,17.972,10.215,46508,2230,8233,0.895492,0.716028,0.863351,0.805760,0.000000,0,0.000,0.000,GEOMETRY FAIL,NO BUNDLE,0,0,0,,,,0,1,1,1,0.972628,0.635641,878,462,0.604093,STAND LOCKED,0,0,1920,1080,,,,,,
170,5.666667,17.004,9.958,45229,1278,10182,0.894841,0.705428,0.880395,0.800135,0.000000,0,0.000,0.000,GEOMETRY FAIL,NO BUNDLE,0,0,0,,,,0,1,1,1,0.913368,0.576352,911,470,0.752583,STAND LOCKED,0,0,1920,1080,,,,,,
171,5.700000,21.089,10.183,47701,989,11395,0.905328,0.750532,0.867916,0.827930,0.000000,0,0.000,0.000,COMPONENTS TOO FAR,NO BUNDLE,0,0,0,,,,0,1,1,1,0.913368,0.576352,911,470,0.752583,STAND LOCKED,0,0,1920,1080,,,,,,
172,5.733333,17.633,9.790,46534,1776,11140,0.899257,0.720707,0.863323,0.809982,0.000000,0,0.000,0.000,COMPONENTS TOO FAR,NO BUNDLE,0,0,0,,,,0,1,1,0,0.913368,0.576352,911,470,0.752583,STAND TARGET JUMP REJECTED,0,0,1920,1080,,,,,,
173,5.766667,17.172,9.893,50713,1625,9378,0.904724,0.723704,0.877862,0.814214,0.000000,0,0.000,0.000,GEOMETRY FAIL,NO BUNDLE,0,0,0,,,,0,1,1,0,0.913368,0.576352,911,470,0.752583,STAND TARGET JUMP REJECTED,0,0,1920,1080,,,,,,
174,5.800000,20.487,9.171,53940,3209,7915,0.908578,0.732267,0.859664,0.820423,0.000000,0,0.000,0.000,GEOMETRY FAIL,NO BUNDLE,0,0,0,,,,0,1,1,1,0.858528,0.564989,1016,601,0.713477,STAND LOCKED,0,0,1920,1080,,,,,,
175,5.833333,16.749,8.912,52947,1759,8404,0.906917,0.690343,0.873564,0.798630,0.000000,0,0.000,0.000,COMPONENTS TOO FAR,NO BUNDLE,0,0,0,,,,0,1,1,1,0.858528,0.564989,1016,601,0.713477,STAND LOCKED,0,0,1920,1080,,,,,,
176,5.866667,21.224,8.930,53413,1164,9298,0.911733,0.694558,0.883950,0.803145,0.000000,0,0.000,0.000,COMPONENTS TOO FAR,NO BUNDLE,0,0,0,,,,0,1,1,0,0.858528,0.564989,1016,601,0.713477,STAND TARGET JUMP REJECTED,0,0,1920,1080,,,,,,
177,5.900000,18.404,8.756,58015,3765,8284,0.901849,0.717417,0.837746,0.809633,0.000000,0,0.000,0.000,COMPONENTS TOO FAR,NO BUNDLE,0,0,0,,,,0,1,1,0,0.858528,0.564989,1016,601,0.713477,STAND TARGET JUMP REJECTED,0,0,1920,1080,,,,,,
178,5.933333,21.348,8.644,57463,2518,8383,0.909699,0.694790,0.841687,0.802245,0.000000,0,0.000,0.000,GEOMETRY FAIL,NO BUNDLE,0,0,0,,,,0,1,1,0,0.858528,0.564989,1016,601,0.713477,STAND TARGET JUMP REJECTED,0,0,1920,1080,,,,,,
179,5.966667,16.435,8.622,54838,2628,10432,0.892857,0.682829,0.858055,0.787843,0.000000,0,0.000,0.000,GEOMETRY FAIL,NO BUNDLE,0,0,0,,,,0,1,1,0,0.858528,0.564989,1016,601,0.713477,STAND TARGET JUMP REJECTED,,,,,,,,,,
180,6.000000,18.684,8.373,52661,1124,13857,0.888195,0.706467,0.828240,0.797331,0.000000,0,0.000,0.000,COMPONENTS TOO FAR,NO BUNDLE,0,0,0,,,,0,1,1,1,0.962781,0.605484,1011,560,0.793657,STAND LOCKED,0,0,1920,1080,,,,,,
181,6.033333,16.875,8.375,27726,1576,2742,0.828144,0.722760,0.805745,0.775452,0.000000,0,0.000,0.000,INSUFFICIENT LASHING PATTERN,NO BUNDLE,0,0,0,,,,0,1,1,1,0.962781,0.605484,1011,560,0.793657,STAND LOCKED,0,0,1920,1080,,,,,,
182,6.066667,17.877,8.012,24028,2328,1467,0.862620,0.710297,0.803196,0.792038,0.806829,1,197.349,23.779,VALID,CANDIDATE,1,1,0,881,669,630.000,0,1,1,1,0.792777,0.616418,982,428,0.630109,STAND LOCKED,0,0,1920,1080,,,,,,
183,6.100000,17.728,7.646,11737,13302,5025,0.940668,0.798029,0.913460,0.884052,0.915666,1,178.311,26.470,TARGET JUMP,CANDIDATE,1,1,0,452,639,188.000,0,1,1,1,0.792777,0.616418,982,428,0.630109,STAND LOCKED,261,301,1598,1053,,,,,,
184,6.133333,17.240,7.131,6920,3423,3182,0.887751,0.811679,0.849128,0.849519,0.817371,1,189.301,19.650,VALID,CANDIDATE,2,1,0,437,611,176.950,0,1,1,1,0.928300,0.629800,970,366,0.593179,STAND LOCKED,202,450,856,818,,,,,,
185,6.166667,17.303,6.839,6099,2308,2743,0.904410,0.834859,0.877553,0.872274,0.868244,1,201.454,20.995,TARGET JUMP,CANDIDATE,1,1,0,439,564,88.000,0,1,1,1,0.928300,0.629800,970,366,0.593179,STAND LOCKED,217,438,793,762,,,,,,
186,6.200000,16.096,6.580,4750,2084,2372,0.878557,0.803034,0.867618,0.849736,0.842744,1,192.974,20.524,VALID,CANDIDATE,2,1,0,437,549,84.100,0,1,1,0,0.928300,0.629800,970,366,0.593179,STAND TARGET JUMP REJECTED,102,394,678,718,,,,,,
187,6.233333,17.344,6.578,5263,2377,2239,0.872655,0.809078,0.837896,0.839876,0.861816,1,187.892,23.921,VALID,CANDIDATE,3,1,0,529,536,99.635,0,1,1,0,0.928300,0.629800,970,366,0.593179,STAND TARGET JUMP REJECTED,208,378,784,702,,,,,,
188,6.266667,16.252,6.303,5709,2255,2862,0.908896,0.840089,0.885743,0.878243,0.839112,1,191.417,24.520,VALID,CANDIDATE,4,1,0,599,516,112.872,0,1,1,1,0.880155,0.618639,1104,450,0.570449,STAND LOCKED,269,365,845,689,,,,,,
189,6.300000,16.267,6.199,4268,2396,1860,0.860532,0.786357,0.869244,0.838711,0.838617,1,189.963,25.468,VALID,LOCKED,5,1,1,643,489,112.305,0,1,1,1,0.880155,0.618639,1104,450,0.570449,STAND LOCKED,438,344,1014,668,,,,,,
190,6.333333,16.001,5.992,4571,2302,2074,0.864852,0.796842,0.852624,0.838106,0.850460,1,189.487,25.973,VALID,LOCKED,5,1,1,659,462,114.057,0,1,1,1,0.863230,0.564968,1031,427,0.647813,STAND LOCKED,387,316,963,640,,,,,,
191,6.366667,16.707,6.007,4450,2376,1755,0.866108,0.804456,0.893318,0.854627,0.854104,1,187.212,24.322,VALID,LOCKED,5,1,1,658,441,114.020,0,1,1,1,0.863230,0.564968,1031,427,0.647813,STAND LOCKED,378,289,954,613,,,,,,
192,6.400000,16.834,5.976,4508,2662,1656,0.853342,0.801103,0.889385,0.847943,0.836915,1,186.949,24.177,VALID,LOCKED,5,1,1,663,449,114.657,0,1,1,1,0.865482,0.583823,1177,406,0.477905,STAND LOCKED,335,266,911,590,,,,,,
193,6.433333,17.675,6.014,4506,2689,2206,0.834057,0.802845,0.851365,0.829422,0.845317,1,191.284,20.916,VALID,LOCKED,5,1,1,661,461,118.130,0,1,1,1,0.865482,0.583823,1177,406,0.477905,STAND LOCKED,344,287,920,611,,,,,,
194,6.466667,17.282,5.715,7797,5237,3242,0.907663,0.813059,0.865392,0.862038,0.911748,1,186.602,27.136,VALID,LOCKED,5,1,1,662,414,124.545,0,1,1,1,0.691058,0.616423,1410,395,0.363252,STAND LOCKED,134,233,919,675,,,,,,
195,6.500000,17.828,5.660,4930,2382,2030,0.840335,0.793347,0.867735,0.833806,0.822176,1,197.426,21.544,VALID,LOCKED,5,1,1,656,376,122.891,0,1,1,1,0.691058,0.616423,1410,395,0.363252,STAND LOCKED,378,224,954,548,,,,,,
196,6.533333,16.802,5.559,4620,2525,1663,0.841065,0.777578,0.869602,0.829415,0.807736,1,190.757,21.329,VALID,LOCKED,5,1,1,657,358,132.062,0,1,1,1,0.779568,0.628399,1611,400,0.339158,STAND LOCKED,394,198,970,522,,,,,,
197,6.566667,20.502,5.423,4896,2325,2166,0.826366,0.728645,0.850443,0.801818,0.786210,1,195.791,20.579,VALID,LOCKED,5,1,1,663,372,132.022,0,1,1,1,0.779568,0.628399,1611,400,0.339158,STAND LOCKED,346,187,922,511,,,,,,
198,6.600000,15.787,5.207,5127,2445,1987,0.844072,0.778722,0.845813,0.822869,0.810157,1,200.953,17.583,VALID,LOCKED,5,1,1,685,385,132.658,0,1,1,1,0.914630,0.593098,1599,302,0.308454,STAND LOCKED,342,219,918,543,,,,,,
199,6.633333,17.129,5.010,5875,2314,2457,0.858398,0.789350,0.895259,0.847669,0.875006,1,193.201,21.873,VALID,LOCKED,5,1,1,699,360,134.180,0,1,1,1,0.914630,0.593098,1599,302,0.308454,STAND LOCKED,390,235,966,559,,,,,,
200,6.666667,17.547,4.803,4782,2349,1555,0.825613,0.787202,0.874059,0.828958,0.788953,1,181.224,25.806,VALID,LOCKED,5,1,1,707,337,135.363,0,1,1,1,0.931350,0.567855,1607,305,0.446906,STAND LOCKED,409,192,985,516,,,,,,
201,6.700000,17.781,4.831,4382,2613,1716,0.796000,0.772149,0.847817,0.805322,0.786075,1,194.668,23.124,VALID,LOCKED,5,1,1,681,313,135.777,0,1,1,1,0.931350,0.567855,1607,305,0.446906,STAND LOCKED,384,159,960,483,,,,,,
202,6.733333,16.237,4.775,4691,2296,2022,0.825531,0.801018,0.915843,0.847464,0.810022,1,184.840,24.902,VALID,LOCKED,5,1,1,697,293,134.622,0,1,1,1,0.873783,0.551268,1581,332,0.458793,STAND LOCKED,388,144,964,468,,,,,,
203,6.766667,16.965,4.739,4943,2304,1899,0.816202,0.793037,0.882227,0.830489,0.812755,1,188.735,22.847,VALID,LOCKED,5,1,1,720,283,135.518,0,1,1,1,0.873783,0.551268,1581,332,0.458793,STAND LOCKED,384,118,960,442,,,,,,
204,6.800000,17.030,4.631,4713,2114,1805,0.796574,0.807957,0.856474,0.820335,0.819535,1,189.584,22.229,VALID,LOCKED,5,1,1,736,288,134.531,0,1,1,1,0.910123,0.527619,1503,326,0.529327,STAND LOCKED,404,112,980,436,,,,,,
205,6.833333,18.094,4.842,4035,1901,1208,0.817239,0.757408,0.867656,0.814101,0.801436,1,189.958,21.792,VALID,LOCKED,5,1,1,730,298,136.136,0,1,1,1,0.910123,0.527619,1503,326,0.529327,STAND LOCKED,416,122,992,446,,,,,,
206,6.866667,16.288,4.913,4363,2216,1675,0.803848,0.775320,0.876987,0.818718,0.796842,1,190.936,23.355,VALID,LOCKED,5,1,1,716,318,141.248,0,1,1,0,0.910123,0.527619,1503,326,0.529327,STAND TARGET JUMP REJECTED,400,138,976,462,,,,,,
207,6.900000,17.427,4.836,4659,2252,1396,0.811661,0.731687,0.877859,0.807069,0.765351,1,187.233,23.542,VALID,LOCKED,5,1,1,712,335,143.687,0,1,1,0,0.910123,0.527619,1503,326,0.529327,STAND TARGET JUMP REJECTED,392,165,968,489,,,,,,
208,6.933333,16.093,4.662,4444,2204,1606,0.810059,0.785265,0.854411,0.816578,0.805915,1,195.874,19.508,VALID,LOCKED,5,1,1,698,350,145.190,0,1,1,1,0.841451,0.547651,1591,368,0.468892,STAND LOCKED,398,184,974,508,,,,,,
209,6.966667,17.715,4.769,23150,4896,12438,0.910540,0.727469,0.888517,0.842175,0.816936,1,174.290,34.798,TARGET JUMP,CANDIDATE,1,1,0,706,362,232.000,0,1,1,1,0.841451,0.547651,1591,368,0.468892,STAND LOCKED,,,,,,,,,,
210,7.000000,16.191,4.752,15197,13835,7407,0.923862,0.845605,0.894222,0.887896,0.918716,1,177.327,30.482,VALID,CANDIDATE,2,1,0,692,354,170.250,0,1,1,1,0.844429,0.603730,1622,406,0.388733,STAND LOCKED,0,0,1571,884,,,,,,
211,7.033333,20.247,4.763,12095,9993,5660,0.925681,0.823836,0.875229,0.874915,0.929580,1,170.129,31.158,VALID,CANDIDATE,3,1,0,686,341,147.988,0,1,1,1,0.844429,0.603730,1622,406,0.388733,STAND LOCKED,0,3,1141,644,,,,,,
212,7.066667,17.334,4.791,4072,2108,1636,0.795442,0.768060,0.880071,0.814524,0.793346,1,185.650,24.614,VALID,CANDIDATE,4,1,0,683,324,143.446,0,1,1,1,0.899819,0.589992,1563,328,0.397985,STAND LOCKED,360,168,936,492,,,,,,
213,7.100000,17.664,4.897,4671,2346,1866,0.834011,0.789147,0.860336,0.827831,0.825234,1,185.760,24.777,VALID,LOCKED,5,1,1,685,315,138.606,0,1,1,1,0.899819,0.589992,1563,328,0.397985,STAND LOCKED,363,153,939,477,,,,,,
214,7.133333,17.382,5.009,4231,1844,1509,0.811893,0.739418,0.825258,0.792190,0.780350,1,187.689,23.434,VALID,LOCKED,5,1,1,688,310,136.262,0,1,1,1,0.949525,0.579219,1551,321,0.501454,STAND LOCKED,368,147,944,471,,,,,,
215,7.166667,16.834,5.007,4434,2080,1975,0.801922,0.767569,0.888801,0.819431,0.783222,1,186.094,25.097,VALID,LOCKED,5,1,1,687,307,132.842,0,1,1,1,0.949525,0.579219,1551,321,0.501454,STAND LOCKED,352,140,928,464,,,,,,
216,7.200000,16.170,4.908,4522,2290,1622,0.810134,0.747867,0.875164,0.811055,0.741732,1,185.093,24.680,VALID,LOCKED,5,1,1,669,314,132.295,0,1,1,1,0.716173,0.508639,1606,373,0.457877,STAND LOCKED,366,142,942,466,,,,,,
217,7.233333,17.426,4.975,4112,2123,1640,0.820991,0.734813,0.858349,0.804718,0.728425,1,187.288,23.614,VALID,LOCKED,5,1,1,662,313,142.503,0,1,1,1,0.716173,0.508639,1606,373,0.457877,STAND LOCKED,398,150,974,474,,,,,,
218,7.266667,17.288,4.892,4062,2072,1405,0.784005,0.772881,0.885314,0.814067,0.783356,1,187.247,21.872,VALID,LOCKED,5,1,1,688,305,135.676,0,1,1,1,0.910689,0.508927,1542,386,0.583915,STAND LOCKED,392,144,968,468,,,,,,
219,7.300000,15.962,5.227,4232,2110,1370,0.804539,0.747587,0.810224,0.787450,0.772538,1,199.801,16.021,VALID,LOCKED,5,1,1,689,285,132.637,0,1,1,1,0.910689,0.508927,1542,386,0.583915,STAND LOCKED,380,136,956,460,,,,,,
220,7.333333,17.495,5.064,4509,2137,1703,0.787825,0.749624,0.847525,0.794991,0.758211,1,198.298,14.929,VALID,LOCKED,5,1,1,702,260,135.473,0,1,1,1,0.896124,0.598698,1484,349,0.567299,STAND LOCKED,392,118,968,442,,,,,,
221,7.366667,15.920,5.166,4307,2033,1583,0.786371,0.747742,0.862875,0.798996,0.774257,1,192.295,19.593,VALID,LOCKED,5,1,1,720,258,131.265,0,1,1,1,0.896124,0.598698,1484,349,0.567299,STAND LOCKED,401,86,977,410,,,,,,
222,7.400000,15.998,4.916,4820,2140,1800,0.814200,0.746869,0.902421,0.821163,0.741086,1,182.909,24.346,VALID,LOCKED,5,1,1,699,237,130.443,0,1,1,1,0.926288,0.601256,1419,375,0.653525,STAND LOCKED,422,96,998,420,,,,,,
223,7.433333,17.858,5.046,4052,1936,1442,0.797508,0.756451,0.834648,0.796202,0.723975,1,188.762,20.940,VALID,LOCKED,5,1,1,698,240,134.055,0,1,1,1,0.926288,0.601256,1419,375,0.653525,STAND LOCKED,434,62,1010,386,,,,,,
224,7.466667,16.172,4.987,4091,1944,1642,0.790778,0.714823,0.862075,0.789226,0.722198,1,197.849,16.365,VALID,LOCKED,5,1,1,684,217,134.019,0,1,1,1,0.945000,0.639542,1351,373,0.668392,STAND LOCKED,440,79,1016,403,,,,,,
225,7.500000,17.806,5.378,3410,1392,1258,0.789881,0.763674,0.832051,0.795202,0.723209,1,196.416,14.627,VALID,LOCKED,5,1,1,661,255,134.007,0,1,1,1,0.945000,0.639542,1351,373,0.668392,STAND LOCKED,418,40,994,364,,,,,,
226,7.533333,16.403,5.319,4206,1899,1423,0.804854,0.751976,0.863121,0.806650,0.773377,1,188.871,20.079,VALID,LOCKED,5,1,1,700,256,130.752,0,1,1,1,0.927106,0.630988,1282,309,0.549804,STAND LOCKED,396,116,972,440,,,,,,
227,7.566667,17.938,5.667,3606,2001,820,0.792954,0.753568,0.790583,0.779035,0.794731,1,194.420,21.855,TARGET JUMP,CANDIDATE,1,1,0,530,226,79.000,0,1,1,1,0.927106,0.630988,1282,309,0.549804,STAND LOCKED,396,92,972,416,,,,,,
228,7.600000,17.212,5.529,4477,2063,1483,0.776486,0.743095,0.810891,0.776824,0.737542,1,188.668,19.411,TARGET JUMP,CANDIDATE,1,1,0,621,247,152.000,0,1,1,1,0.886037,0.590305,1198,284,0.513754,STAND LOCKED,195,62,771,386,,,,,,
229,7.633333,16.819,5.454,4818,1867,1588,0.792761,0.757196,0.833059,0.794339,0.726379,1,191.006,19.489,VALID,CANDIDATE,2,1,0,629,242,143.550,0,1,1,1,0.886037,0.590305,1198,284,0.513754,STAND LOCKED,354,84,930,408,,,,,,
230,7.666667,16.316,5.335,5233,2174,1383,0.812228,0.724298,0.836765,0.791097,0.720330,1,192.105,18.340,VALID,CANDIDATE,3,1,0,637,263,150.343,0,1,1,0,0.886037,0.590305,1198,284,0.513754,STAND TARGET JUMP REJECTED,376,78,952,402,,,,,,
231,7.700000,17.864,5.397,4407,2244,1179,0.813185,0.742559,0.838703,0.798149,0.791791,1,194.967,19.495,VALID,CANDIDATE,4,1,0,577,282,106.570,0,1,1,0,0.886037,0.590305,1198,284,0.513754,STAND TARGET JUMP REJECTED,380,109,956,433,,,,,,
232,7.733333,15.907,5.206,4681,2375,1394,0.831958,0.730391,0.855081,0.805810,0.785288,1,200.181,21.576,VALID,LOCKED,5,1,1,476,270,86.699,0,1,1,1,0.695449,0.684619,1063,378,0.363088,STAND LOCKED,218,130,794,454,,,,,,
233,7.766667,17.063,5.084,5188,1757,1866,0.843057,0.790317,0.886874,0.840083,0.779481,1,191.037,20.875,VALID,LOCKED,5,1,1,494,214,95.995,0,1,1,1,0.695449,0.684619,1063,378,0.363088,STAND LOCKED,86,103,662,427,,,,,,
234,7.800000,15.805,4.999,4300,1548,908,0.802112,0.705000,0.785383,0.764165,0.788911,1,189.713,22.399,VALID,LOCKED,5,1,1,493,187,88.848,0,1,1,0,0.695449,0.684619,1063,378,0.363088,STAND TARGET JUMP REJECTED,171,8,747,332,,,,,,
235,7.833333,18.477,4.909,4649,1597,862,0.800667,0.751358,0.000000,0.776012,0.801057,1,0.000,0.000,VALID,LOCKED,5,1,1,505,223,81.797,0,1,1,0,0.695449,0.684619,1063,378,0.363088,STAND TARGET JUMP REJECTED,168,10,744,334,,,,,,
236,7.866667,16.449,4.917,5078,1457,1437,0.842682,0.743539,0.843770,0.809997,0.821253,1,188.457,25.792,VALID,LOCKED,5,1,1,471,239,79.329,0,1,1,0,0.695449,0.684619,1063,378,0.363088,STAND TARGET JUMP REJECTED,220,82,796,406,,,,,,
237,7.900000,16.736,7.441,3336,154,390,0.823836,0.677439,0.800964,0.750637,0.000000,0,0.000,0.000,GEOMETRY FAIL,LOST,5,1,0,471,239,79.329,1,1,1,0,0.695449,0.684619,1063,378,0.363088,STAND TARGET JUMP REJECTED,204,90,780,414,,,,,,
238,7.933333,16.113,9.787,0,0,0,0.000000,0.000000,0.000000,0.000000,0.000000,0,0.000,0.000,NO BLACK,LOST,5,1,0,471,239,79.329,2,1,1,1,0.945000,0.673899,1117,373,0.372695,STAND LOCKED,204,90,780,414,,,,,,
239,7.966667,17.096,9.147,28166,29286,4697,0.924201,0.869011,0.862072,0.885095,0.917323,1,183.069,36.817,TARGET JUMP,CANDIDATE,1,1,0,436,499,200.000,0,1,1,1,0.945000,0.673899,1117,373,0.372695,STAND LOCKED,,,,,,,,,,
240,8.000000,17.084,8.347,5944,1612,1599,0.847365,0.763613,0.793499,0.801492,0.841087,1,192.745,30.360,VALID,CANDIDATE,2,1,0,424,490,182.450,0,1,1,1,0.958200,0.645461,1036,372,0.516555,STAND LOCKED,157,336,733,660,,,,,,
241,8.033333,17.236,8.140,4650,937,1151,0.846286,0.702814,0.845859,0.798320,0.797063,1,204.159,25.362,VALID,CANDIDATE,3,1,0,440,512,178.257,0,1,1,1,0.958200,0.645461,1036,372,0.516555,STAND LOCKED,146,324,722,648,,,,,,
242,8.066667,16.767,9.077,4173,222,686,0.841788,0.706329,0.804402,0.774058,0.000000,0,0.000,0.000,GEOMETRY FAIL,NO BUNDLE,0,0,0,,,,0,1,1,1,0.921345,0.627441,974,357,0.578746,STAND LOCKED,202,368,778,692,,,,,,
243,8.100000,16.709,9.994,3963,322,215,0.842273,0.698694,0.795564,0.770484,0.000000,0,0.000,0.000,INSUFFICIENT LASHING PATTERN,NO BUNDLE,0,0,0,,,,0,1,1,1,0.921345,0.627441,974,357,0.578746,STAND LOCKED,202,368,778,692,,,,,,
244,8.133333,16.897,11.525,2136,12,0,0.819806,0.622443,0.000000,0.721124,0.000000,0,0.000,0.000,NO LASHING,NO BUNDLE,0,0,0,,,,0,1,1,1,0.878602,0.624904,965,340,0.580251,STAND LOCKED,202,368,778,692,,,,,,
245,8.166667,16.507,16.003,1282,2,0,0.801241,0.623941,0.000000,0.712591,0.000000,0,0.000,0.000,NO LASHING,NO BUNDLE,0,0,0,,,,0,1,1,1,0.878602,0.624904,965,340,0.580251,STAND LOCKED,202,368,778,692,,,,,,
246,8.200000,15.759,16.686,1988,30,0,0.814282,0.651851,0.000000,0.733066,0.000000,0,0.000,0.000,NO LASHING,NO BUNDLE,0,0,0,,,,0,1,1,1,0.945000,0.657142,928,374,0.662409,STAND LOCKED,202,368,778,692,,,,,,
247,8.233333,17.519,16.934,2840,406,461,0.838102,0.730880,0.818651,0.784491,0.000000,0,0.000,0.000,INSUFFICIENT LASHING PATTERN,NO BUNDLE,0,0,0,,,,0,1,1,1,0.945000,0.657142,928,374,0.662409,STAND LOCKED,202,368,778,692,,,,,,
248,8.266667,17.209,15.377,6302,1679,941,0.861154,0.794132,0.771427,0.808904,0.881898,1,199.376,29.096,VALID,CANDIDATE,1,1,0,531,463,140.000,0,1,1,1,0.871776,0.643190,948,339,0.605677,STAND LOCKED,202,368,778,692,,,,,,
249,8.300000,17.638,14.209,4070,1751,913,0.834742,0.728821,0.813436,0.792333,0.766571,1,194.942,27.365,VALID,CANDIDATE,2,1,0,526,443,169.900,0,1,1,1,0.871776,0.643190,948,339,0.605677,STAND LOCKED,293,306,869,630,,,,,,
250,8.333333,15.949,14.542,2408,265,198,0.768158,0.681560,0.773401,0.724859,0.000000,0,0.000,0.000,GEOMETRY FAIL,NO BUNDLE,0,0,0,,,,0,1,1,1,0.945000,0.712093,956,388,0.520564,STAND LOCKED,174,260,750,584,,,,,,
251,8.366667,17.309,18.630,32,50,0,0.750315,0.699937,0.000000,0.725126,0.000000,0,0.000,0.000,NO BLACK,NO BUNDLE,0,0,0,,,,0,1,1,1,0.945000,0.712093,956,388,0.520564,STAND LOCKED,174,260,750,584,,,,,,
252,8.400000,15.515,18.055,870,378,0,0.814629,0.751443,0.000000,0.783036,0.000000,0,0.000,0.000,INSUFFICIENT LASHING PATTERN,NO BUNDLE,0,0,0,,,,0,1,1,1,0.818180,0.722462,947,364,0.393143,STAND LOCKED,174,260,750,584,,,,,,
253,8.433333,17.599,15.984,6497,714,2664,0.822992,0.764496,0.901979,0.829822,0.752163,1,190.399,24.190,VALID,CANDIDATE,1,1,0,614,318,170.000,0,1,1,1,0.818180,0.722462,947,364,0.393143,STAND LOCKED,174,260,750,584,,,,,,
254,8.466667,17.273,14.190,13336,6200,6190,0.896631,0.805833,0.906620,0.869695,0.836730,1,188.003,28.931,VALID,CANDIDATE,2,1,0,637,338,181.050,0,1,1,1,0.926486,0.666551,950,324,0.464136,STAND LOCKED,12,23,1020,589,,,,,,
255,8.500000,17.688,12.832,20974,10740,8883,0.936387,0.852346,0.896710,0.895148,0.848256,1,180.007,30.867,TARGET JUMP,CANDIDATE,1,1,0,698,344,187.000,0,1,1,1,0.926486,0.666551,950,324,0.464136,STAND LOCKED,0,0,1422,800,,,,,,
256,8.533333,17.393,11.436,6714,4354,2542,0.833766,0.779558,0.861786,0.825036,0.763298,1,197.768,24.973,VALID,CANDIDATE,2,1,0,705,330,183.750,0,1,1,1,0.917570,0.633658,958,305,0.483861,STAND LOCKED,450,138,1183,550,,,,,,
257,8.566667,17.389,10.265,6147,3390,2130,0.833441,0.755577,0.845682,0.811566,0.825861,1,193.112,18.638,TARGET JUMP,CANDIDATE,1,1,0,695,316,94.000,0,1,1,1,0.917570,0.633658,958,305,0.483861,STAND LOCKED,468,130,1156,517,,,,,,
258,8.600000,17.276,9.460,3912,1699,1286,0.801414,0.737789,0.846822,0.795341,0.811931,1,192.404,20.821,VALID,CANDIDATE,2,1,0,647,310,83.600,0,1,1,1,0.897467,0.601420,1008,306,0.521256,STAND LOCKED,428,162,1004,486,,,,,,
259,8.633333,16.949,8.661,5124,1348,2323,0.855448,0.769627,0.904844,0.843306,0.797891,1,188.786,23.322,VALID,CANDIDATE,3,1,0,678,229,89.710,0,1,1,1,0.897467,0.601420,1008,306,0.521256,STAND LOCKED,292,142,868,466,,,,,,
260,8.666667,16.585,8.000,9122,4587,4428,0.845198,0.820578,0.890404,0.852060,0.849852,1,187.166,24.964,VALID,CANDIDATE,4,1,0,696,232,88.599,0,1,1,1,0.973131,0.615677,983,304,0.542158,STAND LOCKED,203,0,1111,511,,,,,,
261,8.700000,18.427,7.525,8507,4973,3921,0.851882,0.793645,0.808124,0.817884,0.845118,1,188.716,20.831,VALID,LOCKED,5,1,1,704,247,88.209,0,1,1,1,0.973131,0.615677,983,304,0.542158,STAND LOCKED,194,0,1075,495,,,,,,
262,8.733333,17.213,7.162,4555,2055,1584,0.822790,0.744287,0.858932,0.808669,0.739689,1,187.037,20.233,TARGET JUMP,CANDIDATE,1,1,0,779,266,148.000,0,1,1,1,1.000000,0.639044,955,310,0.563786,STAND LOCKED,427,96,1003,420,,,,,,
263,8.766667,17.642,7.556,3711,1718,690,0.798681,0.737245,0.000000,0.767963,0.739754,1,0.000,0.000,VALID,CANDIDATE,2,1,0,758,253,142.150,0,1,1,1,1.000000,0.639044,955,310,0.563786,STAND LOCKED,512,101,1088,425,,,,,,
264,8.800000,16.397,7.043,4100,1802,1459,0.824481,0.748346,0.835001,0.802609,0.736253,1,193.070,16.247,VALID,CANDIDATE,3,1,0,744,246,140.103,0,1,1,1,0.843580,0.631906,962,278,0.498148,STAND LOCKED,486,80,1062,404,,,,,,
265,8.833333,16.256,7.011,3711,2064,1309,0.805752,0.746581,0.820048,0.790794,0.787448,1,195.728,14.799,VALID,CANDIDATE,4,1,0,764,245,133.536,0,1,1,1,0.843580,0.631906,962,278,0.498148,STAND LOCKED,475,79,1051,403,,,,,,
266,8.866667,15.768,6.947,3568,1717,752,0.820048,0.727724,0.854917,0.800896,0.771519,1,184.882,21.039,TARGET JUMP,CANDIDATE,1,1,0,573,214,79.000,0,1,1,0,0.843580,0.631906,962,278,0.498148,STAND TARGET JUMP REJECTED,464,82,1040,406,,,,,,
267,8.900000,17.033,6.621,5123,1897,1960,0.806048,0.755380,0.851680,0.804369,0.783984,1,194.914,18.713,VALID,CANDIDATE,2,1,0,558,223,80.300,0,1,1,0,0.843580,0.631906,962,278,0.498148,STAND TARGET JUMP REJECTED,246,50,822,374,,,,,,
268,8.933333,17.616,6.198,5490,1670,2193,0.794559,0.742999,0.841534,0.793031,0.794812,1,190.941,19.806,VALID,CANDIDATE,3,1,0,552,237,79.455,0,1,1,1,0.916880,0.617469,1124,263,0.478796,STAND LOCKED,170,57,746,381,,,,,,
269,8.966667,17.982,6.530,31255,3453,16949,0.895797,0.811396,0.819928,0.842374,0.859324,1,180.419,28.129,TARGET JUMP,CANDIDATE,1,1,0,833,313,747.000,0,1,1,1,0.916880,0.617469,1124,263,0.478796,STAND LOCKED,,,,,,,,,,
270,9.000000,16.900,6.464,19010,5501,7111,0.901073,0.745578,0.860933,0.823326,0.000000,0,0.000,0.000,INSUFFICIENT LASHING PATTERN,NO BUNDLE,0,0,0,,,,0,1,1,1,0.882500,0.652480,1035,229,0.404903,STAND LOCKED,175,0,1920,982,,,,,,
271,9.033333,18.424,6.285,16246,8729,5265,0.932696,0.775081,0.834657,0.847478,0.881792,1,175.235,28.500,VALID,CANDIDATE,1,1,0,793,333,134.000,0,1,1,1,0.882500,0.652480,1035,229,0.404903,STAND LOCKED,175,0,1920,982,,,,,,
272,9.066667,17.507,6.180,3966,2013,1656,0.799441,0.766332,0.865768,0.810514,0.765392,1,191.125,20.629,VALID,CANDIDATE,2,1,0,790,336,138.550,0,1,1,1,0.959258,0.615780,978,258,0.465354,STAND LOCKED,496,173,1072,497,,,,,,
273,9.100000,16.473,5.963,4739,1976,2209,0.816246,0.762737,0.816117,0.798367,0.817753,1,193.883,21.065,VALID,CANDIDATE,3,1,0,798,334,138.192,0,1,1,1,0.959258,0.615780,978,258,0.465354,STAND LOCKED,463,173,1039,497,,,,,,
274,9.133333,17.084,5.579,4835,2228,2385,0.809566,0.786766,0.852691,0.816341,0.747854,1,198.650,19.943,VALID,CANDIDATE,4,1,0,773,324,145.867,0,1,1,1,0.935232,0.578427,962,306,0.525150,STAND LOCKED,498,174,1074,498,,,,,,
275,9.166667,17.493,5.426,4538,2325,1633,0.803972,0.785513,0.888523,0.826003,0.736008,1,187.742,22.223,VALID,LOCKED,5,1,1,772,309,144.004,0,1,1,1,0.935232,0.578427,962,306,0.525150,STAND LOCKED,563,156,1139,481,,,,,,
276,9.200000,17.486,5.363,4254,2046,1191,0.792153,0.768317,0.829478,0.796649,0.727894,1,195.109,18.405,VALID,LOCKED,5,1,1,773,294,149.851,0,1,1,1,0.893461,0.642597,1019,349,0.431873,STAND LOCKED,486,132,1062,456,,,,,,
277,9.233333,17.199,5.420,4596,2154,1771,0.808280,0.762056,0.864168,0.811501,0.727490,1,192.856,19.019,VALID,LOCKED,5,1,1,775,275,157.098,0,1,1,1,0.893461,0.642597,1019,349,0.431873,STAND LOCKED,515,124,1091,448,,,,,,
278,9.266667,15.908,5.405,4503,2161,2062,0.824642,0.760158,0.868278,0.817693,0.755805,1,191.093,22.147,VALID,LOCKED,5,1,1,777,249,147.284,0,1,1,1,0.895369,0.603623,1005,357,0.561010,STAND LOCKED,514,103,1090,427,,,,,,
279,9.300000,17.787,5.528,4109,1926,1436,0.800057,0.733818,0.837031,0.790302,0.784377,1,192.083,21.089,VALID,LOCKED,5,1,1,761,222,106.149,0,1,1,1,0.895369,0.603623,1005,357,0.561010,STAND LOCKED,522,72,1098,396,,,,,,
280,9.333333,16.076,5.315,5428,1642,1611,0.804232,0.708746,0.861010,0.791330,0.757909,1,187.121,20.445,VALID,LOCKED,5,1,1,749,214,89.152,0,1,1,1,0.891251,0.564849,944,385,0.659862,STAND LOCKED,366,35,942,359,,,,,,
281,9.366667,16.686,5.470,4094,1874,1307,0.798774,0.734121,0.820540,0.784478,0.763423,1,193.123,18.990,VALID,LOCKED,5,1,1,670,209,82.553,0,1,1,1,0.891251,0.564849,944,385,0.659862,STAND LOCKED,372,38,948,362,,,,,,
282,9.400000,15.828,5.348,4625,1899,1462,0.803364,0.750208,0.822962,0.792178,0.761265,1,192.986,22.370,TARGET JUMP,CANDIDATE,1,1,0,633,229,156.000,0,1,1,1,0.827121,0.588947,962,538,0.467540,STAND LOCKED,290,42,866,366,,,,,,
283,9.433333,17.418,5.291,3771,1584,1253,0.818891,0.761598,0.894243,0.824911,0.729887,1,189.000,22.784,VALID,CANDIDATE,2,1,0,620,232,152.750,0,1,1,1,0.827121,0.588947,962,538,0.467540,STAND LOCKED,386,64,962,388,,,,,,
284,9.466667,17.245,5.331,4192,1966,1550,0.792522,0.795781,0.829421,0.805908,0.758950,1,195.391,18.522,VALID,CANDIDATE,3,1,0,644,238,156.162,0,1,1,0,0.827121,0.588947,962,538,0.467540,STAND TEMPORARILY LOST (1),358,72,934,396,,,,,,
285,9.500000,18.919,5.244,4383,2337,1562,0.806733,0.735837,0.846665,0.796412,0.785149,1,193.026,20.505,TARGET JUMP,CANDIDATE,1,1,0,627,247,84.000,0,1,1,0,0.827121,0.588947,962,538,0.467540,STAND TEMPORARILY LOST (1),396,84,972,408,,,,,,
286,9.533333,15.695,5.039,4560,2329,1575,0.802358,0.791910,0.887849,0.827372,0.758804,1,186.273,23.949,TARGET JUMP,CANDIDATE,1,1,0,614,286,162.000,0,1,1,0,0.827121,0.588947,962,538,0.467540,STAND TARGET JUMP REJECTED,376,92,952,416,,,,,,
287,9.566667,15.860,5.105,4356,1991,1327,0.786837,0.744027,0.832139,0.787668,0.695163,1,190.102,22.525,VALID,CANDIDATE,2,1,0,606,300,162.650,0,1,1,0,0.827121,0.588947,962,538,0.467540,STAND TARGET JUMP REJECTED,364,127,940,451,,,,,,
288,9.600000,16.240,4.841,5211,2106,2111,0.831051,0.760592,0.887882,0.826508,0.807085,1,187.871,23.291,TARGET JUMP,CANDIDATE,1,1,0,613,285,86.000,0,1,1,1,0.756912,0.607565,1003,473,0.352985,STAND LOCKED,345,143,921,467,,,,,,
289,9.633333,17.780,4.669,5407,2646,2204,0.811390,0.758137,0.894315,0.821280,0.739123,1,191.251,21.518,VALID,CANDIDATE,2,1,0,631,273,106.800,0,1,1,1,0.756912,0.607565,1003,473,0.352985,STAND LOCKED,338,128,914,452,,,,,,
290,9.666667,16.264,4.529,5390,2305,2086,0.826846,0.756526,0.849980,0.811117,0.747249,1,195.214,19.011,VALID,CANDIDATE,3,1,0,628,244,93.280,0,1,1,1,0.845526,0.544629,975,472,0.505140,STAND LOCKED,308,90,884,414,,,,,,
291,9.700000,16.373,4.483,4916,2040,2021,0.826835,0.754868,0.832033,0.804579,0.743232,1,192.330,20.448,VALID,CANDIDATE,4,1,0,622,228,86.598,0,1,1,1,0.845526,0.544629,975,472,0.505140,STAND LOCKED,330,60,906,384,,,,,,
292,9.733333,16.578,4.314,5038,2379,1593,0.814973,0.753125,0.840807,0.802968,0.797062,1,190.262,19.463,VALID,LOCKED,5,1,1,616,227,82.959,0,1,1,0,0.845526,0.544629,975,472,0.505140,STAND TARGET JUMP REJECTED,320,50,896,374,,,,,,
293,9.766667,16.897,4.658,4579,2278,836,0.804406,0.767677,0.000000,0.786042,0.729843,1,0.000,0.000,TARGET JUMP,CANDIDATE,1,1,0,671,247,147.000,0,1,1,0,0.845526,0.544629,975,472,0.505140,STAND TARGET JUMP REJECTED,293,66,869,390,,,,,,
294,9.800000,17.273,4.891,3804,2203,1182,0.816022,0.706245,0.816705,0.779658,0.752785,1,189.514,20.952,TARGET JUMP,CANDIDATE,1,1,0,574,227,80.000,0,1,1,1,0.899676,0.563273,968,364,0.459535,STAND LOCKED,419,87,995,411,,,,,,
295,9.833333,17.474,4.758,4883,1885,1231,0.795404,0.743269,0.824480,0.787717,0.767375,1,197.073,19.001,VALID,CANDIDATE,2,1,0,513,219,85.850,0,1,1,1,0.899676,0.563273,968,364,0.459535,STAND LOCKED,224,61,800,385,,,,,,
296,9.866667,16.441,4.947,4564,1528,1409,0.794350,0.755576,0.840843,0.796923,0.762892,1,199.562,20.546,VALID,CANDIDATE,3,1,0,484,215,88.547,0,1,1,0,0.899676,0.563273,968,364,0.459535,STAND TARGET JUMP REJECTED,148,47,724,371,,,,,,
297,9.900000,17.945,4.756,4960,1567,1452,0.807078,0.697691,0.838112,0.780961,0.800209,1,192.213,19.514,VALID,CANDIDATE,4,1,0,530,220,85.592,0,1,1,0,0.899676,0.563273,968,364,0.459535,STAND TARGET JUMP REJECTED,92,38,668,362,,,,,,
298,9.933333,16.135,4.749,5031,1758,1218,0.796582,0.671733,0.825827,0.764714,0.753797,1,196.528,20.407,VALID,LOCKED,5,1,1,534,217,85.207,0,1,1,0,0.899676,0.563273,968,364,0.459535,STAND TARGET JUMP REJECTED,224,59,800,383,,,,,,
299,9.966667,18.145,4.988,22167,5181,14340,0.865238,0.693674,0.847656,0.802189,0.739213,1,184.445,25.388,VALID,LOCKED,5,1,1,572,240,87.672,0,1,1,0,0.899676,0.563273,968,364,0.459535,STAND TARGET JUMP REJECTED,,,,,,,,,,
300,10.000000,16.438,4.906,13911,8578,6612,0.925129,0.832064,0.868336,0.875176,0.826972,1,171.268,31.936,TARGET JUMP,CANDIDATE,1,1,0,730,269,166.000,0,1,1,1,0.854827,0.562398,961,404,0.536791,STAND LOCKED,0,0,1250,703,,,,,,
301,10.033333,17.319,4.872,4567,2356,985,0.811725,0.744913,0.837660,0.798099,0.726933,1,190.822,19.604,VALID,CANDIDATE,2,1,0,718,271,156.900,0,1,1,1,0.854827,0.562398,961,404,0.536791,STAND LOCKED,468,102,1044,426,,,,,,
302,10.066667,16.304,4.802,4393,2050,1283,0.822084,0.746473,0.850060,0.806206,0.730513,1,190.483,21.406,VALID,CANDIDATE,3,1,0,695,284,159.565,0,1,1,1,0.942145,0.608103,951,334,0.510445,STAND LOCKED,454,108,1030,432,,,,,,
303,10.100000,16.044,4.775,4648,2061,1612,0.779007,0.749912,0.810763,0.779894,0.707101,1,190.110,24.574,VALID,CANDIDATE,4,1,0,698,287,156.598,0,1,1,1,0.942145,0.608103,951,334,0.510445,STAND LOCKED,423,125,999,449,,,,,,
304,10.133333,17.390,4.613,5049,2043,1545,0.813478,0.740533,0.855362,0.803124,0.771645,1,190.678,23.558,VALID,LOCKED,5,1,1,686,335,134.109,0,1,1,1,0.855071,0.553150,900,400,0.537293,STAND LOCKED,445,127,1021,451,,,,,,
305,10.166667,18.531,4.476,5539,2255,2330,0.832657,0.772007,0.849121,0.817928,0.790119,1,192.158,24.018,VALID,LOCKED,5,1,1,676,340,105.438,0,1,1,1,0.855071,0.553150,900,400,0.537293,STAND LOCKED,338,182,914,506,,,,,,
306,10.200000,16.064,4.380,5364,2232,2028,0.839241,0.765758,0.867370,0.824123,0.853836,1,192.480,22.395,VALID,LOCKED,5,1,1,680,330,113.603,0,1,1,1,0.937877,0.600239,925,342,0.508634,STAND LOCKED,434,176,1010,500,,,,,,
307,10.233333,16.072,4.513,4470,2018,1691,0.820231,0.723017,0.816218,0.786489,0.788704,1,192.167,20.160,VALID,LOCKED,5,1,1,655,312,92.411,0,1,1,1,0.937877,0.600239,925,342,0.508634,STAND LOCKED,428,164,1004,488,,,,,,
308,10.266667,17.053,4.399,5404,2229,2241,0.816314,0.751769,0.838433,0.802172,0.823205,1,187.754,24.811,VALID,LOCKED,5,1,1,642,296,88.894,0,1,1,1,0.879167,0.640328,935,294,0.471293,STAND LOCKED,362,147,938,471,,,,,,
309,10.300000,16.609,4.402,5115,1993,1967,0.791731,0.756154,0.865145,0.804343,0.790797,1,188.007,23.295,VALID,LOCKED,5,1,1,647,293,85.063,0,1,1,1,0.879167,0.640328,935,294,0.471293,STAND LOCKED,307,128,883,452,,,,,,
310,10.333333,17.906,4.257,5025,2036,2073,0.816557,0.766167,0.826456,0.803060,0.815806,1,192.168,20.049,VALID,LOCKED,5,1,1,646,293,82.422,0,1,1,1,0.930916,0.633432,948,253,0.404072,STAND LOCKED,318,128,894,452,,,,,,
311,10.366667,17.321,4.164,5111,2132,2086,0.821335,0.746326,0.878042,0.815234,0.792044,1,187.926,27.548,VALID,LOCKED,5,1,1,635,289,82.798,0,1,1,1,0.930916,0.633432,948,253,0.404072,STAND LOCKED,366,136,942,460,,,,,,
312,10.400000,16.119,4.119,5147,2286,1763,0.812466,0.761489,0.850161,0.808039,0.793394,1,194.774,23.761,VALID,LOCKED,5,1,1,577,281,92.029,0,1,1,1,0.902441,0.605632,951,271,0.444610,STAND LOCKED,312,122,888,446,,,,,,
313,10.433333,17.198,4.122,4697,1956,1359,0.822928,0.732866,0.870968,0.808921,0.750452,1,207.060,24.312,VALID,LOCKED,5,1,1,495,284,100.460,0,1,1,1,0.902441,0.605632,951,271,0.444610,STAND LOCKED,222,108,798,432,,,,,,
314,10.466667,15.761,4.059,4963,2172,2421,0.828137,0.731018,0.861797,0.806984,0.765840,1,200.367,19.965,VALID,LOCKED,5,1,1,496,302,108.611,0,1,1,1,0.752156,0.563477,996,338,0.416001,STAND LOCKED,136,116,712,440,,,,,,
315,10.500000,17.815,3.967,5293,2420,2059,0.815905,0.748235,0.866445,0.810195,0.749072,1,196.398,22.941,VALID,LOCKED,5,1,1,491,325,108.864,0,1,1,1,0.752156,0.563477,996,338,0.416001,STAND LOCKED,182,138,758,462,,,,,,
316,10.533333,16.201,3.935,5130,1987,1155,0.816222,0.745944,0.783141,0.781769,0.772347,1,199.307,19.023,VALID,LOCKED,5,1,1,486,343,109.602,0,1,1,1,0.901170,0.573051,975,340,0.421460,STAND LOCKED,273,176,849,500,,,,,,
317,10.566667,16.972,3.903,5619,1565,1783,0.816986,0.772207,0.844978,0.811390,0.788047,1,196.427,22.906,VALID,LOCKED,5,1,1,545,355,103.361,0,1,1,1,0.901170,0.573051,975,340,0.421460,STAND LOCKED,220,187,796,511,,,,,,
318,10.600000,17.177,3.846,5662,2035,2407,0.839653,0.737562,0.859839,0.812352,0.775134,1,204.646,23.380,VALID,LOCKED,5,1,1,536,368,108.326,0,1,1,1,0.879167,0.627864,961,317,0.480953,STAND LOCKED,248,192,824,516,,,,,,
319,10.633333,18.799,3.924,5288,1515,2307,0.841793,0.707722,0.862097,0.803870,0.764364,1,194.785,22.229,VALID,LOCKED,5,1,1,526,376,113.964,0,1,1,1,0.879167,0.627864,961,317,0.480953,STAND LOCKED,210,202,786,526,,,,,,
320,10.666667,16.299,3.952,5938,1965,2342,0.854450,0.755214,0.863928,0.824530,0.770924,1,202.311,27.008,TARGET JUMP,CANDIDATE,1,1,0,488,390,166.000,0,1,1,1,0.876667,0.737885,940,303,0.497540,STAND LOCKED,314,217,890,541,,,,,,
321,10.700000,18.017,3.862,5590,2451,2722,0.851565,0.742239,0.847966,0.813923,0.804604,1,206.478,21.401,VALID,CANDIDATE,2,1,0,478,385,171.850,0,1,1,1,0.876667,0.737885,940,303,0.497540,STAND LOCKED,155,220,731,544,,,,,,
322,10.733333,17.228,3.827,5782,1983,2119,0.855913,0.778261,0.847672,0.827282,0.809051,1,208.512,19.869,VALID,CANDIDATE,3,1,0,481,383,141.397,0,1,1,1,0.912500,0.734242,949,294,0.507041,STAND LOCKED,160,216,736,540,,,,,,
323,10.766667,17.150,3.947,5328,1923,2352,0.830535,0.768764,0.847234,0.815511,0.800466,1,203.271,27.978,VALID,CANDIDATE,4,1,0,501,369,127.489,0,1,1,1,0.912500,0.734242,949,294,0.507041,STAND LOCKED,158,216,734,540,,,,,,
324,10.800000,18.130,3.932,4892,2031,2644,0.848229,0.783496,0.862921,0.831549,0.776492,1,206.411,25.245,TARGET JUMP,CANDIDATE,1,1,0,473,340,210.000,0,1,1,0,0.912500,0.734242,949,294,0.507041,STAND TARGET JUMP REJECTED,188,195,764,519,,,,,,
325,10.833333,16.331,3.971,4268,2592,2139,0.818221,0.765725,0.890344,0.824763,0.797458,1,203.578,21.872,TARGET JUMP,CANDIDATE,1,1,0,475,331,80.000,0,1,1,0,0.912500,0.734242,949,294,0.507041,STAND TARGET JUMP REJECTED,78,149,724,512,,,,,,
326,10.866667,16.576,3.912,4778,1974,2197,0.825305,0.750222,0.841570,0.805699,0.771751,1,199.498,22.335,TARGET JUMP,CANDIDATE,1,1,0,507,319,127.000,0,1,1,1,0.873170,0.725527,941,288,0.488909,STAND LOCKED,240,170,816,494,,,,,,
327,10.900000,16.772,4.530,4684,1412,934,0.823544,0.699843,0.798693,0.761693,0.000000,0,0.000,0.000,COMPONENTS TOO FAR,NO BUNDLE,0,0,0,,,,0,1,1,1,0.873170,0.725527,941,288,0.488909,STAND LOCKED,238,160,814,484,,,,,,
328,10.933333,17.072,4.775,5039,870,691,0.838081,0.673841,0.000000,0.755961,0.835532,1,0.000,0.000,VALID,CANDIDATE,1,1,0,709,387,75.000,0,1,1,1,0.892496,0.660188,1104,351,0.405380,STAND LOCKED,238,160,814,484,,,,,,
329,10.966667,16.926,4.883,27328,12188,13811,0.937212,0.827357,0.895598,0.886722,0.876531,1,180.445,32.483,TARGET JUMP,CANDIDATE,1,1,0,1031,360,175.000,0,1,1,1,0.892496,0.660188,1104,351,0.405380,STAND LOCKED,,,,,,,,,,
330,11.000000,17.787,4.769,25473,14074,12748,0.932846,0.831731,0.916014,0.893530,0.905069,1,176.600,33.673,VALID,CANDIDATE,2,1,0,1064,384,175.000,0,1,1,0,0.892496,0.660188,1104,351,0.405380,STAND TARGET JUMP REJECTED,0,0,1747,983,,,,,,
331,11.033333,18.352,4.876,24441,13741,11522,0.915944,0.822699,0.911376,0.883340,0.899211,1,179.337,36.173,VALID,CANDIDATE,3,1,0,1084,391,177.600,0,1,1,0,0.892496,0.660188,1104,351,0.405380,STAND TARGET JUMP REJECTED,81,0,1523,811,,,,,,
332,11.066667,16.653,4.882,26763,13441,12201,0.934432,0.828715,0.896221,0.886456,0.902927,1,171.802,34.640,TARGET JUMP,CANDIDATE,1,1,0,1076,363,177.000,0,1,1,1,0.933106,0.644269,1201,387,0.473208,STAND LOCKED,0,0,1631,918,,,,,,
333,11.100000,16.232,5.466,3404,3227,1141,0.812161,0.776497,0.854552,0.814404,0.783415,1,193.375,23.111,VALID,CANDIDATE,2,1,0,1049,401,171.800,0,1,1,1,0.933106,0.644269,1201,387,0.473208,STAND LOCKED,785,172,1458,550,,,,,,
334,11.133333,17.146,5.919,2740,952,375,0.828907,0.702405,0.781028,0.765656,0.000000,0,0.000,0.000,INSUFFICIENT LASHING PATTERN,NO BUNDLE,0,0,0,,,,0,1,1,1,0.906874,0.614354,1132,481,0.435490,STAND LOCKED,719,256,1295,580,,,,,,
335,11.166667,17.260,6.327,4014,736,634,0.849979,0.716812,0.831783,0.799525,0.781752,1,188.833,26.304,VALID,CANDIDATE,1,1,0,863,550,134.000,0,1,1,1,0.906874,0.614354,1132,481,0.435490,STAND LOCKED,719,256,1295,580,,,,,,
336,11.200000,16.798,6.511,4959,590,151,0.829273,0.728774,0.739842,0.779024,0.000000,0,0.000,0.000,INSUFFICIENT LASHING PATTERN,NO BUNDLE,0,0,0,,,,0,1,1,1,0.945000,0.635143,1056,447,0.525461,STAND LOCKED,544,384,1120,708,,,,,,
337,11.233333,17.336,7.951,4303,486,90,0.846365,0.728335,0.739069,0.787350,0.000000,0,0.000,0.000,NO VALID CONTACT,NO BUNDLE,0,0,0,,,,0,1,1,1,0.945000,0.635143,1056,447,0.525461,STAND LOCKED,544,384,1120,708,,,,,,
338,11.266667,16.455,9.977,4035,26,0,0.841212,0.636124,0.000000,0.738668,0.000000,0,0.000,0.000,NO LASHING,NO BUNDLE,0,0,0,,,,0,1,1,0,0.945000,0.635143,1056,447,0.525461,STAND TARGET JUMP REJECTED,544,384,1120,708,,,,,,
339,11.300000,17.397,14.708,843,47,0,0.793037,0.673029,0.000000,0.733033,0.000000,0,0.000,0.000,NO LASHING,NO BUNDLE,0,0,0,,,,0,1,1,0,0.945000,0.635143,1056,447,0.525461,STAND TARGET JUMP REJECTED,544,384,1120,708,,,,,,
340,11.333333,15.768,14.545,0,0,0,0.000000,0.000000,0.000000,0.000000,0.000000,0,0.000,0.000,NO BLACK,NO BUNDLE,0,0,0,,,,0,1,1,1,0.876374,0.622443,1140,570,0.573587,STAND LOCKED,544,384,1120,708,,,,,,
341,11.366667,17.604,18.670,0,0,0,0.000000,0.000000,0.000000,0.000000,0.000000,0,0.000,0.000,NO BLACK,NO BUNDLE,0,0,0,,,,0,1,1,1,0.876374,0.622443,1140,570,0.573587,STAND LOCKED,544,384,1120,708,,,,,,
342,11.400000,17.384,19.003,1263,14,0,0.805198,0.660653,0.000000,0.732925,0.000000,0,0.000,0.000,NO LASHING,NO BUNDLE,0,0,0,,,,0,1,1,0,0.876374,0.622443,1140,570,0.573587,STAND TARGET JUMP REJECTED,544,384,1120,708,,,,,,
343,11.433333,16.315,22.542,3377,12,0,0.808124,0.627913,0.000000,0.718018,0.000000,0,0.000,0.000,NO LASHING,NO BUNDLE,0,0,0,,,,0,1,1,0,0.876374,0.622443,1140,570,0.573587,STAND TARGET JUMP REJECTED,544,384,1120,708,,,,,,
344,11.466667,16.866,21.179,3904,0,0,0.802138,0.000000,0.000000,0.000000,0.000000,0,0.000,0.000,NO LASHING,NO BUNDLE,0,0,0,,,,0,1,1,0,0.876374,0.622443,1140,570,0.573587,STAND TEMPORARILY LOST (2),544,384,1120,708,,,,,,
345,11.500000,15.897,24.484,4574,44,0,0.813636,0.655482,0.000000,0.734559,0.000000,0,0.000,0.000,NO LASHING,NO BUNDLE,0,0,0,,,,0,1,1,0,0.876374,0.622443,1140,570,0.573587,STAND TEMPORARILY LOST (2),544,384,1120,708,,,,,,
346,11.533333,17.126,22.829,4201,141,0,0.821562,0.647027,0.000000,0.734295,0.000000,0,0.000,0.000,GEOMETRY FAIL,NO BUNDLE,0,0,0,,,,0,1,1,1,0.855275,0.588883,1068,714,0.460799,STAND LOCKED,544,384,1120,708,,,,,,
347,11.566667,17.683,22.428,6292,349,0,0.814873,0.658774,0.000000,0.736823,0.000000,0,0.000,0.000,GEOMETRY FAIL,NO BUNDLE,0,0,0,,,,0,1,1,1,0.855275,0.588883,1068,714,0.460799,STAND LOCKED,544,384,1120,708,,,,,,
348,11.600000,15.679,21.308,6230,253,46,0.842090,0.650520,0.733161,0.746305,0.000000,0,0.000,0.000,GEOMETRY FAIL,NO BUNDLE,0,0,0,,,,0,1,1,0,0.855275,0.588883,1068,714,0.460799,STAND TARGET JUMP REJECTED,544,384,1120,708,,,,,,
349,11.633333,16.743,21.429,5078,246,5,0.836978,0.673063,0.720099,0.755020,0.000000,0,0.000,0.000,GEOMETRY FAIL,NO BUNDLE,0,0,0,,,,0,1,1,0,0.855275,0.588883,1068,714,0.460799,STAND TARGET JUMP REJECTED,544,384,1120,708,,,,,,
350,11.666667,17.191,20.377,4824,207,0,0.826071,0.716385,0.000000,0.771228,0.000000,0,0.000,0.000,COMPONENTS TOO FAR,NO BUNDLE,0,0,0,,,,0,1,1,1,0.814971,0.616117,1027,580,0.350462,STAND LOCKED,544,384,1120,708,,,,,,
351,11.700000,16.077,23.630,3348,118,0,0.798762,0.734440,0.000000,0.766601,0.000000,0,0.000,0.000,NO LASHING,NO BUNDLE,0,0,0,,,,0,1,1,1,0.814971,0.616117,1027,580,0.350462,STAND LOCKED,544,384,1120,708,,,,,,
352,11.733333,16.104,23.799,3994,61,8,0.836212,0.651810,0.726840,0.744011,0.000000,0,0.000,0.000,NO LASHING,NO BUNDLE,0,0,0,,,,0,1,1,1,0.959870,0.663207,984,566,0.479560,STAND LOCKED,544,384,1120,708,,,,,,
353,11.766667,18.179,23.209,5343,264,75,0.849359,0.672525,0.778011,0.760942,0.000000,0,0.000,0.000,GEOMETRY FAIL,NO BUNDLE,0,0,0,,,,0,1,1,1,0.959870,0.663207,984,566,0.479560,STAND LOCKED,544,384,1120,708,,,,,,
354,11.800000,16.347,21.657,5340,364,71,0.848608,0.695916,0.737194,0.772262,0.000000,0,0.000,0.000,COMPONENTS TOO FAR,NO BUNDLE,0,0,0,,,,0,1,1,0,0.959870,0.663207,984,566,0.479560,STAND TEMPORARILY LOST (1),544,384,1120,708,,,,,,
355,11.833333,16.401,20.302,4438,455,58,0.829754,0.720835,0.745103,0.775295,0.000000,0,0.000,0.000,INSUFFICIENT LASHING PATTERN,NO BUNDLE,0,0,0,,,,0,1,1,0,0.959870,0.663207,984,566,0.479560,STAND TEMPORARILY LOST (1),544,384,1120,708,,,,,,
356,11.866667,16.507,18.021,31014,16389,11908,0.931517,0.831099,0.882062,0.881559,0.826609,1,172.727,35.680,VALID,CANDIDATE,1,1,0,916,506,262.000,0,1,1,1,0.820980,0.584517,1110,463,0.441913,STAND LOCKED,,,,,,,,,,
357,11.900000,16.795,16.042,7812,4361,2412,0.835607,0.796246,0.842936,0.824930,0.870972,1,194.846,22.409,TARGET JUMP,CANDIDATE,1,1,0,917,488,142.000,0,1,1,1,0.820980,0.584517,1110,463,0.441913,STAND LOCKED,625,298,1331,696,,,,,,
358,11.933333,17.341,14.853,4800,992,646,0.816480,0.687222,0.769774,0.751851,0.000000,0,0.000,0.000,INSUFFICIENT LASHING PATTERN,NO BUNDLE,0,0,0,,,,0,1,1,0,0.820980,0.584517,1110,463,0.441913,STAND TARGET JUMP REJECTED,663,330,1239,654,,,,,,
359,11.966667,16.712,13.249,34590,10901,14101,0.931276,0.802063,0.916913,0.883418,0.884146,1,179.964,34.221,VALID,CANDIDATE,1,1,0,1337,506,697.000,0,1,1,0,0.820980,0.584517,1110,463,0.441913,STAND TARGET JUMP REJECTED,,,,,,,,,,
360,12.000000,16.392,11.950,31983,7734,14743,0.933551,0.771590,0.926476,0.877205,0.862481,1,178.331,33.221,VALID,CANDIDATE,2,1,0,1253,472,505.250,0,1,1,1,0.922243,0.600795,1047,436,0.545157,STAND LOCKED,0,0,1920,1080,,,,,,
361,12.033333,16.864,11.019,27380,9535,11833,0.901828,0.786856,0.898868,0.844342,0.000000,0,169.922,32.293,APPEARANCE FAIL,NO BUNDLE,0,0,0,,,,0,1,1,1,0.922243,0.600795,1047,436,0.545157,STAND LOCKED,127,0,1662,863,,,,,,
362,12.066667,17.786,10.187,28049,8498,12447,0.910209,0.781213,0.893619,0.845711,0.000000,0,0.000,0.000,INSUFFICIENT LASHING PATTERN,NO BUNDLE,0,0,0,,,,0,1,1,1,0.916691,0.559252,1048,395,0.597728,STAND LOCKED,127,0,1662,863,,,,,,
363,12.100000,16.465,9.463,27504,10701,11643,0.916131,0.811287,0.884529,0.870649,0.863915,1,176.019,33.190,VALID,CANDIDATE,1,1,0,1080,322,287.000,0,1,1,1,0.916691,0.559252,1048,395,0.597728,STAND LOCKED,127,0,1662,863,,,,,,
364,12.133333,17.400,8.734,25117,9605,10905,0.902623,0.827088,0.877284,0.868999,0.805698,1,172.551,29.813,VALID,CANDIDATE,2,1,0,1142,324,244.750,0,1,1,1,0.903394,0.565128,975,427,0.698792,STAND LOCKED,326,0,1648,743,,,,,,
365,12.166667,17.857,7.992,6793,3724,2467,0.817300,0.772291,0.810829,0.800140,0.813369,1,185.330,22.435,TARGET JUMP,CANDIDATE,1,1,0,1147,296,109.000,0,1,1,1,0.903394,0.565128,975,427,0.698792,STAND LOCKED,769,99,1531,528,,,,,,
366,12.200000,17.001,8.975,2448,320,54,0.799462,0.663468,0.760064,0.731465,0.000000,0,0.000,0.000,GEOMETRY FAIL,NO BUNDLE,0,0,0,,,,0,1,1,1,0.887007,0.513808,1015,499,0.747836,STAND LOCKED,912,142,1488,466,,,,,,
367,12.233333,17.841,10.256,2954,690,226,0.806217,0.688592,0.751363,0.747404,0.000000,0,0.000,0.000,INSUFFICIENT LASHING PATTERN,NO BUNDLE,0,0,0,,,,0,1,1,1,0.887007,0.513808,1015,499,0.747836,STAND LOCKED,912,142,1488,466,,,,,,
368,12.266667,15.833,10.450,2950,522,63,0.795540,0.673776,0.732229,0.734658,0.000000,0,0.000,0.000,INSUFFICIENT LASHING PATTERN,NO BUNDLE,0,0,0,,,,0,1,1,1,0.938933,0.554114,1048,530,0.866156,STAND LOCKED,912,142,1488,466,,,,,,
369,12.300000,17.446,11.570,2850,528,141,0.799498,0.678438,0.741650,0.738968,0.000000,0,0.000,0.000,INSUFFICIENT LASHING PATTERN,NO BUNDLE,0,0,0,,,,0,1,1,1,0.938933,0.554114,1048,530,0.866156,STAND LOCKED,912,142,1488,466,,,,,,
370,12.333333,16.640,12.289,2502,338,172,0.797078,0.668966,0.756709,0.733022,0.000000,0,0.000,0.000,GEOMETRY FAIL,NO BUNDLE,0,0,0,,,,0,1,1,1,0.896301,0.532090,932,544,0.907178,STAND LOCKED,912,142,1488,466,,,,,,
371,12.366667,18.021,13.837,3217,288,651,0.812253,0.664040,0.769959,0.738147,0.000000,0,0.000,0.000,GEOMETRY FAIL,NO BUNDLE,0,0,0,,,,0,1,1,1,0.896301,0.532090,932,544,0.907178,STAND LOCKED,912,142,1488,466,,,,,,
372,12.400000,16.938,14.080,2869,216,119,0.803649,0.654583,0.764868,0.729116,0.000000,0,0.000,0.000,GEOMETRY FAIL,NO BUNDLE,0,0,0,,,,0,1,1,1,0.905106,0.593907,918,436,0.758600,STAND LOCKED,912,142,1488,466,,,,,,
373,12.433333,15.973,18.342,2363,30,54,0.810456,0.625559,0.744333,0.718007,0.000000,0,0.000,0.000,NO LASHING,NO BUNDLE,0,0,0,,,,0,1,1,1,0.905106,0.593907,918,436,0.758600,STAND LOCKED,912,142,1488,466,,,,,,
374,12.466667,17.295,18.494,1957,81,31,0.812139,0.655006,0.731445,0.733573,0.000000,0,0.000,0.000,NO LASHING,NO BUNDLE,0,0,0,,,,0,1,1,1,0.953928,0.584799,918,489,0.866926,STAND LOCKED,912,142,1488,466,,,,,,
375,12.500000,15.664,22.239,392,29,0,0.774469,0.682520,0.000000,0.728495,0.000000,0,0.000,0.000,NO BLACK,NO BUNDLE,0,0,0,,,,0,1,1,1,0.953928,0.584799,918,489,0.866926,STAND LOCKED,912,142,1488,466,,,,,,
376,12.533333,18.139,21.825,0,28,0,0.000000,0.649619,0.000000,0.000000,0.000000,0,0.000,0.000,NO BLACK,NO BUNDLE,0,0,0,,,,0,1,1,1,0.846410,0.577072,944,524,0.919746,STAND LOCKED,912,142,1488,466,,,,,,
377,12.566667,16.295,25.060,0,0,0,0.000000,0.000000,0.000000,0.000000,0.000000,0,0.000,0.000,NO BLACK,NO BUNDLE,0,0,0,,,,0,1,1,1,0.846410,0.577072,944,524,0.919746,STAND LOCKED,912,142,1488,466,,,,,,
378,12.600000,16.311,24.232,88,102,3,0.767473,0.702017,0.711936,0.734745,0.000000,0,0.000,0.000,NO BLACK,NO BUNDLE,0,0,0,,,,0,1,1,1,0.965261,0.587053,952,536,0.945552,STAND LOCKED,912,142,1488,466,,,,,,
379,12.633333,16.718,22.830,3946,628,1332,0.808867,0.683716,0.813215,0.746291,0.000000,0,0.000,0.000,NO VALID CONTACT,NO BUNDLE,0,0,0,,,,0,1,1,1,0.965261,0.587053,952,536,0.945552,STAND LOCKED,912,142,1488,466,,,,,,
380,12.666667,17.263,21.109,1994,810,232,0.769284,0.696316,0.764229,0.732800,0.000000,0,0.000,0.000,NO VALID CONTACT,NO BUNDLE,0,0,0,,,,0,1,1,1,0.938242,0.568110,963,545,0.959202,STAND LOCKED,912,142,1488,466,,,,,,
381,12.700000,16.433,19.082,2625,1244,1046,0.835931,0.699169,0.811945,0.782348,0.732892,1,188.957,17.910,VALID,CANDIDATE,1,1,0,968,305,83.000,0,1,1,1,0.938242,0.568110,963,545,0.959202,STAND LOCKED,912,142,1488,466,,,,,,
382,12.733333,17.127,17.384,3811,1848,1260,0.798599,0.726059,0.810935,0.762329,0.000000,0,0.000,0.000,COMPONENTS TOO FAR,NO BUNDLE,0,0,0,,,,0,1,1,1,0.870285,0.566903,954,546,0.971456,STAND LOCKED,692,137,1268,461,,,,,,
383,12.766667,16.326,15.542,4065,2173,1611,0.815070,0.732388,0.828569,0.792009,0.735094,1,194.248,20.472,VALID,CANDIDATE,1,1,0,919,309,82.000,0,1,1,1,0.870285,0.566903,954,546,0.971456,STAND LOCKED,692,137,1268,461,,,,,,
384,12.800000,17.273,13.979,4366,2045,1092,0.795717,0.746496,0.875508,0.805907,0.780727,1,200.665,27.896,VALID,CANDIDATE,2,1,0,886,293,92.400,0,1,1,1,0.941769,0.562102,921,543,0.983081,STAND LOCKED,620,138,1196,462,,,,,,
385,12.833333,18.394,12.749,4114,1542,1412,0.833480,0.760805,0.823957,0.806081,0.790754,1,190.804,20.510,TARGET JUMP,CANDIDATE,1,1,0,919,286,93.000,0,1,1,1,0.941769,0.562102,921,543,0.983081,STAND LOCKED,462,107,1053,440,,,,,,
386,12.866667,17.409,11.614,4092,1872,1147,0.820774,0.766456,0.781024,0.789418,0.800255,1,196.238,19.965,VALID,CANDIDATE,2,1,0,915,285,92.350,0,1,1,1,0.781237,0.562564,941,528,0.963868,STAND LOCKED,661,126,1237,450,,,,,,
387,12.900000,18.689,11.140,4073,1259,749,0.854304,0.725051,0.786802,0.788719,0.762297,1,201.221,18.549,VALID,CANDIDATE,3,1,0,858,314,97.972,0,1,1,1,0.781237,0.562564,941,528,0.963868,STAND LOCKED,654,124,1230,448,,,,,,
388,12.933333,17.515,10.236,4443,1369,761,0.821693,0.749631,0.000000,0.785662,0.800366,1,0.000,0.000,VALID,CANDIDATE,4,1,0,826,321,90.840,0,1,1,1,0.939701,0.606058,950,499,0.846241,STAND LOCKED,501,168,1077,492,,,,,,
389,12.966667,17.780,9.544,28745,5943,12076,0.907351,0.730874,0.895891,0.844705,0.822466,1,175.643,33.875,TARGET JUMP,CANDIDATE,1,1,0,812,368,222.000,0,1,1,1,0.939701,0.606058,950,499,0.846241,STAND LOCKED,,,,,,,,,,
390,13.000000,16.501,8.610,8829,6099,2956,0.771792,0.815044,0.836444,0.807760,0.766616,1,196.686,23.012,VALID,CANDIDATE,2,1,0,801,406,185.600,0,1,1,1,0.894784,0.586673,954,403,0.706734,STAND LOCKED,220,96,1080,580,,,,,,
391,13.033333,21.850,9.909,3078,2327,1546,0.846375,0.774995,0.828392,0.810685,0.000000,0,0.000,0.000,GEOMETRY FAIL,NO BUNDLE,0,0,0,,,,0,1,1,1,0.894784,0.586673,954,403,0.706734,STAND LOCKED,490,258,1066,582,,,,,,
392,13.066667,16.229,11.013,0,0,41,0.000000,0.000000,0.785284,0.000000,0.000000,0,0.000,0.000,NO BLACK,NO BUNDLE,0,0,0,,,,0,1,1,1,0.847600,0.568228,1008,328,0.580808,STAND LOCKED,490,258,1066,582,,,,,,
393,13.100000,18.483,15.437,0,0,0,0.000000,0.000000,0.000000,0.000000,0.000000,0,0.000,0.000,NO BLACK,NO BUNDLE,0,0,0,,,,0,1,1,1,0.847600,0.568228,1008,328,0.580808,STAND LOCKED,490,258,1066,582,,,,,,
394,13.133333,17.799,15.519,0,0,0,0.000000,0.000000,0.000000,0.000000,0.000000,0,0.000,0.000,NO BLACK,NO BUNDLE,0,0,0,,,,0,1,1,1,0.873775,0.548975,986,441,0.515993,STAND LOCKED,490,258,1066,582,,,,,,
395,13.166667,16.433,19.585,0,0,0,0.000000,0.000000,0.000000,0.000000,0.000000,0,0.000,0.000,NO BLACK,NO BUNDLE,0,0,0,,,,0,1,1,1,0.873775,0.548975,986,441,0.515993,STAND LOCKED,490,258,1066,582,,,,,,
396,13.200000,16.310,19.356,0,0,0,0.000000,0.000000,0.000000,0.000000,0.000000,0,0.000,0.000,NO BLACK,NO BUNDLE,0,0,0,,,,0,1,1,0,0.873775,0.548975,986,441,0.515993,STAND TARGET JUMP REJECTED,490,258,1066,582,,,,,,
397,13.233333,19.774,22.072,0,0,0,0.000000,0.000000,0.000000,0.000000,0.000000,0,0.000,0.000,NO BLACK,NO BUNDLE,0,0,0,,,,0,1,1,0,0.873775,0.548975,986,441,0.515993,STAND TARGET JUMP REJECTED,490,258,1066,582,,,,,,
398,13.266667,20.574,21.488,0,0,0,0.000000,0.000000,0.000000,0.000000,0.000000,0,0.000,0.000,NO BLACK,NO BUNDLE,0,0,0,,,,0,1,1,1,0.789262,0.540140,943,512,0.400253,STAND LOCKED,490,258,1066,582,,,,,,
399,13.300000,18.072,23.680,0,0,0,0.000000,0.000000,0.000000,0.000000,0.000000,0,0.000,0.000,NO BLACK,NO BUNDLE,0,0,0,,,,0,1,1,1,0.789262,0.540140,943,512,0.400253,STAND LOCKED,490,258,1066,582,,,,,,
400,13.333333,16.402,23.411,0,0,0,0.000000,0.000000,0.000000,0.000000,0.000000,0,0.000,0.000,NO BLACK,NO BUNDLE,0,0,0,,,,0,1,1,1,0.852118,0.520006,895,460,0.449003,STAND LOCKED,490,258,1066,582,,,,,,
401,13.366667,16.192,23.560,747,414,1476,0.848350,0.706431,0.806489,0.777391,0.000000,0,0.000,0.000,GEOMETRY FAIL,NO BUNDLE,0,0,0,,,,0,1,1,1,0.852118,0.520006,895,460,0.449003,STAND LOCKED,490,258,1066,582,,,,,,
402,13.400000,16.915,21.912,1140,1339,2325,0.841983,0.709290,0.865626,0.775636,0.000000,0,0.000,0.000,GEOMETRY FAIL,NO BUNDLE,0,0,0,,,,0,1,1,0,0.852118,0.520006,895,460,0.449003,STAND TEMPORARILY LOST (1),490,258,1066,582,,,,,,
403,13.433333,16.899,24.820,489,1225,2876,0.853061,0.702652,0.849711,0.777856,0.000000,0,0.000,0.000,NO BLACK,NO BUNDLE,0,0,0,,,,0,1,1,0,0.852118,0.520006,895,460,0.449003,STAND TEMPORARILY LOST (1),490,258,1066,582,,,,,,
404,13.466667,17.438,22.943,1086,2241,3381,0.859233,0.776334,0.888954,0.817784,0.000000,0,0.000,0.000,GEOMETRY FAIL,NO BUNDLE,0,0,0,,,,0,1,1,1,0.835960,0.496931,869,400,0.466866,STAND LOCKED,490,258,1066,582,,,,,,
405,13.500000,16.021,25.855,535,1284,3332,0.838106,0.757724,0.875224,0.797915,0.000000,0,0.000,0.000,NO BLACK,NO BUNDLE,0,0,0,,,,0,1,1,1,0.835960,0.496931,869,400,0.466866,STAND LOCKED,490,258,1066,582,,,,,,
406,13.533333,16.798,25.024,458,957,1889,0.812820,0.739315,0.833994,0.776068,0.000000,0,0.000,0.000,NO BLACK,NO BUNDLE,0,0,0,,,,0,1,1,1,0.766867,0.480107,933,350,0.517682,STAND LOCKED,490,258,1066,582,,,,,,
407,13.566667,19.017,24.164,1054,960,3309,0.846532,0.726792,0.858829,0.786662,0.000000,0,0.000,0.000,GEOMETRY FAIL,NO BUNDLE,0,0,0,,,,0,1,1,1,0.766867,0.480107,933,350,0.517682,STAND LOCKED,490,258,1066,582,,,,,,
408,13.600000,17.168,21.853,1158,1838,3594,0.857808,0.761529,0.886951,0.835429,0.835980,1,216.339,27.052,VALID,CANDIDATE,1,1,0,600,470,128.000,0,1,1,0,0.766867,0.480107,933,350,0.517682,STAND TEMPORARILY LOST (1),490,258,1066,582,,,,,,
409,13.633333,17.288,20.246,1458,3784,3864,0.839078,0.840831,0.866073,0.848661,0.862721,1,210.378,28.957,VALID,CANDIDATE,2,1,0,581,465,114.350,0,1,1,0,0.766867,0.480107,933,350,0.517682,STAND TEMPORARILY LOST (1),379,276,1055,656,,,,,,
410,13.666667,16.451,17.777,17353,16699,6810,0.919045,0.832571,0.888061,0.879892,0.834478,1,197.481,37.145,TARGET JUMP,CANDIDATE,1,1,0,737,460,208.000,0,1,1,0,0.766867,0.480107,933,350,0.517682,STAND TARGET JUMP REJECTED,0,46,1455,865,,,,,,
411,13.700000,16.734,17.026,1384,1850,1804,0.840901,0.777588,0.827773,0.809244,0.000000,0,0.000,0.000,INSUFFICIENT LASHING PATTERN,NO BUNDLE,0,0,0,,,,0,1,1,0,0.766867,0.480107,933,350,0.517682,STAND TARGET JUMP REJECTED,489,280,1098,623,,,,,,
412,13.733333,16.256,15.719,1608,2762,3541,0.852992,0.803770,0.898788,0.851850,0.835146,1,211.441,29.778,VALID,CANDIDATE,1,1,0,522,444,110.000,0,1,1,1,0.703779,0.497583,947,447,0.459068,STAND LOCKED,489,280,1098,623,,,,,,
413,13.766667,18.053,14.254,3796,6048,3807,0.800763,0.805150,0.886213,0.830709,0.791595,1,199.302,28.545,VALID,CANDIDATE,2,1,0,554,452,120.400,0,1,1,1,0.703779,0.497583,947,447,0.459068,STAND LOCKED,296,235,1044,656,,,,,,
414,13.800000,16.759,14.947,513,1858,2394,0.806466,0.734852,0.871616,0.770659,0.000000,0,0.000,0.000,NO BLACK,NO BUNDLE,0,0,0,,,,0,1,1,0,0.703779,0.497583,947,447,0.459068,STAND TEMPORARILY LOST (1),229,286,805,610,,,,,,
415,13.833333,17.718,15.199,775,1878,2320,0.834193,0.745747,0.884669,0.789970,0.000000,0,0.000,0.000,GEOMETRY FAIL,NO BUNDLE,0,0,0,,,,0,1,1,0,0.703779,0.497583,947,447,0.459068,STAND TEMPORARILY LOST (1),229,286,805,610,,,,,,
416,13.866667,17.110,16.149,302,1143,1216,0.798939,0.727694,0.864777,0.763317,0.000000,0,0.000,0.000,NO BLACK,NO BUNDLE,0,0,0,,,,0,1,1,1,0.745989,0.518997,963,507,0.435238,STAND LOCKED,229,286,805,610,,,,,,
417,13.900000,19.786,15.970,707,2052,2662,0.837612,0.773516,0.882534,0.805564,0.000000,0,0.000,0.000,GEOMETRY FAIL,NO BUNDLE,0,0,0,,,,0,1,1,1,0.745989,0.518997,963,507,0.435238,STAND LOCKED,229,286,805,610,,,,,,
418,13.933333,17.052,15.450,869,2266,2572,0.818548,0.760804,0.877016,0.789676,0.000000,0,0.000,0.000,GEOMETRY FAIL,NO BUNDLE,0,0,0,,,,0,1,1,0,0.745989,0.518997,963,507,0.435238,STAND TEMPORARILY LOST (1),229,286,805,610,,,,,,
419,13.966667,16.997,14.172,11245,12487,5392,0.904916,0.858242,0.874855,0.879338,0.898799,1,186.172,37.839,VALID,CANDIDATE,1,1,0,933,466,225.000,0,1,1,0,0.745989,0.518997,963,507,0.435238,STAND TEMPORARILY LOST (1),,,,,,,,,,
420,14.000000,16.735,13.350,1727,2712,3120,0.808923,0.786618,0.903507,0.833016,0.837184,1,215.298,28.264,VALID,CANDIDATE,2,1,0,1026,444,208.100,0,1,1,1,0.795839,0.461680,861,426,0.434700,STAND LOCKED,623,300,1199,624,,,,,,
421,14.033333,17.018,12.080,9201,12745,3792,0.891170,0.823787,0.842155,0.852370,0.841892,1,196.276,38.696,VALID,CANDIDATE,3,1,0,1038,416,196.985,0,1,1,1,0.795839,0.461680,861,426,0.434700,STAND LOCKED,321,114,1450,749,,,,,,
422,14.066667,17.031,11.095,2556,1882,3085,0.880939,0.800682,0.883022,0.854881,0.844321,1,216.153,25.428,VALID,CANDIDATE,4,1,0,1047,396,156.045,0,1,1,1,0.666207,0.395788,804,433,0.380985,STAND LOCKED,704,235,1280,559,,,,,,
423,14.100000,18.423,10.018,5554,6319,3543,0.776656,0.791349,0.876639,0.814881,0.767779,1,222.480,19.228,VALID,LOCKED,5,1,1,1046,396,159.266,0,1,1,1,0.666207,0.395788,804,433,0.380985,STAND LOCKED,561,167,1330,600,,,,,,
424,14.133333,17.030,9.661,1755,1526,828,0.841284,0.771675,0.831927,0.814962,0.817413,1,212.276,31.314,VALID,LOCKED,5,1,1,1129,406,163.643,0,1,1,0,0.666207,0.395788,804,433,0.380985,STAND TEMPORARILY LOST (1),729,240,1305,564,,,,,,
425,14.166667,16.867,8.923,3378,1806,1887,0.851759,0.754614,0.860349,0.822241,0.802174,1,219.017,25.417,VALID,LOCKED,5,1,1,1134,410,154.775,0,1,1,0,0.666207,0.395788,804,433,0.380985,STAND TEMPORARILY LOST (1),876,246,1452,570,,,,,,
426,14.200000,15.870,8.116,3639,1410,2371,0.869860,0.788769,0.881132,0.846587,0.828387,1,209.366,31.912,VALID,LOCKED,5,1,1,1120,409,131.521,0,1,1,0,0.666207,0.395788,804,433,0.380985,STAND TARGET JUMP REJECTED,850,246,1426,570,,,,,,
427,14.233333,17.792,7.444,3921,2039,2854,0.881744,0.825155,0.917110,0.874670,0.826672,1,222.097,22.121,VALID,LOCKED,5,1,1,1132,417,143.532,0,1,1,0,0.666207,0.395788,804,433,0.380985,STAND TARGET JUMP REJECTED,836,244,1412,568,,,,,,
428,14.266667,16.399,6.756,5649,2328,3147,0.866449,0.832312,0.900821,0.866527,0.848670,1,218.447,25.104,VALID,LOCKED,5,1,1,1139,422,109.386,0,1,1,0,0.666207,0.395788,804,433,0.380985,STAND TEMPORARILY LOST (3),899,244,1520,593,,,,,,
429,14.300000,17.630,6.258,5779,2547,3210,0.860467,0.821107,0.895387,0.858987,0.845479,1,215.477,30.823,TARGET JUMP,CANDIDATE,1,1,0,1138,442,92.000,0,1,1,0,0.666207,0.395788,804,433,0.380985,STAND TEMPORARILY LOST (3),909,231,1577,606,,,,,,
430,14.333333,17.074,5.980,3804,2588,3185,0.877148,0.824415,0.872277,0.857947,0.856016,1,215.897,29.141,VALID,CANDIDATE,2,1,0,1134,454,99.800,0,1,1,1,0.798258,0.497233,997,493,0.361397,STAND LOCKED,755,282,1331,606,,,,,,
431,14.366667,17.180,5.751,10771,11476,4050,0.838122,0.807738,0.887432,0.844431,0.801877,1,197.856,35.542,TARGET JUMP,CANDIDATE,1,1,0,1065,490,171.000,0,1,1,1,0.798258,0.497233,997,493,0.361397,STAND LOCKED,462,153,1557,769,,,,,,
432,14.400000,16.775,5.676,2894,2703,1858,0.808147,0.771095,0.873652,0.817632,0.761736,1,213.741,26.150,VALID,CANDIDATE,2,1,0,1084,513,165.800,0,1,1,0,0.798258,0.497233,997,493,0.361397,STAND TEMPORARILY LOST (1),737,328,1313,652,,,,,,
433,14.433333,15.900,5.973,2041,2180,1077,0.833284,0.747088,0.885406,0.821926,0.809020,1,213.884,26.353,VALID,CANDIDATE,3,1,0,1134,512,163.330,0,1,1,0,0.798258,0.497233,997,493,0.361397,STAND TEMPORARILY LOST (1),795,361,1371,685,,,,,,
434,14.466667,16.635,5.640,3984,1568,3089,0.839328,0.798547,0.882343,0.840073,0.804546,1,215.973,24.154,VALID,CANDIDATE,4,1,0,1131,478,148.165,0,1,1,1,0.850914,0.510495,1001,452,0.410129,STAND LOCKED,888,346,1464,670,,,,,,
435,14.500000,18.155,5.695,10387,11119,5101,0.903345,0.854259,0.908117,0.888574,0.914443,1,194.987,38.954,TARGET JUMP,CANDIDATE,1,1,0,902,416,144.000,0,1,1,1,0.850914,0.510495,1001,452,0.410129,STAND LOCKED,566,111,1792,800,,,,,,
436,14.533333,15.957,5.477,3414,2291,2957,0.789782,0.815989,0.917266,0.841013,0.821420,1,213.606,26.334,VALID,CANDIDATE,2,1,0,901,417,151.150,0,1,1,0,0.850914,0.510495,1001,452,0.410129,STAND TEMPORARILY LOST (1),583,254,1159,578,,,,,,
437,14.566667,18.121,5.525,2946,2876,2797,0.875347,0.833669,0.881669,0.863561,0.869547,1,215.611,24.723,VALID,CANDIDATE,3,1,0,940,425,128.952,0,1,1,0,0.850914,0.510495,1001,452,0.410129,STAND TEMPORARILY LOST (1),559,256,1135,580,,,,,,
438,14.600000,15.686,5.302,3443,2585,3235,0.795856,0.844750,0.882939,0.841182,0.803963,1,212.442,28.242,VALID,CANDIDATE,4,1,0,950,433,115.333,0,1,1,1,0.825604,0.537154,950,475,0.406595,STAND LOCKED,686,266,1262,590,,,,,,
439,14.633333,16.610,5.231,2686,2883,2580,0.822843,0.846518,0.833170,0.834177,0.836216,1,210.977,29.166,VALID,LOCKED,5,1,1,946,439,115.117,0,1,1,1,0.825604,0.537154,950,475,0.406595,STAND LOCKED,614,270,1190,594,,,,,,
440,14.666667,16.205,5.194,3524,2427,2612,0.839159,0.808038,0.918533,0.855243,0.821469,1,223.295,20.511,TARGET JUMP,CANDIDATE,1,1,0,943,445,191.000,0,1,1,0,0.825604,0.537154,950,475,0.406595,STAND TEMPORARILY LOST (1),667,278,1243,602,,,,,,
441,14.700000,16.281,5.273,2357,2630,2465,0.820019,0.771739,0.871545,0.821101,0.817334,1,215.772,29.603,VALID,CANDIDATE,2,1,0,968,449,174.100,0,1,1,0,0.825604,0.537154,950,475,0.406595,STAND TEMPORARILY LOST (1),601,282,1177,606,,,,,,
442,14.733333,16.031,5.048,3173,2284,2601,0.842493,0.758001,0.778645,0.793046,0.798978,1,196.842,31.950,VALID,CANDIDATE,3,1,0,995,460,169.485,0,1,1,0,0.825604,0.537154,950,475,0.406595,STAND TARGET JUMP REJECTED,735,280,1333,616,,,,,,
443,14.766667,17.714,5.046,2685,2427,2594,0.851955,0.814067,0.881115,0.849046,0.829310,1,215.819,25.066,VALID,CANDIDATE,4,1,0,1002,468,133.420,0,1,1,0,0.825604,0.537154,950,475,0.406595,STAND TARGET JUMP REJECTED,670,302,1246,626,,,,,,
444,14.800000,16.443,4.957,2724,2593,2195,0.806932,0.744471,0.878335,0.809913,0.810788,1,217.281,27.131,VALID,LOCKED,5,1,1,1007,475,166.297,0,1,1,0,0.825604,0.537154,950,475,0.406595,STAND TEMPORARILY LOST (3),729,308,1305,632,,,,,,
445,14.833333,17.152,5.139,2925,2299,2948,0.831767,0.773627,0.802436,0.802610,0.823396,1,213.235,28.149,VALID,LOCKED,5,1,1,1011,475,149.854,0,1,1,0,0.825604,0.537154,950,475,0.406595,STAND TEMPORARILY LOST (3),672,314,1248,638,,,,,,
446,14.866667,16.778,5.035,2770,1633,3353,0.852629,0.833245,0.899092,0.861655,0.858791,1,212.990,27.055,VALID,LOCKED,5,1,1,1029,465,121.999,0,1,1,1,0.575951,0.478895,928,463,0.356116,STAND LOCKED,723,309,1299,633,,,,,,
447,14.900000,18.144,5.157,2921,2018,2433,0.833248,0.818969,0.869952,0.840723,0.819498,1,214.365,23.686,VALID,LOCKED,5,1,1,1059,449,118.100,0,1,1,1,0.575951,0.478895,928,463,0.356116,STAND LOCKED,820,295,1396,619,,,,,,
448,14.933333,16.680,5.177,2834,1380,1094,0.825892,0.824674,0.775403,0.808656,0.832156,1,213.645,20.048,VALID,LOCKED,5,1,1,1076,433,107.635,0,1,1,1,0.787171,0.463471,946,346,0.293678,STAND LOCKED,800,276,1376,600,,,,,,
449,14.966667,18.280,5.121,16908,8472,13044,0.898745,0.778613,0.889230,0.855530,0.768747,1,194.259,37.569,VALID,LOCKED,5,1,1,1064,428,120.222,0,1,1,1,0.787171,0.463471,946,346,0.293678,STAND LOCKED,,,,,,,,,,
450,15.000000,16.224,5.083,11626,12531,5826,0.887421,0.810570,0.892636,0.863542,0.850511,1,195.953,38.981,TARGET JUMP,CANDIDATE,1,1,0,1339,427,116.000,0,1,1,0,0.787171,0.463471,946,346,0.293678,STAND TEMPORARILY LOST (1),302,0,1920,910,,,,,,
451,15.033333,16.398,4.832,6597,3553,3122,0.863541,0.800513,0.877176,0.847077,0.807795,1,217.903,21.534,VALID,CANDIDATE,2,1,0,1322,436,110.150,0,1,1,0,0.787171,0.463471,946,346,0.293678,STAND TEMPORARILY LOST (1),900,228,1602,622,,,,,,
452,15.066667,16.777,4.738,4285,1607,2448,0.872650,0.766867,0.899580,0.846365,0.785343,1,220.897,20.613,VALID,CANDIDATE,3,1,0,1312,446,109.403,0,1,1,1,0.751947,0.481050,895,247,0.259470,STAND LOCKED,956,277,1532,602,,,,,,
453,15.100000,16.068,4.737,4478,1056,1493,0.858647,0.741066,0.834102,0.811272,0.793663,1,221.140,17.333,VALID,CANDIDATE,4,1,0,1326,453,104.591,0,1,1,1,0.751947,0.481050,895,247,0.259470,STAND LOCKED,1037,287,1613,611,,,,,,
454,15.133333,15.704,4.778,4268,822,597,0.826035,0.776489,0.784850,0.795792,0.792806,1,212.778,28.110,VALID,LOCKED,5,1,1,1306,465,105.507,0,1,1,0,0.751947,0.481050,895,247,0.259470,STAND TARGET JUMP REJECTED,1050,294,1626,618,,,,,,
455,15.166667,16.027,4.719,4752,1192,3015,0.863720,0.786729,0.873511,0.841320,0.803063,1,217.859,24.934,VALID,LOCKED,5,1,1,1268,478,110.377,0,1,1,0,0.751947,0.481050,895,247,0.259470,STAND TARGET JUMP REJECTED,980,308,1556,632,,,,,,
456,15.200000,15.908,4.565,10015,7874,4353,0.912010,0.831699,0.875948,0.873219,0.885779,1,209.085,27.552,VALID,LOCKED,5,1,1,1297,497,123.782,0,1,1,1,0.821261,0.466653,842,283,0.430465,STAND LOCKED,698,179,1752,773,,,,,,
457,15.233333,16.025,4.627,4454,1157,1558,0.850073,0.734494,0.859437,0.814668,0.789844,1,218.228,19.884,VALID,LOCKED,5,1,1,1290,510,125.874,0,1,1,1,0.821261,0.466653,842,283,0.430465,STAND LOCKED,1042,340,1618,664,,,,,,
458,15.266667,15.782,4.660,3940,1163,55,0.828031,0.750643,0.000000,0.789337,0.787953,1,0.000,0.000,VALID,LOCKED,5,1,1,1284,518,125.956,0,1,1,0,0.821261,0.466653,842,283,0.430465,STAND TEMPORARILY LOST (1),1032,350,1608,674,,,,,,
459,15.300000,17.203,4.511,4812,1526,1766,0.864311,0.751094,0.867240,0.827548,0.794299,1,222.513,18.965,VALID,LOCKED,5,1,1,1283,532,127.935,0,1,1,0,0.821261,0.466653,842,283,0.430465,STAND TEMPORARILY LOST (1),1030,362,1606,686,,,,,,
460,15.333333,15.646,4.321,4717,1775,1480,0.860320,0.761994,0.881654,0.834656,0.789992,1,221.981,16.889,VALID,LOCKED,5,1,1,1276,544,114.977,0,1,1,1,0.837896,0.478216,900,330,0.453941,STAND LOCKED,988,374,1564,698,,,,,,
461,15.366667,17.656,4.681,2823,865,494,0.829634,0.748642,0.763241,0.780506,0.786868,1,212.904,27.077,VALID,LOCKED,5,1,1,1238,551,109.792,0,1,1,1,0.837896,0.478216,900,330,0.453941,STAND LOCKED,998,388,1574,712,,,,,,
462,15.400000,17.493,4.469,4806,1735,1299,0.859081,0.794878,0.829689,0.827883,0.808264,1,220.626,22.125,VALID,LOCKED,5,1,1,1235,551,106.027,0,1,1,0,0.837896,0.478216,900,330,0.453941,STAND TARGET JUMP REJECTED,904,390,1480,714,,,,,,
463,15.433333,17.589,4.392,4811,1733,674,0.845083,0.777937,0.791504,0.804841,0.799560,1,221.905,25.592,VALID,LOCKED,5,1,1,1253,537,106.010,0,1,1,0,0.837896,0.478216,900,330,0.453941,STAND TARGET JUMP REJECTED,916,390,1492,714,,,,,,
464,15.466667,16.123,4.492,3487,995,687,0.841881,0.782743,0.774725,0.799783,0.786148,1,215.851,25.426,TARGET JUMP,CANDIDATE,1,1,0,1120,526,102.000,0,1,1,1,0.856562,0.495994,869,321,0.508301,STAND LOCKED,972,364,1548,688,,,,,,
465,15.500000,16.661,4.318,5167,2169,1983,0.832859,0.731715,0.851776,0.805450,0.811677,1,226.791,13.573,VALID,CANDIDATE,2,1,0,1121,516,90.300,0,1,1,1,0.856562,0.495994,869,321,0.508301,STAND LOCKED,792,362,1368,686,,,,,,
466,15.533333,15.918,4.165,4752,1742,2494,0.863649,0.797389,0.851700,0.837579,0.853707,1,225.748,18.916,VALID,CANDIDATE,3,1,0,1129,505,86.855,0,1,1,1,0.695816,0.414431,865,226,0.379476,STAND LOCKED,882,350,1458,674,,,,,,
467,15.566667,17.499,4.113,7720,6096,4008,0.855515,0.821757,0.873913,0.850395,0.814243,1,220.985,20.946,TARGET JUMP,CANDIDATE,1,1,0,1126,487,129.000,0,1,1,1,0.695816,0.414431,865,226,0.379476,STAND LOCKED,683,289,1445,717,,,,,,
468,15.600000,15.860,3.976,4769,1747,1657,0.863278,0.776416,0.823316,0.821003,0.801679,1,229.160,15.353,VALID,CANDIDATE,2,1,0,1171,479,131.600,0,1,1,0,0.695816,0.414431,865,226,0.379476,STAND TEMPORARILY LOST (1),832,325,1408,649,,,,,,
469,15.633333,17.567,3.920,5110,1673,2729,0.892941,0.820870,0.834583,0.849464,0.841936,1,221.942,18.573,VALID,CANDIDATE,3,1,0,1171,463,130.560,0,1,1,0,0.695816,0.414431,865,226,0.379476,STAND TEMPORARILY LOST (1),850,314,1426,638,,,,,,
470,15.666667,15.693,4.060,4534,1297,1415,0.831314,0.803935,0.792367,0.809205,0.802414,1,226.616,16.965,VALID,CANDIDATE,4,1,0,1160,425,121.746,0,1,1,0,0.695816,0.414431,865,226,0.379476,STAND TARGET JUMP REJECTED,902,290,1478,614,,,,,,
471,15.700000,16.629,6.814,2359,286,0,0.836609,0.713325,0.000000,0.774967,0.000000,0,0.000,0.000,GEOMETRY FAIL,NO BUNDLE,0,0,0,,,,0,1,1,0,0.695816,0.414431,865,226,0.379476,STAND TARGET JUMP REJECTED,878,240,1454,564,,,,,,
472,15.733333,16.045,7.782,0,0,0,0.000000,0.000000,0.000000,0.000000,0.000000,0,0.000,0.000,NO BLACK,NO BUNDLE,0,0,0,,,,0,1,1,0,0.695816,0.414431,865,226,0.379476,STAND TEMPORARILY LOST (3),878,240,1454,564,,,,,,
473,15.766667,17.483,12.977,0,0,0,0.000000,0.000000,0.000000,0.000000,0.000000,0,0.000,0.000,NO BLACK,NO BUNDLE,0,0,0,,,,0,1,1,0,0.695816,0.414431,865,226,0.379476,STAND TEMPORARILY LOST (3),878,240,1454,564,,,,,,
474,15.800000,16.738,13.167,2096,108,44,0.838632,0.706475,0.733615,0.772553,0.000000,0,0.000,0.000,NO LASHING,NO BUNDLE,0,0,0,,,,0,0,0,0,0.000000,0.000000,,,,NEED TWO DARK RAILS AND AN UPRIGHT,878,240,1454,564,,,,,,
475,15.833333,17.338,13.140,1796,144,139,0.881376,0.754280,0.765302,0.817828,0.000000,0,0.000,0.000,INSUFFICIENT LASHING PATTERN,NO BUNDLE,0,0,0,,,,0,0,0,0,0.558878,0.000000,,,,WEAK STAND GEOMETRY,878,240,1454,564,,,,,,
476,15.866667,16.258,13.992,0,0,0,0.000000,0.000000,0.000000,0.000000,0.000000,0,0.000,0.000,NO BLACK,NO BUNDLE,0,0,0,,,,0,1,0,1,0.583032,0.505749,840,114,0.108333,ACQUIRING STAND 1/4,878,240,1454,564,,,,,,
477,15.900000,16.122,18.484,0,0,0,0.000000,0.000000,0.000000,0.000000,0.000000,0,0.000,0.000,NO BLACK,NO BUNDLE,0,0,0,,,,0,1,0,1,0.583032,0.505749,840,114,0.108333,ACQUIRING STAND 1/4,878,240,1454,564,,,,,,
478,15.933333,16.276,17.947,1301,155,341,0.838506,0.740485,0.784297,0.789495,0.000000,0,0.000,0.000,GEOMETRY FAIL,NO BUNDLE,0,0,0,,,,0,1,0,0,0.583032,0.505749,840,114,0.108333,STAND TEMPORARILY LOST (1),878,240,1454,564,,,,,,
479,15.966667,16.386,15.988,28047,13688,18376,0.929031,0.825789,0.900722,0.885181,0.885661,1,204.297,36.638,VALID,CANDIDATE,1,1,0,500,568,199.000,0,1,0,0,0.583032,0.505749,840,114,0.108333,STAND TEMPORARILY LOST (1),,,,,,,,,,
480,16.000000,16.881,14.031,11645,6901,4943,0.879671,0.861066,0.874502,0.871746,0.882004,1,221.308,28.330,VALID,CANDIDATE,2,1,0,523,557,210.050,0,1,0,0,0.583032,0.505749,840,114,0.108333,STAND TEMPORARILY LOST (2),163,308,1068,817,,,,,,
481,16.033333,16.845,12.632,8046,4294,3655,0.894995,0.858401,0.854829,0.869408,0.880192,1,219.274,25.140,VALID,CANDIDATE,3,1,0,546,536,221.718,0,1,0,0,0.583032,0.505749,840,114,0.108333,STAND TEMPORARILY LOST (2),90,324,878,767,,,,,,
482,16.066667,16.843,11.514,8750,4880,4457,0.915713,0.850415,0.909449,0.891859,0.900572,1,223.793,24.690,TARGET JUMP,CANDIDATE,1,1,0,641,480,143.000,0,1,0,0,0.583032,0.505749,840,114,0.108333,STAND TARGET JUMP REJECTED,66,294,866,745,,,,,,
483,16.100000,16.784,10.351,7182,2912,4913,0.883320,0.807320,0.877685,0.856108,0.871999,1,224.118,23.494,VALID,CANDIDATE,2,1,0,653,468,140.400,0,1,0,0,0.583032,0.505749,840,114,0.108333,STAND TARGET JUMP REJECTED,379,294,1044,669,,,,,,
484,16.133333,16.060,9.341,18126,11197,7634,0.887041,0.853868,0.861089,0.867333,0.863110,1,220.001,28.995,TARGET JUMP,CANDIDATE,1,1,0,558,460,152.000,0,0,0,0,0.000000,0.000000,,,,STAND TARGET JUMP REJECTED,201,138,1352,785,,,,,,
485,16.166667,16.259,8.457,7494,2887,5421,0.929200,0.788629,0.915724,0.877851,0.845569,1,223.411,25.550,VALID,CANDIDATE,2,1,0,557,472,148.750,0,0,0,0,0.476513,0.000000,,,,WEAK STAND GEOMETRY,263,278,913,644,,,,,,
486,16.200000,17.416,7.817,18792,12361,8160,0.913765,0.841340,0.891271,0.882125,0.910994,1,213.821,30.046,TARGET JUMP,CANDIDATE,1,1,0,327,493,161.000,0,0,0,0,0.000000,0.000000,,,,WEAK STAND GEOMETRY,0,73,1399,860,,,,,,
487,16.233333,17.305,7.489,3088,2138,2139,0.887255,0.836312,0.853036,0.858868,0.844231,1,221.930,28.632,VALID,CANDIDATE,2,1,0,387,500,179.850,0,1,0,1,0.572500,0.478693,880,88,0.103704,ACQUIRING STAND 1/4,48,332,624,656,,,,,,
488,16.266667,16.499,6.907,6643,3815,4081,0.885305,0.848525,0.882220,0.872017,0.893774,1,225.098,25.714,VALID,CANDIDATE,3,1,0,375,497,172.798,0,1,0,0,0.572500,0.478693,880,88,0.103704,STAND TEMPORARILY LOST (1),142,317,800,687,,,,,,
489,16.300000,17.415,6.561,19698,13116,9023,0.933566,0.825511,0.908544,0.889207,0.919410,1,212.752,32.969,TARGET JUMP,CANDIDATE,1,1,0,879,483,169.000,0,1,0,0,0.572500,0.478693,880,88,0.103704,STAND TEMPORARILY LOST (1),0,103,1403,892,,,,,,
490,16.333333,17.389,6.040,12978,6866,6197,0.904805,0.856075,0.893870,0.884917,0.870530,1,224.203,21.107,TARGET JUMP,CANDIDATE,1,1,0,856,490,181.000,0,1,0,0,0.572500,0.478693,880,88,0.103704,STAND TEMPORARILY LOST (2),541,225,1423,722,,,,,,
491,16.366667,17.847,5.675,11118,5872,5793,0.899197,0.854231,0.883763,0.879064,0.868567,1,223.159,21.159,VALID,CANDIDATE,2,1,0,873,492,176.450,0,1,0,0,0.572500,0.478693,880,88,0.103704,STAND TEMPORARILY LOST (2),340,271,1136,718,,,,,,
492,16.400000,15.965,5.254,8421,3682,4934,0.900440,0.851001,0.910496,0.887312,0.874778,1,222.312,22.259,VALID,CANDIDATE,3,1,0,894,491,166.407,0,1,0,0,0.572500,0.478693,880,88,0.103704,STAND TARGET JUMP REJECTED,437,304,1125,691,,,,,,
493,16.433333,15.893,4.958,7717,2952,5079,0.899492,0.834008,0.918201,0.883900,0.854823,1,221.296,25.463,VALID,CANDIDATE,4,1,0,914,485,160.293,0,1,0,0,0.572500,0.478693,880,88,0.103704,STAND TARGET JUMP REJECTED,484,314,1127,675,,,,,,
494,16.466667,16.417,4.769,13843,10082,5803,0.909873,0.840100,0.869881,0.873285,0.896135,1,220.850,23.287,VALID,LOCKED,5,1,1,886,478,152.952,0,0,0,0,0.000000,0.000000,,,,WEAK STAND GEOMETRY,205,192,1247,778,,,,,,
495,16.500000,16.749,4.499,6131,2478,3150,0.893314,0.815714,0.855380,0.854803,0.848616,1,220.006,21.247,VALID,LOCKED,5,1,1,872,455,141.283,0,0,0,0,0.557715,0.000000,,,,WEAK STAND GEOMETRY,557,310,1133,634,,,,,,
496,16.533333,17.000,4.294,6506,2655,4486,0.917500,0.821413,0.904990,0.881301,0.865714,1,222.231,23.564,VALID,LOCKED,5,1,1,866,437,135.899,0,0,0,0,0.000000,0.000000,,,,NEED TWO DARK RAILS AND AN UPRIGHT,637,272,1213,596,,,,,,
497,16.566667,16.898,4.283,13180,11657,6294,0.924124,0.853643,0.896907,0.891558,0.911212,1,220.121,25.789,VALID,LOCKED,5,1,1,856,426,143.115,0,0,0,0,0.000000,0.000000,,,,WEAK STAND GEOMETRY,305,60,1545,758,,,,,,
498,16.600000,17.333,4.133,6383,2738,4462,0.916534,0.843348,0.900271,0.886717,0.891989,1,225.073,20.781,VALID,LOCKED,5,1,1,866,416,130.690,0,0,0,0,0.000000,0.000000,,,,NEED TWO DARK RAILS AND AN UPRIGHT,536,254,1112,578,,,,,,
499,16.633333,17.498,4.028,10835,7630,5070,0.883041,0.832924,0.863573,0.859846,0.871789,1,220.650,23.715,VALID,LOCKED,5,1,1,922,416,133.492,0,1,0,1,0.732701,0.425133,906,244,0.282407,ACQUIRING STAND 1/4,304,167,1170,653,,,,,,
500,16.666667,16.958,3.927,6503,2925,4364,0.917776,0.835370,0.838018,0.863721,0.874131,1,220.320,21.662,VALID,LOCKED,5,1,1,914,441,126.022,0,1,0,1,0.660344,0.510504,935,154,0.204491,ACQUIRING STAND 2/4,592,257,1168,581,,,,,,
501,16.700000,18.095,3.875,7084,2682,4697,0.898663,0.812499,0.877610,0.862924,0.862987,1,225.050,21.054,VALID,LOCKED,5,1,1,918,463,111.058,0,1,0,1,0.660344,0.510504,935,154,0.204491,ACQUIRING STAND 2/4,725,273,1326,610,,,,,,
502,16.733333,15.852,3.767,6621,2337,4021,0.903471,0.791864,0.877829,0.857721,0.847801,1,223.555,20.544,VALID,LOCKED,5,1,1,923,481,105.170,0,1,0,0,0.660344,0.510504,935,154,0.204491,STAND TEMPORARILY LOST (1),694,305,1276,632,,,,,,
503,16.766667,17.746,3.728,7386,3150,4932,0.884871,0.807356,0.891997,0.861408,0.859016,1,224.125,20.035,VALID,LOCKED,5,1,1,942,491,103.760,0,1,0,0,0.660344,0.510504,935,154,0.204491,STAND TEMPORARILY LOST (1),525,310,1157,666,,,,,,
504,16.800000,16.084,3.747,12190,9256,6143,0.906012,0.830504,0.893593,0.876703,0.889139,1,221.493,24.426,TARGET JUMP,CANDIDATE,1,1,0,892,496,156.000,0,1,0,1,0.581054,0.439439,909,110,0.163317,ACQUIRING STAND 2/4,272,227,1239,770,,,,,,
505,16.833333,16.130,3.673,6382,3561,4157,0.911928,0.833316,0.892296,0.879180,0.860368,1,225.738,20.509,VALID,CANDIDATE,2,1,0,899,444,150.800,0,1,0,1,0.581054,0.439439,909,110,0.163317,ACQUIRING STAND 2/4,511,325,1120,667,,,,,,
506,16.866667,17.080,3.658,10359,6336,5447,0.908927,0.832506,0.906094,0.882509,0.869953,1,226.322,22.000,VALID,CANDIDATE,3,1,0,889,501,151.580,0,1,0,0,0.581054,0.439439,909,110,0.163317,STAND TEMPORARILY LOST (1),362,192,1165,643,,,,,,
507,16.900000,17.668,3.715,12419,10139,5659,0.911560,0.836830,0.889523,0.879304,0.886423,1,219.704,21.170,VALID,CANDIDATE,4,1,0,832,569,149.903,0,1,0,0,0.581054,0.439439,909,110,0.163317,STAND TEMPORARILY LOST (1),189,249,1205,821,,,,,,
508,16.933333,15.562,4.405,5753,778,2399,0.869272,0.733544,0.861109,0.801408,0.000000,0,0.000,0.000,INSUFFICIENT LASHING PATTERN,NO BUNDLE,0,0,0,,,,0,1,0,0,0.581054,0.439439,909,110,0.163317,STAND TARGET JUMP REJECTED,538,442,1114,766,,,,,,
509,16.966667,17.102,4.469,18892,18995,12757,0.906618,0.834814,0.873388,0.871606,0.878917,1,199.381,36.416,VALID,CANDIDATE,1,1,0,1124,628,166.000,0,1,0,0,0.581054,0.439439,909,110,0.163317,STAND TARGET JUMP REJECTED,,,,,,,,,,
510,17.000000,15.735,4.303,7352,1691,2838,0.893504,0.808281,0.884227,0.862004,0.864758,1,224.170,19.032,VALID,CANDIDATE,2,1,0,1132,683,154.300,0,1,0,0,0.581054,0.439439,909,110,0.163317,STAND TEMPORARILY LOST (3),738,448,1385,812,,,,,,
511,17.033333,17.082,8.036,1887,164,0,0.816876,0.695731,0.000000,0.756304,0.000000,0,0.000,0.000,GEOMETRY FAIL,NO BUNDLE,0,0,0,,,,0,1,0,0,0.581054,0.439439,909,110,0.163317,STAND TEMPORARILY LOST (3),858,548,1434,872,,,,,,
512,17.066667,15.972,9.206,1984,243,0,0.820004,0.746518,0.000000,0.783261,0.000000,0,0.000,0.000,GEOMETRY FAIL,NO BUNDLE,0,0,0,,,,0,0,0,0,0.000000,0.000000,,,,NEED TWO DARK RAILS AND AN UPRIGHT,858,548,1434,872,,,,,,
513,17.100000,15.917,9.965,3304,259,17,0.831070,0.718369,0.744591,0.774719,0.000000,0,0.000,0.000,GEOMETRY FAIL,NO BUNDLE,0,0,0,,,,0,0,0,0,0.000000,0.000000,,,,WEAK STAND GEOMETRY,858,548,1434,872,,,,,,
514,17.133333,16.953,10.556,3129,281,0,0.829556,0.734184,0.000000,0.781870,0.000000,0,0.000,0.000,GEOMETRY FAIL,NO BUNDLE,0,0,0,,,,0,1,0,1,0.581478,0.443129,984,727,0.153704,ACQUIRING STAND 1/4,858,548,1434,872,,,,,,
515,17.166667,17.464,14.314,1012,4,0,0.818788,0.638399,0.000000,0.728593,0.000000,0,0.000,0.000,NO LASHING,NO BUNDLE,0,0,0,,,,0,1,0,1,0.581478,0.443129,984,727,0.153704,ACQUIRING STAND 1/4,858,548,1434,872,,,,,,
516,17.200000,17.519,14.770,1601,130,0,0.809157,0.706854,0.000000,0.758006,0.000000,0,0.000,0.000,NO LASHING,NO BUNDLE,0,0,0,,,,0,1,0,0,0.581478,0.443129,984,727,0.153704,STAND TARGET JUMP REJECTED,858,548,1434,872,,,,,,
517,17.233333,16.944,18.628,2408,83,316,0.843315,0.707649,0.747684,0.775482,0.000000,0,0.000,0.000,NO LASHING,NO BUNDLE,0,0,0,,,,0,1,0,0,0.581478,0.443129,984,727,0.153704,STAND TARGET JUMP REJECTED,858,548,1434,872,,,,,,
518,17.266667,15.945,18.405,989,46,0,0.822018,0.674600,0.000000,0.748309,0.000000,0,0.000,0.000,NO LASHING,NO BUNDLE,0,0,0,,,,0,1,0,0,0.581478,0.443129,984,727,0.153704,STAND TEMPORARILY LOST (2),858,548,1434,872,,,,,,
519,17.300000,22.514,19.964,2524,31,30,0.824732,0.665113,0.733119,0.744922,0.000000,0,0.000,0.000,NO LASHING,NO BUNDLE,0,0,0,,,,0,1,0,0,0.581478,0.443129,984,727,0.153704,STAND TEMPORARILY LOST (2),858,548,1434,872,,,,,,
520,17.333333,16.278,19.585,1350,3,0,0.850311,0.667826,0.000000,0.759068,0.000000,0,0.000,0.000,NO LASHING,NO BUNDLE,0,0,0,,,,0,1,0,0,0.581478,0.443129,984,727,0.153704,STAND TARGET JUMP REJECTED,858,548,1434,872,,,,,,
521,17.366667,18.038,22.899,7,0,0,0.769559,0.000000,0.000000,0.000000,0.000000,0,0.000,0.000,NO BLACK,NO BUNDLE,0,0,0,,,,0,1,0,0,0.581478,0.443129,984,727,0.153704,STAND TARGET JUMP REJECTED,858,548,1434,872,,,,,,
522,17.400000,16.586,22.273,0,0,0,0.000000,0.000000,0.000000,0.000000,0.000000,0,0.000,0.000,NO BLACK,NO BUNDLE,0,0,0,,,,0,0,0,0,0.000000,0.000000,,,,NEED TWO DARK RAILS AND AN UPRIGHT,858,548,1434,872,,,,,,
523,17.433333,15.835,21.721,0,0,0,0.000000,0.000000,0.000000,0.000000,0.000000,0,0.000,0.000,NO BLACK,NO BUNDLE,0,0,0,,,,0,0,0,0,0.000000,0.000000,,,,NEED TWO DARK RAILS AND AN UPRIGHT,858,548,1434,872,,,,,,
524,17.466667,16.829,21.302,0,0,0,0.000000,0.000000,0.000000,0.000000,0.000000,0,0.000,0.000,NO BLACK,NO BUNDLE,0,0,0,,,,0,1,0,1,0.651146,0.651063,1384,430,0.151852,ACQUIRING STAND 1/4,858,548,1434,872,,,,,,
525,17.500000,16.602,24.374,0,0,0,0.000000,0.000000,0.000000,0.000000,0.000000,0,0.000,0.000,NO BLACK,NO BUNDLE,0,0,0,,,,0,1,0,1,0.651146,0.651063,1384,430,0.151852,ACQUIRING STAND 1/4,858,548,1434,872,,,,,,
526,17.533333,15.970,23.535,0,0,0,0.000000,0.000000,0.000000,0.000000,0.000000,0,0.000,0.000,NO BLACK,NO BUNDLE,0,0,0,,,,0,1,0,0,0.651146,0.651063,1384,430,0.151852,STAND TEMPORARILY LOST (1),858,548,1434,872,,,,,,
527,17.566667,16.859,26.599,0,0,0,0.000000,0.000000,0.000000,0.000000,0.000000,0,0.000,0.000,NO BLACK,NO BUNDLE,0,0,0,,,,0,1,0,0,0.651146,0.651063,1384,430,0.151852,STAND TEMPORARILY LOST (1),858,548,1434,872,,,,,,
528,17.600000,15.570,25.412,0,0,0,0.000000,0.000000,0.000000,0.000000,0.000000,0,0.000,0.000,NO BLACK,NO BUNDLE,0,0,0,,,,0,1,0,0,0.651146,0.651063,1384,430,0.151852,STAND TEMPORARILY LOST (2),858,548,1434,872,,,,,,
529,17.633333,17.765,28.015,0,0,0,0.000000,0.000000,0.000000,0.000000,0.000000,0,0.000,0.000,NO BLACK,NO BUNDLE,0,0,0,,,,0,1,0,0,0.651146,0.651063,1384,430,0.151852,STAND TEMPORARILY LOST (2),858,548,1434,872,,,,,,
530,17.666667,15.767,26.647,0,0,0,0.000000,0.000000,0.000000,0.000000,0.000000,0,0.000,0.000,NO BLACK,NO BUNDLE,0,0,0,,,,0,1,0,0,0.651146,0.651063,1384,430,0.151852,STAND TARGET JUMP REJECTED,858,548,1434,872,,,,,,
531,17.700000,18.248,23.372,38869,15917,20550,0.935123,0.831443,0.912008,0.892858,0.877729,1,207.958,38.592,VALID,CANDIDATE,1,1,0,898,423,254.000,0,1,0,0,0.651146,0.651063,1384,430,0.151852,STAND TARGET JUMP REJECTED,,,,,,,,,,
532,17.733333,16.792,20.449,43070,18108,20101,0.933363,0.842926,0.904535,0.893608,0.870187,1,217.191,32.331,TARGET JUMP,CANDIDATE,1,1,0,1051,380,255.000,0,0,0,0,0.000000,0.000000,,,,STAND TARGET JUMP REJECTED,0,0,1920,1080,,,,,,
533,17.766667,16.451,18.015,46376,20566,18438,0.926675,0.841445,0.909503,0.892541,0.888064,1,219.054,27.581,TARGET JUMP,CANDIDATE,1,1,0,1066,328,269.000,0,1,0,1,0.983284,0.626181,886,262,0.455556,ACQUIRING STAND 1/4,0,0,1920,1080,,,,,,
534,17.800000,15.783,15.842,28360,11454,13549,0.870380,0.843414,0.892965,0.868920,0.829759,1,221.973,28.770,VALID,CANDIDATE,2,1,0,1086,307,233.250,0,1,0,1,0.749340,0.544032,884,214,0.354722,ACQUIRING STAND 2/4,191,0,1506,740,,,,,,
535,17.833333,18.128,14.065,51597,16668,24380,0.933533,0.842912,0.909766,0.895404,0.873107,1,213.823,31.978,VALID,CANDIDATE,3,1,0,1055,330,270.137,0,1,0,1,0.749340,0.544032,884,214,0.354722,ACQUIRING STAND 2/4,0,0,1920,1080,,,,,,
536,17.866667,17.516,12.436,53668,17500,22959,0.931560,0.850818,0.908031,0.896803,0.892783,1,217.130,29.084,VALID,CANDIDATE,4,1,0,1043,329,292.798,0,1,0,1,0.865279,0.559459,932,228,0.387773,ACQUIRING STAND 3/4,0,0,1920,1080,,,,,,
537,17.900000,17.602,11.275,60927,16963,23991,0.913990,0.860906,0.916409,0.897101,0.892392,1,218.384,30.060,VALID,LOCKED,5,1,1,1034,316,309.829,0,1,0,1,0.865279,0.559459,932,228,0.387773,ACQUIRING STAND 3/4,0,0,1920,1080,,,,,,
538,17.933333,16.125,10.149,46909,13537,17744,0.917598,0.830524,0.925534,0.891219,0.894412,1,217.993,30.164,VALID,LOCKED,5,1,1,1028,287,318.390,0,1,0,0,0.865279,0.559459,932,228,0.387773,STAND TEMPORARILY LOST (1),0,0,1605,903,,,,,,
539,17.966667,17.723,9.302,55087,16896,23091,0.918580,0.853729,0.912202,0.894837,0.887042,1,210.398,33.997,TARGET JUMP,CANDIDATE,1,1,0,1026,219,338.000,0,1,0,0,0.865279,0.559459,932,228,0.387773,STAND TEMPORARILY LOST (1),,,,,,,,,,
540,18.000000,16.548,8.465,53622,12424,23428,0.948165,0.832358,0.920072,0.900198,0.881336,1,208.312,37.350,VALID,CANDIDATE,2,1,0,1060,144,334.100,0,1,0,0,0.865279,0.559459,932,228,0.387773,STAND TARGET JUMP REJECTED,0,0,1920,1080,,,,,,
541,18.033333,17.747,7.950,33904,8367,10859,0.922586,0.752903,0.881955,0.852481,0.843169,1,211.057,34.214,VALID,CANDIDATE,3,1,0,1084,150,335.335,0,1,0,0,0.865279,0.559459,932,228,0.387773,STAND TARGET JUMP REJECTED,0,0,1920,1080,,,,,,
542,18.066667,16.756,9.368,3335,0,0,0.830023,0.000000,0.000000,0.000000,0.000000,0,0.000,0.000,NO LASHING,NO BUNDLE,0,0,0,,,,0,1,0,0,0.865279,0.559459,932,228,0.387773,STAND TARGET JUMP REJECTED,580,0,1641,597,,,,,,
543,18.100000,17.718,14.097,2291,0,0,0.778840,0.000000,0.000000,0.000000,0.000000,0,0.000,0.000,NO LASHING,NO BUNDLE,0,0,0,,,,0,1,0,0,0.865279,0.559459,932,228,0.387773,STAND TARGET JUMP REJECTED,580,0,1641,597,,,,,,
544,18.133333,15.969,14.897,950,0,0,0.764966,0.000000,0.000000,0.000000,0.000000,0,0.000,0.000,NO LASHING,NO BUNDLE,0,0,0,,,,0,0,0,0,0.000000,0.000000,,,,STAND TARGET JUMP REJECTED,580,0,1641,597,,,,,,
545,18.166667,16.149,15.401,4687,0,0,0.830949,0.000000,0.000000,0.000000,0.000000,0,0.000,0.000,NO LASHING,NO BUNDLE,0,0,0,,,,0,1,0,1,0.689638,0.501000,912,94,0.159259,ACQUIRING STAND 1/4,580,0,1641,597,,,,,,
546,18.200000,16.150,14.523,6595,389,856,0.854415,0.708132,0.804976,0.781274,0.000000,0,0.000,0.000,GEOMETRY FAIL,NO BUNDLE,0,0,0,,,,0,1,0,1,0.702992,0.444243,937,156,0.240231,ACQUIRING STAND 2/4,580,0,1641,597,,,,,,
547,18.233333,16.989,14.715,6998,350,2235,0.863313,0.684276,0.863854,0.773795,0.000000,0,0.000,0.000,GEOMETRY FAIL,NO BUNDLE,0,0,0,,,,0,1,0,1,0.702992,0.444243,937,156,0.240231,ACQUIRING STAND 2/4,580,0,1641,597,,,,,,
548,18.266667,17.396,14.138,6239,229,2647,0.854096,0.704256,0.846212,0.779176,0.000000,0,0.000,0.000,GEOMETRY FAIL,NO BUNDLE,0,0,0,,,,0,1,0,0,0.702992,0.444243,937,156,0.240231,STAND TARGET JUMP REJECTED,580,0,1641,597,,,,,,
549,18.300000,17.471,17.887,5335,105,2165,0.856310,0.680557,0.832728,0.768434,0.000000,0,0.000,0.000,NO LASHING,NO BUNDLE,0,0,0,,,,0,1,0,0,0.702992,0.444243,937,156,0.240231,STAND TARGET JUMP REJECTED,580,0,1641,597,,,,,,
550,18.333333,16.594,17.783,4336,0,527,0.841374,0.000000,0.785916,0.000000,0.000000,0,0.000,0.000,NO LASHING,NO BUNDLE,0,0,0,,,,0,1,0,1,0.892315,0.578477,909,247,0.342363,ACQUIRING STAND 1/4,580,0,1641,597,,,,,,
551,18.366667,17.766,21.296,4995,35,600,0.824578,0.628946,0.813727,0.726762,0.000000,0,0.000,0.000,NO LASHING,NO BUNDLE,0,0,0,,,,0,1,0,1,0.892315,0.578477,909,247,0.342363,ACQUIRING STAND 1/4,580,0,1641,597,,,,,,
552,18.400000,17.128,20.682,4917,0,0,0.792967,0.000000,0.000000,0.000000,0.000000,0,0.000,0.000,NO LASHING,NO BUNDLE,0,0,0,,,,0,1,0,0,0.892315,0.578477,909,247,0.342363,STAND TEMPORARILY LOST (1),580,0,1641,597,,,,,,
553,18.433333,18.389,19.388,12507,961,1895,0.865988,0.731659,0.795801,0.798823,0.000000,0,0.000,0.000,INSUFFICIENT LASHING PATTERN,NO BUNDLE,0,0,0,,,,0,1,0,0,0.892315,0.578477,909,247,0.342363,STAND TEMPORARILY LOST (1),580,0,1641,597,,,,,,
554,18.466667,16.468,19.081,3,29,0,0.710896,0.628304,0.000000,0.669600,0.000000,0,0.000,0.000,NO BLACK,NO BUNDLE,0,0,0,,,,0,1,0,0,0.892315,0.578477,909,247,0.342363,STAND TEMPORARILY LOST (2),580,0,1641,597,,,,,,
555,18.500000,17.075,22.313,0,108,0,0.000000,0.685306,0.000000,0.000000,0.000000,0,0.000,0.000,NO BLACK,NO BUNDLE,0,0,0,,,,0,1,0,0,0.892315,0.578477,909,247,0.342363,STAND TEMPORARILY LOST (2),580,0,1641,597,,,,,,
556,18.533333,15.739,21.639,0,0,0,0.000000,0.000000,0.000000,0.000000,0.000000,0,0.000,0.000,NO BLACK,NO BUNDLE,0,0,0,,,,0,1,0,1,0.794459,0.544328,1058,215,0.341471,ACQUIRING STAND 1/4,580,0,1641,597,,,,,,
557,18.566667,17.644,24.784,0,0,0,0.000000,0.000000,0.000000,0.000000,0.000000,0,0.000,0.000,NO BLACK,NO BUNDLE,0,0,0,,,,0,1,0,1,0.794459,0.544328,1058,215,0.341471,ACQUIRING STAND 1/4,580,0,1641,597,,,,,,
558,18.600000,16.946,23.694,0,0,0,0.000000,0.000000,0.000000,0.000000,0.000000,0,0.000,0.000,NO BLACK,NO BUNDLE,0,0,0,,,,0,1,0,0,0.794459,0.544328,1058,215,0.341471,STAND TARGET JUMP REJECTED,580,0,1641,597,,,,,,
559,18.633333,16.223,26.656,0,0,0,0.000000,0.000000,0.000000,0.000000,0.000000,0,0.000,0.000,NO BLACK,NO BUNDLE,0,0,0,,,,0,1,0,0,0.794459,0.544328,1058,215,0.341471,STAND TARGET JUMP REJECTED,580,0,1641,597,,,,,,
560,18.666667,15.740,25.382,0,0,0,0.000000,0.000000,0.000000,0.000000,0.000000,0,0.000,0.000,NO BLACK,NO BUNDLE,0,0,0,,,,0,1,0,0,0.794459,0.544328,1058,215,0.341471,STAND TARGET JUMP REJECTED,580,0,1641,597,,,,,,
561,18.700000,17.591,27.945,0,0,0,0.000000,0.000000,0.000000,0.000000,0.000000,0,0.000,0.000,NO BLACK,NO BUNDLE,0,0,0,,,,0,1,0,0,0.794459,0.544328,1058,215,0.341471,STAND TARGET JUMP REJECTED,580,0,1641,597,,,,,,
562,18.733333,16.910,26.443,0,0,0,0.000000,0.000000,0.000000,0.000000,0.000000,0,0.000,0.000,NO BLACK,NO BUNDLE,0,0,0,,,,0,1,0,0,0.794459,0.544328,1058,215,0.341471,STAND TARGET JUMP REJECTED,,,,,,,,,,
563,18.766667,16.318,28.538,73,1198,0,0.738784,0.746646,0.000000,0.742715,0.000000,0,0.000,0.000,NO BLACK,NO BUNDLE,0,0,0,,,,0,1,0,0,0.794459,0.544328,1058,215,0.341471,STAND TARGET JUMP REJECTED,0,0,1920,1080,,,,,,
564,18.800000,18.243,26.798,78,833,0,0.753162,0.695735,0.000000,0.724448,0.000000,0,0.000,0.000,NO BLACK,NO BUNDLE,0,0,0,,,,0,0,0,0,0.000000,0.000000,,,,STAND TARGET JUMP REJECTED,0,0,1920,1080,,,,,,
565,18.833333,17.061,25.399,98,313,0,0.730223,0.697443,0.000000,0.713833,0.000000,0,0.000,0.000,NO BLACK,NO BUNDLE,0,0,0,,,,0,0,0,0,0.475377,0.000000,,,,WEAK STAND GEOMETRY,0,0,1920,1080,,,,,,
566,18.866667,17.135,24.189,229,870,0,0.776654,0.695204,0.000000,0.735929,0.000000,0,0.000,0.000,NO BLACK,NO BUNDLE,0,0,0,,,,0,1,0,1,0.915062,0.610674,1102,494,0.914815,ACQUIRING STAND 1/4,0,0,1920,1080,,,,,,
567,18.900000,16.495,26.607,494,165,0,0.797792,0.635639,0.000000,0.716716,0.000000,0,0.000,0.000,NO BLACK,NO BUNDLE,0,0,0,,,,0,1,0,1,0.915062,0.610674,1102,494,0.914815,ACQUIRING STAND 1/4,0,0,1920,1080,,,,,,
568,18.933333,17.976,25.136,0,83,0,0.000000,0.637719,0.000000,0.000000,0.000000,0,0.000,0.000,NO BLACK,NO BUNDLE,0,0,0,,,,0,1,0,1,0.871727,0.536771,1022,432,0.784444,ACQUIRING STAND 2/4,0,0,1920,1080,,,,,,
569,18.966667,16.821,27.905,0,198,0,0.000000,0.649996,0.000000,0.000000,0.000000,0,0.000,0.000,NO BLACK,NO BUNDLE,0,0,0,,,,0,1,0,1,0.871727,0.536771,1022,432,0.784444,ACQUIRING STAND 2/4,,,,,,,,,,
570,19.000000,16.366,26.408,0,0,0,0.000000,0.000000,0.000000,0.000000,0.000000,0,0.000,0.000,NO BLACK,NO BUNDLE,0,0,0,,,,0,1,0,0,0.871727,0.536771,1022,432,0.784444,STAND TARGET JUMP REJECTED,0,0,1920,1080,,,,,,
571,19.033333,17.448,28.410,0,89,0,0.000000,0.634800,0.000000,0.000000,0.000000,0,0.000,0.000,NO BLACK,NO BUNDLE,0,0,0,,,,0,1,0,0,0.871727,0.536771,1022,432,0.784444,STAND TARGET JUMP REJECTED,0,0,1920,1080,,,,,,
572,19.066667,16.557,26.823,0,0,0,0.000000,0.000000,0.000000,0.000000,0.000000,0,0.000,0.000,NO BLACK,NO BUNDLE,0,0,0,,,,0,1,0,0,0.871727,0.536771,1022,432,0.784444,STAND TARGET JUMP REJECTED,0,0,1920,1080,,,,,,
573,19.100000,16.890,28.169,56,0,0,0.758328,0.000000,0.000000,0.000000,0.000000,0,0.000,0.000,NO BLACK,NO BUNDLE,0,0,0,,,,0,1,0,0,0.871727,0.536771,1022,432,0.784444,STAND TARGET JUMP REJECTED,0,0,1920,1080,,,,,,
574,19.133333,16.577,26.665,0,0,0,0.000000,0.000000,0.000000,0.000000,0.000000,0,0.000,0.000,NO BLACK,NO BUNDLE,0,0,0,,,,0,1,0,1,0.757205,0.492986,984,312,0.562815,ACQUIRING STAND 1/4,0,0,1920,1080,,,,,,
575,19.166667,18.209,28.273,0,39,0,0.000000,0.638084,0.000000,0.000000,0.000000,0,0.000,0.000,NO BLACK,NO BUNDLE,0,0,0,,,,0,1,0,1,0.757205,0.492986,984,312,0.562815,ACQUIRING STAND 1/4,0,0,1920,1080,,,,,,
576,19.200000,16.443,26.637,14,10,0,0.720865,0.618662,0.000000,0.669764,0.000000,0,0.000,0.000,NO BLACK,NO BUNDLE,0,0,0,,,,0,1,0,1,0.883111,0.530004,951,338,0.619933,ACQUIRING STAND 2/4,0,0,1920,1080,,,,,,
577,19.233333,17.487,28.387,0,0,0,0.000000,0.000000,0.000000,0.000000,0.000000,0,0.000,0.000,NO BLACK,NO BUNDLE,0,0,0,,,,0,1,0,1,0.883111,0.530004,951,338,0.619933,ACQUIRING STAND 2/4,0,0,1920,1080,,,,,,
578,19.266667,16.897,26.775,0,0,0,0.000000,0.000000,0.000000,0.000000,0.000000,0,0.000,0.000,NO BLACK,NO BUNDLE,0,0,0,,,,0,1,0,0,0.883111,0.530004,951,338,0.619933,STAND TARGET JUMP REJECTED,0,0,1920,1080,,,,,,
579,19.300000,17.391,28.562,0,0,0,0.000000,0.000000,0.000000,0.000000,0.000000,0,0.000,0.000,NO BLACK,NO BUNDLE,0,0,0,,,,0,1,0,0,0.883111,0.530004,951,338,0.619933,STAND TARGET JUMP REJECTED,0,0,1920,1080,,,,,,
580,19.333333,18.279,26.838,0,0,0,0.000000,0.000000,0.000000,0.000000,0.000000,0,0.000,0.000,NO BLACK,NO BUNDLE,0,0,0,,,,0,1,0,0,0.883111,0.530004,951,338,0.619933,STAND TEMPORARILY LOST (2),0,0,1920,1080,,,,,,
581,19.366667,17.353,28.635,0,0,0,0.000000,0.000000,0.000000,0.000000,0.000000,0,0.000,0.000,NO BLACK,NO BUNDLE,0,0,0,,,,0,1,0,0,0.883111,0.530004,951,338,0.619933,STAND TEMPORARILY LOST (2),0,0,1920,1080,,,,,,
582,19.400000,17.929,26.937,0,0,127,0.000000,0.000000,0.755528,0.000000,0.000000,0,0.000,0.000,NO BLACK,NO BUNDLE,0,0,0,,,,0,1,0,1,0.650546,0.540122,959,265,0.488785,ACQUIRING STAND 1/4,0,0,1920,1080,,,,,,
583,19.433333,16.685,25.600,2530,987,410,0.832586,0.683671,0.773565,0.758129,0.000000,0,0.000,0.000,COMPONENTS TOO FAR,NO BUNDLE,0,0,0,,,,0,1,0,1,0.650546,0.540122,959,265,0.488785,ACQUIRING STAND 1/4,0,0,1920,1080,,,,,,
584,19.466667,16.864,23.662,11577,940,4801,0.871132,0.770503,0.856651,0.820818,0.000000,0,0.000,0.000,GEOMETRY FAIL,NO BUNDLE,0,0,0,,,,0,1,0,0,0.650546,0.540122,959,265,0.488785,STAND TEMPORARILY LOST (1),0,0,1920,1080,,,,,,
585,19.500000,17.471,22.485,23414,2956,12296,0.894338,0.766521,0.861506,0.830429,0.000000,0,0.000,0.000,GEOMETRY FAIL,NO BUNDLE,0,0,0,,,,0,1,0,0,0.650546,0.540122,959,265,0.488785,STAND TEMPORARILY LOST (1),0,0,1920,1080,,,,,,
586,19.533333,18.807,20.160,29796,5848,13485,0.886856,0.806850,0.921263,0.871657,0.814248,1,219.710,27.227,VALID,CANDIDATE,1,1,0,1505,1031,416.000,0,1,0,0,0.650546,0.540122,959,265,0.488785,STAND TEMPORARILY LOST (2),0,0,1920,1080,,,,,,
587,19.566667,17.248,23.393,15,0,0,0.719447,0.000000,0.000000,0.000000,0.000000,0,0.000,0.000,NO BLACK,NO BUNDLE,0,0,0,,,,0,1,0,0,0.650546,0.540122,959,265,0.488785,STAND TEMPORARILY LOST (2),1040,585,1920,1080,,,,,,
588,19.600000,18.119,22.570,0,0,0,0.000000,0.000000,0.000000,0.000000,0.000000,0,0.000,0.000,NO BLACK,NO BUNDLE,0,0,0,,,,0,1,0,0,0.650546,0.540122,959,265,0.488785,STAND TEMPORARILY LOST (3),1040,585,1920,1080,,,,,,
589,19.633333,16.320,25.639,258,0,0,0.781930,0.000000,0.000000,0.000000,0.000000,0,0.000,0.000,NO BLACK,NO BUNDLE,0,0,0,,,,0,1,0,0,0.650546,0.540122,959,265,0.488785,STAND TEMPORARILY LOST (3),1040,585,1920,1080,,,,,,
590,19.666667,17.410,24.424,48,0,0,0.721998,0.000000,0.000000,0.000000,0.000000,0,0.000,0.000,NO BLACK,NO BUNDLE,0,0,0,,,,0,0,0,0,0.000000,0.000000,,,,WEAK STAND GEOMETRY,1040,585,1920,1080,,,,,,
591,19.700000,16.051,23.600,7,0,0,0.723336,0.000000,0.000000,0.000000,0.000000,0,0.000,0.000,NO BLACK,NO BUNDLE,0,0,0,,,,0,1,0,1,0.609099,0.694709,1570,414,0.196296,ACQUIRING STAND 1/4,1040,585,1920,1080,,,,,,
592,19.733333,17.333,22.925,85,0,0,0.732918,0.000000,0.000000,0.000000,0.000000,0,0.000,0.000,NO BLACK,NO BUNDLE,0,0,0,,,,0,1,0,0,0.609099,0.694709,1570,414,0.196296,STAND TARGET JUMP REJECTED,1040,585,1920,1080,,,,,,
593,19.766667,16.142,25.955,104,0,0,0.753922,0.000000,0.000000,0.000000,0.000000,0,0.000,0.000,NO BLACK,NO BUNDLE,0,0,0,,,,0,1,0,0,0.609099,0.694709,1570,414,0.196296,STAND TARGET JUMP REJECTED,1040,585,1920,1080,,,,,,
594,19.800000,16.153,24.789,120,0,0,0.750973,0.000000,0.000000,0.000000,0.000000,0,0.000,0.000,NO BLACK,NO BUNDLE,0,0,0,,,,0,1,0,0,0.609099,0.694709,1570,414,0.196296,STAND TEMPORARILY LOST (2),1040,585,1920,1080,,,,,,
595,19.833333,17.812,27.316,0,0,0,0.000000,0.000000,0.000000,0.000000,0.000000,0,0.000,0.000,NO BLACK,NO BUNDLE,0,0,0,,,,0,1,0,0,0.609099,0.694709,1570,414,0.196296,STAND TEMPORARILY LOST (2),1040,585,1920,1080,,,,,,
596,19.866667,15.893,25.784,0,0,0,0.000000,0.000000,0.000000,0.000000,0.000000,0,0.000,0.000,NO BLACK,NO BUNDLE,0,0,0,,,,0,1,0,0,0.609099,0.694709,1570,414,0.196296,STAND TARGET JUMP REJECTED,1040,585,1920,1080,,,,,,
597,19.900000,17.830,28.365,0,0,0,0.000000,0.000000,0.000000,0.000000,0.000000,0,0.000,0.000,NO BLACK,NO BUNDLE,0,0,0,,,,0,1,0,0,0.609099,0.694709,1570,414,0.196296,STAND TARGET JUMP REJECTED,1040,585,1920,1080,,,,,,
598,19.933333,16.694,26.707,0,0,0,0.000000,0.000000,0.000000,0.000000,0.000000,0,0.000,0.000,NO BLACK,NO BUNDLE,0,0,0,,,,0,0,0,0,0.000000,0.000000,,,,STAND TARGET JUMP REJECTED,1040,585,1920,1080,,,,,,
599,19.966667,16.475,23.331,74197,13063,30755,0.900260,0.838888,0.895002,0.878050,0.866736,1,222.788,24.542,VALID,CANDIDATE,1,1,0,988,575,374.000,0,0,0,0,0.000000,0.000000,,,,NEED TWO DARK RAILS AND AN UPRIGHT,,,,,,,,,,
600,20.000000,17.287,20.520,74080,13876,28092,0.905864,0.840479,0.876073,0.874139,0.854924,1,220.888,25.446,VALID,CANDIDATE,2,1,0,960,589,389.600,0,1,0,1,0.911080,0.575678,870,302,0.537037,ACQUIRING STAND 1/4,0,0,1920,1080,,,,,,
601,20.033333,17.986,18.194,59977,10471,11997,0.882212,0.820303,0.796047,0.832854,0.865625,1,222.964,20.850,TARGET JUMP,CANDIDATE,1,1,0,958,587,395.000,0,1,0,1,0.911080,0.575678,870,302,0.537037,ACQUIRING STAND 1/4,0,102,1739,1080,,,,,,
602,20.066667,15.768,17.993,0,0,0,0.000000,0.000000,0.000000,0.000000,0.000000,0,0.000,0.000,NO BLACK,NO BUNDLE,0,0,0,,,,0,1,0,0,0.911080,0.575678,870,302,0.537037,STAND TEMPORARILY LOST (1),455,368,1288,836,,,,,,
603,20.100000,17.708,21.734,0,0,0,0.000000,0.000000,0.000000,0.000000,0.000000,0,0.000,0.000,NO BLACK,NO BUNDLE,0,0,0,,,,0,1,0,0,0.911080,0.575678,870,302,0.537037,STAND TEMPORARILY LOST (1),455,368,1288,836,,,,,,
604,20.133333,16.238,21.090,0,0,0,0.000000,0.000000,0.000000,0.000000,0.000000,0,0.000,0.000,NO BLACK,NO BUNDLE,0,0,0,,,,0,1,0,0,0.911080,0.575678,870,302,0.537037,STAND TEMPORARILY LOST (2),455,368,1288,836,,,,,,
605,20.166667,16.327,24.574,0,0,0,0.000000,0.000000,0.000000,0.000000,0.000000,0,0.000,0.000,NO BLACK,NO BUNDLE,0,0,0,,,,0,1,0,0,0.911080,0.575678,870,302,0.537037,STAND TEMPORARILY LOST (2),455,368,1288,836,,,,,,
606,20.200000,17.310,23.470,0,0,0,0.000000,0.000000,0.000000,0.000000,0.000000,0,0.000,0.000,NO BLACK,NO BUNDLE,0,0,0,,,,0,1,0,0,0.911080,0.575678,870,302,0.537037,STAND TARGET JUMP REJECTED,455,368,1288,836,,,,,,
607,20.233333,17.501,26.006,0,0,0,0.000000,0.000000,0.000000,0.000000,0.000000,0,0.000,0.000,NO BLACK,NO BUNDLE,0,0,0,,,,0,1,0,0,0.911080,0.575678,870,302,0.537037,STAND TARGET JUMP REJECTED,455,368,1288,836,,,,,,
608,20.266667,17.173,24.752,31,0,0,0.710576,0.000000,0.000000,0.000000,0.000000,0,0.000,0.000,NO BLACK,NO BUNDLE,0,0,0,,,,0,1,0,1,0.772601,0.467033,910,337,0.610370,ACQUIRING STAND 1/4,455,368,1288,836,,,,,,
609,20.300000,16.663,27.364,0,0,0,0.000000,0.000000,0.000000,0.000000,0.000000,0,0.000,0.000,NO BLACK,NO BUNDLE,0,0,0,,,,0,1,0,1,0.772601,0.467033,910,337,0.610370,ACQUIRING STAND 1/4,455,368,1288,836,,,,,,
610,20.333333,16.849,25.863,0,0,0,0.000000,0.000000,0.000000,0.000000,0.000000,0,0.000,0.000,NO BLACK,NO BUNDLE,0,0,0,,,,0,1,0,1,0.817035,0.519559,917,356,0.564435,ACQUIRING STAND 2/4,455,368,1288,836,,,,,,
611,20.366667,17.257,28.283,0,0,0,0.000000,0.000000,0.000000,0.000000,0.000000,0,0.000,0.000,NO BLACK,NO BUNDLE,0,0,0,,,,0,1,0,1,0.817035,0.519559,917,356,0.564435,ACQUIRING STAND 2/4,455,368,1288,836,,,,,,
612,20.400000,16.749,26.741,152,0,0,0.771407,0.000000,0.000000,0.000000,0.000000,0,0.000,0.000,NO BLACK,NO BUNDLE,0,0,0,,,,0,1,0,1,0.878333,0.599105,967,309,0.521866,ACQUIRING STAND 3/4,455,368,1288,836,,,,,,
613,20.433333,16.532,29.138,1483,47,0,0.775600,0.659351,0.000000,0.717476,0.000000,0,0.000,0.000,NO LASHING,NO BUNDLE,0,0,0,,,,0,1,0,1,0.878333,0.599105,967,309,0.521866,ACQUIRING STAND 3/4,455,368,1288,836,,,,,,
614,20.466667,16.928,27.343,375,0,0,0.758656,0.000000,0.000000,0.000000,0.000000,0,0.000,0.000,NO BLACK,NO BUNDLE,0,0,0,,,,0,1,0,0,0.878333,0.599105,967,309,0.521866,STAND TARGET JUMP REJECTED,455,368,1288,836,,,,,,
615,20.500000,16.718,29.551,0,0,0,0.000000,0.000000,0.000000,0.000000,0.000000,0,0.000,0.000,NO BLACK,NO BUNDLE,0,0,0,,,,0,1,0,0,0.878333,0.599105,967,309,0.521866,STAND TARGET JUMP REJECTED,455,368,1288,836,,,,,,
616,20.533333,15.755,27.865,0,0,0,0.000000,0.000000,0.000000,0.000000,0.000000,0,0.000,0.000,NO BLACK,NO BUNDLE,0,0,0,,,,0,1,0,1,0.808754,0.559523,983,475,0.477247,ACQUIRING STAND 1/4,455,368,1288,836,,,,,,
617,20.566667,17.696,29.927,73,0,0,0.738913,0.000000,0.000000,0.000000,0.000000,0,0.000,0.000,NO BLACK,NO BUNDLE,0,0,0,,,,0,1,0,1,0.808754,0.559523,983,475,0.477247,ACQUIRING STAND 1/4,455,368,1288,836,,,,,,
618,20.600000,17.402,28.220,0,0,0,0.000000,0.000000,0.000000,0.000000,0.000000,0,0.000,0.000,NO BLACK,NO BUNDLE,0,0,0,,,,0,1,0,1,0.903333,0.616917,987,344,0.446983,ACQUIRING STAND 2/4,455,368,1288,836,,,,,,
619,20.633333,16.765,30.127,0,0,0,0.000000,0.000000,0.000000,0.000000,0.000000,0,0.000,0.000,NO BLACK,NO BUNDLE,0,0,0,,,,0,1,0,1,0.903333,0.616917,987,344,0.446983,ACQUIRING STAND 2/4,455,368,1288,836,,,,,,
620,20.666667,15.682,28.323,0,0,0,0.000000,0.000000,0.000000,0.000000,0.000000,0,0.000,0.000,NO BLACK,NO BUNDLE,0,0,0,,,,0,1,0,0,0.903333,0.616917,987,344,0.446983,STAND TARGET JUMP REJECTED,455,368,1288,836,,,,,,
621,20.700000,18.786,30.195,0,0,0,0.000000,0.000000,0.000000,0.000000,0.000000,0,0.000,0.000,NO BLACK,NO BUNDLE,0,0,0,,,,0,1,0,0,0.903333,0.616917,987,344,0.446983,STAND TARGET JUMP REJECTED,455,368,1288,836,,,,,,
622,20.733333,17.536,26.335,62671,13110,36096,0.903901,0.817590,0.910953,0.877481,0.823782,1,223.015,22.876,VALID,CANDIDATE,1,1,0,895,850,574.000,0,1,0,1,0.811927,0.563786,971,403,0.543365,ACQUIRING STAND 1/4,,,,,,,,,,
623,20.766667,17.917,24.099,12684,2026,97,0.869907,0.795328,0.763758,0.832617,0.000000,0,0.000,0.000,GEOMETRY FAIL,NO BUNDLE,0,0,0,,,,0,1,0,1,0.811927,0.563786,971,403,0.543365,ACQUIRING STAND 1/4,384,396,1599,1080,,,,,,
624,20.800000,17.445,21.569,14484,1953,126,0.885019,0.806725,0.000000,0.845872,0.855618,1,0.000,0.000,VALID,CANDIDATE,1,1,0,1102,784,371.000,0,1,0,0,0.811927,0.563786,971,403,0.543365,STAND TARGET JUMP REJECTED,384,396,1599,1080,,,,,,
625,20.833333,17.860,24.352,0,0,0,0.000000,0.000000,0.000000,0.000000,0.000000,0,0.000,0.000,NO BLACK,NO BUNDLE,0,0,0,,,,0,1,0,0,0.811927,0.563786,971,403,0.543365,STAND TARGET JUMP REJECTED,595,583,1375,1021,,,,,,
626,20.866667,17.081,23.386,39,0,0,0.721072,0.000000,0.000000,0.000000,0.000000,0,0.000,0.000,NO BLACK,NO BUNDLE,0,0,0,,,,0,1,0,1,0.839506,0.572079,1118,558,0.444144,ACQUIRING STAND 1/4,595,583,1375,1021,,,,,,
627,20.900000,17.408,25.936,0,0,0,0.000000,0.000000,0.000000,0.000000,0.000000,0,0.000,0.000,NO BLACK,NO BUNDLE,0,0,0,,,,0,1,0,1,0.839506,0.572079,1118,558,0.444144,ACQUIRING STAND 1/4,595,583,1375,1021,,,,,,
628,20.933333,17.521,24.610,427,0,0,0.760227,0.000000,0.000000,0.000000,0.000000,0,0.000,0.000,NO BLACK,NO BUNDLE,0,0,0,,,,0,1,0,1,0.811157,0.506276,1022,474,0.609309,ACQUIRING STAND 2/4,595,583,1375,1021,,,,,,
629,20.966667,16.914,21.575,31607,14427,15236,0.916328,0.833421,0.897021,0.882257,0.865654,1,204.836,25.460,VALID,CANDIDATE,1,1,0,1027,607,288.000,0,1,0,1,0.811157,0.506276,1022,474,0.609309,ACQUIRING STAND 2/4,,,,,,,,,,
630,21.000000,16.363,21.585,0,0,0,0.000000,0.000000,0.000000,0.000000,0.000000,0,0.000,0.000,NO BLACK,NO BUNDLE,0,0,0,,,,0,1,0,0,0.811157,0.506276,1022,474,0.609309,STAND TEMPORARILY LOST (1),528,323,1506,872,,,,,,
631,21.033333,17.619,18.839,10482,8751,4596,0.873376,0.854505,0.915140,0.881007,0.867926,1,211.153,21.561,VALID,CANDIDATE,1,1,0,952,455,173.000,0,1,0,0,0.811157,0.506276,1022,474,0.609309,STAND TEMPORARILY LOST (1),528,323,1506,872,,,,,,
632,21.066667,15.514,18.770,0,0,0,0.000000,0.000000,0.000000,0.000000,0.000000,0,0.000,0.000,NO BLACK,NO BUNDLE,0,0,0,,,,0,1,0,1,0.648777,0.514941,1130,330,0.486041,ACQUIRING STAND 2/4,684,290,1260,614,,,,,,
633,21.100000,17.581,21.926,4,2576,0,0.723695,0.731959,0.000000,0.727827,0.000000,0,0.000,0.000,NO BLACK,NO BUNDLE,0,0,0,,,,0,1,0,1,0.648777,0.514941,1130,330,0.486041,ACQUIRING STAND 2/4,684,290,1260,614,,,,,,
634,21.133333,17.742,21.844,0,2292,11,0.000000,0.717898,0.728715,0.000000,0.000000,0,0.000,0.000,NO BLACK,NO BUNDLE,0,0,0,,,,0,1,0,1,0.847499,0.506828,966,314,0.516126,ACQUIRING STAND 3/4,684,290,1260,614,,,,,,
635,21.166667,16.620,24.799,6,1685,113,0.704354,0.745934,0.775449,0.725144,0.000000,0,0.000,0.000,NO BLACK,NO BUNDLE,0,0,0,,,,0,1,0,1,0.847499,0.506828,966,314,0.516126,ACQUIRING STAND 3/4,684,290,1260,614,,,,,,
636,21.200000,17.806,23.965,73,250,0,0.796579,0.691248,0.000000,0.743914,0.000000,0,0.000,0.000,NO BLACK,NO BUNDLE,0,0,0,,,,0,1,0,0,0.847499,0.506828,966,314,0.516126,STAND TEMPORARILY LOST (1),684,290,1260,614,,,,,,
637,21.233333,17.630,26.452,0,0,0,0.000000,0.000000,0.000000,0.000000,0.000000,0,0.000,0.000,NO BLACK,NO BUNDLE,0,0,0,,,,0,1,0,0,0.847499,0.506828,966,314,0.516126,STAND TEMPORARILY LOST (1),684,290,1260,614,,,,,,
638,21.266667,17.433,25.336,0,1610,14,0.000000,0.730793,0.781664,0.000000,0.000000,0,0.000,0.000,NO BLACK,NO BUNDLE,0,0,0,,,,0,1,0,0,0.847499,0.506828,966,314,0.516126,STAND TARGET JUMP REJECTED,684,290,1260,614,,,,,,
639,21.300000,16.092,28.162,0,0,0,0.000000,0.000000,0.000000,0.000000,0.000000,0,0.000,0.000,NO BLACK,NO BUNDLE,0,0,0,,,,0,1,0,0,0.847499,0.506828,966,314,0.516126,STAND TARGET JUMP REJECTED,684,290,1260,614,,,,,,
640,21.333333,16.868,27.178,0,1334,1,0.000000,0.717513,0.704934,0.000000,0.000000,0,0.000,0.000,NO BLACK,NO BUNDLE,0,0,0,,,,0,1,0,0,0.847499,0.506828,966,314,0.516126,STAND TARGET JUMP REJECTED,684,290,1260,614,,,,,,
641,21.366667,16.809,29.312,8,919,0,0.727321,0.714284,0.000000,0.720802,0.000000,0,0.000,0.000,NO BLACK,NO BUNDLE,0,0,0,,,,0,1,0,0,0.847499,0.506828,966,314,0.516126,STAND TARGET JUMP REJECTED,684,290,1260,614,,,,,,
642,21.400000,16.022,28.196,0,0,8,0.000000,0.000000,0.730164,0.000000,0.000000,0,0.000,0.000,NO BLACK,NO BUNDLE,0,0,0,,,,0,0,0,0,0.000000,0.000000,,,,WEAK STAND GEOMETRY,684,290,1260,614,,,,,,
643,21.433333,16.930,27.218,0,522,0,0.000000,0.689558,0.000000,0.000000,0.000000,0,0.000,0.000,NO BLACK,NO BUNDLE,0,0,0,,,,0,1,0,1,0.923333,0.651395,958,292,0.459259,ACQUIRING STAND 1/4,684,290,1260,614,,,,,,
644,21.466667,16.480,26.484,0,656,0,0.000000,0.718749,0.000000,0.000000,0.000000,0,0.000,0.000,NO BLACK,NO BUNDLE,0,0,0,,,,0,1,0,0,0.923333,0.651395,958,292,0.459259,STAND TEMPORARILY LOST (1),684,290,1260,614,,,,,,
645,21.500000,16.756,28.712,4,1803,40,0.727980,0.757578,0.729107,0.742779,0.000000,0,0.000,0.000,NO BLACK,NO BUNDLE,0,0,0,,,,0,1,0,0,0.923333,0.651395,958,292,0.459259,STAND TEMPORARILY LOST (1),684,290,1260,614,,,,,,
646,21.533333,17.331,27.644,14,539,0,0.709530,0.765543,0.000000,0.737536,0.000000,0,0.000,0.000,NO BLACK,NO BUNDLE,0,0,0,,,,0,1,0,1,0.897615,0.614590,888,314,0.536157,ACQUIRING STAND 1/4,684,290,1260,614,,,,,,
647,21.566667,16.429,29.712,2,462,2,0.702551,0.760159,0.708368,0.731355,0.000000,0,0.000,0.000,NO BLACK,NO BUNDLE,0,0,0,,,,0,1,0,1,0.897615,0.614590,888,314,0.536157,ACQUIRING STAND 1/4,684,290,1260,614,,,,,,
648,21.600000,15.822,28.373,0,304,0,0.000000,0.786124,0.000000,0.000000,0.000000,0,0.000,0.000,NO BLACK,NO BUNDLE,0,0,0,,,,0,1,0,1,0.947771,0.686608,980,497,0.679234,ACQUIRING STAND 2/4,684,290,1260,614,,,,,,
649,21.633333,17.682,30.585,0,0,0,0.000000,0.000000,0.000000,0.000000,0.000000,0,0.000,0.000,NO BLACK,NO BUNDLE,0,0,0,,,,0,1,0,1,0.947771,0.686608,980,497,0.679234,ACQUIRING STAND 2/4,684,290,1260,614,,,,,,
650,21.666667,15.700,29.287,0,0,0,0.000000,0.000000,0.000000,0.000000,0.000000,0,0.000,0.000,NO BLACK,NO BUNDLE,0,0,0,,,,0,1,0,0,0.947771,0.686608,980,497,0.679234,STAND TARGET JUMP REJECTED,684,290,1260,614,,,,,,
651,21.700000,17.830,31.285,0,0,0,0.000000,0.000000,0.000000,0.000000,0.000000,0,0.000,0.000,NO BLACK,NO BUNDLE,0,0,0,,,,0,1,0,0,0.947771,0.686608,980,497,0.679234,STAND TARGET JUMP REJECTED,684,290,1260,614,,,,,,
652,21.733333,17.803,28.203,39715,682,11989,0.938898,0.708188,0.855372,0.823543,0.000000,0,0.000,0.000,COMPONENTS TOO FAR,NO BUNDLE,0,0,0,,,,0,1,0,0,0.947771,0.686608,980,497,0.679234,STAND TARGET JUMP REJECTED,,,,,,,,,,
653,21.766667,21.330,25.690,38075,847,10655,0.938705,0.703313,0.836672,0.821009,0.000000,0,0.000,0.000,GEOMETRY FAIL,NO BUNDLE,0,0,0,,,,0,1,0,0,0.947771,0.686608,980,497,0.679234,STAND TARGET JUMP REJECTED,0,0,1920,1080,,,,,,
654,21.800000,17.516,23.487,41577,424,12877,0.924155,0.690518,0.866696,0.807337,0.000000,0,0.000,0.000,GEOMETRY FAIL,NO BUNDLE,0,0,0,,,,0,1,0,1,0.817455,0.654089,1023,698,0.523618,ACQUIRING STAND 1/4,0,0,1920,1080,,,,,,
655,21.833333,17.131,21.950,39593,1754,11015,0.929161,0.721779,0.846295,0.825470,0.000000,0,0.000,0.000,GEOMETRY FAIL,NO BUNDLE,0,0,0,,,,0,1,0,1,0.817455,0.654089,1023,698,0.523618,ACQUIRING STAND 1/4,0,0,1920,1080,,,,,,
656,21.866667,18.089,20.096,48869,2853,11874,0.933171,0.843689,0.880631,0.888430,0.000000,0,0.000,0.000,GEOMETRY FAIL,NO BUNDLE,0,0,0,,,,0,1,0,0,0.817455,0.654089,1023,698,0.523618,STAND TEMPORARILY LOST (1),0,0,1920,1080,,,,,,
657,21.900000,17.443,22.984,38828,1,12255,0.937990,0.603083,0.868430,0.770536,0.000000,0,0.000,0.000,NO LASHING,NO BUNDLE,0,0,0,,,,0,1,0,0,0.817455,0.654089,1023,698,0.523618,STAND TEMPORARILY LOST (1),0,0,1920,1080,,,,,,
658,21.933333,17.949,20.847,45212,1014,11715,0.915398,0.663885,0.863863,0.789641,0.000000,0,0.000,0.000,GEOMETRY FAIL,NO BUNDLE,0,0,0,,,,0,1,0,0,0.817455,0.654089,1023,698,0.523618,STAND TEMPORARILY LOST (2),0,0,1920,1080,,,,,,
659,21.966667,17.353,19.974,45440,2716,11424,0.930591,0.748335,0.872021,0.839463,0.000000,0,0.000,0.000,GEOMETRY FAIL,NO BUNDLE,0,0,0,,,,0,1,0,0,0.817455,0.654089,1023,698,0.523618,STAND TEMPORARILY LOST (2),,,,,,,,,,
660,22.000000,16.589,17.837,44569,2112,14085,0.898899,0.707926,0.853854,0.820226,0.736233,1,196.422,39.614,VALID,CANDIDATE,1,1,0,867,281,275.000,0,1,0,1,0.867813,0.636934,903,536,0.480073,ACQUIRING STAND 1/4,0,0,1920,1080,,,,,,
661,22.033333,18.551,15.730,5121,2461,1736,0.818325,0.774731,0.833211,0.808756,0.784612,1,222.149,14.867,TARGET JUMP,CANDIDATE,1,1,0,907,397,89.000,0,1,0,1,0.867813,0.636934,903,536,0.480073,ACQUIRING STAND 1/4,643,89,1286,450,,,,,,
662,22.066667,17.292,13.884,4754,2656,2246,0.856585,0.788984,0.855157,0.833575,0.810292,1,218.988,17.810,VALID,CANDIDATE,2,1,0,917,404,92.250,0,1,0,0,0.867813,0.636934,903,536,0.480073,STAND TARGET JUMP REJECTED,668,230,1244,554,,,,,,
663,22.100000,18.881,12.253,5817,2719,3473,0.879385,0.790472,0.892831,0.854229,0.837952,1,218.889,19.777,VALID,CANDIDATE,3,1,0,916,355,90.138,0,1,0,0,0.867813,0.636934,903,536,0.480073,STAND TARGET JUMP REJECTED,654,244,1230,568,,,,,,
664,22.133333,16.874,10.864,6680,4095,3357,0.890521,0.825847,0.866330,0.860899,0.857678,1,222.659,19.218,VALID,CANDIDATE,4,1,0,926,319,103.698,0,1,0,0,0.867813,0.636934,903,536,0.480073,STAND TARGET JUMP REJECTED,486,152,1114,506,,,,,,
665,22.166667,16.806,15.471,0,166,0,0.000000,0.746398,0.000000,0.000000,0.000000,0,0.000,0.000,NO BLACK,NO BUNDLE,0,0,0,,,,0,1,0,0,0.867813,0.636934,903,536,0.480073,STAND TARGET JUMP REJECTED,622,136,1198,460,,,,,,
666,22.200000,16.910,15.885,0,93,0,0.000000,0.686139,0.000000,0.000000,0.000000,0,0.000,0.000,NO BLACK,NO BUNDLE,0,0,0,,,,0,1,0,0,0.867813,0.636934,903,536,0.480073,STAND TEMPORARILY LOST (3),622,136,1198,460,,,,,,
667,22.233333,16.787,19.701,0,38,0,0.000000,0.662853,0.000000,0.000000,0.000000,0,0.000,0.000,NO BLACK,NO BUNDLE,0,0,0,,,,0,1,0,0,0.867813,0.636934,903,536,0.480073,STAND TEMPORARILY LOST (3),622,136,1198,460,,,,,,
668,22.266667,17.091,19.388,0,55,0,0.000000,0.705203,0.000000,0.000000,0.000000,0,0.000,0.000,NO BLACK,NO BUNDLE,0,0,0,,,,0,0,0,0,0.000000,0.000000,,,,STAND TARGET JUMP REJECTED,622,136,1198,460,,,,,,
669,22.300000,16.126,19.313,0,92,0,0.000000,0.720176,0.000000,0.000000,0.000000,0,0.000,0.000,NO BLACK,NO BUNDLE,0,0,0,,,,0,1,0,1,0.725856,0.512482,1084,140,0.251852,ACQUIRING STAND 1/4,622,136,1198,460,,,,,,
670,22.333333,16.270,19.147,0,186,0,0.000000,0.726340,0.000000,0.000000,0.000000,0,0.000,0.000,NO BLACK,NO BUNDLE,0,0,0,,,,0,1,0,0,0.725856,0.512482,1084,140,0.251852,STAND TARGET JUMP REJECTED,622,136,1198,460,,,,,,
671,22.366667,17.266,22.491,0,285,0,0.000000,0.761676,0.000000,0.000000,0.000000,0,0.000,0.000,NO BLACK,NO BUNDLE,0,0,0,,,,0,1,0,0,0.725856,0.512482,1084,140,0.251852,STAND TARGET JUMP REJECTED,622,136,1198,460,,,,,,
672,22.400000,16.956,21.968,0,336,0,0.000000,0.744773,0.000000,0.000000,0.000000,0,0.000,0.000,NO BLACK,NO BUNDLE,0,0,0,,,,0,1,0,0,0.725856,0.512482,1084,140,0.251852,STAND TEMPORARILY LOST (2),622,136,1198,460,,,,,,
673,22.433333,16.455,24.898,0,124,0,0.000000,0.781955,0.000000,0.000000,0.000000,0,0.000,0.000,NO BLACK,NO BUNDLE,0,0,0,,,,0,1,0,0,0.725856,0.512482,1084,140,0.251852,STAND TEMPORARILY LOST (2),622,136,1198,460,,,,,,
674,22.466667,16.622,22.566,1874,1245,1278,0.928863,0.785703,0.865815,0.857283,0.000000,0,0.000,0.000,INSUFFICIENT LASHING PATTERN,NO BUNDLE,0,0,0,,,,0,1,0,0,0.725856,0.512482,1084,140,0.251852,STAND TEMPORARILY LOST (3),622,136,1198,460,,,,,,
675,22.500000,16.644,25.557,0,0,0,0.000000,0.000000,0.000000,0.000000,0.000000,0,0.000,0.000,NO BLACK,NO BUNDLE,0,0,0,,,,0,1,0,0,0.725856,0.512482,1084,140,0.251852,STAND TEMPORARILY LOST (3),622,136,1198,460,,,,,,
676,22.533333,16.071,24.426,0,223,0,0.000000,0.792214,0.000000,0.000000,0.000000,0,0.000,0.000,NO BLACK,NO BUNDLE,0,0,0,,,,0,1,0,1,0.809738,0.530791,938,219,0.370000,ACQUIRING STAND 1/4,622,136,1198,460,,,,,,
677,22.566667,17.235,27.128,0,53,0,0.000000,0.672794,0.000000,0.000000,0.000000,0,0.000,0.000,NO BLACK,NO BUNDLE,0,0,0,,,,0,1,0,1,0.809738,0.530791,938,219,0.370000,ACQUIRING STAND 1/4,622,136,1198,460,,,,,,
678,22.600000,15.723,25.868,0,49,0,0.000000,0.639661,0.000000,0.000000,0.000000,0,0.000,0.000,NO BLACK,NO BUNDLE,0,0,0,,,,0,1,0,0,0.809738,0.530791,938,219,0.370000,STAND TEMPORARILY LOST (1),622,136,1198,460,,,,,,
679,22.633333,17.664,28.482,0,0,0,0.000000,0.000000,0.000000,0.000000,0.000000,0,0.000,0.000,NO BLACK,NO BUNDLE,0,0,0,,,,0,1,0,0,0.809738,0.530791,938,219,0.370000,STAND TEMPORARILY LOST (1),622,136,1198,460,,,,,,
680,22.666667,16.618,27.022,416,420,618,0.840896,0.704909,0.791111,0.772903,0.000000,0,0.000,0.000,NO BLACK,NO BUNDLE,0,0,0,,,,0,1,0,0,0.809738,0.530791,938,219,0.370000,STAND TEMPORARILY LOST (2),622,136,1198,460,,,,,,
681,22.700000,16.942,29.251,0,206,0,0.000000,0.751603,0.000000,0.000000,0.000000,0,0.000,0.000,NO BLACK,NO BUNDLE,0,0,0,,,,0,1,0,0,0.809738,0.530791,938,219,0.370000,STAND TEMPORARILY LOST (2),622,136,1198,460,,,,,,
682,22.733333,15.760,25.362,7514,1838,5064,0.914443,0.780203,0.921656,0.872101,0.839510,1,221.894,25.270,VALID,CANDIDATE,1,1,0,949,418,150.000,0,1,0,0,0.809738,0.530791,938,219,0.370000,STAND TEMPORARILY LOST (3),622,136,1198,460,,,,,,
683,22.766667,17.241,22.125,16598,12002,8311,0.902942,0.828192,0.866357,0.865830,0.845436,1,219.393,24.243,VALID,CANDIDATE,2,1,0,964,434,146.750,0,1,0,0,0.809738,0.530791,938,219,0.370000,STAND TEMPORARILY LOST (3),290,58,1530,755,,,,,,
684,22.800000,16.256,19.294,6886,2081,4143,0.917125,0.819355,0.879055,0.871845,0.849527,1,218.943,23.111,VALID,CANDIDATE,3,1,0,968,389,137.812,0,1,0,1,0.816782,0.540708,945,221,0.334046,ACQUIRING STAND 1/4,652,280,1228,604,,,,,,
685,22.833333,16.198,16.896,10147,4105,6198,0.918180,0.837586,0.930639,0.895468,0.884949,1,223.909,21.587,VALID,CANDIDATE,4,1,0,972,322,158.734,0,1,0,1,0.816782,0.540708,945,221,0.334046,ACQUIRING STAND 1/4,643,154,1353,554,,,,,,
686,22.866667,16.806,14.854,16105,7138,7283,0.890112,0.831463,0.903751,0.875109,0.863058,1,224.104,23.449,VALID,LOCKED,5,1,1,952,275,156.307,0,1,0,0,0.816782,0.540708,945,221,0.334046,STAND TEMPORARILY LOST (1),395,23,1322,544,,,,,,
687,22.900000,18.440,13.230,23777,12166,10452,0.907342,0.864068,0.898554,0.889988,0.896863,1,224.004,24.661,VALID,LOCKED,5,1,1,975,256,166.507,0,1,0,0,0.816782,0.540708,945,221,0.334046,STAND TEMPORARILY LOST (1),183,0,1465,721,,,,,,
688,22.933333,17.144,11.861,40750,13361,14656,0.947506,0.819673,0.922113,0.896431,0.875586,1,216.800,27.848,TARGET JUMP,CANDIDATE,1,1,0,966,256,247.000,0,1,0,1,0.782586,0.530282,864,274,0.396802,ACQUIRING STAND 1/4,0,0,1900,1069,,,,,,
689,22.966667,18.247,10.714,36428,17750,16133,0.938575,0.845145,0.926183,0.903301,0.886623,1,212.532,28.543,TARGET JUMP,CANDIDATE,1,1,0,941,429,288.000,0,1,0,1,0.782586,0.530282,864,274,0.396802,ACQUIRING STAND 1/4,,,,,,,,,,
690,23.000000,16.168,9.694,13982,4928,7752,0.884876,0.830848,0.881002,0.865575,0.878252,1,228.521,21.840,TARGET JUMP,CANDIDATE,1,1,0,916,477,334.000,0,1,0,1,0.618279,0.487797,949,439,0.372080,ACQUIRING STAND 2/4,570,137,1542,684,,,,,,
691,23.033333,16.493,8.754,24377,8987,10585,0.890127,0.827611,0.886102,0.867947,0.878082,1,221.285,21.304,TARGET JUMP,CANDIDATE,1,1,0,920,447,231.000,0,1,0,1,0.618279,0.487797,949,439,0.372080,ACQUIRING STAND 2/4,256,141,1430,802,,,,,,
692,23.066667,17.434,7.956,20332,9019,9279,0.902538,0.856908,0.878786,0.879411,0.924676,1,223.170,25.773,VALID,CANDIDATE,2,1,0,914,454,231.650,0,1,0,1,0.711540,0.488700,935,467,0.360954,ACQUIRING STAND 3/4,482,122,1618,761,,,,,,
693,23.100000,21.301,9.759,3083,544,197,0.844932,0.689639,0.865430,0.767286,0.000000,0,0.000,0.000,GEOMETRY FAIL,NO BUNDLE,0,0,0,,,,0,1,0,1,0.711540,0.488700,935,467,0.360954,ACQUIRING STAND 3/4,641,296,1223,623,,,,,,
694,23.133333,16.101,9.689,3794,2121,261,0.838750,0.784037,0.839886,0.811394,0.000000,0,0.000,0.000,INSUFFICIENT LASHING PATTERN,NO BUNDLE,0,0,0,,,,0,1,0,0,0.711540,0.488700,935,467,0.360954,STAND TEMPORARILY LOST (1),641,296,1223,623,,,,,,
695,23.166667,17.844,14.264,731,31,0,0.787658,0.652711,0.000000,0.720185,0.000000,0,0.000,0.000,NO LASHING,NO BUNDLE,0,0,0,,,,0,1,0,0,0.711540,0.488700,935,467,0.360954,STAND TEMPORARILY LOST (1),641,296,1223,623,,,,,,
696,23.200000,17.601,14.538,852,63,15,0.810718,0.667089,0.751077,0.738904,0.000000,0,0.000,0.000,NO LASHING,NO BUNDLE,0,0,0,,,,0,1,0,0,0.711540,0.488700,935,467,0.360954,STAND TARGET JUMP REJECTED,641,296,1223,623,,,,,,
697,23.233333,16.141,18.802,0,1,0,0.000000,0.623713,0.000000,0.000000,0.000000,0,0.000,0.000,NO BLACK,NO BUNDLE,0,0,0,,,,0,1,0,0,0.711540,0.488700,935,467,0.360954,STAND TARGET JUMP REJECTED,641,296,1223,623,,,,,,
698,23.266667,16.678,18.494,579,16,0,0.783127,0.640524,0.000000,0.711826,0.000000,0,0.000,0.000,NO LASHING,NO BUNDLE,0,0,0,,,,0,1,0,1,0.727751,0.534840,875,580,0.329466,ACQUIRING STAND 1/4,641,296,1223,623,,,,,,
699,23.300000,20.604,21.152,25,15,0,0.736371,0.651043,0.000000,0.693707,0.000000,0,0.000,0.000,NO BLACK,NO BUNDLE,0,0,0,,,,0,1,0,1,0.727751,0.534840,875,580,0.329466,ACQUIRING STAND 1/4,641,296,1223,623,,,,,,
700,23.333333,16.004,20.598,470,4,0,0.773636,0.643402,0.000000,0.708519,0.000000,0,0.000,0.000,NO BLACK,NO BUNDLE,0,0,0,,,,0,1,0,0,0.727751,0.534840,875,580,0.329466,STAND TARGET JUMP REJECTED,641,296,1223,623,,,,,,
701,23.366667,17.698,23.546,0,6,0,0.000000,0.615070,0.000000,0.000000,0.000000,0,0.000,0.000,NO BLACK,NO BUNDLE,0,0,0,,,,0,1,0,0,0.727751,0.534840,875,580,0.329466,STAND TARGET JUMP REJECTED,641,296,1223,623,,,,,,
702,23.400000,15.803,22.593,13,0,0,0.763343,0.000000,0.000000,0.000000,0.000000,0,0.000,0.000,NO BLACK,NO BUNDLE,0,0,0,,,,0,1,0,0,0.727751,0.534840,875,580,0.329466,STAND TEMPORARILY LOST (2),641,296,1223,623,,,,,,
703,23.433333,17.403,25.404,38,0,0,0.751051,0.000000,0.000000,0.000000,0.000000,0,0.000,0.000,NO BLACK,NO BUNDLE,0,0,0,,,,0,1,0,0,0.727751,0.534840,875,580,0.329466,STAND TEMPORARILY LOST (2),641,296,1223,623,,,,,,
704,23.466667,15.776,24.231,846,51,16,0.842204,0.750727,0.772039,0.796465,0.000000,0,0.000,0.000,NO LASHING,NO BUNDLE,0,0,0,,,,0,1,0,0,0.727751,0.534840,875,580,0.329466,STAND TEMPORARILY LOST (3),641,296,1223,623,,,,,,
705,23.500000,17.368,26.702,532,36,0,0.794277,0.663357,0.000000,0.728817,0.000000,0,0.000,0.000,NO BLACK,NO BUNDLE,0,0,0,,,,0,1,0,0,0.727751,0.534840,875,580,0.329466,STAND TEMPORARILY LOST (3),641,296,1223,623,,,,,,
706,23.533333,15.732,24.620,616,756,9,0.788301,0.733625,0.747383,0.760963,0.000000,0,0.000,0.000,GEOMETRY FAIL,NO BUNDLE,0,0,0,,,,0,0,0,0,0.000000,0.000000,,,,STAND TARGET JUMP REJECTED,641,296,1223,623,,,,,,
707,23.566667,16.374,23.506,50,0,0,0.789349,0.000000,0.000000,0.000000,0.000000,0,0.000,0.000,NO BLACK,NO BUNDLE,0,0,0,,,,0,0,0,0,0.000000,0.000000,,,,WEAK STAND GEOMETRY,641,296,1223,623,,,,,,
708,23.600000,17.638,22.642,72,0,0,0.805349,0.000000,0.000000,0.000000,0.000000,0,0.000,0.000,NO BLACK,NO BUNDLE,0,0,0,,,,0,0,0,0,0.000000,0.000000,,,,NEED TWO DARK RAILS AND AN UPRIGHT,641,296,1223,623,,,,,,
709,23.633333,16.246,20.828,3996,1298,469,0.844796,0.797269,0.889252,0.821032,0.000000,0,0.000,0.000,GEOMETRY FAIL,NO BUNDLE,0,0,0,,,,0,0,0,0,0.000000,0.000000,,,,WEAK STAND GEOMETRY,641,296,1223,623,,,,,,
710,23.666667,16.756,19.239,1991,675,174,0.823266,0.734662,0.827536,0.778964,0.000000,0,0.000,0.000,INSUFFICIENT LASHING PATTERN,NO BUNDLE,0,0,0,,,,0,0,0,0,0.488848,0.000000,,,,WEAK STAND GEOMETRY,641,296,1223,623,,,,,,
711,23.700000,16.865,17.936,1898,863,307,0.825296,0.730917,0.874378,0.778107,0.000000,0,0.000,0.000,INSUFFICIENT LASHING PATTERN,NO BUNDLE,0,0,0,,,,0,0,0,0,0.000000,0.000000,,,,WEAK STAND GEOMETRY,641,296,1223,623,,,,,,
712,23.733333,16.034,17.070,2225,1835,266,0.811083,0.786907,0.846109,0.798995,0.000000,0,0.000,0.000,GEOMETRY FAIL,NO BUNDLE,0,0,0,,,,0,1,0,1,0.860022,0.589586,1016,286,0.477778,ACQUIRING STAND 1/4,641,296,1223,623,,,,,,
713,23.766667,19.074,15.105,43151,19205,23015,0.917022,0.871824,0.919752,0.902866,0.872408,1,213.378,28.776,VALID,CANDIDATE,1,1,0,1011,463,335.000,0,1,0,1,0.860022,0.589586,1016,286,0.477778,ACQUIRING STAND 1/4,,,,,,,,,,
714,23.800000,17.657,13.365,18938,8067,11023,0.883309,0.844732,0.885833,0.871291,0.872889,1,218.232,22.092,VALID,CANDIDATE,2,1,0,1032,426,357.750,0,1,0,1,0.731658,0.506299,1076,312,0.392222,ACQUIRING STAND 2/4,412,138,1541,773,,,,,,
715,23.833333,16.272,12.599,7062,1706,5953,0.879812,0.813970,0.864580,0.852787,0.829958,1,225.386,22.464,VALID,CANDIDATE,3,1,0,1016,378,333.863,0,1,0,1,0.731658,0.506299,1076,312,0.392222,ACQUIRING STAND 2/4,701,162,1512,619,,,,,,
716,23.866667,16.148,11.211,22312,10136,10789,0.855700,0.839093,0.892202,0.862332,0.806926,1,226.743,24.924,VALID,CANDIDATE,4,1,0,1042,357,374.252,0,1,0,1,0.940944,0.581817,952,305,0.477981,ACQUIRING STAND 3/4,386,6,1563,668,,,,,,
717,23.900000,18.942,10.126,48818,16421,21133,0.937924,0.863525,0.917439,0.906296,0.892703,1,216.021,30.906,TARGET JUMP,CANDIDATE,1,1,0,1017,306,329.000,0,1,0,1,0.940944,0.581817,952,305,0.477981,ACQUIRING STAND 3/4,0,0,1920,1080,,,,,,
718,23.933333,17.878,9.138,49004,16562,18006,0.939659,0.859902,0.928355,0.909305,0.899950,1,206.977,30.360,TARGET JUMP,CANDIDATE,1,1,0,1008,254,312.000,0,1,0,0,0.940944,0.581817,952,305,0.477981,STAND TEMPORARILY LOST (1),0,0,1920,1080,,,,,,
719,23.966667,17.790,8.386,48350,15968,24280,0.940103,0.863320,0.912864,0.905429,0.900774,1,209.048,34.732,VALID,CANDIDATE,2,1,0,1004,226,317.200,0,1,0,0,0.940944,0.581817,952,305,0.477981,STAND TEMPORARILY LOST (1),,,,,,,,,,
720,24.000000,16.987,7.715,52619,16042,26802,0.937675,0.846565,0.928819,0.904353,0.883546,1,217.576,31.699,TARGET JUMP,CANDIDATE,1,1,0,1010,188,340.000,0,1,0,1,0.798808,0.617498,960,282,0.366342,ACQUIRING STAND 3/4,0,0,1920,1080,,,,,,
721,24.033333,19.094,7.176,48181,16613,20090,0.930569,0.858921,0.918579,0.902690,0.895640,1,215.272,30.373,TARGET JUMP,CANDIDATE,1,1,0,995,229,334.000,0,1,0,1,0.798808,0.617498,960,282,0.366342,ACQUIRING STAND 3/4,0,0,1920,1080,,,,,,
722,24.066667,17.281,6.599,41936,15056,18800,0.931962,0.841714,0.912041,0.895239,0.891510,1,207.987,28.785,TARGET JUMP,CANDIDATE,1,1,0,987,436,308.000,0,1,1,1,0.639249,0.494900,973,348,0.301335,STAND LOCKED,0,0,1920,1080,,,,,,
723,24.100000,17.054,6.121,25810,11102,12402,0.901632,0.857294,0.894787,0.884571,0.876903,1,210.353,29.614,TARGET JUMP,CANDIDATE,1,1,0,977,390,277.000,0,1,1,1,0.639249,0.494900,973,348,0.301335,STAND LOCKED,416,19,1835,816,,,,,,
724,24.133333,15.905,5.735,25688,13268,10248,0.937565,0.853448,0.937767,0.909593,0.904587,1,211.750,29.703,TARGET JUMP,CANDIDATE,1,1,0,968,92,227.000,0,1,1,1,0.764167,0.641667,1199,434,0.293471,STAND LOCKED,33,0,1464,805,,,,,,
725,24.166667,17.147,5.578,8296,1485,3756,0.878682,0.778060,0.860750,0.839164,0.812494,1,220.854,22.331,VALID,CANDIDATE,2,1,0,960,134,183.450,0,1,1,1,0.764167,0.641667,1199,434,0.293471,STAND LOCKED,593,0,1306,401,,,,,,
726,24.200000,16.581,5.209,11658,3471,5960,0.883352,0.813840,0.887580,0.861591,0.880584,1,224.104,23.253,VALID,CANDIDATE,3,1,0,965,209,191.608,0,1,1,1,0.851134,0.665429,1403,347,0.240025,STAND LOCKED,452,0,1252,450,,,,,,
727,24.233333,17.151,5.131,18524,10699,8282,0.927835,0.826570,0.909466,0.887957,0.919701,1,219.245,28.113,TARGET JUMP,CANDIDATE,1,1,0,646,266,168.000,0,1,1,1,0.851134,0.665429,1403,347,0.240025,STAND LOCKED,108,0,1393,723,,,,,,
728,24.266667,16.482,4.830,13897,5023,6077,0.903924,0.862295,0.918326,0.894848,0.882901,1,224.272,21.785,VALID,CANDIDATE,2,1,0,651,257,161.500,0,1,1,1,0.862332,0.634059,1506,328,0.358058,STAND LOCKED,322,21,1162,494,,,,,,
729,24.300000,17.036,4.666,13488,6335,5519,0.905550,0.836195,0.924403,0.888716,0.879945,1,223.122,20.654,VALID,CANDIDATE,3,1,0,668,242,162.475,0,1,1,1,0.862332,0.634059,1506,328,0.358058,STAND LOCKED,164,6,1027,491,,,,,,
730,24.333333,15.959,4.435,7751,2558,4232,0.908528,0.846588,0.900011,0.885042,0.896159,1,225.329,21.962,VALID,CANDIDATE,4,1,0,693,230,158.916,0,1,1,1,0.830789,0.658435,1442,270,0.256357,STAND LOCKED,261,59,892,414,,,,,,
731,24.366667,18.025,4.342,14683,6915,5986,0.902850,0.823411,0.895525,0.873929,0.870236,1,225.852,19.354,VALID,LOCKED,5,1,1,714,227,163.521,0,1,1,1,0.830789,0.658435,1442,270,0.256357,STAND LOCKED,206,0,1143,527,,,,,,
732,24.400000,16.572,4.131,8643,2449,4291,0.900327,0.790939,0.834431,0.841899,0.838830,1,221.362,21.970,VALID,LOCKED,5,1,1,719,226,147.582,0,1,1,1,0.781224,0.529098,1295,316,0.319574,STAND LOCKED,287,43,948,414,,,,,,
733,24.433333,17.343,4.821,5390,806,2050,0.877254,0.740548,0.811107,0.808901,0.000000,0,0.000,0.000,INSUFFICIENT LASHING PATTERN,LOST,5,1,0,719,226,147.582,1,1,1,1,0.781224,0.529098,1295,316,0.319574,STAND LOCKED,444,59,1020,383,,,,,,
734,24.466667,16.302,5.396,5493,615,2285,0.875259,0.733079,0.828131,0.804169,0.000000,0,0.000,0.000,INSUFFICIENT LASHING PATTERN,LOST,5,1,0,719,226,147.582,2,1,1,0,0.781224,0.529098,1295,316,0.319574,STAND TARGET JUMP REJECTED,444,59,1020,383,,,,,,
735,24.500000,16.653,6.086,5260,667,2684,0.876620,0.725776,0.821979,0.801198,0.000000,0,0.000,0.000,INSUFFICIENT LASHING PATTERN,LOST,5,1,0,719,226,147.582,3,1,1,0,0.781224,0.529098,1295,316,0.319574,STAND TARGET JUMP REJECTED,444,59,1020,383,,,,,,
736,24.533333,16.961,5.741,5741,1352,2031,0.880363,0.720976,0.812077,0.804472,0.768651,1,230.103,16.890,VALID,CANDIDATE,1,1,0,742,250,124.454,0,1,1,0,0.781224,0.529098,1295,316,0.319574,STAND TARGET JUMP REJECTED,444,59,1020,383,,,,,,
737,24.566667,17.358,5.491,5604,1469,3536,0.862561,0.795558,0.844644,0.834254,0.815479,1,230.197,19.515,VALID,CANDIDATE,2,1,0,773,275,132.609,0,1,1,0,0.781224,0.529098,1295,316,0.319574,STAND TARGET JUMP REJECTED,467,96,1043,420,,,,,,
738,24.600000,16.997,5.109,11112,4632,5770,0.912029,0.821454,0.883407,0.872297,0.911757,1,225.250,20.977,TARGET JUMP,CANDIDATE,1,1,0,762,274,164.000,0,1,1,1,0.859923,0.588804,1212,234,0.232419,STAND LOCKED,272,79,1030,506,,,,,,
739,24.633333,18.389,4.899,9915,3460,5566,0.892821,0.805427,0.876036,0.858095,0.853000,1,228.375,21.116,TARGET JUMP,CANDIDATE,1,1,0,747,300,161.000,0,1,1,1,0.859923,0.588804,1212,234,0.232419,STAND LOCKED,482,57,1230,478,,,,,,
740,24.666667,16.234,4.616,13031,4934,6225,0.901002,0.810544,0.913743,0.875096,0.890341,1,227.729,22.302,VALID,CANDIDATE,2,1,0,761,296,147.350,0,1,1,0,0.859923,0.588804,1212,234,0.232419,STAND TEMPORARILY LOST (1),267,70,1071,523,,,,,,
741,24.700000,17.626,4.510,19710,7017,8356,0.907217,0.831944,0.908771,0.882644,0.869391,1,226.943,21.092,VALID,CANDIDATE,3,1,0,734,293,178.322,0,1,1,0,0.859923,0.588804,1212,234,0.232419,STAND TEMPORARILY LOST (1),90,7,1118,585,,,,,,
742,24.733333,16.719,4.414,25958,10089,11123,0.938340,0.837093,0.903084,0.892839,0.900712,1,212.215,30.155,TARGET JUMP,CANDIDATE,1,1,0,708,270,194.000,0,1,1,1,0.895172,0.664861,1215,240,0.230885,STAND LOCKED,0,0,1905,1071,,,,,,
743,24.766667,17.984,4.355,24911,11736,12173,0.937231,0.852123,0.915754,0.901702,0.900566,1,213.849,32.291,TARGET JUMP,CANDIDATE,1,1,0,690,240,199.000,0,1,1,1,0.895172,0.664861,1215,240,0.230885,STAND LOCKED,130,0,1853,970,,,,,,
744,24.800000,16.468,4.287,30098,16148,13366,0.933721,0.828786,0.898358,0.886955,0.903492,1,218.447,30.188,TARGET JUMP,CANDIDATE,1,1,0,704,216,215.000,0,1,1,1,0.910833,0.661813,1215,180,0.234269,STAND LOCKED,0,0,1636,920,,,,,,
745,24.833333,18.126,4.235,23963,11444,8863,0.914234,0.854611,0.926221,0.898355,0.860478,1,220.678,29.860,TARGET JUMP,CANDIDATE,1,1,0,886,201,195.000,0,1,1,1,0.910833,0.661813,1215,180,0.234269,STAND LOCKED,0,0,1240,697,,,,,,
746,24.866667,17.093,4.314,31574,15533,13988,0.938855,0.830478,0.906137,0.891823,0.900005,1,215.677,33.380,TARGET JUMP,CANDIDATE,1,1,0,1167,194,258.000,0,1,1,0,0.910833,0.661813,1215,180,0.234269,STAND TARGET JUMP REJECTED,0,0,1730,973,,,,,,
747,24.900000,16.906,4.304,29268,12702,12340,0.944397,0.833204,0.911178,0.896259,0.888774,1,215.259,30.279,TARGET JUMP,CANDIDATE,1,1,0,1149,229,260.000,0,1,1,0,0.910833,0.661813,1215,180,0.234269,STAND TARGET JUMP REJECTED,0,0,1920,1080,,,,,,
748,24.933333,16.596,4.132,25365,9563,12044,0.913352,0.845449,0.921931,0.893578,0.883319,1,223.273,25.314,TARGET JUMP,CANDIDATE,1,1,0,1146,261,230.000,0,1,1,0,0.910833,0.661813,1215,180,0.234269,STAND TEMPORARILY LOST (2),377,0,1658,720,,,,,,
749,24.966667,16.980,4.158,38299,12602,13615,0.944463,0.863272,0.897643,0.901793,0.896282,1,218.578,27.221,VALID,CANDIDATE,2,1,0,1165,278,254.700,0,1,1,0,0.910833,0.661813,1215,180,0.234269,STAND TEMPORARILY LOST (2),,,,,,,,,,
750,25.000000,16.777,4.014,26069,9495,12534,0.939798,0.796411,0.906030,0.880746,0.903909,1,217.755,25.306,TARGET JUMP,CANDIDATE,1,1,0,1203,509,233.000,0,1,1,1,0.701404,0.613454,1161,161,0.225606,STAND LOCKED,187,0,1700,851,,,,,,
751,25.033333,17.409,4.174,23282,11808,10904,0.936390,0.844880,0.898355,0.893208,0.871239,1,208.225,31.588,TARGET JUMP,CANDIDATE,1,1,0,1113,178,201.000,0,1,1,1,0.701404,0.613454,1161,161,0.225606,STAND LOCKED,0,0,1920,1080,,,,,,
752,25.066667,16.147,4.279,5812,1324,837,0.875966,0.720678,0.827797,0.808147,0.799095,1,222.664,14.145,VALID,CANDIDATE,2,1,0,1077,69,144.450,0,1,1,0,0.701404,0.613454,1161,161,0.225606,STAND TEMPORARILY LOST (1),573,0,1470,505,,,,,,
753,25.100000,16.962,9.412,162,0,0,0.774538,0.000000,0.000000,0.000000,0.000000,0,0.000,0.000,NO BLACK,NO BUNDLE,0,0,0,,,,0,1,1,0,0.701404,0.613454,1161,161,0.225606,STAND TEMPORARILY LOST (1),720,0,1296,324,,,,,,
754,25.133333,17.491,10.071,614,0,0,0.804557,0.000000,0.000000,0.000000,0.000000,0,0.000,0.000,NO LASHING,NO BUNDLE,0,0,0,,,,0,1,1,1,0.640504,0.521204,1049,144,0.233930,STAND LOCKED,720,0,1296,324,,,,,,
755,25.166667,16.331,14.969,1467,45,0,0.851918,0.663925,0.000000,0.757921,0.000000,0,0.000,0.000,NO LASHING,NO BUNDLE,0,0,0,,,,0,1,1,1,0.640504,0.521204,1049,144,0.233930,STAND LOCKED,720,0,1296,324,,,,,,
756,25.200000,17.197,16.686,0,0,0,0.000000,0.000000,0.000000,0.000000,0.000000,0,0.000,0.000,NO BLACK,NO BUNDLE,0,0,0,,,,0,1,1,0,0.640504,0.521204,1049,144,0.233930,STAND TEMPORARILY LOST (1),720,0,1296,324,,,,,,
757,25.233333,16.389,20.649,0,0,0,0.000000,0.000000,0.000000,0.000000,0.000000,0,0.000,0.000,NO BLACK,NO BUNDLE,0,0,0,,,,0,1,1,0,0.640504,0.521204,1049,144,0.233930,STAND TEMPORARILY LOST (1),720,0,1296,324,,,,,,
758,25.266667,16.077,20.683,0,0,0,0.000000,0.000000,0.000000,0.000000,0.000000,0,0.000,0.000,NO BLACK,NO BUNDLE,0,0,0,,,,0,1,1,0,0.640504,0.521204,1049,144,0.233930,STAND TEMPORARILY LOST (2),720,0,1296,324,,,,,,
759,25.300000,16.486,24.218,0,0,0,0.000000,0.000000,0.000000,0.000000,0.000000,0,0.000,0.000,NO BLACK,NO BUNDLE,0,0,0,,,,0,1,1,0,0.640504,0.521204,1049,144,0.233930,STAND TEMPORARILY LOST (2),720,0,1296,324,,,,,,
760,25.333333,16.929,23.264,0,0,0,0.000000,0.000000,0.000000,0.000000,0.000000,0,0.000,0.000,NO BLACK,NO BUNDLE,0,0,0,,,,0,1,1,1,0.616795,0.486780,887,241,0.230546,STAND LOCKED,720,0,1296,324,,,,,,
761,25.366667,16.913,26.194,0,0,0,0.000000,0.000000,0.000000,0.000000,0.000000,0,0.000,0.000,NO BLACK,NO BUNDLE,0,0,0,,,,0,1,1,1,0.616795,0.486780,887,241,0.230546,STAND LOCKED,720,0,1296,324,,,,,,
762,25.400000,17.251,26.114,0,0,0,0.000000,0.000000,0.000000,0.000000,0.000000,0,0.000,0.000,NO BLACK,NO BUNDLE,0,0,0,,,,0,1,1,1,0.701717,0.499197,814,259,0.203561,STAND LOCKED,720,0,1296,324,,,,,,
763,25.433333,16.760,28.585,0,0,0,0.000000,0.000000,0.000000,0.000000,0.000000,0,0.000,0.000,NO BLACK,NO BUNDLE,0,0,0,,,,0,1,1,1,0.701717,0.499197,814,259,0.203561,STAND LOCKED,720,0,1296,324,,,,,,
764,25.466667,16.226,28.404,0,0,0,0.000000,0.000000,0.000000,0.000000,0.000000,0,0.000,0.000,NO BLACK,NO BUNDLE,0,0,0,,,,0,1,1,0,0.701717,0.499197,814,259,0.203561,STAND TEMPORARILY LOST (1),720,0,1296,324,,,,,,
765,25.500000,17.255,30.431,27,0,0,0.732603,0.000000,0.000000,0.000000,0.000000,0,0.000,0.000,NO BLACK,NO BUNDLE,0,0,0,,,,0,1,1,0,0.701717,0.499197,814,259,0.203561,STAND TEMPORARILY LOST (1),720,0,1296,324,,,,,,
766,25.533333,16.294,28.877,1,0,0,0.701731,0.000000,0.000000,0.000000,0.000000,0,0.000,0.000,NO BLACK,NO BUNDLE,0,0,0,,,,0,1,1,0,0.701717,0.499197,814,259,0.203561,STAND TEMPORARILY LOST (2),720,0,1296,324,,,,,,
767,25.566667,16.513,31.159,288,0,0,0.740168,0.000000,0.000000,0.000000,0.000000,0,0.000,0.000,NO BLACK,NO BUNDLE,0,0,0,,,,0,1,1,0,0.701717,0.499197,814,259,0.203561,STAND TEMPORARILY LOST (2),720,0,1296,324,,,,,,
768,25.600000,16.524,29.322,1109,76,0,0.769500,0.674157,0.000000,0.721828,0.000000,0,0.000,0.000,NO LASHING,NO BUNDLE,0,0,0,,,,0,1,1,1,0.782671,0.609954,1003,166,0.179195,STAND LOCKED,720,0,1296,324,,,,,,
769,25.633333,16.260,31.474,4,123,0,0.724368,0.735697,0.000000,0.730032,0.000000,0,0.000,0.000,NO BLACK,NO BUNDLE,0,0,0,,,,0,1,1,1,0.782671,0.609954,1003,166,0.179195,STAND LOCKED,720,0,1296,324,,,,,,
770,25.666667,16.554,31.487,0,83,0,0.000000,0.672604,0.000000,0.000000,0.000000,0,0.000,0.000,NO BLACK,NO BUNDLE,0,0,0,,,,0,1,1,0,0.782671,0.609954,1003,166,0.179195,STAND TEMPORARILY LOST (1),720,0,1296,324,,,,,,
771,25.700000,16.197,33.398,0,2,0,0.000000,0.607384,0.000000,0.000000,0.000000,0,0.000,0.000,NO BLACK,NO BUNDLE,0,0,0,,,,0,1,1,0,0.782671,0.609954,1003,166,0.179195,STAND TEMPORARILY LOST (1),720,0,1296,324,,,,,,
772,25.733333,16.219,30.781,0,1,0,0.000000,0.602990,0.000000,0.000000,0.000000,0,0.000,0.000,NO BLACK,NO BUNDLE,0,0,0,,,,0,1,1,0,0.782671,0.609954,1003,166,0.179195,STAND TEMPORARILY LOST (2),720,0,1296,324,,,,,,
773,25.766667,17.656,29.382,6073,1293,1295,0.866295,0.729146,0.861512,0.797721,0.000000,0,0.000,0.000,GEOMETRY FAIL,NO BUNDLE,0,0,0,,,,0,1,1,0,0.782671,0.609954,1003,166,0.179195,STAND TEMPORARILY LOST (2),,,,,,,,,,
774,25.800000,16.369,26.574,5698,2337,1411,0.860017,0.742703,0.865579,0.801360,0.000000,0,0.000,0.000,NO VALID CONTACT,NO BUNDLE,0,0,0,,,,0,1,1,1,0.768777,0.687674,1044,115,0.150915,STAND LOCKED,0,0,1920,1080,,,,,,
775,25.833333,16.684,25.730,6341,2201,1495,0.868407,0.741081,0.877158,0.804744,0.000000,0,0.000,0.000,GEOMETRY FAIL,NO BUNDLE,0,0,0,,,,0,1,1,1,0.768777,0.687674,1044,115,0.150915,STAND LOCKED,0,0,1920,1080,,,,,,
776,25.866667,16.624,24.248,6681,3621,1448,0.865952,0.754467,0.868676,0.810210,0.000000,0,0.000,0.000,NO VALID CONTACT,NO BUNDLE,0,0,0,,,,0,1,1,0,0.768777,0.687674,1044,115,0.150915,STAND TEMPORARILY LOST (1),0,0,1920,1080,,,,,,
777,25.900000,16.820,23.359,6833,2675,1335,0.870675,0.724890,0.864318,0.797783,0.000000,0,0.000,0.000,NO VALID CONTACT,NO BUNDLE,0,0,0,,,,0,1,1,0,0.768777,0.687674,1044,115,0.150915,STAND TEMPORARILY LOST (1),0,0,1920,1080,,,,,,
778,25.933333,17.758,21.577,6446,2692,1294,0.872894,0.740848,0.858456,0.806871,0.000000,0,0.000,0.000,GEOMETRY FAIL,NO BUNDLE,0,0,0,,,,0,1,1,0,0.768777,0.687674,1044,115,0.150915,STAND TEMPORARILY LOST (2),0,0,1920,1080,,,,,,
779,25.966667,17.566,21.535,6103,2755,1298,0.864006,0.758818,0.862482,0.811412,0.000000,0,0.000,0.000,GEOMETRY FAIL,NO BUNDLE,0,0,0,,,,0,1,1,0,0.768777,0.687674,1044,115,0.150915,STAND TEMPORARILY LOST (2),,,,,,,,,,
780,26.000000,17.215,19.850,6407,3299,1339,0.866244,0.749612,0.862906,0.807928,0.000000,0,0.000,0.000,NO VALID CONTACT,NO BUNDLE,0,0,0,,,,0,1,1,1,0.672067,0.680871,1011,90,0.139208,STAND LOCKED,0,0,1920,1080,,,,,,
781,26.033333,17.761,20.023,5671,1628,1300,0.858806,0.717788,0.873915,0.788297,0.000000,0,0.000,0.000,GEOMETRY FAIL,NO BUNDLE,0,0,0,,,,0,1,1,1,0.672067,0.680871,1011,90,0.139208,STAND LOCKED,0,0,1920,1080,,,,,,
782,26.066667,17.388,19.694,5886,2270,1330,0.870045,0.718389,0.875513,0.794217,0.000000,0,0.000,0.000,GEOMETRY FAIL,NO BUNDLE,0,0,0,,,,0,1,1,0,0.672067,0.680871,1011,90,0.139208,STAND TEMPORARILY LOST (1),0,0,1920,1080,,,,,,
783,26.100000,17.904,19.842,6231,2751,1446,0.863212,0.740657,0.858609,0.801934,0.000000,0,0.000,0.000,GEOMETRY FAIL,NO BUNDLE,0,0,0,,,,0,1,1,0,0.672067,0.680871,1011,90,0.139208,STAND TEMPORARILY LOST (1),0,0,1920,1080,,,,,,
784,26.133333,16.231,18.605,6398,2134,1430,0.869434,0.739486,0.851309,0.804460,0.000000,0,0.000,0.000,GEOMETRY FAIL,NO BUNDLE,0,0,0,,,,0,1,1,0,0.672067,0.680871,1011,90,0.139208,STAND TEMPORARILY LOST (2),0,0,1920,1080,,,,,,
785,26.166667,16.191,19.009,6142,2043,1358,0.866482,0.739714,0.856410,0.803098,0.000000,0,0.000,0.000,GEOMETRY FAIL,NO BUNDLE,0,0,0,,,,0,1,1,0,0.672067,0.680871,1011,90,0.139208,STAND TEMPORARILY LOST (2),0,0,1920,1080,,,,,,
786,26.200000,17.341,17.916,6060,2794,1335,0.864286,0.756953,0.844876,0.810619,0.000000,0,0.000,0.000,GEOMETRY FAIL,NO BUNDLE,0,0,0,,,,0,1,1,0,0.672067,0.680871,1011,90,0.139208,STAND TEMPORARILY LOST (3),0,0,1920,1080,,,,,,
787,26.233333,16.757,17.880,6421,4461,1415,0.863687,0.771806,0.846875,0.817746,0.000000,0,0.000,0.000,NO VALID CONTACT,NO BUNDLE,0,0,0,,,,0,1,1,0,0.672067,0.680871,1011,90,0.139208,STAND TEMPORARILY LOST (3),0,0,1920,1080,,,,,,
788,26.266667,16.630,16.942,6228,2634,1289,0.861991,0.756054,0.849937,0.809023,0.000000,0,0.000,0.000,GEOMETRY FAIL,NO BUNDLE,0,0,0,,,,0,0,0,0,0.000000,0.000000,,,,WEAK STAND GEOMETRY,0,0,1920,1080,,,,,,
789,26.300000,17.893,16.218,6526,2798,1314,0.864692,0.742628,0.850627,0.803660,0.000000,0,0.000,0.000,GEOMETRY FAIL,NO BUNDLE,0,0,0,,,,0,0,0,0,0.000000,0.000000,,,,WEAK STAND GEOMETRY,0,0,1920,1080,,,,,,
790,26.333333,16.166,15.749,5892,2017,1237,0.858469,0.729023,0.845734,0.793746,0.000000,0,0.000,0.000,GEOMETRY FAIL,NO BUNDLE,0,0,0,,,,0,0,0,0,0.000000,0.000000,,,,NEED TWO DARK RAILS AND AN UPRIGHT,0,0,1920,1080,,,,,,
791,26.366667,16.266,15.394,6266,2335,1202,0.865697,0.748344,0.860221,0.807021,0.000000,0,0.000,0.000,GEOMETRY FAIL,NO BUNDLE,0,0,0,,,,0,0,0,0,0.000000,0.000000,,,,NEED TWO DARK RAILS AND AN UPRIGHT,0,0,1920,1080,,,,,,
792,26.400000,17.686,14.999,5449,2600,988,0.851289,0.754001,0.839940,0.802645,0.000000,0,0.000,0.000,GEOMETRY FAIL,NO BUNDLE,0,0,0,,,,0,0,0,0,0.000000,0.000000,,,,WEAK STAND GEOMETRY,0,0,1920,1080,,,,,,
793,26.433333,17.753,14.697,5649,2486,1075,0.852823,0.748864,0.832584,0.800844,0.000000,0,0.000,0.000,GEOMETRY FAIL,NO BUNDLE,0,0,0,,,,0,1,0,1,0.716014,0.666479,1068,78,0.121296,ACQUIRING STAND 1/4,0,0,1920,1080,,,,,,
794,26.466667,17.320,14.427,5470,2410,1156,0.849270,0.737861,0.846477,0.793566,0.000000,0,0.000,0.000,GEOMETRY FAIL,NO BUNDLE,0,0,0,,,,0,1,0,1,0.683313,0.652832,932,76,0.125880,ACQUIRING STAND 2/4,0,0,1920,1080,,,,,,
795,26.500000,17.560,15.421,5515,2989,1261,0.847393,0.763021,0.845893,0.805207,0.000000,0,0.000,0.000,GEOMETRY FAIL,NO BUNDLE,0,0,0,,,,0,1,0,1,0.683313,0.652832,932,76,0.125880,ACQUIRING STAND 2/4,0,0,1920,1080,,,,,,
796,26.533333,16.856,14.994,5852,2868,1305,0.857430,0.758306,0.845623,0.807868,0.000000,0,0.000,0.000,GEOMETRY FAIL,NO BUNDLE,0,0,0,,,,0,1,0,0,0.683313,0.652832,932,76,0.125880,STAND TEMPORARILY LOST (1),0,0,1920,1080,,,,,,
797,26.566667,16.439,15.856,5705,2738,1312,0.855193,0.757954,0.848122,0.806573,0.000000,0,0.000,0.000,GEOMETRY FAIL,NO BUNDLE,0,0,0,,,,0,1,0,0,0.683313,0.652832,932,76,0.125880,STAND TEMPORARILY LOST (1),0,0,1920,1080,,,,,,
798,26.600000,17.860,15.299,5533,3401,1139,0.850816,0.755485,0.853197,0.803150,0.000000,0,0.000,0.000,GEOMETRY FAIL,NO BUNDLE,0,0,0,,,,0,1,0,0,0.683313,0.652832,932,76,0.125880,STAND TEMPORARILY LOST (2),0,0,1920,1080,,,,,,
799,26.633333,17.064,16.120,5772,3278,1219,0.855465,0.772186,0.850443,0.813825,0.000000,0,0.000,0.000,GEOMETRY FAIL,NO BUNDLE,0,0,0,,,,0,1,0,0,0.683313,0.652832,932,76,0.125880,STAND TEMPORARILY LOST (2),0,0,1920,1080,,,,,,
800,26.666667,15.995,15.705,5750,3508,1310,0.855439,0.780206,0.835922,0.817822,0.000000,0,0.000,0.000,GEOMETRY FAIL,NO BUNDLE,0,0,0,,,,0,1,0,0,0.683313,0.652832,932,76,0.125880,STAND TEMPORARILY LOST (3),0,0,1920,1080,,,,,,
801,26.700000,16.746,16.230,5870,3741,1557,0.859296,0.768283,0.835828,0.813790,0.000000,0,0.000,0.000,GEOMETRY FAIL,NO BUNDLE,0,0,0,,,,0,1,0,0,0.683313,0.652832,932,76,0.125880,STAND TEMPORARILY LOST (3),0,0,1920,1080,,,,,,
802,26.733333,17.512,15.649,6058,3324,1625,0.858772,0.758411,0.833973,0.808591,0.000000,0,0.000,0.000,GEOMETRY FAIL,NO BUNDLE,0,0,0,,,,0,0,0,0,0.000000,0.000000,,,,NEED TWO DARK RAILS AND AN UPRIGHT,0,0,1920,1080,,,,,,
803,26.766667,17.006,15.049,6066,3469,1591,0.860463,0.762583,0.837675,0.811523,0.000000,0,0.000,0.000,NO VALID CONTACT,NO BUNDLE,0,0,0,,,,0,0,0,0,0.000000,0.000000,,,,NEED TWO DARK RAILS AND AN UPRIGHT,0,0,1920,1080,,,,,,
804,26.800000,16.665,14.721,5486,3104,1344,0.853811,0.755932,0.862476,0.804871,0.000000,0,0.000,0.000,GEOMETRY FAIL,NO BUNDLE,0,0,0,,,,0,0,0,0,0.000000,0.000000,,,,WEAK STAND GEOMETRY,0,0,1920,1080,,,,,,
805,26.833333,16.392,14.483,5377,3400,1414,0.851210,0.766105,0.864016,0.808658,0.000000,0,0.000,0.000,GEOMETRY FAIL,NO BUNDLE,0,0,0,,,,0,0,0,0,0.000000,0.000000,,,,WEAK STAND GEOMETRY,0,0,1920,1080,,,,,,
